sample_index,image_file,original_overall_dice,original_macro_class_dice,ignore_class_macro_dice,original_overall_jaccard,original_macro_class_jaccard,ignore_class_macro_jaccard
325,17_228_801_70_62_jpg.rf.fe798a2ccefa9dd7d284550e08740227.jpg,0.9119484424591064,0.7336611747741699,0.6448816065440764,0.8381482362747192,0.7193270325660706,0.6257693970650623
441,201_3_22_52_jpg.rf.a0a0484c47c5cf11c5e1d34d2e5da7b8.jpg,2.390857303802285e-11,0.75,0.6666666666746361,2.390857303802285e-11,0.75,0.6666666666746361
662,201_4_17_30_jpg.rf.0e9c0c3d5ac9b736e2bb3778417cadec.jpg,3.392015140990523e-11,0.75,0.6666666666779734,3.392015140990523e-11,0.75,0.6666666666779734
377,19_212_E1202_17_8_jpg.rf.9e7b4a760b91e590511affcac37f803d.jpg,3.439854304176926e-11,0.75,0.6666666666781329,3.439854304176926e-11,0.75,0.6666666666781329
640,301_1_8_21_jpg.rf.a85b93a54435b6521e51d3e2ecc2beb1.jpg,3.733293535423954e-11,0.75,0.666666666679111,3.733293535423954e-11,0.75,0.666666666679111
703,16_224_604_90_60_jpg.rf.36c065f49836810209158d3afc3d3719.jpg,4.518957083532449e-11,0.5,0.6666666666844047,4.518957083532449e-11,0.5,0.6666666666844047
210,18_228_Masson_207_33_21_jpg.rf.fa459fb908f502b94970b1867b4321fd.jpg,3.837593090527669e-11,0.5,0.6666666666856168,3.837593090527669e-11,0.5,0.6666666666856168
170,17_228_801_92_39_jpg.rf.72d28916f76dc73170afc885f59f0786.jpg,6.03318228709071e-11,0.75,0.6666666666867773,6.03318228709071e-11,0.75,0.6666666666867773
385,18_236_203_78_40_jpg.rf.ca3a6efee503bbd283ca8cdf848de145.jpg,6.350819176104139e-11,0.75,0.666666666687836,6.350819176104139e-11,0.75,0.666666666687836
679,17_228_801_98_54_jpg.rf.8ebe0185f05300a712afcec4033fed36.jpg,8.037939064342581e-11,0.75,0.6666666666934598,8.037939064342581e-11,0.75,0.6666666666934598
735,15_242_208_32_9_jpg.rf.0e39eaba59504ed99549fc6b45c89bc2.jpg,1.006542557635548e-10,0.75,0.6666666667002181,1.006542557635548e-10,0.75,0.6666666667002181
430,206_4_21_24_jpg.rf.3311958c84e32f4e25261561619297fb.jpg,1.1610356426272617e-10,0.75,0.6666666667053679,1.1610356426272617e-10,0.75,0.6666666667053679
515,18_237_201_54_23_jpg.rf.ea40bdb839fb751855303f63a8799345.jpg,1.390047243976511e-10,0.75,0.6666666667130016,1.390047243976511e-10,0.75,0.6666666667130016
338,15_242_212_21_18_jpg.rf.4ae76912c424e7d0af66547c399bdec2.jpg,1.3923698305440269e-10,0.75,0.666666666713079,1.3923698305440269e-10,0.75,0.666666666713079
647,16_253_308_22_4_jpg.rf.ef9c649ffcc6a336a384d207682ed7b8.jpg,1.470588234520065e-10,0.75,0.6666666667156863,1.470588234520065e-10,0.75,0.6666666667156863
660,16_256_202_21_13_jpg.rf.201efadecc0e06839292fd761b6639ff.jpg,1.477759720147631e-10,0.75,0.6666666667159253,1.477759720147631e-10,0.75,0.6666666667159253
433,15_242_208_19_8_jpg.rf.5fb77c12e1beabb429d523bf5a166be1.jpg,1.5571473277464776e-10,0.75,0.6666666667185716,1.5571473277464776e-10,0.75,0.6666666667185716
111,19_212_E1202_20_3_jpg.rf.291a527581aa38d11fa1bd33646a1b46.jpg,1.5644555095839507e-10,0.75,0.6666666667188151,1.5644555095839507e-10,0.75,0.6666666667188151
95,15_242_212_17_7_jpg.rf.8f8295a83cf29f3273b6de9443c7840a.jpg,3.124999981007903e-10,0.75,0.6666666667708333,3.124999981007903e-10,0.75,0.6666666667708333
174,18_211_205_6_15_jpg.rf.537f45cc11c8485a5597bf95c8a72dae.jpg,3.2679739470076186e-10,0.75,0.6666666667755992,3.2679739470076186e-10,0.75,0.6666666667755992
785,15_242_208_18_11_jpg.rf.e0282f1843d979a57b1d6aa2140139f6.jpg,3.3046926306568025e-10,0.75,0.6666666667768231,3.3046926306568025e-10,0.75,0.6666666667768231
495,18_219_208_47_23_jpg.rf.d810af158793a9a6def617ab06576dd3.jpg,1.4585764540608892e-10,0.5,0.6666666671099291,1.4585764540608892e-10,0.5,0.6666666671099291
149,16_253_308_34_4_jpg.rf.c1487d1c8a92bde85994cfc673ce448b.jpg,0.0005145025788806379,0.7501286268234253,0.6668381675262935,0.000257317500654608,0.7500643730163574,0.6667524391668849
57,18_211_206_23_24_jpg.rf.98a604c3c6f7208d5c71607f96eb6f8f.jpg,0.05821417272090912,0.7645535469055176,0.6860713909069697,0.029979707673192024,0.7574949264526367,0.6766599025577307
429,17_228_803_192_14_jpg.rf.f23b68987f8ccc0330bba7e303a9f24d.jpg,0.061037711799144745,0.7652593851089478,0.6870125705997149,0.031479574739933014,0.7578698992729187,0.6771598582466444
351,202_2_16_35_jpg.rf.6af83252894f02e88e53866e17951d98.jpg,0.15515409409999847,0.7887884974479675,0.7183846980333328,0.08410137891769409,0.7710253596305847,0.6947004596392313
786,19_212_E1202_19_2_jpg.rf.51fa2352272b2020f67c4ccb8e098005.jpg,0.16986678540706635,0.7924667000770569,0.7232889284690222,0.09281662851572037,0.7732041478157043,0.6976055428385735
54,19_212_E1202_18_3_jpg.rf.7223de565978f12f274a5fa46c20af6a.jpg,0.1809178590774536,0.795229434967041,0.7269726196924845,0.0994555726647377,0.7748638987541199,0.6998185242215792
643,17_228_801_74_33_jpg.rf.b451abe3d8d97175a009b2354b98b0e7.jpg,0.23476065695285797,0.8086901903152466,0.744920218984286,0.13299083709716797,0.783247709274292,0.710996945699056
360,15_242_208_24_6_jpg.rf.ae4cfbef4c6629d68d8821d0eeb6c3fb.jpg,0.2790156900882721,0.819753885269165,0.7596718966960907,0.1621256321668625,0.7905313968658447,0.7207085440556208
333,15_242_212_20_16_jpg.rf.8b5cfd09b2f702ff24af05445113e1e6.jpg,0.32166430354118347,0.8304160833358765,0.7738881011803945,0.19165672361850739,0.7979141473770142,0.7305522412061691
159,16_253_308_33_18_jpg.rf.1f7625ad1fc43b787fbf8c98bd62c92b.jpg,0.3672531843185425,0.841813325881958,0.7890843947728475,0.22492967545986176,0.8062324523925781,0.7416432251532873
671,18_229_Masson_202_121_24_jpg.rf.fe1a311a5a6d4855c94146c1e8e03c9d.jpg,0.3832285404205322,0.8458071351051331,0.7944095134735107,0.23703321814537048,0.8092583417892456,0.7456777393817902
29,201_8_19_10_jpg.rf.675f56b5b690c30f11b7c6cf1c9772b6.jpg,0.38674411177635193,0.8466860055923462,0.7955813705921173,0.2397289276123047,0.8099322319030762,0.7465763092041016
296,208_7_12_22_jpg.rf.7996f5ca2c766120e5cb4fcd81d68d6b.jpg,0.4055643081665039,0.851391077041626,0.8018547693888346,0.2543622851371765,0.8135905861854553,0.7514540950457255
72,15_242_211_21_20_jpg.rf.482d0c3be91eb6878ccc8f0bb5ab8cb9.jpg,0.41463521122932434,0.8536587953567505,0.8048784037431082,0.2615393102169037,0.8153848648071289,0.7538464367389679
17,16_253_308_34_2_jpg.rf.80adae62f5e473939108c4b07c748264.jpg,0.41508275270462036,0.8537706732749939,0.8050275842348734,0.2618955373764038,0.8154739141464233,0.7539651791254679
753,15_242_208_22_26_jpg.rf.c03a4140f9c4e0ecb8ffb87a381b21ec.jpg,0.4176688492298126,0.8544172048568726,0.8058896164099375,0.2639579474925995,0.8159894943237305,0.7546526491641998
240,207_4_5_42_jpg.rf.3b53262dbfd51d69f1041c3dadf019a2.jpg,0.4251371920108795,0.8562843203544617,0.8083790640036265,0.26995187997817993,0.8174879550933838,0.7566506266593933
568,207_6_7_17_jpg.rf.501566fb25a23bff2f54d68445490473.jpg,0.4262459874153137,0.8565614819526672,0.8087486624717712,0.2708466351032257,0.8177116513252258,0.7569488783677419
213,15_242_208_18_15_jpg.rf.f16fbc7ef6208e85052cf3e64ebdd87f.jpg,0.43281129002571106,0.8582028150558472,0.8109370966752371,0.2761704921722412,0.8190426230430603,0.7587234973907471
38,206_7_9_45_jpg.rf.929b1b14ab8777bcf658dce44665aff7.jpg,0.43363794684410095,0.8584094643592834,0.8112126489480337,0.2768440246582031,0.8192110061645508,0.758948008219401
551,15_242_208_18_7_jpg.rf.09bda2be5321d8ad3bf066471f1b8700.jpg,0.45325765013694763,0.8633143901824951,0.8177525500456492,0.2930401861667633,0.8232600688934326,0.7643467287222544
200,201_3_15_37_jpg.rf.0c59a3c329402175f02de39279be7921.jpg,0.45354345440864563,0.8633858561515808,0.8178478181362152,0.29327914118766785,0.8233197927474976,0.7644263803958893
105,18_229_Masson_201_133_28_jpg.rf.b89183f3f241a17b611cc7d189d89004.jpg,0.4557570219039917,0.8639392852783203,0.8185856739679972,0.29513299465179443,0.823783278465271,0.7650443315505981
167,201_6_12_23_jpg.rf.d39e01147bd7597e82ce6ee8998d49d5.jpg,0.4559469223022461,0.8639867305755615,0.8186489741007487,0.2952922582626343,0.823823094367981,0.765097419420878
329,15_242_208_19_12_jpg.rf.5ac326ff43ebf5966eaf7963741c5167.jpg,0.46662405133247375,0.8666560053825378,0.8222080171108246,0.3043115735054016,0.8260778784751892,0.7681038578351339
557,203_2_16_9_jpg.rf.0c933230ae030e1051bcc303b0b628a3.jpg,0.46988677978515625,0.8674716949462891,0.8232955932617188,0.3070928156375885,0.8267732262611389,0.7690309385458628
348,18_228_Masson_505_100_31_jpg.rf.68cb8518a642dd00f21431af70208cd6.jpg,0.4704659879207611,0.8676165342330933,0.8234886626402537,0.30758777260780334,0.8268969058990479,0.7691959242026011
539,208_6_23_26_jpg.rf.4a33129657fb85b07e530a31d6cddefd.jpg,0.47726088762283325,0.8693152070045471,0.8257536292076111,0.31342262029647827,0.8283556699752808,0.7711408734321594
214,18_229_Masson_201_16_20_jpg.rf.936cb06495217823f2e283aa416f51ca.jpg,0.48025497794151306,0.8700637817382812,0.8267516593138377,0.3160102367401123,0.8290025591850281,0.7720034122467041
251,15_242_208_19_12_jpg.rf.36cf9841b29bf820303f7e8149a5d0b8.jpg,0.48041826486587524,0.8701045513153076,0.8268060882886251,0.31615161895751953,0.8290379047393799,0.7720505396525065
204,15_242_208_22_13_jpg.rf.f09711942882f00671eb85f77635566d.jpg,0.486522376537323,0.8716306090354919,0.8288407921791077,0.32145991921424866,0.8303649425506592,0.7738199730714163
757,201_9_4_63_jpg.rf.a0b10a572131c02f44db72107507c9ec.jpg,0.4867247939109802,0.8716812133789062,0.8289082646369934,0.3216366469860077,0.8304091691970825,0.7738788823286692
566,15_242_208_26_26_jpg.rf.aac3f8ce935b5dedf6cef352c8867384.jpg,0.49012914299964905,0.8725322484970093,0.8300430476665497,0.32461661100387573,0.8311541676521301,0.7748722036679586
32,208_4_19_16_jpg.rf.f2af798e2dd60db2a8a8eb47990b5df0.jpg,0.49301376938819885,0.8732534646987915,0.8310045897960663,0.3271521329879761,0.8317880630493164,0.7757173776626587
184,15_242_208_31_14_jpg.rf.74bc31071d05e2b2de41ccf7949f66dd.jpg,0.4973871111869812,0.8743467926979065,0.8324623703956604,0.33101481199264526,0.8327537178993225,0.7770049373308817
466,15_242_208_30_22_jpg.rf.3dd115636b65953b6ebc0d79e509de6f.jpg,0.49978479743003845,0.8749462366104126,0.8332615991433462,0.33314207196235657,0.8332855105400085,0.7777140239874522
292,18_229_Masson_201_17_16_jpg.rf.bdc0aecc8dc6b010e0382150bea43a1e.jpg,0.5013107061386108,0.8753277063369751,0.833770235379537,0.33449941873550415,0.8336248397827148,0.7781664729118347
432,301_12_16_8_jpg.rf.7a54ce2bd6a5f454bf2f79dc505ff3d1.jpg,0.501688539981842,0.8754221200942993,0.8338961799939474,0.3348359763622284,0.8337090015411377,0.7782786587874094
464,18_211_206_20_11_jpg.rf.7e6806662f33d7a38165d298a23aa2d7.jpg,0.502799928188324,0.8756999969482422,0.8342666427294413,0.3358268141746521,0.8339567184448242,0.7786089380582174
278,208_7_23_30_jpg.rf.bec4e5cb8cd5b381a9ca3fd844e6e605.jpg,0.5067888498306274,0.8766971826553345,0.8355962832768759,0.33939531445503235,0.8348488211631775,0.7797984381516775
326,15_242_211_19_18_jpg.rf.4433cdcbab8c09147be3e72f4311d9de.jpg,0.5072962045669556,0.8768240213394165,0.8357654015223185,0.3398505747318268,0.8349626064300537,0.7799501915772756
183,207_7_8_58_jpg.rf.29404cb3c4f003a6f840033fbe630b69.jpg,0.515937328338623,0.8789843320846558,0.8386457761128744,0.34765198826789856,0.836912989616394,0.7825506627559662
94,206_8_12_27_jpg.rf.45fa151c68469b2bca9931ba496f5922.jpg,0.5184197425842285,0.8796049356460571,0.8394732475280762,0.3499099910259247,0.8374775052070618,0.7833033303419749
82,18_229_Masson_201_83_33_jpg.rf.6a0f4b4440d929880d3414b6a2eb04cc.jpg,0.519448459148407,0.8798621296882629,0.839816153049469,0.3508479595184326,0.8377119898796082,0.7836159865061442
124,18_228_Masson_208_74_29_jpg.rf.6d5b52e499204e305cb4e9f832a8b696.jpg,0.5219730138778687,0.8804932832717896,0.8406576712926229,0.353155255317688,0.8382887840270996,0.784385085105896
91,16_256_202_23_5_jpg.rf.a64354d012985c61db4f797f5b82c412.jpg,0.5269636511802673,0.881740927696228,0.8423212170600891,0.35773974657058716,0.8394349217414856,0.7859132488568624
518,206_2_13_8_jpg.rf.bc6691220c03f6957e1b72e2f0e85885.jpg,0.5313344597816467,0.8828336000442505,0.843778153260549,0.36178043484687805,0.8404451012611389,0.7872601449489594
789,15_242_208_30_25_jpg.rf.c3dc0be97d96e5094189130c14097a0e.jpg,0.5353314280509949,0.8838328719139099,0.8451104760169983,0.3654966354370117,0.8413741588592529,0.7884988784790039
157,15_242_208_35_15_jpg.rf.d3f29dc7822472e8c37283bf4936684f.jpg,0.5357485413551331,0.8839371204376221,0.8452495137850443,0.3658856153488159,0.8414714336395264,0.7886285384496053
219,202_4_15_41_jpg.rf.453ca449bbffbbbf29e0755945ef8cdf.jpg,0.5376182198524475,0.8844045400619507,0.8458727399508158,0.3676319420337677,0.8419079780578613,0.7892106473445892
477,15_242_208_35_15_jpg.rf.5f2c3af828f4609980b69e134e940116.jpg,0.5376875400543213,0.8844218850135803,0.8458958466847738,0.36769676208496094,0.8419241905212402,0.7892322540283203
510,16_253_308_33_7_jpg.rf.0c6dd0877fa84ccc4d3384b219631e2e.jpg,0.5452260971069336,0.8863065242767334,0.8484086990356445,0.37478405237197876,0.8436959981918335,0.7915946841239929
674,18_229_Masson_202_146_19_jpg.rf.4a0f66f0d2bba68a8c5c5969ce5e110e.jpg,0.5714032649993896,0.8928508162498474,0.8571344216664633,0.3999752104282379,0.8499938249588013,0.7999917368094126
765,18_229_Masson_202_88_50_jpg.rf.1c2dbd31d8fc2ded81d59f1a55cd71f4.jpg,0.5736141800880432,0.8934035301208496,0.857871393362681,0.4021451771259308,0.8505362868309021,0.8007150590419769
508,301_10_16_36_jpg.rf.90c946232649455abd477ac2595bd36a.jpg,0.5742395520210266,0.8935598731040955,0.8580798506736755,0.40276017785072327,0.8506900668144226,0.8009200592835745
575,202_8_17_22_jpg.rf.ba9ef4f36e5796ab47524cacfdc7c5d6.jpg,0.5818796157836914,0.8954699039459229,0.8606265385945638,0.4103175401687622,0.8525793552398682,0.803439180056254
64,15_242_212_23_23_jpg.rf.c892b21e8212a9264a8e73e28e346c29.jpg,0.5828563570976257,0.8957141041755676,0.8609521190325419,0.4112895727157593,0.8528224229812622,0.803763190905253
788,15_242_208_29_18_jpg.rf.d0091ad83bcb8e4fe839861188e17ca6.jpg,0.5857844948768616,0.8964461088180542,0.8619281649589539,0.41421160101890564,0.8535529375076294,0.8047372003396353
746,208_4_20_7_jpg.rf.714b54456d3695adb7a1e4c8d491f4f9.jpg,0.5884266495704651,0.8971066474914551,0.862808883190155,0.4168586730957031,0.8542146682739258,0.8056195576985677
570,201_7_5_17_jpg.rf.2b5d8646899ea0cee51488d851955f52.jpg,0.5920563340187073,0.8980140686035156,0.8640187780062357,0.420511394739151,0.8551278710365295,0.806837131579717
545,15_242_212_16_20_jpg.rf.42253b761e484b32be5ecba86d538373.jpg,0.592586100101471,0.8981465101242065,0.8641953667004904,0.42104610800743103,0.8552615642547607,0.8070153693358103
155,15_242_202_139_40_jpg.rf.64884bf0b806707579dfb818f660f29d.jpg,0.5978959202766418,0.8994739651679993,0.8659653067588806,0.4264276623725891,0.8566069006919861,0.808809220790863
689,18_229_Masson_202_114_21_jpg.rf.872a5ff476a33cc073e82272cb705d77.jpg,0.5988302230834961,0.899707555770874,0.866276741027832,0.42737877368927,0.8568446636199951,0.8091262578964233
185,208_2_7_16_jpg.rf.5f08af2b3f70a2ccfb1093c3e4d462cc.jpg,0.603817880153656,0.9009544849395752,0.867939293384552,0.4324778914451599,0.8581194877624512,0.8108259638150533
476,18_229_Masson_201_18_21_jpg.rf.75fd02ad7396d5182901445b6634cec7.jpg,0.6043856739997864,0.9010964035987854,0.8681285579999288,0.4330606460571289,0.8582651615142822,0.8110202153523763
158,15_242_212_26_8_jpg.rf.222b650b3b094e816e47b8e7cc6a4152.jpg,0.6056260466575623,0.9014065265655518,0.8685420155525208,0.43433547019958496,0.8585838675498962,0.811445156733195
614,18_229_Masson_202_101_18_jpg.rf.c9e5c1dec555a0b44664d807b1f07c3c.jpg,0.6092208027839661,0.9023051857948303,0.8697402675946554,0.4380428194999695,0.8595107197761536,0.8126809398333231
146,208_6_6_26_jpg.rf.4554c8fa3b6263fd4eb2828370fe9e20.jpg,0.6143336296081543,0.9035834074020386,0.8714445432027181,0.44334885478019714,0.8608372211456299,0.8144496182600657
408,16_256_207_24_12_jpg.rf.2da67095f5db842e69a330917e226c31.jpg,0.6208561658859253,0.9052140712738037,0.8736187219619751,0.45017507672309875,0.8625437617301941,0.8167250255743662
554,15_242_212_24_22_jpg.rf.2f17b78499237d6ca9567886f5d92f21.jpg,0.6277735233306885,0.9069433808326721,0.8759245077768961,0.4574853479862213,0.8643712997436523,0.8191617826620737
153,15_242_208_35_16_jpg.rf.3b4a244e869c3c6b7c31b882628035a1.jpg,0.6397474408149719,0.9099368453025818,0.8799158136049906,0.470315158367157,0.8675788044929504,0.8234383861223856
759,15_242_208_34_6_jpg.rf.e51800eef69ab737b2d07197086e6353.jpg,0.6435914635658264,0.9108978509902954,0.8811971545219421,0.47448205947875977,0.8686205148696899,0.8248273531595866
128,18_228_Masson_505_83_33_jpg.rf.bd0ab48a383f568af4bfc3fc4e926061.jpg,0.6441750526428223,0.9110437631607056,0.881391684214274,0.47511669993400574,0.868779182434082,0.825038899978002
356,18_229_Masson_201_69_27_jpg.rf.6e44c9ee4998a3b67dbaa1a9f603215b.jpg,0.6476936936378479,0.9119234085083008,0.8825645645459493,0.47895488142967224,0.8697386980056763,0.8263182938098907
389,18_237_503_42_16_jpg.rf.b521b513e847cdca3d7111b46618efae.jpg,0.6487555503845215,0.9121888875961304,0.8829185167948405,0.4801170527935028,0.8700292706489563,0.826705684264501
365,15_242_208_22_24_jpg.rf.c81a06b062fb0ce3ad42bf8616f4acbf.jpg,0.6499578356742859,0.9124894738197327,0.8833192785580953,0.48143523931503296,0.8703588247299194,0.8271450797716776
223,202_4_15_52_jpg.rf.08d106edb0ac028cb8dc11d635e82980.jpg,0.6567556858062744,0.9141889214515686,0.8855852286020914,0.48893243074417114,0.8722330927848816,0.8296441435813904
66,207_1_15_31_jpg.rf.087a590f08c3c6debf206665c2346787.jpg,0.6613261103630066,0.9153315424919128,0.8871087034543356,0.4940158426761627,0.8735039830207825,0.8313386142253876
404,201_9_14_16_jpg.rf.5ca69141b03c9b4188037eabf2d40108.jpg,0.6618759632110596,0.9154689908027649,0.8872919877370199,0.49462977051734924,0.8736574649810791,0.8315432568391165
189,201_3_9_46_jpg.rf.0f26f7a5b08f139fca6db801914a191b.jpg,0.6630294919013977,0.9157573580741882,0.8876764973004659,0.49591928720474243,0.8739798069000244,0.8319730957349142
439,15_242_208_18_4_jpg.rf.dba4f23cba0742c99a799f2cbcd9dcac.jpg,0.6636170148849487,0.9159042835235596,0.8878723382949829,0.4965769648551941,0.8741442561149597,0.8321923216183981
535,201_5_21_51_jpg.rf.315797af6ebaf863977024ec65addddb.jpg,0.6647933125495911,0.9161983132362366,0.8882644375165304,0.49789541959762573,0.8744738698005676,0.8326318065325419
89,15_242_208_40_21_jpg.rf.f6c2e12f29c1178844be7c8b9a2126a8.jpg,0.6652432680130005,0.9163107872009277,0.8884144226710001,0.49840039014816284,0.8746001124382019,0.8328001300493876
578,201_13_10_19_jpg.rf.b558fa706deae99ec084e748fd1f05fd.jpg,0.6654203534126282,0.9163550734519958,0.8884734511375427,0.49859920144081116,0.8746498227119446,0.8328664004802704
177,201_9_6_12_jpg.rf.ed85619ca206aab38c8bed4f370449cb.jpg,0.6664615869522095,0.91661536693573,0.8888205289840698,0.4997693598270416,0.8749423623085022,0.8332564532756805
71,15_242_208_36_26_jpg.rf.9bec177bcaeea238aee34e0236f0ca46.jpg,0.6667023301124573,0.9166755676269531,0.8889007767041525,0.5000401139259338,0.8750100135803223,0.8333467046419779
370,18_228_Masson_505_103_29_jpg.rf.ffb4781c3e9443877b939a402c09e977.jpg,0.6675439476966858,0.9168859720230103,0.8891813158988953,0.5009875893592834,0.8752468824386597,0.8336625297864279
39,15_242_212_18_19_jpg.rf.79299cc61d68a84a12d1297d23a15316.jpg,0.6685065627098083,0.9171266555786133,0.8895021875699362,0.5020727515220642,0.8755182027816772,0.8340242505073547
645,203_0_15_61_jpg.rf.59f508c96646b99ecea77c7509de4962.jpg,0.6791585683822632,0.9197896718978882,0.893052856127421,0.5141863226890564,0.8785465955734253,0.8380621075630188
724,15_242_208_38_8_jpg.rf.e7aadc7dff977e0d2d3dc55d37b6681a.jpg,0.6792547702789307,0.9198136925697327,0.8930849234263102,0.5142965912818909,0.8785741329193115,0.8380988637606303
444,16_256_202_24_3_jpg.rf.4c1b2a08751a388a72f0da5ce0210ece.jpg,0.6801779270172119,0.920044481754303,0.8933926423390707,0.5153558254241943,0.8788389563560486,0.8384519418080648
225,15_242_212_17_15_jpg.rf.fe34c445eafd6ca58c7d4546c47b73d5.jpg,0.6859633922576904,0.9214908480644226,0.8953211307525635,0.5220276117324829,0.8805068731307983,0.8406758705774943
298,15_242_211_20_8_jpg.rf.950728d54a845dd1d8c6405a9c0faac5.jpg,0.6876736283302307,0.9219183921813965,0.8958912094434103,0.5240111351013184,0.8810027837753296,0.8413370450337728
163,15_242_208_29_16_jpg.rf.814c7d9a145bb826b5fd836eabe4352a.jpg,0.6877556443214417,0.9219388961791992,0.8959185481071472,0.5241064429283142,0.8810266256332397,0.8413688143094381
403,16_256_202_21_10_jpg.rf.ecfb6cd9ac9353091d0a964919c63bab.jpg,0.6887679100036621,0.9221919775009155,0.8962559700012207,0.5252830386161804,0.8813207745552063,0.8417610128720602
77,15_242_211_20_13_jpg.rf.1f7695cf48d06dc64c179bef0565d1e2.jpg,0.6895382404327393,0.9223845601081848,0.8965127468109131,0.5261796116828918,0.8815448880195618,0.842059870560964
629,16_253_308_34_19_jpg.rf.b42a9c2a7ffd36b5a7c94176cd78ecdb.jpg,0.6918722987174988,0.9229680895805359,0.8972907662391663,0.5289027094841003,0.8822256922721863,0.8429675698280334
279,208_1_10_58_jpg.rf.ecc29e81a3a91764bc721146887449f0.jpg,0.6919025182723999,0.9229756593704224,0.8973008394241333,0.5289379954338074,0.882234513759613,0.8429793318112692
720,202_1_10_29_jpg.rf.333601b5534ccbcda0ed27e4daa4bd8e.jpg,0.697035551071167,0.9242588877677917,0.8990118503570557,0.5349613428115845,0.8837403059005737,0.8449871142705282
284,208_7_13_26_jpg.rf.6c356a0a4cbfef09fbc18119ccfaf601.jpg,0.697823166847229,0.9244557619094849,0.8992743889490763,0.5358896851539612,0.8839724063873291,0.8452965617179871
383,15_242_208_22_15_jpg.rf.c6af011b1aaafa7f92158c50c0a2fb6a.jpg,0.6990020275115967,0.9247505068778992,0.8996673425038656,0.5372813940048218,0.8843203783035278,0.8457604646682739
289,15_242_211_19_12_jpg.rf.24346c158d307b8abd6a8a8c1806971c.jpg,0.7035201787948608,0.9258800745010376,0.9011733929316202,0.5426387190818787,0.8856596946716309,0.8475462396939596
489,18_229_Masson_302_37_32_jpg.rf.f513e0d1a059e50552419780b4a0ca16.jpg,0.7078990936279297,0.9269747734069824,0.9026330312093099,0.547866702079773,0.8869667053222656,0.8492889006932577
244,18_229_Masson_302_26_12_jpg.rf.a2241e10e5fe05f1e07c1f593e958be1.jpg,0.7089246511459351,0.9272311925888062,0.9029748837153116,0.5490962266921997,0.8872740268707275,0.8496987422307333
273,18_236_203_78_13_jpg.rf.5a203acd28e32027596062a72c860182.jpg,0.7092331051826477,0.9273082613945007,0.9030777017275492,0.5494664311408997,0.8873665928840637,0.8498221437136332
208,201_9_6_46_jpg.rf.f6f6d63bcc398879eafb843833184e29.jpg,0.7101276516914368,0.927531898021698,0.9033758838971456,0.5505410432815552,0.8876352310180664,0.8501803477605184
367,201_8_5_6_jpg.rf.bfc22135a0d0a5d10f695ddfa187c2df.jpg,0.7107779383659363,0.9276944994926453,0.9035926461219788,0.5513231158256531,0.8878307938575745,0.850441038608551
20,18_229_Masson_202_68_36_jpg.rf.617f73ac21736a3584904d31df66a851.jpg,0.7146628499031067,0.9286656975746155,0.9048876166343689,0.556011974811554,0.8890029788017273,0.8520039916038513
661,15_242_212_20_7_jpg.rf.33fc8885e9313ede2060a8b43fbb1522.jpg,0.7149505615234375,0.9287376403808594,0.9049835205078125,0.5563603639602661,0.8890900611877441,0.8521201213200887
2,18_229_Masson_202_67_25_jpg.rf.659820c6b56d026e657f9564b213cb6d.jpg,0.716001570224762,0.9290003776550293,0.9053338567415873,0.5576342940330505,0.8894085884094238,0.8525447646776835
160,15_242_208_26_11_jpg.rf.37db2a4ea685490178f091f2f33fdf1e.jpg,0.7160707116127014,0.9290176630020142,0.9053569038709005,0.5577181577682495,0.8894295692443848,0.8525727192560831
791,201_0_14_34_jpg.rf.03fb054fe28e0dd5a098e8706df23028.jpg,0.7163106203079224,0.9290776252746582,0.9054368734359741,0.5580093264579773,0.8895023465156555,0.8526697754859924
467,18_211_206_19_8_jpg.rf.4b56579b4734376865fbd5ab787fb086.jpg,0.7167527675628662,0.9291881918907166,0.9055842558542887,0.5585461258888245,0.8896365165710449,0.8528487086296082
68,201_2_14_211_jpg.rf.c602a7895a491ca4cd57c40fbca0bc8a.jpg,0.7205823659896851,0.9301456212997437,0.9068607886632284,0.5632112622261047,0.890802800655365,0.8544037540753683
690,207_1_12_12_jpg.rf.383c16066bda4f5ee1605652265dfc7f.jpg,0.7214162945747375,0.9303540587425232,0.9071387648582458,0.5642307996749878,0.8910577297210693,0.8547435998916626
588,15_242_208_39_13_jpg.rf.82bf289633aff6f1097712973904095c.jpg,0.7218610048294067,0.9304652214050293,0.9072870016098022,0.5647750496864319,0.8911937475204468,0.8549250165621439
248,207_5_5_30_jpg.rf.3b074d062e26cbcad6ec753ee0d04d45.jpg,0.7220835089683533,0.9305208921432495,0.9073611696561178,0.5650474429130554,0.891261875629425,0.8550158143043518
715,18_229_Masson_202_9_22_jpg.rf.084960cbfcd71f03af595ec9c070d25b.jpg,0.7226837277412415,0.9306709170341492,0.9075612425804138,0.565782904624939,0.8914457559585571,0.855260968208313
324,15_242_212_21_16_jpg.rf.c10ff20b1b6b8a00e10d5f3b3249c6f0.jpg,0.7243773937225342,0.9310943484306335,0.9081257979075114,0.5678618550300598,0.8919654488563538,0.8559539516766866
80,15_242_208_23_26_jpg.rf.d96b085849323b98ff0dafd4e562cd2b.jpg,0.7269091010093689,0.9317272901535034,0.9089697003364563,0.5709797143936157,0.8927448987960815,0.8569932381312052
11,207_8_12_31_jpg.rf.cad38249ccfccb97b81bd0755472f66b.jpg,0.7290300130844116,0.9322575330734253,0.9096766710281372,0.573601245880127,0.8934003114700317,0.8578670819600424
550,206_2_18_35_jpg.rf.096ff7aae7789a5d6096513fde088099.jpg,0.7306894659996033,0.932672381401062,0.9102298219998678,0.5756585001945496,0.8939146399497986,0.8585528333981832
533,201_11_5_46_jpg.rf.a2a0d271373197db51d813ae3052f110.jpg,0.7334453463554382,0.9333613514900208,0.9111484487851461,0.57908695936203,0.8947717547416687,0.8596956531206766
288,18_229_Masson_201_12_16_jpg.rf.f359a1bb3585dc0f3cd3f70b31c1df5f.jpg,0.7359118461608887,0.9339779615402222,0.9119706153869629,0.5821681618690491,0.8955420255661011,0.8607227206230164
120,18_229_Masson_302_41_45_jpg.rf.6151aeb112f9a7296e63b1e3394bff14.jpg,0.7365483045578003,0.9341371059417725,0.9121827681859335,0.5829651951789856,0.8957412838935852,0.8609883983929952
211,201_2_10_54_jpg.rf.a231e88929b5b7f939c899353f39b043.jpg,0.7365884184837341,0.9341471195220947,0.912196139494578,0.5830154418945312,0.8957538604736328,0.8610051472981771
40,18_229_Masson_201_50_50_jpg.rf.e917e4324bd06e2f6198c82dfcf616ac.jpg,0.7370810508728027,0.9342702627182007,0.9123603502909342,0.5836328864097595,0.8959082365036011,0.8612109621365865
680,15_242_208_22_9_jpg.rf.b9ee608d020f1de010cc8673e1e1082a.jpg,0.7373627424240112,0.9343407154083252,0.9124542474746704,0.583986222743988,0.8959965705871582,0.8613287409146627
697,15_242_208_22_9_jpg.rf.74dfda6f99a9beb3974deb0d98b9d109.jpg,0.737724244594574,0.9344310760498047,0.9125747481981913,0.5844398736953735,0.896109938621521,0.8614799578984579
201,15_242_208_22_9_jpg.rf.68a01f0cf78b1a93e1c140b1f5ab7f27.jpg,0.7377907633781433,0.934447705745697,0.9125969211260477,0.5845233201980591,0.8961308002471924,0.861507773399353
53,15_242_208_23_21_jpg.rf.575b5b3934f91a98ff657d283d70a191.jpg,0.7384963631629944,0.9346240758895874,0.9128321210543314,0.5854095816612244,0.8963524103164673,0.8618031938870748
257,208_6_19_55_jpg.rf.50657abace570d956a3a7b1a99ee388b.jpg,0.7417715191841125,0.9354428648948669,0.9139238397280375,0.5895363688468933,0.8973841071128845,0.8631787896156311
282,202_1_16_28_jpg.rf.d093a932c683b048ad3e7520fdce6052.jpg,0.7445635199546814,0.9361408948898315,0.9148545066515604,0.5930714011192322,0.8982678651809692,0.8643571337064108
102,15_242_212_20_14_jpg.rf.ab5548c81e20a650bfb7c42f7d882d94.jpg,0.7509089112281799,0.9377272129058838,0.9169696370760599,0.6011642813682556,0.9002910852432251,0.8670547604560852
565,208_2_12_29_jpg.rf.e96992050e4895e70a83a5beb48e15c7.jpg,0.7515367269515991,0.9378842115402222,0.9171789089838663,0.6019694209098816,0.9004923701286316,0.8673231403032938
436,15_242_208_25_27_jpg.rf.35cbcd09346de63a308f9a39d203e066.jpg,0.7520148754119873,0.9380037188529968,0.9173382918039957,0.6025832295417786,0.9006457924842834,0.8675277431805929
123,15_242_208_25_27_jpg.rf.30a8836cfd33ecd13eebcdd4757f56cb.jpg,0.75409334897995,0.9385233521461487,0.91803111632665,0.6052566766738892,0.9013141393661499,0.8684188922246298
511,15_242_212_19_11_jpg.rf.f1baea89616738e250dc1077f8afaab1.jpg,0.7546880841255188,0.9386720061302185,0.918229361375173,0.6060233116149902,0.9015058279037476,0.8686744372049967
693,18_229_Masson_201_28_33_jpg.rf.8031ba2bc9bc77edf571adf8989ad803.jpg,0.7556008100509644,0.9389002323150635,0.9185336033503214,0.607201337814331,0.9018003344535828,0.869067112604777
426,204_4_19_26_jpg.rf.30308d91b9843d6bec6d046f111ec435.jpg,0.7556681632995605,0.9389170408248901,0.9185560544331869,0.6072883009910583,0.9018220901489258,0.8690961003303528
318,18_228_Masson_208_65_50_jpg.rf.a8ede7a56a73f763622720fb67812fc6.jpg,0.7587194442749023,0.9396798610687256,0.9195731480916342,0.6112393140792847,0.9028098583221436,0.8704131046930949
774,15_242_208_28_27_jpg.rf.7332c19dd444381dcfbd60fddb7ca66b.jpg,0.7598398327827454,0.9399599432945251,0.9199466109275818,0.6126949191093445,0.9031737446784973,0.8708983063697815
256,15_242_208_34_6_jpg.rf.6f59451b8ea928c911de9f2dd7d09433.jpg,0.7607719898223877,0.9401929974555969,0.9202573299407959,0.6139079928398132,0.9034770131111145,0.8713026642799377
353,16_256_205_14_18_jpg.rf.7be787c56cbb42d0d1f3848f29c22297.jpg,0.7614573836326599,0.9403643608093262,0.92048579454422,0.6148011088371277,0.9037002921104431,0.8716003696123759
722,18_228_Masson_505_87_33_jpg.rf.b2097a7f40948a84bb3952fae42efadc.jpg,0.7615596652030945,0.9403899312019348,0.9205198884010315,0.614934504032135,0.9037336111068726,0.8716448346773783
743,15_242_208_17_27_jpg.rf.1b82993d9d6e19f4886630e9ea0ed3dd.jpg,0.7618923783302307,0.9404730796813965,0.9206307927767435,0.6153684258460999,0.9038420915603638,0.8717894752820333
626,15_242_208_19_28_jpg.rf.5e9128ad7a06b0c19a60bdf4b7076787.jpg,0.7625433206558228,0.9406358003616333,0.9208477735519409,0.6162182092666626,0.9040545225143433,0.8720727364222208
373,15_242_212_20_10_jpg.rf.9be26ba7c43ae6010eed844a84b0a7c1.jpg,0.763206958770752,0.940801739692688,0.9210689862569174,0.6170854568481445,0.9042713642120361,0.8723618189493815
5,15_242_208_28_5_jpg.rf.5eb93058d3b54ee2d4b9a90d17b74059.jpg,0.7635339498519897,0.9408835172653198,0.9211779832839966,0.6175130605697632,0.9043782949447632,0.8725043535232544
627,15_242_208_29_13_jpg.rf.263dbaead42ede51ca32350301eb3f27.jpg,0.7639560103416443,0.9409890174865723,0.9213186701138815,0.6180654168128967,0.904516339302063,0.8726884722709656
319,18_228_Masson_505_86_29_jpg.rf.a9bab55e3cb5b5ee9f516e55e3395988.jpg,0.764047384262085,0.9410118460655212,0.9213491280873617,0.6181849837303162,0.9045462608337402,0.8727283279101054
410,15_242_208_30_12_jpg.rf.fb5b49e803555225f2eb66a43d2c2b56.jpg,0.7662384510040283,0.9415596127510071,0.9220794836680094,0.6210588216781616,0.9052647352218628,0.8736862738927206
572,18_228_Masson_505_87_20_jpg.rf.52d88a88ae43295446283e58b9c6081e.jpg,0.7694130539894104,0.9423532485961914,0.9231376846631368,0.6252407431602478,0.9063102006912231,0.8750802477200826
630,18_228_Masson_505_103_29_jpg.rf.d31432afa0950965e1395e8a0c17aaac.jpg,0.7697114944458008,0.9424278736114502,0.923237164815267,0.6256349682807922,0.9064087271690369,0.8752116560935974
113,18_236_303_48_54_jpg.rf.da439f9de8e6090339943f4635018640.jpg,0.7697795629501343,0.942444920539856,0.9232598543167114,0.6257249116897583,0.9064311981201172,0.8752416372299194
386,18_229_Masson_201_111_47_jpg.rf.02f78398825179b7aeb836a945813659.jpg,0.7708943486213684,0.9427235722541809,0.9236314495404562,0.6271994113922119,0.906799852848053,0.8757331371307373
354,15_242_208_30_12_jpg.rf.554034973a6cc30aad356ce51e429b6b.jpg,0.7713357210159302,0.9428339004516602,0.9237785736719767,0.6277839541435242,0.9069460034370422,0.8759279847145081
618,15_242_208_22_13_jpg.rf.522298d5df4acd7aac20592ebcf13d66.jpg,0.7722903490066528,0.9430725574493408,0.9240967830022176,0.6290496587753296,0.9072624444961548,0.8763498862584432
168,15_242_211_22_11_jpg.rf.2a8c2eb3a141b3eeffc935f00a446a0b.jpg,0.7732679843902588,0.9433169960975647,0.9244226614634196,0.6303479671478271,0.9075869917869568,0.8767826557159424
148,18_229_Masson_201_93_35_jpg.rf.490f1b2400475050cb223c4c53920949.jpg,0.7739315032958984,0.9434828758239746,0.9246438344319662,0.6312302350997925,0.9078075885772705,0.8770767450332642
341,18_228_Masson_505_103_29_jpg.rf.f4c8261c0021c645fd0f60fd721915e6.jpg,0.7746985554695129,0.943674623966217,0.9248995184898376,0.6322514414787292,0.9080628752708435,0.8774171471595764
422,201_9_12_57_jpg.rf.cd34c73d849d85a6618d02211d18ddb3.jpg,0.7749276757240295,0.9437319040298462,0.9249758919080099,0.6325566172599792,0.908139169216156,0.877518872419993
304,15_242_208_35_26_jpg.rf.ca33a60d7a4f2b609a5cc0baf78d91f7.jpg,0.7750087976455688,0.9437521696090698,0.925002932548523,0.6326647996902466,0.9081661701202393,0.8775549332300822
603,201_9_12_57_jpg.rf.8b7649a05be05b0a670457af713ef6b7.jpg,0.7764001488685608,0.944100022315979,0.9254667162895203,0.6345212459564209,0.9086303114891052,0.8781737486521403
311,15_242_208_19_18_jpg.rf.3c1256d3565d783f97c7463b49a8d55c.jpg,0.7767543196678162,0.9441885948181152,0.9255847732226054,0.6349945068359375,0.9087486267089844,0.8783315022786459
76,16_256_207_23_21_jpg.rf.94afcc5142d7c119552011cfc3808a25.jpg,0.7777031660079956,0.9444258213043213,0.9259010553359985,0.6362637281417847,0.9090659618377686,0.8787545760472616
482,201_9_12_57_jpg.rf.49a8dfa39a417572d4eb1f02fc98c6b4.jpg,0.7788408398628235,0.9447101950645447,0.9262802799542745,0.6377881765365601,0.9094470739364624,0.8792627255121866
130,203_2_9_59_jpg.rf.8d698f47365eec7058a137e04c9624af.jpg,0.7792002558708191,0.944800078868866,0.9264000852902731,0.638270378112793,0.9095675945281982,0.879423459370931
571,15_242_208_41_24_jpg.rf.7d6eb4d3666ace42f856d228e70803a4.jpg,0.7793882489204407,0.944847047328949,0.9264627496401469,0.6385226249694824,0.9096306562423706,0.8795075416564941
676,205_6_10_25_jpg.rf.7ad5894e088229e82a750707f62bddd5.jpg,0.7848959565162659,0.9462239742279053,0.9282986521720886,0.6459496021270752,0.9114874005317688,0.881983200709025
390,18_229_Masson_202_68_44_jpg.rf.bf76a2a0ad4e747e3b17703499c227c0.jpg,0.7862069010734558,0.9465517401695251,0.928735633691152,0.6477272510528564,0.9119318127632141,0.8825757503509521
779,18_228_Masson_505_103_36_jpg.rf.f86fff70d362d3ee91997495f6b27964.jpg,0.7869517803192139,0.9467379450798035,0.9289839267730713,0.6487390995025635,0.9121847748756409,0.8829130331675211
216,18_229_Masson_202_107_57_jpg.rf.6d6c0509c245898b836611b018a8483f.jpg,0.7943693995475769,0.9485923647880554,0.931456466515859,0.6588829159736633,0.9147207140922546,0.8862943053245544
258,206_2_14_50_jpg.rf.69106a67f30649d193d8f8f9a79d64fc.jpg,0.7960318922996521,0.9490079879760742,0.9320106307665507,0.6611735820770264,0.9152933955192566,0.8870578606923422
652,18_236_203_78_19_jpg.rf.7f00a79a39de2a890c16e684b5715ac2.jpg,0.7980131506919861,0.9495033025741577,0.932671050230662,0.6639117002487183,0.915977954864502,0.8879705667495728
440,201_9_12_57_jpg.rf.e61d3f99ae118efc927e349d1ab9a72d.jpg,0.7984954118728638,0.9496238231658936,0.9328318039576212,0.6645795702934265,0.9161449074745178,0.8881931900978088
334,18_236_203_76_32_jpg.rf.33a7d6c26f1bd429702ed0eac98f309d.jpg,0.8008233308792114,0.9502058029174805,0.9336077769597372,0.6678109169006348,0.9169527292251587,0.8892703056335449
122,15_242_208_31_5_jpg.rf.6b871148e186fad81f5688392f9d1cbd.jpg,0.8013008832931519,0.9503252506256104,0.9337669610977173,0.6684753894805908,0.9171188473701477,0.8894917964935303
651,15_242_212_20_22_jpg.rf.fa41d35ebd5e3d24bd374ab257d0d830.jpg,0.8025847673416138,0.950646162033081,0.9341949224472046,0.6702643632888794,0.9175660610198975,0.8900881210962931
681,15_242_208_30_25_jpg.rf.b76a3e18c97ee43518c65899ee1aa9aa.jpg,0.805418074131012,0.9513545036315918,0.9351393580436707,0.6742258667945862,0.9185564517974854,0.8914086222648621
335,18_229_Masson_201_20_18_jpg.rf.c72f73bc060810002aca9295598f92fc.jpg,0.8067691326141357,0.9516922831535339,0.9355897108713785,0.6761215925216675,0.9190304279327393,0.8920405308405558
322,15_242_202_38_76_jpg.rf.a849953af12ab94d41220d42182b08a1.jpg,0.8105257153511047,0.952631413936615,0.9368419051170349,0.6814150810241699,0.9203537702560425,0.8938050270080566
581,18_236_303_49_20_jpg.rf.487fa9d98947b5f5b2936a1d96258d47.jpg,0.8108325600624084,0.9527081251144409,0.9369441866874695,0.68184894323349,0.9204622507095337,0.8939496477444967
392,15_242_208_35_5_jpg.rf.b559ca9f9612e4f85e89c92513fce55b.jpg,0.8113694787025452,0.9528423547744751,0.937123159567515,0.6826086044311523,0.9206521511077881,0.8942028681437174
114,18_229_Masson_202_131_14_jpg.rf.8e4458f725e3b007424f3367af7a38f6.jpg,0.8142845630645752,0.9535711407661438,0.9380948543548584,0.6867453455924988,0.9216863512992859,0.8955817818641663
84,18_229_Masson_201_13_15_jpg.rf.3aa3a74cdf02987e7f2f6bbb8cfc5735.jpg,0.8149744868278503,0.9537436366081238,0.9383248289426168,0.6877273917198181,0.9219318628311157,0.8959091305732727
187,201_9_14_10_jpg.rf.c9e8cf515b5b8f0a40d3cc6bf1a795ff.jpg,0.815068244934082,0.9537670612335205,0.938356081644694,0.6878609657287598,0.9219652414321899,0.8959536552429199
787,15_242_208_19_5_jpg.rf.ac9fd9228e0824564820bbcc9797da53.jpg,0.8154017329216003,0.9538504481315613,0.9384672443072001,0.6883360743522644,0.9220840334892273,0.8961120247840881
92,15_242_212_25_26_jpg.rf.416c57416dd987970f8edbecf69da4b8.jpg,0.8154814839363098,0.9538703560829163,0.9384938279787699,0.6884497404098511,0.9221124649047852,0.8961499134699503
667,201_1_16_41_jpg.rf.828e5b76e7caa184da9f85e02ed223c7.jpg,0.8173158168792725,0.9543289542198181,0.9391052722930908,0.6910684704780579,0.9227671027183533,0.8970228234926859
297,18_228_Masson_505_85_18_jpg.rf.66de92dbe8f1ff23e42736b028e8da42.jpg,0.8185341954231262,0.9546335339546204,0.9395113984743754,0.692812442779541,0.9232031106948853,0.8976041475931803
659,15_242_208_33_17_jpg.rf.c98fcd28622f76b841ee356af203a130.jpg,0.8188552856445312,0.9547138214111328,0.9396184285481771,0.693272590637207,0.9233181476593018,0.8977575302124023
446,15_242_207_29_12_jpg.rf.02647456f8c70792282112440d30cd83.jpg,0.8193681240081787,0.9548420310020447,0.9397893746693929,0.6940081715583801,0.9235020279884338,0.8980027238527933
537,19_212_D1208_22_11_jpg.rf.11e7874d24e60a460ac8af12f920fbe0.jpg,0.8209291696548462,0.9552322626113892,0.9403097232182821,0.6962509751319885,0.9240627288818359,0.8987503250439962
193,301_1_12_27_jpg.rf.781133b2ab64f087f202f5102df3fca4.jpg,0.8230352997779846,0.955758810043335,0.9410117665926615,0.6992862820625305,0.9248215556144714,0.8997620940208435
249,15_242_208_32_29_jpg.rf.4a9ba3af8e07e6a9ba609f1402ae755e.jpg,0.8231191635131836,0.9557797908782959,0.9410397211710612,0.6994073987007141,0.9248518347740173,0.8998024662335714
747,15_242_208_28_22_jpg.rf.71ab67a0ef71c1049d65cb99cd857fd1.jpg,0.8237500786781311,0.9559375047683716,0.9412500262260437,0.7003188729286194,0.9250797033309937,0.9001062909762064
650,15_242_208_28_20_jpg.rf.6d41ad608437aa01b189ae1d1496b43f.jpg,0.8244020342826843,0.9561005234718323,0.9414673447608948,0.7012618780136108,0.9253154993057251,0.900420626004537
19,16_224_604_91_67_jpg.rf.230a75b26ef770a33cf58c2b9d5efa6f.jpg,0.7749406099319458,0.7061569690704346,0.9415426055590311,0.6325739026069641,0.6753971576690674,0.9005295435587565
349,15_242_208_30_8_jpg.rf.bb2c6a602dd1a4d4d23816ad9201b123.jpg,0.8246753215789795,0.9561688303947449,0.9415584405263265,0.7016574740409851,0.9254143834114075,0.900552491346995
622,201_10_8_38_jpg.rf.a5b5df5073e8c5b81978c316d9bfad70.jpg,0.8254725933074951,0.9563681483268738,0.941824197769165,0.7028124928474426,0.9257031083106995,0.9009374976158142
597,18_229_Masson_202_103_35_jpg.rf.2a30866386cd2c5507249833455993cd.jpg,0.82729172706604,0.95682293176651,0.94243057568868,0.7054539918899536,0.926363468170166,0.9018179972966512
775,15_242_202_92_68_jpg.rf.50a5c71b4d1001b68d8de5f3864fd2e8.jpg,0.8279558420181274,0.9569889307022095,0.9426519473393759,0.7064203023910522,0.9266051054000854,0.9021401007970175
281,15_242_208_18_27_jpg.rf.d8733f4b7c98ad77b2629c8f2b16cefe.jpg,0.8280239105224609,0.9570059776306152,0.9426746368408203,0.7065194249153137,0.9266298413276672,0.9021731416384379
131,201_2_14_62_jpg.rf.cc79384e3624bd85bcb61d4ecd94ecc2.jpg,0.8296599388122559,0.957414984703064,0.9432199796040853,0.7089049816131592,0.9272262454032898,0.9029683272043864
303,15_242_208_22_26_jpg.rf.191b836b62097d2909181220d527f349.jpg,0.8298958539962769,0.9574739933013916,0.9432986179987589,0.7092495560646057,0.9273123741149902,0.9030831853548685
448,18_228_Masson_505_93_33_jpg.rf.d557a48ed53abbec74430dc913329c23.jpg,0.8323219418525696,0.9580804705619812,0.9441073139508566,0.7128008604049683,0.9282002449035645,0.9042669534683228
110,18_229_Masson_201_32_37_jpg.rf.e4d49104f12d8c25e3858d8980b9a380.jpg,0.8331378698348999,0.9582844972610474,0.9443792899449667,0.7139984965324402,0.9284996390342712,0.9046661655108134
616,15_242_208_22_26_jpg.rf.f4b7af8c710746957e81cbd46b66554e.jpg,0.8334932923316956,0.9583733081817627,0.9444977641105652,0.7145208120346069,0.9286302328109741,0.9048402706782023
471,18_236_303_56_53_jpg.rf.d98c6e8c2bdcc39258e6b3d3c81e0eb7.jpg,0.8343055844306946,0.9585763812065125,0.9447685281435648,0.7157155275344849,0.9289288520812988,0.9052385091781616
381,15_242_208_40_7_jpg.rf.477b6f06b1579d499a60d2b84a794598.jpg,0.8352154493331909,0.9588038921356201,0.945071816444397,0.7170557379722595,0.9292639493942261,0.9056852459907532
417,18_228_Masson_505_93_33_jpg.rf.534be7c78d915a227bb1d58dad439c2b.jpg,0.8352539539337158,0.958813488483429,0.9450846513112386,0.7171125411987305,0.9292781352996826,0.9057041803995768
287,15_242_208_18_22_jpg.rf.00609e7ee8a2562874609d040707614f.jpg,0.8363011479377747,0.9590752720832825,0.9454337159792582,0.7186577320098877,0.9296644330024719,0.9062192440032959
265,207_4_6_50_jpg.rf.88904ba297f849ae84df95900d5f3384.jpg,0.836810290813446,0.9592025876045227,0.9456034302711487,0.7194099426269531,0.9298524856567383,0.906469980875651
116,201_4_6_4_jpg.rf.58e169545d1b91c99ae06b9b8c4a5822.jpg,0.8393045663833618,0.9598261117935181,0.9464348554611206,0.7231049537658691,0.9307762384414673,0.9077016512552897
546,201_4_6_4_jpg.rf.666d4e53c12cca3cfee24bbec249b584.jpg,0.8393045663833618,0.9598261117935181,0.9464348554611206,0.7231049537658691,0.9307762384414673,0.9077016512552897
714,15_242_202_143_66_jpg.rf.ed5144f91cd8ed6d78ab53e756b455a6.jpg,0.8396636843681335,0.9599159359931946,0.9465545614560446,0.7236381769180298,0.9309095144271851,0.9078793923060099
317,15_242_207_29_12_jpg.rf.be794c32a319f27b00cfd2054fcd7e63.jpg,0.8411027193069458,0.9602756500244141,0.9470342397689819,0.7257784605026245,0.9314446449279785,0.9085928201675415
639,15_242_208_30_9_jpg.rf.8a9842aeabc27c96512e888e2a5c9827.jpg,0.8418330550193787,0.9604582786560059,0.9472776850064596,0.7268667817115784,0.9317166805267334,0.9089555939038595
30,18_228_Masson_505_85_18_jpg.rf.33bcee79faf95466b86eb00b7f4e3281.jpg,0.8441068530082703,0.9610267281532288,0.9480356176694235,0.7302637100219727,0.9325659275054932,0.9100879033406576
98,18_236_303_49_21_jpg.rf.4159d7386ce56099f4e1836c261bd3f4.jpg,0.844441831111908,0.9611104726791382,0.9481472770373026,0.7307653427124023,0.9326913356781006,0.9102551142374674
21,18_236_203_78_38_jpg.rf.37953943fdadeb7f42fcbacdd0f44d69.jpg,0.8446434140205383,0.9611608386039734,0.9482144713401794,0.7310672998428345,0.9327667951583862,0.9103557666142782
752,18_229_Masson_202_73_21_jpg.rf.13d849cd10fc596cc0bb89178df626a8.jpg,0.8450056910514832,0.961251437664032,0.9483352303504944,0.7316102385520935,0.9329025745391846,0.9105367461840311
656,202_8_5_42_jpg.rf.8de49ef7c06fc1a28bd87e1c85830cc4.jpg,0.8451273441314697,0.9612818360328674,0.9483757813771566,0.731792688369751,0.9329481720924377,0.910597562789917
207,205_6_7_10_jpg.rf.b07763b142a068ed75e4c3444e07f6e0.jpg,0.8471153378486633,0.9617788195610046,0.9490384459495544,0.734778881072998,0.9336947202682495,0.911592960357666
474,15_242_208_28_22_jpg.rf.1a848469a81a37a7f8352edfa871f38c.jpg,0.8472695350646973,0.9618173837661743,0.9490898450215658,0.7350109815597534,0.9337527751922607,0.9116703271865845
101,202_6_15_50_jpg.rf.6c69f7447e3fb2b1c36136bf3e620bc1.jpg,0.8482117056846619,0.9620529413223267,0.9494039018948873,0.7364302277565002,0.9341075420379639,0.9121434092521667
458,18_228_Masson_505_96_38_jpg.rf.a1ea47dfc2e94cf1b35602b5eaae31c3.jpg,0.8488683104515076,0.9622170925140381,0.9496227701505026,0.7374206781387329,0.9343551397323608,0.9124735593795776
48,18_229_Masson_201_130_33_jpg.rf.f4df1335149b57ea5697a8d294f335cc.jpg,0.8501850366592407,0.9625462293624878,0.9500616788864136,0.7394103407859802,0.9348526000976562,0.9131367802619934
221,201_9_12_57_jpg.rf.7d3ea3b9c3141c837a3f0a9323c73d3c.jpg,0.8510138988494873,0.9627534747123718,0.9503379662831625,0.740665078163147,0.9351662397384644,0.9135550260543823
259,18_228_Masson_505_89_33_jpg.rf.a46f3ca20457877c21d0fbf80d84b579.jpg,0.8518142700195312,0.9629535675048828,0.9506047566731771,0.7418785095214844,0.9354696273803711,0.9139595031738281
719,201_9_12_57_jpg.rf.e8d292f0d8ca1cbc5fde1fb2e0012449.jpg,0.8533440828323364,0.9633359909057617,0.9511146942774454,0.7442023754119873,0.9360505938529968,0.9147341251373291
670,15_242_212_24_24_jpg.rf.39a8636cf3ec9dc0e3daff86cc14e3fe.jpg,0.8554843664169312,0.9638711214065552,0.951828122138977,0.7474640607833862,0.936866044998169,0.915821353594462
312,204_1_7_36_jpg.rf.dc449deefa699f238cb2e6d6cfeeef10.jpg,0.856956958770752,0.964239239692688,0.9523189862569174,0.7497153878211975,0.9374288320541382,0.9165717959403992
602,207_5_8_55_jpg.rf.a60d9724f021c719966427ba65696330.jpg,0.8576356768608093,0.9644089341163635,0.9525452256202698,0.7507549524307251,0.9376887083053589,0.9169183174769083
522,201_9_6_12_jpg.rf.fca19a28c119f03424e6c24d14752263.jpg,0.8593443036079407,0.964836061000824,0.9531147678693136,0.7533774375915527,0.9383443593978882,0.9177924791971842
380,15_242_208_28_23_jpg.rf.8bc794d394cc74300cc9cf79f4f0c7af.jpg,0.8599929213523865,0.9649982452392578,0.9533309737841288,0.7543751001358032,0.9385937452316284,0.9181250333786011
16,15_242_208_30_25_jpg.rf.736cca96913ee12036d5718d3d96f543.jpg,0.8602945804595947,0.9650736451148987,0.9534315268198649,0.7548393607139587,0.9387098550796509,0.918279786904653
711,15_242_208_29_22_jpg.rf.c59fcc2f7ae9cdebb589a66b2e11fd66.jpg,0.8626935482025146,0.9656733870506287,0.9542311827341715,0.7585409879684448,0.9396352767944336,0.9195136626561483
574,15_242_208_18_27_jpg.rf.57cae30c57ea5bc4b55b4a08fceb8227.jpg,0.8627721667289734,0.9656930565834045,0.9542573889096578,0.7586625218391418,0.9396656155586243,0.9195541739463806
245,18_219_203_15_8_jpg.rf.1035a45a5b4efb041e68fc9263a4cf79.jpg,0.8632959723472595,0.9658240079879761,0.9544319907824198,0.7594729065895081,0.9398682117462158,0.9198243021965027
709,15_242_208_37_22_jpg.rf.74bd11028e9de572cc251eb09e514425.jpg,0.8633351922035217,0.9658337831497192,0.9544450640678406,0.759533703327179,0.9398834109306335,0.9198445677757263
438,15_242_208_31_14_jpg.rf.ac3dd179e5f6ffba7666f3344a32a486.jpg,0.864508330821991,0.9661270976066589,0.954836110273997,0.7613515257835388,0.9403378963470459,0.9204505085945129
209,202_10_5_20_jpg.rf.8a58e77089eb98e7c485958742bc1536.jpg,0.8652574419975281,0.9663143754005432,0.955085813999176,0.7625142931938171,0.9406285881996155,0.9208380977312723
692,15_242_208_33_17_jpg.rf.41bd8bfa3413c7e62c8e61be2881f916.jpg,0.8652658462524414,0.9663164615631104,0.9550886154174805,0.7625274062156677,0.9406318664550781,0.9208424687385559
512,18_236_202_41_3_jpg.rf.ceb7941323525db7dd0fe870eba0a76b.jpg,0.8656548261642456,0.9664137363433838,0.9552182753880819,0.7631317377090454,0.940782904624939,0.9210439125696818
136,15_242_208_18_4_jpg.rf.6930758117e33f89a54d5bda3c5e7919.jpg,0.8673537373542786,0.9668384194374084,0.9557845791180929,0.7657763361930847,0.9414440989494324,0.9219254453976949
677,15_242_208_33_5_jpg.rf.4223d2c7a3b80041f562ff51ff61a0e1.jpg,0.8681934475898743,0.9670483469963074,0.9560644825299581,0.7670864462852478,0.9417716264724731,0.9223621487617493
599,18_236_303_52_14_jpg.rf.799a7a6e3087b89306ed7fdaab51cfb7.jpg,0.8690165877342224,0.9672541618347168,0.9563388625780741,0.7683724761009216,0.9420931339263916,0.9227908253669739
165,201_9_6_12_jpg.rf.a9c85d0f772e63e7042754ede495ee9d.jpg,0.8692788481712341,0.9673197269439697,0.9564262827237447,0.7687826752662659,0.9421956539154053,0.9229275584220886
463,201_4_6_4_jpg.rf.979a21b7cd4816e8ace4666b0026a8fd.jpg,0.870229959487915,0.9675574898719788,0.956743319829305,0.7702717781066895,0.9425679445266724,0.9234239260355631
97,15_242_211_19_22_jpg.rf.6460a373001d08d219325c23fe03afef.jpg,0.8712262511253357,0.9678065776824951,0.9570754170417786,0.7718341946601868,0.9429585337638855,0.9239447315533956
642,15_242_208_20_24_jpg.rf.a6d3b2ea5825054adf53cfd9da7f5cbc.jpg,0.8714390993118286,0.9678597450256348,0.9571463664372762,0.7721684575080872,0.9430420994758606,0.9240561525026957
497,119_2_2_21_jpg.rf.347b4b054aa2d17da2508f556b698bd9.jpg,0.871633768081665,0.9679084420204163,0.9572112560272217,0.7724741697311401,0.9431185722351074,0.9241580565770467
459,15_242_207_12_18_jpg.rf.7b34cc20c0181ecf735b0ddfe7639948.jpg,0.8723338842391968,0.9680835008621216,0.9574446280797323,0.7735746502876282,0.9433936476707458,0.9245248834292094
734,201_4_6_4_jpg.rf.782e42f28fa92735bba18523db925cc2.jpg,0.8725413680076599,0.9681353569030762,0.9575137893358866,0.7739010453224182,0.9434752464294434,0.9246336817741394
203,15_242_208_30_13_jpg.rf.59ce5dcc237e7608f09243bd6f8c039e.jpg,0.8738354444503784,0.968458890914917,0.9579451481501261,0.775939404964447,0.943984866142273,0.925313134988149
142,202_0_12_24_jpg.rf.b18e35a21542d86e2771c6673d0ba0d8.jpg,0.8742485046386719,0.968562126159668,0.9580828348795573,0.7765910029411316,0.9441477656364441,0.9255303343137106
437,15_242_208_25_27_jpg.rf.a497f3cb81c405662b407930e570f022.jpg,0.8760755062103271,0.9690188765525818,0.9586918354034424,0.7794790267944336,0.9448697566986084,0.9264930089314779
238,202_10_2_14_jpg.rf.91074601286f11c8092acadbae7b3e65.jpg,0.8771907687187195,0.9692977070808411,0.9590635895729065,0.781246542930603,0.9453116655349731,0.9270821809768677
542,15_242_208_30_19_jpg.rf.52113c6a727fb329ce71dedea00f0963.jpg,0.8786221146583557,0.9696555137634277,0.9595407048861185,0.7835201621055603,0.9458800554275513,0.9278400540351868
790,15_242_208_34_6_jpg.rf.1a39b98827708cfecc65ef1f74feafb1.jpg,0.8794244527816772,0.9698561429977417,0.9598081509272257,0.7847970724105835,0.9461992979049683,0.9282656908035278
274,15_242_208_28_17_jpg.rf.ac09a4b1f170b4663d6aa8b97bdd5061.jpg,0.8798472881317139,0.9699618220329285,0.9599490960439047,0.7854708433151245,0.9463677406311035,0.9284902811050415
139,18_228_Masson_505_102_38_jpg.rf.d09872dcdcef53dbb5da758eab65e19c.jpg,0.8821220397949219,0.9705305099487305,0.9607073465983073,0.7891040444374084,0.9472759962081909,0.9297013481458029
509,18_229_Masson_201_39_15_jpg.rf.a15566eace7d526eb684f8776dc14549.jpg,0.8826305270195007,0.9706576466560364,0.9608768423398336,0.7899182438850403,0.9474795460700989,0.9299727479616801
314,15_242_208_28_20_jpg.rf.a74b842f16288168b97eac3940409bd3.jpg,0.884917140007019,0.9712293148040771,0.9616390466690063,0.7935886383056641,0.948397159576416,0.9311962127685547
754,201_4_6_4_jpg.rf.07629e4a0e0dd1472a27978d63b28551.jpg,0.8851956129074097,0.9712989330291748,0.9617318709691366,0.7940367460250854,0.9485092163085938,0.9313455820083618
70,15_242_208_28_17_jpg.rf.7bb532a9aef429d4731fafa2e157e74a.jpg,0.8856622576713562,0.9714155793190002,0.9618874192237854,0.7947880029678345,0.9486969709396362,0.9315960009892782
716,15_242_208_25_27_jpg.rf.f9dcc53256e576fc9ed2a886bb6c44cc.jpg,0.8859413266181946,0.9714853167533875,0.9619804422060648,0.7952376008033752,0.9488093852996826,0.9317458669344584
598,15_242_208_18_7_jpg.rf.dbdb41105d8f5be99a60642b0cae5f1d.jpg,0.8877967596054077,0.9719492197036743,0.9625989198684692,0.7982324957847595,0.9495581388473511,0.9327441652615865
494,15_242_208_29_27_jpg.rf.4ecd33b6750aee7c3cc5d8fa88d7716d.jpg,0.8886055946350098,0.9721513986587524,0.9628685315450033,0.7995412349700928,0.9498853087425232,0.9331804116566976
635,15_242_208_32_5_jpg.rf.40c1399adb3c53db52fd72844994bf68.jpg,0.8886608481407166,0.9721652269363403,0.9628869493802389,0.7996306419372559,0.949907660484314,0.9332102139790853
332,15_242_208_30_17_jpg.rf.70af9883be110df053ff89b407293463.jpg,0.8888131976127625,0.9722033143043518,0.9629377325375875,0.799877405166626,0.9499693512916565,0.9332924683888754
782,202_2_8_60_jpg.rf.abd83e2273d475da1b27e237f1547b8f.jpg,0.889265239238739,0.972316324710846,0.9630884130795797,0.8006098866462708,0.9501524567604065,0.9335366288820902
493,18_228_Masson_505_103_36_jpg.rf.80ea6f7c3ccce1f86ab5a3e680946143.jpg,0.8898255825042725,0.9724563956260681,0.9632751941680908,0.8015187382698059,0.9503796696662903,0.9338395794232687
740,15_242_207_12_18_jpg.rf.66e0ca915d0b2cdf3b28da5d96c183e4.jpg,0.8914785981178284,0.9728696346282959,0.9638261993726095,0.8042051196098328,0.9510512948036194,0.9347350398699442
337,15_242_208_32_25_jpg.rf.8d93840789868f8703fe8af96fd8d9d9.jpg,0.8921293616294861,0.9730323553085327,0.964043120543162,0.8052648901939392,0.951316237449646,0.9350882967313131
586,15_242_208_22_26_jpg.rf.46f8dd0ce62034283d626c7cf00b8a2b.jpg,0.893099308013916,0.973274827003479,0.9643664360046387,0.8068467974662781,0.9517117142677307,0.935615599155426
573,201_9_6_12_jpg.rf.74bdd34371c6f88cbd310e3559a82816.jpg,0.8937115669250488,0.9734278917312622,0.9645705223083496,0.8078467845916748,0.9519616961479187,0.935948928197225
519,15_242_208_28_20_jpg.rf.1bf3f85ed0b6bfd0776fe6104fc4176d.jpg,0.8938885927200317,0.9734721183776855,0.9646295309066772,0.8081361055374146,0.9520339965820312,0.9360453685124716
784,18_229_Masson_201_81_57_jpg.rf.50faa93e4f574ae34011f908822f4cdb.jpg,0.8945077657699585,0.973626971244812,0.9648359219233195,0.809148907661438,0.9522871971130371,0.9363829692204794
188,18_229_Masson_201_20_25_jpg.rf.7d845a05bb767ad17e6744110df809b7.jpg,0.8949054479598999,0.9737263917922974,0.9649684826532999,0.8097999095916748,0.9524499773979187,0.9365999698638916
669,201_7_5_17_jpg.rf.a4dcdc7e5425b36bb94c415b3168cea7.jpg,0.8953536748886108,0.9738384485244751,0.965117891629537,0.8105341792106628,0.9526335597038269,0.9368447264035543
589,15_242_208_18_6_jpg.rf.d5183275cc45f85caa47381f4bfd06e3.jpg,0.8958384990692139,0.9739596247673035,0.9652794996897379,0.8113292455673218,0.9528323411941528,0.9371097485224406
175,201_9_12_31_jpg.rf.fb59e9aa5f8c3b8dcc09956907341706.jpg,0.895943820476532,0.9739859700202942,0.9653146068255106,0.8115019798278809,0.9528754949569702,0.9371673266092936
309,202_0_15_50_jpg.rf.55d29cd718d85f3ba645fb85a4f6cc61.jpg,0.8966279625892639,0.9741569757461548,0.9655426541964213,0.8126252293586731,0.9531562924385071,0.9375417431195577
655,207_6_12_7_jpg.rf.5c786c7843192ceac767bb7a135ea227.jpg,0.8966309428215027,0.9741577506065369,0.9655436476071676,0.8126301765441895,0.9531575441360474,0.9375433921813965
500,15_242_208_29_19_jpg.rf.56b76196a3310aa3a5d9798c3025f565.jpg,0.8971092104911804,0.9742773175239563,0.9657030701637268,0.8134162425994873,0.9533540606498718,0.9378054141998291
501,15_242_208_31_14_jpg.rf.1fa14aefdf49d4009ba3a6f90c5294e6.jpg,0.8973045945167542,0.9743261337280273,0.9657681981722513,0.8137375116348267,0.9534343481063843,0.9379125038782755
67,18_228_Masson_505_101_30_jpg.rf.deea712248d61b3d47deed48fc8adbec.jpg,0.8974645137786865,0.9743661284446716,0.9658215045928955,0.8140006065368652,0.9535001516342163,0.9380002021789551
725,18_219_205_25_4_jpg.rf.ccce1599590bac8e686842ddcbf3726e.jpg,0.897638738155365,0.9744096994400024,0.9658795793851217,0.8142873048782349,0.9535717964172363,0.938095768292745
762,15_242_208_29_14_jpg.rf.59fc4a29f43acdcbad4ab52d5f8fe5b5.jpg,0.897706151008606,0.9744265079498291,0.965902050336202,0.8143982291221619,0.9535995721817017,0.9381327430407206
580,15_242_208_32_5_jpg.rf.69fc49ce1c9f977a42265f16344a4a34.jpg,0.8991876244544983,0.9747968912124634,0.9663958748181661,0.8168399930000305,0.9542099833488464,0.9389466643333435
665,15_242_208_29_24_jpg.rf.5a59293a4209aa1baec29e54a8412cb3.jpg,0.8992391228675842,0.9748097658157349,0.9664130409558614,0.816925048828125,0.9542312622070312,0.9389750162760416
685,18_228_Masson_505_89_33_jpg.rf.de87a28483630f7f38adcb2b7dca30cc.jpg,0.8994154334068298,0.9748538732528687,0.96647181113561,0.817216157913208,0.954304039478302,0.939072052637736
306,15_242_208_30_25_jpg.rf.8f35306d105f9ca746c146024d42492f.jpg,0.8999361395835876,0.9749840497970581,0.9666453798611959,0.8180763125419617,0.9545190930366516,0.9393587708473206
37,201_4_6_4_jpg.rf.5f4250599f486740794b631a7d9d6b3e.jpg,0.9002009630203247,0.9750502109527588,0.9667336543401083,0.8185141086578369,0.9546285271644592,0.9395047028859457
567,18_228_Masson_505_84_31_jpg.rf.b9d77d8871d1afe98f440c8b2f3cc3e8.jpg,0.9008120894432068,0.9752030372619629,0.9669373631477356,0.8195251226425171,0.9548813104629517,0.9398417075475057
9,201_1_15_14_jpg.rf.cde4aef442da5cf70bfc420b3cbf8a64.jpg,0.9014063477516174,0.9753515720367432,0.9671354492505392,0.8205093741416931,0.9551273584365845,0.9401697913805643
36,15_242_208_26_26_jpg.rf.c755f3d882ebb364029da712be37edb9.jpg,0.9018178582191467,0.9754544496536255,0.9672726194063822,0.8211915493011475,0.9552978873252869,0.9403971831003824
141,15_242_208_32_25_jpg.rf.98046f51cc5bdd90ebde131d2e64a033.jpg,0.9019920229911804,0.9754980206489563,0.9673306743303934,0.821480393409729,0.9553700685501099,0.9404934644699097
4,15_242_208_23_5_jpg.rf.a49bede791f26cf6ec86e4633da6c3d2.jpg,0.902403712272644,0.9756009578704834,0.9674679040908813,0.8221635818481445,0.9555408954620361,0.9407211939493815
419,15_242_207_12_18_jpg.rf.cce5c486f94a790ac507536190562256.jpg,0.9026700854301453,0.9756675362586975,0.9675566951433817,0.8226059675216675,0.9556515216827393,0.9408686558405558
767,18_236_203_76_20_jpg.rf.364e14da60cd3fa699d78be1c891d045.jpg,0.9027318358421326,0.9756829738616943,0.9675772786140442,0.8227084875106812,0.9556771516799927,0.940902829170227
563,201_13_11_35_jpg.rf.75fe3188c172fa1743238f9158c89b10.jpg,0.904230535030365,0.9760576486587524,0.9680768450101217,0.8252013921737671,0.9563003778457642,0.9417337973912557
60,18_229_Masson_201_71_26_jpg.rf.a4e6cc1f6671061f33979d183cbc596e.jpg,0.9043437838554382,0.9760859608650208,0.9681145946184794,0.8253901600837708,0.9563475251197815,0.9417967200279236
491,102_1_7_33_jpg.rf.a5f6122070ca88f1b327e605fb175d99.jpg,0.9044917821884155,0.9761229753494263,0.9681639273961385,0.8256366848945618,0.9564091563224792,0.9418788949648539
528,18_228_Masson_505_97_38_jpg.rf.eec588e7603a4fce049541864beb48ce.jpg,0.9049734473228455,0.9762433767318726,0.9683244824409485,0.8264396786689758,0.9566099047660828,0.9421465595563253
705,201_9_14_50_jpg.rf.cf9b14720490032aa3bad280ec88c7b0.jpg,0.9051659107208252,0.9762914776802063,0.9683886369069418,0.8267607688903809,0.9566901922225952,0.942253589630127
449,18_229_Masson_201_53_12_jpg.rf.f1be5d63205d93ab15521b5f282ab9fe.jpg,0.905375063419342,0.9763437509536743,0.968458354473114,0.8271098136901855,0.9567774534225464,0.9423699378967285
773,15_242_208_30_10_jpg.rf.8a349d4f09cf21cb6e85c5c2ac5e362c.jpg,0.905739963054657,0.9764350056648254,0.9685799876848856,0.8277190923690796,0.9569298028945923,0.9425730307896932
10,201_9_12_57_jpg.rf.71c7b72a3b9bf7170c5ab325e8adf74a.jpg,0.9058059453964233,0.9764515161514282,0.9686019817988077,0.8278293609619141,0.9569573402404785,0.9426097869873047
712,18_229_Masson_201_108_28_jpg.rf.410cade08fa5472ad05b619a396e972a.jpg,0.9073821306228638,0.9768455028533936,0.969127376874288,0.830466091632843,0.9576165080070496,0.9434886972109476
461,15_242_208_25_27_jpg.rf.4f5dbbcb756b4bbb98f956ff3f6a91f6.jpg,0.907387375831604,0.9768468141555786,0.9691291252772013,0.8304749131202698,0.9576187133789062,0.9434916377067566
717,18_228_Masson_505_100_30_jpg.rf.3c6c4699b59a2d101302d72859b699d9.jpg,0.9074552059173584,0.9768638014793396,0.9691517353057861,0.8305885195732117,0.9576471447944641,0.9435295065244039
103,18_228_Masson_505_86_33_jpg.rf.7bab2575f2bb844e1d1a27d8f2b286ee.jpg,0.9076923131942749,0.9769231081008911,0.9692307710647583,0.8309859037399292,0.9577465057373047,0.9436619679133097
620,201_9_12_57_jpg.rf.9d4f0cdfe6c08176c77b8657d6799a4c.jpg,0.9082790017127991,0.9770697355270386,0.9694263339042664,0.8319698572158813,0.957992434501648,0.9439899524052938
323,201_10_18_29_jpg.rf.d66dc2a0d2cf55dcd3397fd1609abd92.jpg,0.9085138440132141,0.9771284461021423,0.9695046146710714,0.8323640823364258,0.9580910205841064,0.9441213607788086
86,15_242_208_25_27_jpg.rf.d3e09be97cd13d4026e403e0d6fe6468.jpg,0.9087236523628235,0.9771808981895447,0.9695745507876078,0.8327164053916931,0.9581791162490845,0.9442388017972311
473,207_1_11_2_jpg.rf.c058fd0e57d4c84285f02db6fb12c000.jpg,0.9093545079231262,0.9773386120796204,0.9697848359743754,0.8337764143943787,0.9584441184997559,0.9445921381314596
172,15_242_208_26_26_jpg.rf.dd99cee1f80b6f34d18605df37caf72a.jpg,0.9107755422592163,0.9776939153671265,0.9702585140864054,0.8361688256263733,0.9590421915054321,0.9453896085421244
465,201_2_12_23_jpg.rf.d2cbd786290afe3df0dc6889e729aa8f.jpg,0.9111728668212891,0.9777932167053223,0.9703909556070963,0.8368389010429382,0.9592097401618958,0.9456129670143127
22,15_242_208_26_14_jpg.rf.e75aed4ea66cb5e3915ce7370b96a335.jpg,0.9113950729370117,0.9778487682342529,0.9704650243123373,0.8372138142585754,0.9593034386634827,0.9457379380861918
378,18_228_Masson_505_100_31_jpg.rf.8c8e7779d55729254b0c7d44584c9a64.jpg,0.9125005602836609,0.9781251549720764,0.9708335200945536,0.839081346988678,0.9597703218460083,0.946360448996226
52,18_228_Masson_505_96_37_jpg.rf.bf9ede65393fc636a3194e948540ae9d.jpg,0.9129566550254822,0.9782391786575317,0.9709855516751608,0.839853048324585,0.9599632620811462,0.9466176827748617
492,15_242_208_29_14_jpg.rf.3b3bc51aa00661c8ed4f597e88d1e48a.jpg,0.9130450487136841,0.9782612323760986,0.9710150162378947,0.8400026559829712,0.9600006341934204,0.9466675519943237
521,18_228_Masson_505_83_33_jpg.rf.e4d0190ff4b01b24b6f475f4ce0d2107.jpg,0.913336992263794,0.9783342480659485,0.971112330754598,0.8404970169067383,0.9601242542266846,0.9468323389689127
768,15_242_208_26_26_jpg.rf.6e58d1a35072c7dc251504f9a60872de.jpg,0.9146502017974854,0.9786625504493713,0.9715500672658285,0.8427238464355469,0.9606809616088867,0.9475746154785156
559,204_3_12_49_jpg.rf.b624d9ff9d770589374af51ff27ace59.jpg,0.9150672554969788,0.9787667989730835,0.9716890851656595,0.8434321880340576,0.9608580470085144,0.9478107293446859
486,15_242_208_29_24_jpg.rf.38b381a964e86363ce3e5e44a3c98e38.jpg,0.9153553247451782,0.9788388013839722,0.9717851082483927,0.8439218401908875,0.9609804749488831,0.9479739467302958
161,18_228_Masson_505_98_27_jpg.rf.df215b31f0ecf8c2683ca83e60255b75.jpg,0.9162158966064453,0.9790539741516113,0.9720719655354818,0.8453859686851501,0.9613465070724487,0.9484619895617167
394,201_2_12_54_jpg.rf.efb591547e0e2faaf1153964524658db.jpg,0.9178593158721924,0.9794648289680481,0.9726197719573975,0.848188579082489,0.9620471596717834,0.9493961930274963
179,15_242_208_18_4_jpg.rf.3c668c1ffcd8b172d4544049297562f1.jpg,0.9179100394248962,0.9794775247573853,0.9726366798082987,0.8482751846313477,0.9620687961578369,0.9494250615437826
562,15_242_208_22_9_jpg.rf.4015c419cb19c0cd2cadeb3c7e6e9218.jpg,0.9179708361625671,0.979492723941803,0.9726569453875223,0.8483790159225464,0.962094783782959,0.9494596719741821
293,102_1_7_33_jpg.rf.e49af7864d3d00960a0e7b82bd0a5c3d.jpg,0.9195701479911804,0.9798925518989563,0.9731900493303934,0.8511151075363159,0.9627788066864014,0.9503717025121053
330,16_253_308_22_6_jpg.rf.033fe86da0b39e84dbf74e2f296fbb23.jpg,0.920025646686554,0.9800063967704773,0.9733418822288513,0.8518958687782288,0.962973952293396,0.9506319562594095
686,18_228_Masson_505_84_31_jpg.rf.df7bd7e0db3d4a4672cf1d7b1130cdae.jpg,0.9203178882598877,0.9800794720649719,0.9734392960866293,0.852397084236145,0.9630992412567139,0.950799028078715
582,201_9_7_59_jpg.rf.d35a6acca59682cb81a04615332d4315.jpg,0.9204181432723999,0.9801045656204224,0.9734727144241333,0.8525691032409668,0.9631422758102417,0.9508563677469889
619,15_242_208_18_5_jpg.rf.661786f57eeaf5671a00890aba702cd3.jpg,0.9206840991973877,0.9801710247993469,0.9735613663991293,0.8530256152153015,0.9632564187049866,0.9510085384051005
321,102_1_8_25_jpg.rf.787232cdbd8f152421c92d050b2c686b.jpg,0.9215399026870728,0.9803849458694458,0.9738466342290243,0.8544961214065552,0.9636240005493164,0.9514987071355184
8,15_242_208_18_27_jpg.rf.ba019f3ff579a77c3aa3495b09cacf0b.jpg,0.921783447265625,0.9804458618164062,0.9739278157552084,0.8549149632453918,0.9637287259101868,0.9516383210817972
35,15_242_208_20_6_jpg.rf.51fd750472c3351063798cd4fcda3e3c.jpg,0.9231888651847839,0.9807972311973572,0.974396288394928,0.8573358654975891,0.9643339514732361,0.9524452884991964
684,15_242_208_23_22_jpg.rf.3e3d0b48ed9595dbe128e7b63fbb5aa5.jpg,0.9235081076622009,0.9808770418167114,0.974502702554067,0.8578867316246033,0.964471697807312,0.9526289105415344
434,17_228_801_67_44_jpg.rf.52ac6786393829889dc49ca32305cf8f.jpg,0.9243028163909912,0.9810757040977478,0.9747676054636637,0.8592592477798462,0.9648147821426392,0.9530864159266154
215,15_242_208_31_22_jpg.rf.1fb1582c193d6e9d1bce2f247f2d4fba.jpg,0.9244563579559326,0.9811140894889832,0.9748187859853109,0.8595247864723206,0.964881181716919,0.9531749288241068
125,16_224_604_92_67_jpg.rf.3d04339e57299205934edd499392abea.jpg,0.9244590997695923,0.9811147451400757,0.9748196999231974,0.8595294952392578,0.9648823738098145,0.9531764984130859
24,18_228_Masson_505_88_31_jpg.rf.c1cc97c4708c7e1702e31c2980322cb3.jpg,0.9246202111244202,0.9811550378799438,0.97487340370814,0.859808087348938,0.9649519920349121,0.953269362449646
728,204_2_18_37_jpg.rf.7fa7eee1b9f60d6ea709926e4fcc299f.jpg,0.9253989458084106,0.9813497066497803,0.9751329819361368,0.8611558079719543,0.9652889370918274,0.9537186026573181
428,15_242_208_31_22_jpg.rf.23837eb1edb6e207d9dc2b4476870b7e.jpg,0.9254255294799805,0.9813563823699951,0.9751418431599935,0.861201822757721,0.965300440788269,0.9537339409192404
106,15_242_202_168_26_jpg.rf.c83e081a84e8bc6604a627405caf7892.jpg,0.925523579120636,0.9813808798789978,0.9751745263735453,0.861371636390686,0.9653428792953491,0.953790545463562
217,15_242_208_28_17_jpg.rf.765cd62ad9e2c66970a0b609ac949b1c.jpg,0.9279652237892151,0.9819912910461426,0.9759884079297384,0.8656111359596252,0.9664027690887451,0.9552037119865417
15,15_242_208_20_6_jpg.rf.5bd73bf68e33ef8934fc8549d05b573d.jpg,0.9282944798469543,0.9820736050605774,0.9760981599489847,0.8661842942237854,0.9665460586547852,0.9553947647412618
395,201_2_12_23_jpg.rf.b150cabf66dbde1b9b7ec24e307b26ca.jpg,0.9298257231712341,0.9824564456939697,0.9766085743904114,0.8688545227050781,0.9672136306762695,0.9562848409016927
264,15_242_208_31_22_jpg.rf.d057858fe8ea375b6015f22b3883dc17.jpg,0.9298778772354126,0.9824694395065308,0.9766259590784708,0.8689455389976501,0.9672363996505737,0.9563151796658834
320,17_228_801_74_33_jpg.rf.5748183f2374781a96c0e7f3d9aeb4e6.jpg,0.9311936497688293,0.9827983975410461,0.9770645499229431,0.8712463974952698,0.9678115844726562,0.9570821324984232
605,15_242_208_31_22_jpg.rf.da39bc19066443d158e6a8baaa496215.jpg,0.9311953783035278,0.9827988147735596,0.9770651261011759,0.8712493777275085,0.9678123593330383,0.9570831259091696
771,18_228_Masson_505_83_24_jpg.rf.f210117a5a8c96b70c7d7e5a0db9f170.jpg,0.9318602085113525,0.9829650521278381,0.9772867361704508,0.8724141120910645,0.9681035280227661,0.9574713706970215
382,15_242_208_25_27_jpg.rf.1ac7e0afc7a9f521ad19bf9931a8b053.jpg,0.9326702952384949,0.9831675887107849,0.9775567650794983,0.8738352060317993,0.9684587717056274,0.9579450686772665
173,15_242_208_29_14_jpg.rf.f0eeed201d1cbe59da74c5f6b6841561.jpg,0.9327199459075928,0.9831799864768982,0.9775733153025309,0.8739224076271057,0.9684805870056152,0.9579741358757019
691,18_229_Masson_202_8_15_jpg.rf.4ee96aad6cafff82b5e5c85ddafc4d38.jpg,0.9329186081886292,0.9832296371459961,0.9776395360628763,0.8742712736129761,0.9685678482055664,0.9580904245376587
156,201_9_14_10_jpg.rf.d2e6d6f8a732003b781780bf929f765f.jpg,0.9331916570663452,0.9832979440689087,0.9777305523554484,0.8747510313987732,0.9686877727508545,0.9582503437995911
653,201_9_9_30_jpg.rf.90395b69c01a9b54f1284adffad38645.jpg,0.933635950088501,0.9834089875221252,0.9778786500295004,0.8755320310592651,0.9688830375671387,0.958510677019755
147,201_7_5_17_jpg.rf.ef0e0481a2c8f94c146c49fbaf2e7635.jpg,0.9338072538375854,0.9834518432617188,0.9779357512791952,0.8758335113525391,0.9689583778381348,0.9586111704508463
585,17_228_801_67_60_jpg.rf.f522c58bd12ae4778ec903a235464d18.jpg,0.9339308142662048,0.9834827184677124,0.977976938088735,0.8760508894920349,0.9690127372741699,0.9586836298306783
41,15_242_208_30_12_jpg.rf.4889a4d8df88df41d2d7ddcc39c579cb.jpg,0.9339686036109924,0.9834921360015869,0.9779895345369974,0.8761173486709595,0.9690293073654175,0.9587057828903198
583,18_236_303_54_44_jpg.rf.7829ba23b279b29ff7a5a9ed3b234b51.jpg,0.9349977374076843,0.9837494492530823,0.9783325791358948,0.877930223941803,0.9694825410842896,0.9593100746472677
182,15_242_208_22_26_jpg.rf.ad36fc8fbc8ab2320e33a906f47c4449.jpg,0.9350605607032776,0.9837651252746582,0.9783535202344259,0.8780410885810852,0.9695102572441101,0.9593470295270284
555,18_228_Masson_505_83_24_jpg.rf.1b9e5fc82a114c28dd6f826319e599ce.jpg,0.9352564215660095,0.9838141202926636,0.9784188071886698,0.8783864974975586,0.9695966243743896,0.9594621658325195
760,18_228_Masson_505_103_36_jpg.rf.ab99ba56da479d5534a1e54ab59b6a92.jpg,0.9358682036399841,0.9839670658111572,0.9786227345466614,0.8794664144515991,0.9698666334152222,0.9598221381505331
229,15_242_208_20_8_jpg.rf.2cfb6e44bf4f776216e3e001bf81c6e1.jpg,0.9359419345855713,0.9839854836463928,0.9786473115285238,0.8795967102050781,0.9698991775512695,0.9598655700683594
186,19_212_D1208_30_5_jpg.rf.eaa206262d866b0686035b129223aacb.jpg,0.9359444975852966,0.9839861392974854,0.9786481658617655,0.879601240158081,0.9699003100395203,0.9598670800526937
372,15_242_202_115_36_jpg.rf.8585d9d9a39948341eb7d08fcf8a1a09.jpg,0.937293529510498,0.9843233823776245,0.979097843170166,0.8819872736930847,0.9704968333244324,0.9606624245643616
794,18_228_Masson_505_90_32_jpg.rf.17d2789ac5d31ac9651a1dafb7a84688.jpg,0.9374918937683105,0.9843729734420776,0.9791639645894369,0.8823385834693909,0.9705846309661865,0.9607795278231303
59,15_242_208_28_20_jpg.rf.db5847b07b8056585bc4eeffb57e9f99.jpg,0.9402794241905212,0.9850698709487915,0.9800931413968405,0.8872899413108826,0.9718225002288818,0.9624299804369608
472,15_242_208_19_18_jpg.rf.380c0f9eb80aa944d0a679a695d3915f.jpg,0.9403321146965027,0.9850830435752869,0.9801107048988342,0.8873838186264038,0.9718459844589233,0.9624612728754679
405,15_242_208_28_20_jpg.rf.e3bdddbc25d64d11186d7046a52cd329.jpg,0.9411360621452332,0.9852840304374695,0.9803786873817444,0.888816773891449,0.9722042083740234,0.962938924630483
388,201_2_12_23_jpg.rf.8667fd91893da94ace9586b905b51bfa.jpg,0.9412976503372192,0.9853243827819824,0.9804325501124064,0.8891051411628723,0.9722762703895569,0.9630350470542908
202,201_9_14_10_jpg.rf.deece2b9832996aae0c6427e14ca28d9.jpg,0.9417034387588501,0.9854258298873901,0.9805678129196167,0.8898295164108276,0.9724574089050293,0.9632765054702759
694,15_242_208_28_17_jpg.rf.6457fcaa4a6dfdd5992cd0d19f074801.jpg,0.9417708516120911,0.9854426980018616,0.980590283870697,0.8899497985839844,0.9724874496459961,0.9633165995279948
328,206_8_7_12_jpg.rf.0b51d04b4fcdd64c27921159c07cfb6a.jpg,0.9424781799316406,0.9856195449829102,0.9808260599772135,0.8912139534950256,0.9728034734725952,0.9637379844983419
514,18_229_Masson_202_27_35_jpg.rf.4fbffec4bd2b5633b2c6e76cddcb9c28.jpg,0.9427728652954102,0.9856932163238525,0.9809242884318033,0.8917410969734192,0.9729352593421936,0.9639136989911398
275,18_228_Masson_505_83_33_jpg.rf.0771031f3d2fa00632a78b7410efc595.jpg,0.9428966045379639,0.985724151134491,0.9809655348459879,0.8919625282287598,0.9729906320571899,0.9639875094095866
423,201_4_6_4_jpg.rf.c97cf943b73580a610c1ddfabd9227e4.jpg,0.9429658055305481,0.9857414364814758,0.980988601843516,0.8920863270759583,0.9730215668678284,0.9640287756919861
761,17_228_801_67_44_jpg.rf.6f08b9bcc64ec66d16d2aae9115f8265.jpg,0.9434993863105774,0.9858748316764832,0.9811664621035258,0.8930419683456421,0.9732605218887329,0.9643473227818807
396,15_242_208_33_10_jpg.rf.9944ffe949681738e791f877c313f3e8.jpg,0.9439522624015808,0.9859880805015564,0.981317420800527,0.8938538432121277,0.9734634757041931,0.9646179477373759
612,18_228_Masson_505_81_21_jpg.rf.ea40035707719d5251ffd3e1687568ad.jpg,0.9439639449119568,0.9859910011291504,0.9813213149706522,0.8938747644424438,0.9734686613082886,0.9646249214808146
276,15_242_208_35_18_jpg.rf.7a291fcd95ed2833c5a5480fef07ea6f.jpg,0.9444149136543274,0.9861037135124207,0.9814716378847758,0.8946837782859802,0.9736709594726562,0.9648945927619934
242,18_228_Masson_208_47_14_jpg.rf.240c57ee1fb8e196aee8fbe900a78be5.jpg,0.9445318579673767,0.9861329793930054,0.9815106193224589,0.8948938250541687,0.9737234711647034,0.9649646083513895
164,15_242_208_29_22_jpg.rf.aff275a2a84487f9735ede1b1df1a10f.jpg,0.9446094632148743,0.9861523509025574,0.9815364877382914,0.8950331211090088,0.9737582802772522,0.9650110403696696
414,102_1_8_41_jpg.rf.47592ade839b06643503cf31991e0c30.jpg,0.9446303248405457,0.9861575961112976,0.9815434416135153,0.8950705528259277,0.9737676382064819,0.9650235176086426
748,15_242_208_22_17_jpg.rf.4b0b31cef701430209fea922817016f9.jpg,0.9451404213905334,0.9862850904464722,0.9817134737968445,0.8959869742393494,0.9739967584609985,0.9653289914131165
657,15_242_208_28_17_jpg.rf.ced48c5feae3d1b7fcbff8b8ab0c6492.jpg,0.9452720880508423,0.9863179922103882,0.9817573626836141,0.8962236046791077,0.9740558862686157,0.9654078682263693
638,201_0_9_54_jpg.rf.91247278f59d77a6570b276d164fe108.jpg,0.9453668594360352,0.9863417148590088,0.9817889531453451,0.8963940143585205,0.9740985035896301,0.9654646714528402
398,102_1_6_44_jpg.rf.af04a58e7abe33df5f274eb526e1fa2c.jpg,0.9460474252700806,0.9865118265151978,0.9820158084233602,0.8976185321807861,0.9744046330451965,0.9658728440602621
704,15_242_208_17_25_jpg.rf.6a0134d709287b17aae2ca658a6b1cca.jpg,0.9462687969207764,0.9865671992301941,0.9820895989735922,0.8980172276496887,0.974504292011261,0.9660057425498962
513,15_242_208_26_8_jpg.rf.a705bd40066f08c7a32e39ee73309194.jpg,0.9465591311454773,0.9866397976875305,0.9821863770484924,0.8985403776168823,0.974635124206543,0.9661801258722941
191,201_2_12_23_jpg.rf.09398b0c533c757be49f33389f291608.jpg,0.9465627670288086,0.9866406917572021,0.9821875890096029,0.8985468745231628,0.9746367335319519,0.966182291507721
237,18_229_Masson_202_36_19_jpg.rf.a23bdf388b2b72425f4b7a070a61fb33.jpg,0.9466981291770935,0.9866745471954346,0.9822327097256979,0.8987908959388733,0.9746977090835571,0.9662636319796244
658,15_242_202_127_88_jpg.rf.eb017e7d5d97723d9b4845f36d311dd9.jpg,0.9467302560806274,0.9866825342178345,0.9822434186935425,0.8988487720489502,0.9747121930122375,0.9662829240163168
525,15_242_208_23_14_jpg.rf.5fa79f51a4f8986cbd48ed919ae32008.jpg,0.9467669129371643,0.9866917133331299,0.9822556376457214,0.8989148736000061,0.9747287034988403,0.9663049578666687
138,15_242_208_33_10_jpg.rf.a5163fee8d2a1eb54f71237d09ee91a1.jpg,0.9470159411430359,0.9867540001869202,0.9823386470476786,0.8993639945983887,0.9748409986495972,0.9664546648661295
496,18_228_Masson_505_103_36_jpg.rf.76c8e3ba422ef173f41552153de4038c.jpg,0.947100043296814,0.9867750406265259,0.982366681098938,0.899515688419342,0.9748789072036743,0.966505229473114
154,201_1_15_64_jpg.rf.1095b3442afc82f05426c72b5e84dece.jpg,0.947150707244873,0.9867876768112183,0.9823835690816244,0.8996070623397827,0.9749017953872681,0.9665356874465942
706,15_242_208_30_10_jpg.rf.92ef2fba50cf90fa50ead15ed4c0656f.jpg,0.9481911063194275,0.9870477914810181,0.9827303687731425,0.9014860987663269,0.9753715395927429,0.967162032922109
726,15_242_202_56_109_jpg.rf.013157b51db1bf3e3987388367e23469.jpg,0.9482256174087524,0.9870563745498657,0.9827418724695841,0.9015485644340515,0.9753871560096741,0.9671828548113505
672,15_242_208_29_14_jpg.rf.10f78fbfd76b669a65f2f2284ac63d52.jpg,0.9483868479728699,0.9870967268943787,0.9827956159909567,0.9018400311470032,0.9754599928855896,0.9672800103823344
358,18_228_Masson_505_80_22_jpg.rf.c71ec874ff04e4478ba53e6f0f4171ef.jpg,0.9488531947135925,0.9872133135795593,0.9829510649045309,0.9026837944984436,0.9756709337234497,0.9675612648328146
431,15_242_208_24_23_jpg.rf.6cc25129894daf2ff90a5b81010d7e9f.jpg,0.9495444297790527,0.9873861074447632,0.9831814765930176,0.9039357900619507,0.9759839773178101,0.9679785966873169
50,15_242_208_35_19_jpg.rf.c2e0b6b23593720d266697b3a83ab1cd.jpg,0.9496170878410339,0.9874042868614197,0.9832056959470113,0.9040675759315491,0.9760168790817261,0.9680225253105164
793,15_242_208_18_6_jpg.rf.d057011532de25914e385ef0df941d01.jpg,0.9496865272521973,0.9874216318130493,0.983228842417399,0.9041934609413147,0.9760483503341675,0.9680644869804382
447,18_228_Masson_505_93_26_jpg.rf.08fe537536fb2e1aa1e3489b23bed52e.jpg,0.94978928565979,0.9874473214149475,0.98326309521993,0.9043797850608826,0.9760949611663818,0.9681265950202942
241,102_1_8_25_jpg.rf.b51f8244cba2a42b99d21783684f4fa2.jpg,0.9501367211341858,0.9875341653823853,0.9833789070447286,0.905009925365448,0.9762524962425232,0.9683366417884827
316,15_242_202_50_114_jpg.rf.314f6eca07d581c322588a5843db57ac.jpg,0.9501515030860901,0.9875378608703613,0.98338383436203,0.9050367474555969,0.976259171962738,0.968345582485199
644,18_228_Masson_505_92_30_jpg.rf.d309fdd8ad7f274854d0f1e96ba3b301.jpg,0.9503543972969055,0.9875885844230652,0.9834514657656351,0.9054049849510193,0.976351261138916,0.9684683283170065
593,15_242_208_33_17_jpg.rf.32baaff58a59a3b888ac150270e4ade0.jpg,0.9504309296607971,0.9876077175140381,0.983476976553599,0.9055439829826355,0.9763860106468201,0.9685146609942118
90,18_229_Masson_202_69_30_jpg.rf.a0fa2ec7b94bdbff421c9369e2beb778.jpg,0.9508156776428223,0.9877039194107056,0.9836052258809408,0.9062427282333374,0.9765607118606567,0.9687475760777792
596,202_10_5_20_jpg.rf.df34db30bfb4942ffe2d1721a5d4097d.jpg,0.9510709047317505,0.9877676963806152,0.9836903015772501,0.9067066311836243,0.9766766428947449,0.9689022103945414
65,18_228_Masson_505_94_24_jpg.rf.954cdf2e555c72a9e932e55eb0571ca7.jpg,0.9517026543617249,0.98792564868927,0.9839008847872416,0.9078556895256042,0.9769639372825623,0.969285229841868
402,202_4_9_1_jpg.rf.aeb5095d350f4ed4e9d2f28e919e7c4a.jpg,0.9517534375190735,0.9879383444786072,0.9839178125063578,0.9079480767250061,0.9769870042800903,0.9693160255750021
231,18_228_Masson_505_103_29_jpg.rf.800e765220a7ecee8cb9812566df1ae8.jpg,0.9527419209480286,0.988185465335846,0.9842473069826762,0.9097489714622498,0.9774372577667236,0.9699163238207499
731,17_228_801_74_33_jpg.rf.deaa25db8508cda296ea5215b9646225.jpg,0.9528860449790955,0.9882215261459351,0.9842953483263651,0.9100118279457092,0.9775029420852661,0.9700039426485697
267,15_242_208_32_5_jpg.rf.accd09d9834b32a7fcbf558cd5559dda.jpg,0.9531117081642151,0.9882779121398926,0.9843705693880717,0.9104235172271729,0.9776058793067932,0.9701411724090576
222,201_3_12_20_jpg.rf.c2a66ffe9da9c55df5baa5eb82ca8fc1.jpg,0.9533953070640564,0.9883488416671753,0.9844651023546854,0.9109412431716919,0.9777352809906006,0.9703137477238973
556,102_1_6_44_jpg.rf.3640e11a10458508e7b3ed8ef0c5de72.jpg,0.9538905024528503,0.9884726405143738,0.9846301674842834,0.9118457436561584,0.9779614210128784,0.9706152478853861
646,202_10_5_20_jpg.rf.dbab91908f8c67e93bafbadf9cbc8f8a.jpg,0.9539289474487305,0.9884822368621826,0.9846429824829102,0.9119160175323486,0.9779790043830872,0.9706386725107828
198,15_242_208_24_14_jpg.rf.3b158225b9989d84ef6095a36c3b534b.jpg,0.9543437957763672,0.9885859489440918,0.9847812652587891,0.9126744866371155,0.9781686067581177,0.9708914955457052
327,18_228_Masson_505_92_38_jpg.rf.e01af43999c7a33686aa86991ed54236.jpg,0.954563319683075,0.9886408448219299,0.9848544398943583,0.9130762219429016,0.9782690405845642,0.9710254073143005
688,18_228_Masson_505_93_26_jpg.rf.97b4e9cbbbca0a1078a2f44810df7d0b.jpg,0.9551419019699097,0.9887855052947998,0.9850473006566366,0.9141354560852051,0.9785338640213013,0.971378485361735
445,15_242_202_120_83_jpg.rf.f80e2bdd56dc15ee44fba2a1d5e8863d.jpg,0.955341100692749,0.9888352751731873,0.9851137002309164,0.9145005345344543,0.9786251187324524,0.9715001781781515
427,201_9_6_46_jpg.rf.c4778291ad3e42e7553529a101a34f45.jpg,0.955870509147644,0.9889676570892334,0.9852901697158813,0.9154711961746216,0.978867769241333,0.9718237320582072
615,201_2_8_27_jpg.rf.a6bfd762a50c28fcd691250e13f4ed39.jpg,0.9560936093330383,0.9890233874320984,0.9853645364443461,0.9158806204795837,0.9789701700210571,0.971960206826528
331,15_242_208_33_10_jpg.rf.b21294288b785e204dfbaefd6979732f.jpg,0.9563952088356018,0.9890987873077393,0.9854650696118673,0.9164342880249023,0.9791085720062256,0.9721447626749674
374,201_10_15_5_jpg.rf.0ac999456939abd4c0bbc3976d059c5a.jpg,0.9565361142158508,0.9891340136528015,0.9855120380719503,0.9166930317878723,0.9791732430458069,0.9722310105959574
247,201_0_13_63_jpg.rf.d43d17b1a64281f01d77972ce2d4bae8.jpg,0.9566248655319214,0.9891562461853027,0.9855416218439738,0.9168561100959778,0.9792140126228333,0.9722853700319926
194,15_242_208_24_14_jpg.rf.f10a1b49b1aac6895415603e221efec0.jpg,0.9566662907600403,0.9891665577888489,0.9855554302533468,0.916932225227356,0.9792330265045166,0.972310741742452
171,201_5_21_51_jpg.rf.5af0d4b40d53ad587c49d77e2077787b.jpg,0.9568002223968506,0.9892000555992126,0.9856000741322836,0.9171782732009888,0.9792945384979248,0.972392757733663
118,102_1_6_44_jpg.rf.9d294686b8c7ec7f8f106ce27911b574.jpg,0.9568549394607544,0.9892137050628662,0.9856183131535848,0.9172788858413696,0.97931969165802,0.9724262952804565
23,18_228_Masson_208_68_45_jpg.rf.f888ecf0b5700983628168bfe6045a5d.jpg,0.956979513168335,0.9892448782920837,0.9856598377227783,0.9175078868865967,0.9793769717216492,0.9725026289621989
112,201_0_15_48_jpg.rf.1e6d52fc53a17b97f621083fd33caeff.jpg,0.9576842784881592,0.9894210696220398,0.9858947594960531,0.918804407119751,0.9797011017799377,0.9729348023732504
291,201_5_21_51_jpg.rf.a96cc69400c29fa2f367dcb767ce04a2.jpg,0.9579609632492065,0.989490270614624,0.9859869877497355,0.9193138480186462,0.9798284769058228,0.9731046160062155
538,15_242_202_65_92_jpg.rf.6ae0847cd2977816c88c445d2144eaaa.jpg,0.9579738974571228,0.9894934892654419,0.9859912991523743,0.9193376898765564,0.9798344373703003,0.9731125632921854
46,18_228_Masson_505_86_24_jpg.rf.b138ce0677b82df248ba3cb24df0fa28.jpg,0.9580075740814209,0.9895018935203552,0.986002524693807,0.9193997383117676,0.9798499345779419,0.9731332461039225
721,18_228_Masson_505_86_24_jpg.rf.54005a675a22cc27f7f2ddc1eaab14f5.jpg,0.9580166339874268,0.9895041584968567,0.9860055446624756,0.9194164276123047,0.9798541069030762,0.9731388092041016
109,15_242_208_26_25_jpg.rf.8a12c28f5a2e999c4944ed039443153e.jpg,0.958113431930542,0.9895283579826355,0.986037810643514,0.9195947647094727,0.9798986911773682,0.9731982549031576
524,15_242_208_33_10_jpg.rf.73ece976b77b6c8ed0d3d7b9e1eb033f.jpg,0.9581637382507324,0.9895409345626831,0.9860545794169108,0.9196874499320984,0.9799218773841858,0.9732291499773661
51,15_242_202_65_92_jpg.rf.3bd6cd0ab460f2e3d8ebb86a10ff61ba.jpg,0.9587559700012207,0.9896889925003052,0.9862519900004069,0.920779287815094,0.9801948070526123,0.9735930959383646
710,201_1_15_36_jpg.rf.fc3c610b3281be20bc6340b86d05411e.jpg,0.9587621688842773,0.9896905422210693,0.9862540562947592,0.9207907915115356,0.9801976680755615,0.9735969305038452
745,201_13_11_35_jpg.rf.ce478e600679cb8f8badea2fa80e6baf.jpg,0.9589489102363586,0.9897372126579285,0.9863163034121195,0.9211352467536926,0.980283796787262,0.9737117489178976
47,18_228_Masson_505_89_22_jpg.rf.f8abd4cbdbddfbd3e2704c936b085f02.jpg,0.9591946601867676,0.9897986650466919,0.9863982200622559,0.9215888977050781,0.9803972244262695,0.9738629659016927
252,201_1_15_36_jpg.rf.202899700da46cb37fce64721aee86ba.jpg,0.959340512752533,0.9898351430892944,0.9864468375841776,0.9218581914901733,0.9804645776748657,0.9739527304967245
205,201_10_15_5_jpg.rf.926a8ab25954a6283c54967c7f377ce2.jpg,0.9598149657249451,0.9899537563323975,0.9866049885749817,0.922734797000885,0.9806836843490601,0.9742449323336283
641,15_242_208_33_10_jpg.rf.317c39b3748e079d44335a48ce412828.jpg,0.960175096988678,0.9900437593460083,0.9867250323295593,0.9234007000923157,0.9808501601219177,0.9744669000307719
140,15_242_208_24_14_jpg.rf.909a645df986f51090f345b67e73d146.jpg,0.9602744579315186,0.9900686144828796,0.9867581526438395,0.923584520816803,0.9808961153030396,0.974528173605601
180,18_229_Masson_202_88_19_jpg.rf.93f8bef452ee5c3403c0c853f53685b1.jpg,0.960300862789154,0.9900752305984497,0.9867669542630514,0.9236333966255188,0.9809083342552185,0.9745444655418396
412,201_10_8_38_jpg.rf.23880fbca7e89a60360faff566693200.jpg,0.9604504108428955,0.9901126027107239,0.9868168036142985,0.9239102005958557,0.9809775352478027,0.9746367335319519
783,201_0_13_63_jpg.rf.9a43d70ca5014d9673ea0221aa1b9835.jpg,0.9605061411857605,0.9901265501976013,0.9868353803952535,0.9240133166313171,0.9810033440589905,0.9746711055437723
270,18_229_Masson_202_13_19_jpg.rf.7bd172bbf86c69da98de4eff1c684fda.jpg,0.9610800743103027,0.9902700185775757,0.9870266914367676,0.9250761270523071,0.9812690019607544,0.9750253756841024
27,15_242_202_50_114_jpg.rf.00d92e7983a71725d28503a6b25e6836.jpg,0.9611071944236755,0.9902768135070801,0.9870357314745585,0.9251263737678528,0.981281578540802,0.9750421245892843
488,18_228_Masson_505_89_22_jpg.rf.3e3081a2138b4f35908737512667ffcf.jpg,0.9612878561019897,0.9903219938278198,0.9870959520339966,0.9254612326622009,0.9813653230667114,0.9751537442207336
610,16_224_604_92_67_jpg.rf.303fb26c0a8954a23ce78cff529923ba.jpg,0.9613442420959473,0.9903360605239868,0.9871147473653158,0.9255658388137817,0.981391429901123,0.9751886129379272
340,18_228_Masson_208_66_13_jpg.rf.3230556d22de229f2149c10fd3678b49.jpg,0.9614703059196472,0.990367591381073,0.9871567686398824,0.925799548625946,0.9814499020576477,0.9752665162086487
675,18_228_Masson_505_91_26_jpg.rf.7e28e1ea0b43ac22b58fe454545ba8c5.jpg,0.9617924094200134,0.9904481172561646,0.9872641364733378,0.9263970255851746,0.9815992712974548,0.9754656751950582
285,15_242_208_19_25_jpg.rf.0af901e2bb165947b69ea2e939f3b24c.jpg,0.9622471928596497,0.9905617833137512,0.9874157309532166,0.9272412657737732,0.9818103313446045,0.9757470885912577
44,15_242_202_91_98_jpg.rf.d9250a143378267f965d09265a03cdaa.jpg,0.9626327753067017,0.990658164024353,0.9875442584355673,0.9279575943946838,0.9819893836975098,0.9759858647982279
406,18_211_Masson_207_117_32_jpg.rf.f95e057a8d9c6476310f6e28f6cd3c27.jpg,0.9626390933990479,0.990659773349762,0.9875463644663492,0.9279693365097046,0.9819923639297485,0.9759897788365682
280,201_0_15_48_jpg.rf.4afaf6471f4104f892ad7e10c5a02191.jpg,0.9633399844169617,0.9908350110054016,0.9877799948056539,0.9292728900909424,0.9823182225227356,0.9764242966969808
452,201_9_14_10_jpg.rf.95ce4e48c9c8b2f538651752fe63a779.jpg,0.9637241959571838,0.9909310340881348,0.9879080653190613,0.9299881458282471,0.9824970364570618,0.9766627152760824
13,18_229_Masson_202_13_29_jpg.rf.823cfc1f143df30a178dee3b3072d410.jpg,0.9638431668281555,0.9909607768058777,0.9879477222760519,0.930209755897522,0.9825524091720581,0.976736585299174
250,18_228_Masson_505_89_36_jpg.rf.93df79673621f070a998df2a166990c4.jpg,0.9645400643348694,0.9911350011825562,0.9881800214449564,0.9315088391304016,0.9828771948814392,0.9771696130434672
355,201_9_12_57_jpg.rf.ee784b6c96d6bd245a35a918987de91a.jpg,0.9646574854850769,0.9911643862724304,0.988219161828359,0.931727945804596,0.9829319715499878,0.977242648601532
468,18_228_Masson_208_69_40_jpg.rf.c7b8246268cfaa3e1d31e2519a189de5.jpg,0.964874804019928,0.9912186861038208,0.988291601339976,0.9321333765983582,0.9830333590507507,0.9773777921994528
421,201_8_6_34_jpg.rf.4bf64d6b110fb7d72db87251c52906ab.jpg,0.9649628400802612,0.9912407398223877,0.9883209466934204,0.9322978258132935,0.983074426651001,0.9774326086044312
577,15_242_208_24_14_jpg.rf.c4629915bfe047c7cee3be5890550a8e.jpg,0.9651471376419067,0.9912867546081543,0.9883823792139689,0.932641863822937,0.9831604957580566,0.977547287940979
594,201_10_18_29_jpg.rf.3c30329da6ac768dcc3e305820271f4e.jpg,0.9651874899864197,0.9912968873977661,0.9883958299954733,0.9327172636985779,0.9831793308258057,0.9775724212328593
132,18_236_401_102_7_jpg.rf.ecdbbfe8d5341c00a0d15c7c17a64f61.jpg,0.9651941657066345,0.9912985563278198,0.9883980552355448,0.9327297210693359,0.983182430267334,0.9775765736897787
277,15_242_208_33_9_jpg.rf.7e915fa145cb36df5ae73f8df5861adf.jpg,0.9656804203987122,0.9914200901985168,0.988560140132904,0.933638334274292,0.983409583568573,0.9778794447580973
634,201_10_10_59_jpg.rf.bfcc9304d9f08a36861750f09752854d.jpg,0.9661824107170105,0.9915456175804138,0.9887274702390035,0.934577226638794,0.9836443066596985,0.978192408879598
600,18_229_Masson_202_100_5_jpg.rf.defbace7db1f926f4f3a5bc9332a12d8.jpg,0.9663946032524109,0.9915986657142639,0.988798201084137,0.9349744319915771,0.9837436079978943,0.978324810663859
756,102_1_7_33_jpg.rf.73c7acaa3c818f678cbe702b81a29dd4.jpg,0.966934084892273,0.9917335510253906,0.9889780282974243,0.9359849095344543,0.9839962124824524,0.9786616365114847
769,18_228_Masson_208_65_50_jpg.rf.1e6e923134185354fb86ddcf5f38e708.jpg,0.967164158821106,0.9917910099029541,0.9890547196070353,0.9364162087440491,0.9841040372848511,0.978805402914683
73,102_1_6_44_jpg.rf.33532e15697152138f4da3253a48c572.jpg,0.9673089981079102,0.9918272495269775,0.9891029993693033,0.9366877675056458,0.9841719269752502,0.978895922501882
569,18_228_Masson_505_90_28_jpg.rf.e3db8e2e18f427738c5f1f8c3948bf2b.jpg,0.9675572514533997,0.9918892979621887,0.9891857504844666,0.9371533989906311,0.9842883348464966,0.9790511329968771
637,18_228_Masson_208_65_50_jpg.rf.3c8686c251c157fbace04c70bf7097a6.jpg,0.9681488871574402,0.9920372366905212,0.9893829623858134,0.9382641315460205,0.9845660328865051,0.9794213771820068
540,18_228_Masson_208_66_13_jpg.rf.e9da95997a265a0578675144d3f6b2b6.jpg,0.9683459401130676,0.9920864701271057,0.9894486467043558,0.9386343955993652,0.9846585988998413,0.9795447985331217
26,17_228_801_69_52_jpg.rf.d5e78d739ece25fbe1882835c6c2a20f.jpg,0.9683774709701538,0.9920943975448608,0.9894591569900513,0.938693642616272,0.9846733808517456,0.9795645475387573
443,18_236_303_69_32_jpg.rf.91df0bc632c7c7449cb96b501eb796e7.jpg,0.9689206480979919,0.9922301769256592,0.9896402160326639,0.9397148489952087,0.9849287271499634,0.9799049496650696
364,15_242_202_105_98_jpg.rf.3c1e632c3a7e3f36b9c242281bfb99de.jpg,0.9690987467765808,0.9922747015953064,0.9896995822588602,0.9400500059127808,0.9850125312805176,0.9800166686375936
3,201_4_10_24_jpg.rf.e1b38ab13410b50d4bcb2712e7869f8f.jpg,0.9691696166992188,0.9922924041748047,0.9897232055664062,0.9401834011077881,0.985045850276947,0.9800611337025961
544,15_242_208_30_17_jpg.rf.ebce02013d810a1621e7fc2d5c184eb6.jpg,0.9693145751953125,0.9923286437988281,0.9897715250651041,0.9404562711715698,0.9851140975952148,0.9801520903905233
14,18_228_Masson_505_94_31_jpg.rf.63c5c62984869b69dec8ce17fafbcb74.jpg,0.9693239331245422,0.9923309683799744,0.9897746443748474,0.9404739141464233,0.9851185083389282,0.9801579713821411
262,201_7_6_45_jpg.rf.c55ac338e8a796415ae4cc81c9768846.jpg,0.9701178073883057,0.9925294518470764,0.9900392691294352,0.941969633102417,0.9854924082756042,0.9806565443674723
531,201_1_13_42_jpg.rf.7e10433c0558c5a1df48fa46dd95a15e.jpg,0.9703578352928162,0.9925894737243652,0.9901192784309387,0.9424223303794861,0.9856055974960327,0.9808074434598287
28,201_1_15_10_jpg.rf.46a093208734c0db180a602cbc550ddc.jpg,0.9705013036727905,0.99262535572052,0.9901671012242635,0.9426931142807007,0.9856733083724976,0.9808977047602335
413,15_242_202_91_98_jpg.rf.d658435c6095bed72dcc0445be5db0eb.jpg,0.9706039428710938,0.9926509857177734,0.9902013142903646,0.9428868293762207,0.9857217073440552,0.9809622764587402
197,202_0_15_50_jpg.rf.74eb16296a74eb4858e95a1c3eb22d02.jpg,0.9706312417984009,0.9926577806472778,0.9902104139328003,0.9429383277893066,0.9857345819473267,0.9809794425964355
552,102_2_3_51_jpg.rf.20a4bf7ba3fd6af65388417b90f9d7a6.jpg,0.9707875847816467,0.9926968812942505,0.990262528260549,0.9432334303855896,0.9858083724975586,0.9810778101285299
700,18_228_Masson_505_89_36_jpg.rf.27de3dac413fd251e75bcd76f6af3b4c.jpg,0.9712536334991455,0.9928134083747864,0.9904178778330485,0.9441137909889221,0.9860284328460693,0.981371263662974
470,202_0_15_50_jpg.rf.d37f9e7320f2a9425e433b0503ef8f7b.jpg,0.9715893268585205,0.9928973317146301,0.9905297756195068,0.9447483420372009,0.9861871004104614,0.981582780679067
478,15_242_208_30_17_jpg.rf.14644c78d9251521bb51f2c0365fa056.jpg,0.9716852903366089,0.9929213523864746,0.9905617634455363,0.9449298977851868,0.9862324595451355,0.9816432992617289
55,202_4_19_13_jpg.rf.40066d6e28de2a4f22da90e801ac2736.jpg,0.9719467759132385,0.9929866790771484,0.9906489253044128,0.9454246163368225,0.9863561391830444,0.9818082054456075
649,18_228_Masson_505_94_31_jpg.rf.29e9029dd1f6bc4a9c93e60198b36123.jpg,0.9720034003257751,0.993000864982605,0.9906678001085917,0.9455317258834839,0.9863829612731934,0.981843908627828
135,18_228_Masson_505_81_23_jpg.rf.42b835715addcea3bd0b1b4ddb3e83a2.jpg,0.9721646904945374,0.9930411577224731,0.9907215634981791,0.9458370208740234,0.9864592552185059,0.9819456736246744
400,15_242_208_23_14_jpg.rf.4e8736f6b6f5824e392cb65bc090561f.jpg,0.972213089466095,0.9930532574653625,0.9907376964886984,0.945928692817688,0.9864821434020996,0.9819762309392294
617,18_228_Masson_505_87_27_jpg.rf.bedb522e40e4759e4671061e72136bc4.jpg,0.97252357006073,0.9931309223175049,0.9908411900202433,0.9465166330337524,0.9866291284561157,0.9821722110112509
379,15_242_202_115_61_jpg.rf.6208c87057a398ef0123437b3db674ad.jpg,0.9725842475891113,0.9931460618972778,0.9908614158630371,0.946631669998169,0.9866579174995422,0.9822105566660563
393,17_228_801_69_52_jpg.rf.93336e87a327125dd38da509c2a0d35a.jpg,0.9727557897567749,0.9931889772415161,0.9909185965855917,0.9469566941261292,0.9867391586303711,0.9823188980420431
286,202_0_12_32_jpg.rf.8c8384ffcba416c0d17aaa2f63ab9ea1.jpg,0.9729413390159607,0.9932353496551514,0.9909804463386536,0.9473084807395935,0.9868271350860596,0.9824361602465311
742,15_242_202_91_98_jpg.rf.95e4f74aba4ddb6957cb279310ee4019.jpg,0.9729530215263367,0.9932382702827454,0.9909843405087789,0.9473305344581604,0.9868326187133789,0.9824435114860535
260,15_242_202_91_98_jpg.rf.62b560195e29bc18086cfc096b6ef027.jpg,0.9733461141586304,0.99333655834198,0.9911153713862101,0.9480761289596558,0.9870190620422363,0.9826920429865519
42,201_10_18_29_jpg.rf.5bc237a8c14e8148ad17a34abf04fd76.jpg,0.9733557105064392,0.993338942527771,0.9911185701688131,0.948094367980957,0.9870235919952393,0.982698122660319
682,18_236_401_98_27_jpg.rf.17b46924d01f16069b4daf04179df49b.jpg,0.9737061858177185,0.9934265613555908,0.9912353952725729,0.9487596750259399,0.9871898889541626,0.9829198916753134
81,201_10_15_5_jpg.rf.129bcb0e7bfa1a005892b5b5e88beefd.jpg,0.9737502932548523,0.9934375882148743,0.9912500977516174,0.9488434791564941,0.9872108697891235,0.982947826385498
601,102_1_8_2_jpg.rf.a81a90b0ba1849e7c1422b541a620103.jpg,0.9738030433654785,0.9934507608413696,0.9912676811218262,0.9489436745643616,0.9872359037399292,0.9829812248547872
608,18_228_Masson_505_80_28_jpg.rf.607a7f86dcc55419a542c29324bb2060.jpg,0.9738415479660034,0.9934604167938232,0.9912805159886678,0.9490167498588562,0.9872542023658752,0.9830055832862854
450,15_239_203_41_51_jpg.rf.beacec5cef720d8148473060fc649a61.jpg,0.9738693237304688,0.9934673309326172,0.9912897745768229,0.9490694999694824,0.9872673749923706,0.9830231666564941
633,18_228_Masson_505_103_33_jpg.rf.0141baf25ba89e2cfbc2451b5ca7c9d7.jpg,0.9743022918701172,0.9935755729675293,0.9914340972900391,0.9498922824859619,0.9874730706214905,0.9832974274953207
664,201_6_13_5_jpg.rf.92d2d678e96796f7ae177b338b87824b.jpg,0.974459707736969,0.993614912033081,0.9914865692456564,0.9501915574073792,0.9875478744506836,0.9833971858024597
499,15_242_202_127_88_jpg.rf.2172a1b54a041d0a477ff7a11a9f2fa0.jpg,0.9745649099349976,0.9936412572860718,0.9915216366449991,0.9503916501998901,0.9875979423522949,0.9834638833999634
516,201_10_8_38_jpg.rf.8c688e201358293afc55b692e0917921.jpg,0.9746586680412292,0.9936646819114685,0.9915528893470764,0.9505699872970581,0.9876425266265869,0.9835233290990194
451,18_236_401_98_15_jpg.rf.b6350fef1f007ee3ba2849356fdb8bf4.jpg,0.9746854305267334,0.9936713576316833,0.9915618101755778,0.9506208896636963,0.9876552224159241,0.9835402965545654
541,202_0_12_32_jpg.rf.8c1209d3b0ae79c674098367ba735983.jpg,0.9749932885169983,0.9937483072280884,0.9916644295056661,0.9512067437171936,0.9878016710281372,0.9837355812390646
702,15_242_208_34_6_jpg.rf.bf3b1e53f82b26d9e6324ae8a680db5c.jpg,0.975142240524292,0.993785560131073,0.991714080174764,0.9514903426170349,0.9878726005554199,0.9838301142056783
199,201_4_7_29_jpg.rf.64cf7032d7651ca33da6b0b4c27ccfc8.jpg,0.9751846790313721,0.993796169757843,0.9917282263437907,0.9515711665153503,0.9878928065299988,0.9838570555051168
236,15_242_208_21_20_jpg.rf.3336b513bf72f764c4ce62edbafcc23b.jpg,0.9755738377571106,0.9938934445381165,0.9918579459190369,0.9523124694824219,0.9880781173706055,0.9841041564941406
295,18_228_Masson_505_93_33_jpg.rf.e52743a202814dd4bee113786c84951c.jpg,0.9757128953933716,0.9939281940460205,0.9919042984644572,0.952577531337738,0.9881443977355957,0.9841925104459127
749,15_242_208_34_6_jpg.rf.adf5288abd380062310f816ed57c076c.jpg,0.9759059548377991,0.9939764738082886,0.9919686516125997,0.9529456496238708,0.9882364273071289,0.9843152165412903
254,102_1_6_52_jpg.rf.9566b8d1fa4cede9e383e13186de3eab.jpg,0.9759404063224792,0.993985116481781,0.9919801354408264,0.9530113339424133,0.9882528185844421,0.9843371113141378
415,201_6_4_46_jpg.rf.c4a1a66e64f8e5e41f4a17e14d4c269a.jpg,0.9759841561317444,0.9939960241317749,0.9919947187105814,0.9530947208404541,0.9882736802101135,0.984364906946818
233,201_6_3_14_jpg.rf.f84b82963f7a0eccdd180a63b7b05a8a.jpg,0.9760147333145142,0.9940036535263062,0.992004911104838,0.9531530737876892,0.9882882833480835,0.9843843579292297
631,202_4_12_11_jpg.rf.5b176dbb0a7a57f9133a177331b39f8c.jpg,0.9761046767234802,0.9940261840820312,0.99203489224116,0.9533246755599976,0.9883311986923218,0.9844415585199991
74,201_6_3_14_jpg.rf.75af2426d789258946cb5fd181baa20c.jpg,0.9762962460517883,0.9940740466117859,0.9920987486839294,0.953690230846405,0.9884225726127625,0.984563410282135
345,18_228_Masson_505_86_24_jpg.rf.b8dfc1d4f45dea3823638226c4b83b2d.jpg,0.9764848351478577,0.9941211938858032,0.9921616117159525,0.9540501236915588,0.9885125160217285,0.9846833745638529
654,18_228_Masson_208_66_13_jpg.rf.d6fd4580007a4cb51857be85473f86e9.jpg,0.9767231345176697,0.9941807985305786,0.9922410448392233,0.9545053243637085,0.9886263608932495,0.9848351081212362
699,201_6_3_14_jpg.rf.bdf5a1ce5075aec2b13b9b2a77159dfc.jpg,0.9767392873764038,0.9941848516464233,0.9922464291254679,0.9545361399650574,0.9886340498924255,0.9848453799883524
301,201_6_3_14_jpg.rf.7a41621fbba5929a3d99f6c4da73b03e.jpg,0.9770241975784302,0.9942560195922852,0.9923413991928101,0.9550804495811462,0.9887701272964478,0.9850268165270487
206,18_228_Masson_505_86_29_jpg.rf.3ddb5c013ba1fd7c3bf72cc1883e01be.jpg,0.9771665334701538,0.9942916631698608,0.9923888444900513,0.9553524851799011,0.9888381361961365,0.985117495059967
409,15_242_208_23_18_jpg.rf.10bc3c9b664ae5d8180c1f5ac333c60a.jpg,0.9772037863731384,0.9943009614944458,0.9924012621243795,0.9554237723350525,0.9888559579849243,0.9851412574450175
584,102_1_6_52_jpg.rf.462028f65143f4a3e05e2a0ee65886ac.jpg,0.9773368835449219,0.9943342208862305,0.9924456278483073,0.9556782841682434,0.9889195561408997,0.9852260947227478
56,201_2_8_41_jpg.rf.c680b52b789b364b12b1a903364aa4c4.jpg,0.9773767590522766,0.994344174861908,0.9924589196840922,0.9557544589042664,0.9889386296272278,0.9852514863014221
342,18_228_Masson_505_94_31_jpg.rf.f9426ba4311ddb65d6b2e5c32d1bf9af.jpg,0.9777530431747437,0.9944382905960083,0.9925843477249146,0.9564743638038635,0.9891185760498047,0.9854914546012878
732,18_237_201_45_31_jpg.rf.dcac6f15abd2e1de6274d0a3b4e61de2.jpg,0.97802734375,0.9945068359375,0.99267578125,0.9569995403289795,0.9892498850822449,0.9856665134429932
166,201_3_12_20_jpg.rf.6866b012a8dd617f23d4be929a07ef7b.jpg,0.978154718875885,0.9945386648178101,0.992718239625295,0.9572434425354004,0.9893108606338501,0.9857478141784668
308,15_242_202_134_56_jpg.rf.ba512deb1de82f6aa23330341f84aa07.jpg,0.9781801700592041,0.994545042514801,0.992726723353068,0.9572921991348267,0.9893230199813843,0.9857640663782755
357,15_242_202_134_56_jpg.rf.64e1fcd815544b48e7c0841e7d5e2990.jpg,0.9781950116157532,0.9945487380027771,0.9927316705385844,0.9573205709457397,0.9893301725387573,0.98577352364858
560,201_2_10_42_jpg.rf.60acfc1a80a350e82f2cf362b5be80c0.jpg,0.9786971807479858,0.9946743249893188,0.9928990602493286,0.9582830667495728,0.9895707368850708,0.9860943555831909
350,18_228_Masson_208_67_41_jpg.rf.6d9abd50dfcf88d9d19ce72da5519da9.jpg,0.9787060022354126,0.9946764707565308,0.9929020007451376,0.9582999348640442,0.9895749688148499,0.9860999782880148
592,201_1_15_10_jpg.rf.5c2506713788684509af9c66ec754de5.jpg,0.9789741039276123,0.9947435259819031,0.9929913679758707,0.9588142037391663,0.9897035360336304,0.9862714012463888
548,202_0_12_32_jpg.rf.ba9609d9445b3b5ace445437002aabdb.jpg,0.979343056678772,0.9948357343673706,0.9931143522262573,0.9595222473144531,0.9898805618286133,0.9865074157714844
78,18_228_Masson_208_67_41_jpg.rf.34e326dcea40d878d1fee3cbff912087.jpg,0.9794277548789978,0.9948569536209106,0.9931425849596659,0.9596849083900452,0.9899212121963501,0.986561636130015
344,15_242_202_62_116_jpg.rf.6d4be1f03733fdfd4f1a3a40d31a5a0b.jpg,0.9794883131980896,0.9948720932006836,0.9931627710660299,0.9598011374473572,0.9899502992630005,0.986600379149119
591,18_228_Masson_505_91_30_jpg.rf.3f104d0609d3fca4b41b0b76b343c977.jpg,0.9796634912490845,0.9949158430099487,0.9932211637496948,0.9601376056671143,0.9900344014167786,0.9867125352223715
534,15_242_202_134_56_jpg.rf.ee01520f6bff927d97cdbb978352deee.jpg,0.9796658754348755,0.9949164390563965,0.9932219584782919,0.9601422548294067,0.9900355339050293,0.9867140849431356
485,15_242_202_134_56_jpg.rf.2ddd2b95b8403f4407072d0e1ba797cf.jpg,0.979733407497406,0.9949333667755127,0.993244469165802,0.960271954536438,0.9900679588317871,0.9867573181788126
307,202_0_12_32_jpg.rf.e474a296d0324fe961e87bb4f7eb6d5b.jpg,0.9800152778625488,0.9950038194656372,0.993338425954183,0.9608137011528015,0.9902034401893616,0.9869379003842672
181,201_2_16_6_jpg.rf.553c35d5077a1e0d2651a6c5850c499a.jpg,0.9800488352775574,0.9950122237205505,0.9933496117591858,0.9608781933784485,0.9902195334434509,0.9869593977928162
151,18_228_Masson_505_91_30_jpg.rf.ce3c3bdd9847d458b65068a769742710.jpg,0.9800844788551331,0.9950211048126221,0.9933614929517111,0.9609466791152954,0.9902366399765015,0.9869822263717651
766,18_228_Masson_505_93_27_jpg.rf.8cb901c7a14f9b7520649fac35bfa321.jpg,0.9802615642547607,0.9950653910636902,0.9934205214182535,0.9612872004508972,0.9903218150138855,0.9870957334836324
299,18_229_Masson_202_98_10_jpg.rf.959b49b3fa0324e06b0bab6e38dd9cc4.jpg,0.9802844524383545,0.9950711131095886,0.9934281508127848,0.9613312482833862,0.990332841873169,0.987110416094462
361,201_8_3_34_jpg.rf.89af119de58229d5ee132b85df321635.jpg,0.980407178401947,0.995101809501648,0.9934690594673157,0.9615672826766968,0.9903918504714966,0.9871890942255656
723,201_6_17_51_jpg.rf.5aea25df82a5dbc794e79afce8789f6a.jpg,0.9804612398147583,0.9951152801513672,0.9934870799382528,0.9616713523864746,0.9904178380966187,0.9872237841288248
609,16_224_604_91_50_jpg.rf.2fc0f7e1ccfc3bb438060718c3ba1d5a.jpg,0.9804947376251221,0.9951236844062805,0.9934982458750407,0.9617359042167664,0.9904339909553528,0.9872453014055887
487,15_242_202_115_61_jpg.rf.685a38f403a3002d67ec7acde9143baa.jpg,0.980606198310852,0.9951515197753906,0.9935353994369507,0.9619502425193787,0.9904875755310059,0.9873167475064596
469,18_228_Masson_208_67_41_jpg.rf.ededd08a0f3c01da734cffa0582499de.jpg,0.9806945323944092,0.9951736330986023,0.9935648441314697,0.9621203541755676,0.9905300736427307,0.9873734513918558
178,16_224_604_91_50_jpg.rf.864b9b311cb6baba9d56c16c09d35bb3.jpg,0.9808205962181091,0.9952051639556885,0.9936068654060364,0.962363064289093,0.9905907511711121,0.987454354763031
347,18_228_Masson_505_104_28_jpg.rf.e90c72cf49abd57b02d13f0190bb87ed.jpg,0.9809001088142395,0.9952250123023987,0.9936333696047465,0.9625161290168762,0.9906290173530579,0.9875053763389587
79,18_228_Masson_505_86_18_jpg.rf.84dcff8e131621e4308b328c7bf0a948.jpg,0.9809474349021912,0.995236873626709,0.9936491449673971,0.9626073241233826,0.9906518459320068,0.9875357747077942
359,15_242_202_134_56_jpg.rf.a4fdeb7242ef7d5060c887bb7d374f85.jpg,0.9810566902160645,0.9952641725540161,0.9936855634053549,0.9628176689147949,0.9907044172286987,0.987605889638265
701,17_228_801_67_60_jpg.rf.ed3e9ec1d385994047955ecd66401818.jpg,0.9811561703681946,0.9952890276908875,0.9937187234560648,0.9630093574523926,0.9907523393630981,0.9876697858174642
758,201_4_7_16_jpg.rf.6e9d6eb986251ad2726d5c6d755f9787.jpg,0.9812793731689453,0.9953198432922363,0.9937597910563151,0.963246762752533,0.9908117055892944,0.987748920917511
269,18_228_Masson_505_89_33_jpg.rf.73a06be531e292e7de18684bbe424fd3.jpg,0.9813228249549866,0.9953306913375854,0.9937742749849955,0.9633305072784424,0.9908326268196106,0.9877768357594808
503,17_228_801_67_60_jpg.rf.17f3483997a74ee8cdd341a82566dd0a.jpg,0.9815881252288818,0.9953970313072205,0.9938627084096273,0.96384197473526,0.9909604787826538,0.9879473249117533
425,15_242_202_50_114_jpg.rf.bd370ba59825613521354970af86fcfd.jpg,0.9816005229949951,0.9954001307487488,0.9938668409983317,0.9638658761978149,0.9909664392471313,0.9879552920659384
678,16_224_604_90_44_jpg.rf.b4ff33ec6829920d2d8af2527ae1af64.jpg,0.9816110134124756,0.9954027533531189,0.9938703378041586,0.9638861417770386,0.990971565246582,0.9879620472590128
239,15_242_202_50_114_jpg.rf.bd2d119650cea568ec75826dcb8aa234.jpg,0.981641411781311,0.9954103231430054,0.9938804705937704,0.9639447927474976,0.9909862279891968,0.9879815975824991
43,201_5_23_2_jpg.rf.3a5f71a4b88e866e689260d322e67b42.jpg,0.9816902875900269,0.9954226016998291,0.9938967625300089,0.9640389680862427,0.9910097122192383,0.9880129893620809
666,15_242_202_102_30_jpg.rf.cfd861b660ec8c72da3f8b8d54c8f030.jpg,0.9817517995834351,0.9954379796981812,0.9939172665278116,0.9641577005386353,0.9910393953323364,0.9880525668462118
100,201_8_14_7_jpg.rf.3aa849915960b055fa4a7cdc75065829.jpg,0.9818063378334045,0.9954515695571899,0.9939354459444681,0.964262843132019,0.9910657405853271,0.9880876143773397
687,15_242_202_35_94_jpg.rf.629d27adb8ce80c303cdce2fbd912800.jpg,0.9819536209106445,0.9954884052276611,0.9939845403035482,0.9645469784736633,0.9911367297172546,0.9881823261578878
536,18_211_Masson_208_8_19_jpg.rf.4623a886b108fd96c4d79e495416c9cc.jpg,0.982275664806366,0.9955689311027527,0.9940918882687887,0.9651687145233154,0.9912921786308289,0.9883895715077718
401,15_242_202_115_61_jpg.rf.656fe8eeaa1df81f968203ac15101e2b.jpg,0.9823700189590454,0.995592474937439,0.9941233396530151,0.965350866317749,0.9913377165794373,0.988450288772583
411,201_8_14_7_jpg.rf.9e0d6f479fab2363ddd4e82d2c95af87.jpg,0.9824496507644653,0.995612382888794,0.9941498835881551,0.9655047655105591,0.9913761615753174,0.9885015885035197
668,201_1_15_10_jpg.rf.2eec450c96805f621f698116499b6780.jpg,0.9824633002281189,0.9956158399581909,0.9941544334093729,0.965531051158905,0.9913827776908875,0.9885103503863016
480,15_242_202_35_94_jpg.rf.13242b0ce198ee33626b92b50b12ff55.jpg,0.9826004505157471,0.9956501126289368,0.9942001501719157,0.9657959938049316,0.9914489984512329,0.9885986646016439
263,202_5_17_40_jpg.rf.adc1c3d2c5d387f359e981d1e92f0644.jpg,0.982789933681488,0.9956974983215332,0.9942633112271627,0.9661622643470764,0.9915405511856079,0.9887207547823588
708,15_242_202_56_109_jpg.rf.b3270e23c6f2363599936a52286cf5cb.jpg,0.983076810836792,0.995769202709198,0.9943589369455973,0.9667168259620667,0.9916791915893555,0.9889056086540222
623,15_242_202_82_114_jpg.rf.b65af112e7c0fac6887ed778f3b48c78.jpg,0.983216404914856,0.9958040714263916,0.994405468304952,0.966986894607544,0.991746723651886,0.988995631535848
736,18_228_Masson_505_83_27_jpg.rf.c389da21c63d1e8ee041ea385183cd7b.jpg,0.9832578897476196,0.9958144426345825,0.9944192965825399,0.9670671224594116,0.9917668104171753,0.9890223741531372
755,201_10_8_44_jpg.rf.b3a95bf43ccb649f46f47dc6b4a7d72d.jpg,0.9836702346801758,0.995917558670044,0.994556744893392,0.9678652882575989,0.9919663071632385,0.9892884294191996
407,18_211_Masson_208_8_19_jpg.rf.132b2d2ec6dd06e62fe0bc939c81d791.jpg,0.9837818145751953,0.9959454536437988,0.9945939381917318,0.9680812954902649,0.992020308971405,0.9893604318300883
505,202_4_17_56_jpg.rf.5f5b992e1f45826b3a477e8c07c22a05.jpg,0.9838882684707642,0.9959720373153687,0.994629422823588,0.968287467956543,0.9920718669891357,0.9894291559855143
375,15_242_202_122_90_jpg.rf.518ac0d32bd85f671ce4259a7079820e.jpg,0.984167754650116,0.9960419535636902,0.994722584883372,0.9688290357589722,0.9922072887420654,0.9896096785863241
399,16_224_604_90_44_jpg.rf.75b3468bb54edf984c38529d53b9a31b.jpg,0.9844704866409302,0.9961175918579102,0.9948234955469767,0.9694159626960754,0.9923539757728577,0.9898053208986918
611,15_242_202_125_25_jpg.rf.f9fd742b1275b3ccc03f456942c0b7b8.jpg,0.9844846725463867,0.9961211681365967,0.9948282241821289,0.9694433808326721,0.9923608303070068,0.9898144602775574
490,15_242_202_35_94_jpg.rf.33250c866121fe763fe220327859ecfa.jpg,0.9846197962760925,0.9961549639701843,0.9948732654253641,0.9697055220603943,0.9924263954162598,0.9899018406867981
547,201_6_19_35_jpg.rf.9d0bd164662a4752b9c7ff3bbf3e5f6b.jpg,0.9846987128257751,0.996174693107605,0.994899570941925,0.9698586463928223,0.9924646615982056,0.9899528821309408
336,15_242_208_27_12_jpg.rf.58194e3da2d91b6f0c2cb466acd6844e.jpg,0.984771728515625,0.9961929321289062,0.9949239095052084,0.9700003266334534,0.9925000667572021,0.9900001088778178
271,15_242_208_27_12_jpg.rf.03ff87e936ec788ff5843eb23dcee2e6.jpg,0.9848342537879944,0.9962085485458374,0.9949447512626648,0.9701216220855713,0.9925304055213928,0.9900405406951904
727,16_224_604_90_44_jpg.rf.4d8e5ad41d69a18538c799f2993581b2.jpg,0.9852285385131836,0.9963071346282959,0.9950761795043945,0.9708870649337769,0.9927217960357666,0.9902956883112589
553,18_211_Masson_208_8_19_jpg.rf.ff2641751ac015f5a9fb7d7aaf139633.jpg,0.9852631688117981,0.9963157773017883,0.995087722937266,0.9709543585777283,0.9927386045455933,0.9903181195259094
484,202_5_17_40_jpg.rf.be176543368a22a2dc032f36057e3ece.jpg,0.9854461550712585,0.9963615536689758,0.9951487183570862,0.9713099002838135,0.9928274750709534,0.9904366334279379
738,201_8_14_7_jpg.rf.008087499af9f79d0f4e31a1e28b3c9a.jpg,0.9856692552566528,0.9964172840118408,0.9952230850855509,0.9717434644699097,0.9929358959197998,0.9905811548233032
62,202_5_13_53_jpg.rf.3c9c894bcf525210d6bf24707df0b94c.jpg,0.9857785701751709,0.9964446425437927,0.9952595233917236,0.9719559550285339,0.9929890036582947,0.9906519850095113
475,18_211_Masson_208_8_19_jpg.rf.09f59042538dbf22cc573438bfe88852.jpg,0.985838770866394,0.9964597225189209,0.995279590288798,0.9720730185508728,0.9930182695388794,0.9906910061836243
7,201_2_10_42_jpg.rf.43799833a6d62a424bfe477e258c34a7.jpg,0.9862092733383179,0.9965523481369019,0.9954030911127726,0.972793698310852,0.9931983947753906,0.990931232770284
707,201_8_6_28_jpg.rf.e2aeb1695758e37b279f8fd7619f2a5e.jpg,0.9871837496757507,0.9967959523200989,0.9957279165585836,0.9746918678283691,0.9936729669570923,0.9915639559427897
268,201_8_6_28_jpg.rf.13148c361dc528aa37b2c4c9cdea6b81.jpg,0.9872407913208008,0.9968101978302002,0.995746930440267,0.97480309009552,0.9937007427215576,0.99160103003184
741,16_224_604_90_44_jpg.rf.fcd587904c76f200b7085bfb3897f4d7.jpg,0.9874393939971924,0.9968598484992981,0.9958131313323975,0.9751904606819153,0.9937976002693176,0.9917301535606384
83,16_224_604_90_44_jpg.rf.7c010c38ee3975f9b173bf88c7a33237.jpg,0.987441897392273,0.9968605041503906,0.9958139657974243,0.9751952886581421,0.9937988519668579,0.9917317628860474
780,15_242_202_65_92_jpg.rf.fd3579b5c2f48948497b88ac9d8b73f7.jpg,0.9882032871246338,0.9970508217811584,0.9960677623748779,0.9766817092895508,0.9941704273223877,0.9922272364298502
460,15_242_202_96_111_jpg.rf.43b924905007ce062e91adedbb4d06d3.jpg,0.9888200163841248,0.9972050189971924,0.9962733387947083,0.9778872728347778,0.9944717884063721,0.9926290909449259
384,18_211_Masson_208_8_19_jpg.rf.6a875e03665f96c1e3035b5703c77c02.jpg,0.9894794821739197,0.9973698854446411,0.9964931607246399,0.9791780114173889,0.994794487953186,0.9930593371391296
362,15_242_202_56_109_jpg.rf.ede286ca983a53538603bc57db80f38a.jpg,0.9903473258018494,0.9975868463516235,0.9967824419339498,0.9808792471885681,0.9952198266983032,0.9936264157295227
543,15_242_202_115_61_jpg.rf.3ca1ecec8e75bba673ccdf1469f0b0a2.jpg,0.9909592270851135,0.9977397918701172,0.9969864090283712,0.9820804595947266,0.9955201148986816,0.9940268198649088
12,102_1_7_32_jpg.rf.b42c21925940161324c5e740a5a59d27.jpg,0.9927874207496643,0.9981968402862549,0.9975958069165548,0.9856781959533691,0.9964195489883423,0.9952260653177897
435,18_217_218_52_20_jpg.rf.1af96ac9534792faefad1703f33057e3.jpg,6.167889810004823e-11,0.75,1.0,6.167889810004823e-11,0.75,1.0
416,18_217_218_54_22_jpg.rf.5317b45b2825f45463bcf0b45ef0c9a6.jpg,6.816632674988554e-11,0.75,1.0,6.816632674988554e-11,0.75,1.0
604,18_219_206_53_21_jpg.rf.f7896ecea2d6193ad842ce21e32614c3.jpg,7.46547199059755e-11,0.75,1.0,7.46547199059755e-11,0.75,1.0
58,18_217_217_51_6_jpg.rf.cbf35fe70230dbd98b899f57b71253c0.jpg,8.04117050723363e-11,0.75,1.0,8.04117050723363e-11,0.75,1.0
108,16_224_603_160_41_jpg.rf.16d345140514dc1a1af7b2fa01bb9539.jpg,9.073587020624885e-11,0.75,1.0,9.073587020624885e-11,0.75,1.0
558,18_217_217_62_1_jpg.rf.f3d0b4b397bdf2eefd02e85a512e50b4.jpg,1.0098969577265748e-10,0.75,1.0,1.0098969577265748e-10,0.75,1.0
387,18_219_208_50_7_jpg.rf.9c206cc9c51976566adb31964a912234.jpg,1.2351777933794494e-10,0.75,1.0,1.2351777933794494e-10,0.75,1.0
683,18_217_217_64_23_jpg.rf.f719b993024ad8ab816629426b394ba6.jpg,1.2650221148380325e-10,0.75,1.0,1.2650221148380325e-10,0.75,1.0
230,18_219_206_47_11_jpg.rf.8579f1db5fdbf16323f63367e7fdef60.jpg,1.4120304925313576e-10,0.75,1.0,1.4120304925313576e-10,0.75,1.0
1,18_217_217_55_27_jpg.rf.c8c6793df4c6cec985c6a6d41de79679.jpg,1.4841199102999525e-10,0.75,1.0,1.4841199102999525e-10,0.75,1.0
442,16_224_101_110_46_jpg.rf.d81abddbf53d16a14492824d98ee6c69.jpg,1.516300279780225e-10,0.75,1.0,1.516300279780225e-10,0.75,1.0
290,18_219_208_49_8_jpg.rf.26a93d179bb3294982c01ce7e7a41dcd.jpg,1.5332719816019136e-10,0.75,1.0,1.5332719816019136e-10,0.75,1.0
397,16_224_606_183_17_jpg.rf.9dbff09ae04884e51ba929474514b246.jpg,1.5349194137925792e-10,0.75,1.0,1.5349194137925792e-10,0.75,1.0
506,17_209_102_7_20_jpg.rf.4a5f66fe8e059247765f7a15a2c05d1a.jpg,1.9182812283080608e-10,0.75,1.0,1.9182812283080608e-10,0.75,1.0
673,18_219_208_52_25_jpg.rf.01e9383a1102c9e384ce0e013dfcd7ab.jpg,2.2356359818953564e-10,0.75,1.0,2.2356359818953564e-10,0.75,1.0
88,18_219_208_49_21_jpg.rf.758f8a1ddb3ed57e97a0f14e9d262981.jpg,3.360215161674063e-10,0.75,1.0,3.360215161674063e-10,0.75,1.0
457,17_209_102_6_26_jpg.rf.8474901f98f2d28915a3bcf1363dfac2.jpg,0.010427528992295265,0.7526068687438965,1.0,0.005241090431809425,0.7513102889060974,1.0
134,17_209_102_6_30_jpg.rf.ec7a893c9423a9fe8922f3e4ec021293.jpg,0.014657980762422085,0.753664493560791,1.0,0.007383100688457489,0.7518457770347595,1.0
0,17_234_212_75_30_jpg.rf.603fa53c4bbc5886d7b8fc19c7aed559.jpg,0.062248412519693375,0.765562117099762,1.0,0.03212404251098633,0.7580310106277466,1.0
595,18_217_218_52_28_jpg.rf.e264348e72524fd9bfbeb64db1f3e1d1.jpg,0.062333036214113235,0.7655832767486572,1.0,0.03216911852359772,0.7580422759056091,1.0
18,18_217_212_55_2_jpg.rf.429e1a907d4fd09b0516c0cf959f6785.jpg,0.1519925892353058,0.7879981398582458,1.0,0.08224674314260483,0.770561695098877,1.0
49,18_217_217_53_7_jpg.rf.90981208c4c9d68dc01dee098e37672a.jpg,0.16428324580192566,0.791070818901062,1.0,0.08949270099401474,0.7723731994628906,1.0
224,16_224_603_160_51_jpg.rf.8bd1b0196d14aab81ab1996f708b89d9.jpg,0.18369531631469727,0.7959238290786743,1.0,0.10113684087991714,0.7752842307090759,1.0
698,16_224_603_160_52_jpg.rf.4330192f0b514c6eba2b75f6827f4138.jpg,0.2152605503797531,0.8038151264190674,1.0,0.1206117495894432,0.7801529169082642,1.0
730,18_217_218_52_19_jpg.rf.da1105a5715869b41a541300b146a345.jpg,0.2246491014957428,0.8061622977256775,1.0,0.12653785943984985,0.7816344499588013,1.0
366,18_217_217_62_6_jpg.rf.dd40d309dbb000f607302c82566a2827.jpg,0.2558111548423767,0.8139528036117554,1.0,0.1466648280620575,0.786666214466095,1.0
504,18_217_217_55_17_jpg.rf.617ef63e9b0b66890a091f00150dd362.jpg,0.2580892741680145,0.8145223259925842,1.0,0.14816446602344513,0.7870411276817322,1.0
781,18_217_218_57_16_jpg.rf.8453040828a61285544f80ab328be522.jpg,0.2641339898109436,0.8160334825515747,1.0,0.15216265618801117,0.7880406379699707,1.0
75,18_217_219_70_16_jpg.rf.0fe7d114a5d9f20f09c27693babe1461.jpg,0.2664642333984375,0.8166160583496094,1.0,0.15371140837669373,0.7884278297424316,1.0
517,18_217_218_53_3_jpg.rf.9fcdcf9a320fbe4e806a34537b75e241.jpg,0.26800239086151123,0.8170006275177002,1.0,0.1547360122203827,0.7886840105056763,1.0
31,18_211_Masson_205_111_35_jpg.rf.99ccb032588165835275ec00fb89b1fc.jpg,0.28003692626953125,0.8200092315673828,1.0,0.162815660238266,0.7907038927078247,1.0
115,18_217_218_53_28_jpg.rf.f7d51c5cb228c6ad8cde2c6bdc27aa66.jpg,0.3195456564426422,0.8298864364624023,1.0,0.1901543140411377,0.7975385785102844,1.0
636,18_217_218_53_34_jpg.rf.b1d87539886b9b5e422176393834248e.jpg,0.3201283812522888,0.8300321102142334,1.0,0.19056718051433563,0.7976418137550354,1.0
772,18_217_217_48_25_jpg.rf.6b200205edf0f71814388540c7836d0c.jpg,0.32400184869766235,0.8310004472732544,1.0,0.19331872463226318,0.7983297109603882,1.0
532,18_217_217_63_7_jpg.rf.53b132bfd64c8c299e701034c128f429.jpg,0.35165759921073914,0.8379144072532654,1.0,0.2133401483297348,0.8033350110054016,1.0
235,18_217_218_57_18_jpg.rf.bbe787b337a3edbc78414b67361fbff3.jpg,0.3529756963253021,0.8382439017295837,1.0,0.2143111526966095,0.8035777807235718,1.0
695,16_224_603_158_48_jpg.rf.b3ff966a30e9a3d4677a6aa3325976f6.jpg,0.3620780110359192,0.8405194878578186,1.0,0.2210593819618225,0.8052648305892944,1.0
266,18_217_217_48_26_jpg.rf.0599d567bc4b9f172aeb4e3a03a7b2cf.jpg,0.36908867955207825,0.842272162437439,1.0,0.22630824148654938,0.8065770864486694,1.0
376,18_217_218_55_22_jpg.rf.799a8ce560a882a0b3a940ad290ef4c9.jpg,0.380387544631958,0.8450968861579895,1.0,0.23486332595348358,0.8087158203125,1.0
313,18_217_217_48_9_jpg.rf.3348c32d8c344d26be8f15f44d887bb7.jpg,0.3894438147544861,0.8473609685897827,1.0,0.2418070286512375,0.8104517459869385,1.0
625,18_217_217_50_7_jpg.rf.3804fa2ed3f6486f4eef50f45bcc1747.jpg,0.4064326286315918,0.851608157157898,1.0,0.2550457715988159,0.8137614727020264,1.0
479,18_217_217_53_19_jpg.rf.8e93f4fe98567006a5b49948150b2d9c.jpg,0.43030375242233276,0.8575759530067444,1.0,0.2741318643093109,0.8185329437255859,1.0
453,17_234_212_76_22_jpg.rf.250fcb23269f015f6acc60f0c2b0f1e6.jpg,0.43408626317977905,0.858521580696106,1.0,0.2772095501422882,0.8193023800849915,1.0
792,15_239_101_63_44_jpg.rf.e93b62cdee82e2b549dc314571f0aa02.jpg,0.44079869985580444,0.8601996898651123,1.0,0.2827080190181732,0.8206769824028015,1.0
339,18_217_217_57_27_jpg.rf.8e5cf6e41877416c74fd57d6872baf48.jpg,0.4506016969680786,0.8626503944396973,1.0,0.29082366824150085,0.8227059245109558,1.0
606,18_217_217_61_3_jpg.rf.796a92d7705456e2df5f25fd30371603.jpg,0.45443016290664673,0.8636075258255005,1.0,0.2940211296081543,0.8235052824020386,1.0
523,18_217_217_60_7_jpg.rf.1ff32ef005e93184786710018aacb0a5.jpg,0.4624238908290863,0.8656059503555298,1.0,0.3007486164569855,0.8251871466636658,1.0
561,18_217_218_53_4_jpg.rf.58ea5816478e1c1df6affeac5529b7dd.jpg,0.46371713280677795,0.8659293055534363,1.0,0.3018435835838318,0.8254609107971191,1.0
61,17_209_102_9_23_jpg.rf.79d567ed1be5c18398d618d489410f9c.jpg,0.47444409132003784,0.8686110377311707,1.0,0.31099751591682434,0.8277493715286255,1.0
729,15_242_208_199_41_jpg.rf.1902d98547fb8634117500e8b2bf7663.jpg,0.489004522562027,0.8722511529922485,1.0,0.3236307203769684,0.8309077024459839,1.0
302,17_209_102_7_23_jpg.rf.8c18606c2ef97a837b4b203f3ca7c05d.jpg,0.49149689078330994,0.8728742003440857,1.0,0.32581761479377747,0.8314543962478638,1.0
294,18_217_217_61_2_jpg.rf.0f170802b098ea233234690027c73e56.jpg,0.49499064683914185,0.8737476468086243,1.0,0.3288953900337219,0.8322238326072693,1.0
300,18_217_218_55_8_jpg.rf.dab0b8f915d296f12ecb81749cbca219.jpg,0.499796986579895,0.8749492168426514,1.0,0.3331529200077057,0.8332882523536682,1.0
462,17_209_102_10_16_jpg.rf.1a3a9c9b0a5b612646a08f0c76540103.jpg,0.5168223977088928,0.879205584526062,1.0,0.34845617413520813,0.8371140360832214,1.0
127,18_217_217_51_9_jpg.rf.8b96a333a8806ee79a32cfdfdc4420ba.jpg,0.5201835036277771,0.8800458908081055,1.0,0.3515188992023468,0.8378797173500061,1.0
368,18_217_217_47_13_jpg.rf.9f6c878a41b103e62a7f23006c3f0432.jpg,0.5241255164146423,0.8810313940048218,1.0,0.35512876510620117,0.8387821912765503,1.0
764,18_217_218_56_9_jpg.rf.114d3c528c981b79debcffcfba265f55.jpg,0.5267722010612488,0.8816930651664734,1.0,0.357563316822052,0.8393908143043518,1.0
526,18_217_219_74_2_jpg.rf.fce4d9528475cbd302567ccc5646e46e.jpg,0.5320045948028564,0.8830011487007141,1.0,0.362402081489563,0.8406004905700684,1.0
424,17_209_102_9_34_jpg.rf.baa8ee94a0537dde489d5f3670955960.jpg,0.5635737180709839,0.8908934593200684,1.0,0.39234429597854614,0.8480860590934753,1.0
117,18_217_217_56_21_jpg.rf.aa0d53e99c580c76d2e39d1b452d002e.jpg,0.5679097175598145,0.8919774293899536,1.0,0.39656001329421997,0.8491399884223938,1.0
527,18_211_Masson_205_111_36_jpg.rf.d62c6e2af96f59e423b0de39c8d8922e.jpg,0.5772611498832703,0.8943153023719788,1.0,0.40573936700820923,0.8514348268508911,1.0
481,16_224_101_109_20_jpg.rf.af29368d525150f78f91e9b4a2d02026.jpg,0.6009520888328552,0.900238037109375,1.0,0.4295436143875122,0.8573858737945557,1.0
150,18_217_217_50_6_jpg.rf.950b8de4c3a353350d807eeb5aab3c0c.jpg,0.6009593605995178,0.9002398252487183,1.0,0.42955103516578674,0.8573877811431885,1.0
104,16_224_101_108_43_jpg.rf.d2a00d05cb03daf78088881bca0aa7ab.jpg,0.6038721799850464,0.900968074798584,1.0,0.4325335919857025,0.8581333756446838,1.0
363,18_217_217_49_9_jpg.rf.d0a5df747168ea4406fbb44440743166.jpg,0.6121458411216736,0.9030364751815796,1.0,0.44107362627983093,0.8602684140205383,1.0
96,18_217_217_49_32_jpg.rf.5a88b3dd4c591e4a393db5de71f6ab38.jpg,0.6220837235450745,0.9055209159851074,1.0,0.45146700739860535,0.8628667593002319,1.0
246,17_209_102_9_17_jpg.rf.988236f25cdb2814b72f026ac29a806c.jpg,0.6340681314468384,0.9085170030593872,1.0,0.4642018675804138,0.8660504817962646,1.0
305,16_224_603_161_44_jpg.rf.5c90e541b4a884a1f22c3aa60dc2c4d2.jpg,0.6382901072502136,0.9095725417137146,1.0,0.46874162554740906,0.8671854138374329,1.0
579,18_217_217_45_8_jpg.rf.7f39d6128717dbee89ce10f2b430e666.jpg,0.6502348780632019,0.9125587344169617,1.0,0.4817392826080322,0.8704348206520081,1.0
648,18_217_217_45_13_jpg.rf.e35b2e71b246eb7c77b90a4e98baa4b5.jpg,0.6603996753692627,0.9150999188423157,1.0,0.4929825961589813,0.8732456564903259,1.0
744,16_224_101_110_19_jpg.rf.7f66c019bc48c28a97f7c3311cdd5c0a.jpg,0.6622625589370728,0.9155656099319458,1.0,0.4950616657733917,0.8737654089927673,1.0
343,17_209_102_11_21_jpg.rf.28c0c5d2af34dfb59165ebd63f2190b8.jpg,0.682172417640686,0.9205430746078491,1.0,0.517649233341217,0.8794122934341431,1.0
99,15_242_208_199_39_jpg.rf.f19675c00a71a7d20ae172d4f5cdd5f4.jpg,0.6860581636428833,0.9215145111083984,1.0,0.5221374034881592,0.8805343508720398,1.0
455,17_209_102_11_23_jpg.rf.19964cdd19367800b2c257ce35246f17.jpg,0.6870098114013672,0.9217524528503418,1.0,0.5232406258583069,0.8808101415634155,1.0
145,16_224_101_109_29_jpg.rf.4a8ac32d6f131f29003516e4a810bee1.jpg,0.6883031725883484,0.9220758080482483,1.0,0.524742603302002,0.8811856508255005,1.0
129,17_209_102_6_33_jpg.rf.992f8ad1332d3c668e7e1f7f8fbddc85.jpg,0.6902170777320862,0.9225542545318604,1.0,0.5269705653190613,0.8817426562309265,1.0
632,17_209_102_11_34_jpg.rf.ac1a87149507fb46ade463a1913f32c0.jpg,0.6957789063453674,0.9239447116851807,1.0,0.5334823131561279,0.883370578289032,1.0
212,16_224_603_158_40_jpg.rf.e3d83becffaa7e5ec17a3807b0e68d55.jpg,0.7241100072860718,0.9310275316238403,1.0,0.5675333142280579,0.8918833136558533,1.0
696,16_224_603_161_44_jpg.rf.9263b854335df74bb18a9c96a20f5af8.jpg,0.726036548614502,0.9315091371536255,1.0,0.5699037313461304,0.892475962638855,1.0
628,16_224_603_159_55_jpg.rf.62048ecda8a3e6afe60b0e1547e27e3f.jpg,0.727095901966095,0.9317739605903625,1.0,0.5712102651596069,0.8928025960922241,1.0
315,18_217_218_53_20_jpg.rf.02f067d2a003dd16d4b61f8ef4316c1d.jpg,0.7417417168617249,0.93543541431427,1.0,0.5894988179206848,0.89737468957901,1.0
778,17_209_102_11_22_jpg.rf.3ae50bf66864202c34a8d46c8a2dd96f.jpg,0.7422680258750916,0.9355670213699341,1.0,0.5901639461517334,0.8975409865379333,1.0
624,18_217_212_54_3_jpg.rf.f256af0e9fe72664319cf00a117e0fe3.jpg,0.7427505850791931,0.9356876611709595,1.0,0.5907742381095886,0.8976935744285583,1.0
718,16_224_603_159_55_jpg.rf.477c984436cad49d30514937148ec4e6.jpg,0.7441585659980774,0.9360396265983582,1.0,0.5925577282905579,0.8981394171714783,1.0
613,17_209_102_11_22_jpg.rf.77568e8dd19ab7b8792d4b62d3ef746e.jpg,0.7499032020568848,0.9374758005142212,1.0,0.5998761057853699,0.8999690413475037,1.0
502,15_242_208_199_38_jpg.rf.58ff86a364973bbe33b902164f919021.jpg,0.7518501281738281,0.937962532043457,1.0,0.6023716926574707,0.9005929231643677,1.0
520,17_209_102_11_22_jpg.rf.daf745bade31695fa013a5b013e4f769.jpg,0.7531417608261108,0.9382854700088501,1.0,0.6040316224098206,0.901007890701294,1.0
498,16_224_101_110_26_jpg.rf.9b444e51059294570611d8dc11688498.jpg,0.7531721591949463,0.9382930397987366,1.0,0.6040706634521484,0.9010176658630371,1.0
576,18_217_217_49_7_jpg.rf.4bbd5ee8a7b4dce0ad06e89f7cea95d3.jpg,0.7620314359664917,0.9405078887939453,1.0,0.6155499219894409,0.9038875102996826,1.0
549,16_224_603_159_55_jpg.rf.caecde1950849a8748c12850e9a120d6.jpg,0.7626836895942688,0.940670907497406,1.0,0.6164015531539917,0.9041004180908203,1.0
750,16_224_101_111_26_jpg.rf.2e167dc39fb1e603acc33b9970a64cf5.jpg,0.7758376002311707,0.9439594149589539,1.0,0.6337701082229614,0.908442497253418,1.0
232,16_224_603_161_44_jpg.rf.49728fe0e2b7fb22f71ffa09021db42d.jpg,0.7826879620552063,0.9456719756126404,1.0,0.6429641842842102,0.9107410311698914,1.0
218,16_224_603_158_58_jpg.rf.ee67ff5e2397fd61bff46343bf9ba911.jpg,0.7860215902328491,0.9465054273605347,1.0,0.6474757194519043,0.9118689298629761,1.0
227,15_242_208_199_42_jpg.rf.b17279e6ef331b749a0126e95379b2a1.jpg,0.8063802719116211,0.9515950679779053,1.0,0.6755755543708801,0.9188938736915588,1.0
144,15_239_101_63_67_jpg.rf.4f61b53e2ecb714c05102e0381a19268.jpg,0.8077982664108276,0.9519495964050293,1.0,0.6775683760643005,0.9193921089172363,1.0
564,16_224_603_162_39_jpg.rf.ad49d95e507da53b6b9a4d89d1fbf18f.jpg,0.8078519105911255,0.951962947845459,1.0,0.677643895149231,0.9194109439849854,1.0
25,17_209_102_10_36_jpg.rf.9a6338ed72a065b235de9818be883764.jpg,0.8139980435371399,0.9534994959831238,1.0,0.6863378286361694,0.9215844869613647,1.0
85,17_209_102_11_21_jpg.rf.a4260b9f7afe02f3957d1ab7dbe0c7d0.jpg,0.8179627060890198,0.9544906616210938,1.0,0.6919940114021301,0.9229984879493713,1.0
87,15_242_208_199_42_jpg.rf.a90f85295d97729fc1aa5b5d8450eec5.jpg,0.8227841258049011,0.9556960463523865,1.0,0.6989237666130066,0.9247309565544128,1.0
196,17_209_102_10_32_jpg.rf.62a813f55ba17efffc041eba3f3901d3.jpg,0.8238657116889954,0.9559664130210876,1.0,0.7004861235618591,0.925121545791626,1.0
261,15_239_101_65_76_jpg.rf.ea9a0da83a8ca11a725a4576c49526d2.jpg,0.8271186351776123,0.9567796587944031,1.0,0.7052023410797119,0.926300585269928,1.0
418,15_239_101_65_76_jpg.rf.d135a4794c22389c7b30a8e316307d3c.jpg,0.8359597325325012,0.9589899182319641,1.0,0.7181535959243774,0.929538369178772,1.0
454,17_209_102_10_32_jpg.rf.25750667ffd9916eeca5792ffa4d82e9.jpg,0.836334764957428,0.9590836763381958,1.0,0.7187073826789856,0.9296768307685852,1.0
751,17_209_102_11_22_jpg.rf.80e2d0c4bfb7acc11be55c867a7d4ea2.jpg,0.8373208045959473,0.9593302011489868,1.0,0.720164954662323,0.9300412535667419,1.0
763,17_209_102_11_21_jpg.rf.38a3c1baa0b7f0dc17ca6f731251e981.jpg,0.8418810367584229,0.9604702591896057,1.0,0.7269382476806641,0.931734561920166,1.0
169,16_224_101_112_18_jpg.rf.a7cdf5d66530ec11c3376401bb2a6468.jpg,0.8433452844619751,0.9608362913131714,1.0,0.7291244864463806,0.9322811365127563,1.0
310,16_224_101_112_11_jpg.rf.2d3e4de0777f93fa7d508c963455a454.jpg,0.8496990203857422,0.9624247550964355,1.0,0.7386753559112549,0.9346688389778137,1.0
420,18_217_219_75_13_jpg.rf.cabf9dba39991e4b8ba3d5026c187cd5.jpg,0.8654087781906128,0.9663522243499756,1.0,0.762749433517456,0.940687358379364,1.0
190,17_209_102_10_32_jpg.rf.47db37530984855dd7a6f47df7618db3.jpg,0.8664012551307678,0.9666002988815308,1.0,0.7642927169799805,0.9410731792449951,1.0
6,17_209_102_11_28_jpg.rf.801b14638ae82ccda6e533ef97074e0c.jpg,0.866904616355896,0.9667261838912964,1.0,0.7650763988494873,0.9412690997123718,1.0
391,17_209_102_11_22_jpg.rf.ce2c67d1606716f6dad4f465f40c0a47.jpg,0.8695836067199707,0.9673959016799927,1.0,0.769259512424469,0.942314863204956,1.0
530,15_242_208_199_42_jpg.rf.21a2f1e20847ece364744b4ee741a355.jpg,0.8717767596244812,0.9679442048072815,1.0,0.7726988196372986,0.9431747198104858,1.0
587,17_209_102_6_33_jpg.rf.0536a57cf23acc0987d1915c271fe343.jpg,0.8790120482444763,0.9697530269622803,1.0,0.7841404676437378,0.9460351467132568,1.0
152,16_224_603_157_55_jpg.rf.6daa233f6b629748754644d55ca8eabc.jpg,0.8805021643638611,0.9701255559921265,1.0,0.7865152955055237,0.9466288089752197,1.0
253,16_224_101_110_13_jpg.rf.2830af28944ac3eaa8bf2a545d6feade.jpg,0.8813134431838989,0.9703283309936523,1.0,0.7878108620643616,0.9469527006149292,1.0
226,15_239_101_65_46_jpg.rf.6b551d42665304cd50be29d465877f5e.jpg,0.8820556998252869,0.9705139398574829,1.0,0.7889978885650635,0.9472494721412659,1.0
126,15_242_208_198_53_jpg.rf.9476f7b2110833c0c81eeb0eb001e9b0.jpg,0.8836734890937805,0.9709183573722839,1.0,0.7915905117988586,0.9478976130485535,1.0
255,15_239_101_65_50_jpg.rf.80317bf1d47bc9717140ac33cc98f72d.jpg,0.885305643081665,0.9713264107704163,1.0,0.7942137718200684,0.9485534429550171,1.0
733,15_239_101_65_50_jpg.rf.1fdf31d152a6ad0d28f92ae2fa49a405.jpg,0.8858739733695984,0.9714685082435608,1.0,0.7951290607452393,0.9487822651863098,1.0
507,16_224_603_162_39_jpg.rf.90a710ad1582c57b745d02e0ba90a54c.jpg,0.8882911205291748,0.9720727801322937,1.0,0.7990322113037109,0.9497580528259277,1.0
283,15_242_208_198_53_jpg.rf.7eda18b8c56e32545d8947f5dd29860a.jpg,0.8928616642951965,0.9732154011726379,1.0,0.8064589500427246,0.9516147375106812,1.0
220,15_239_101_64_71_jpg.rf.5bee8e2f24a077a3e3a6cf15ac80acbd.jpg,0.8937413692474365,0.9734353423118591,1.0,0.8078954815864563,0.9519738554954529,1.0
119,17_209_102_6_33_jpg.rf.6943f51d41a117219408a978ca1f2807.jpg,0.894172191619873,0.9735430479049683,1.0,0.8085998296737671,0.9521499872207642,1.0
107,17_209_102_6_28_jpg.rf.0a45be925b6ee7209cfb6e2db252ec9d.jpg,0.8949330449104309,0.9737332463264465,1.0,0.8098450899124146,0.9524612426757812,1.0
529,15_242_208_199_44_jpg.rf.0f0ecf8790cd86c9d55768b6b3bcd66c.jpg,0.8966861367225647,0.97417151927948,1.0,0.8127208352088928,0.953180193901062,1.0
272,16_224_101_111_30_jpg.rf.046838bee1d52e94b41292ad7c9b763a.jpg,0.8975422382354736,0.9743855595588684,1.0,0.8141285181045532,0.9535320997238159,1.0
607,17_jpg.rf.b1f4635e0a0a19829570681f8299fda5.jpg,0.899482786655426,0.9748706817626953,1.0,0.8173272609710693,0.9543318152427673,1.0
590,16_224_101_111_26_jpg.rf.2bd4570b0168232e1540594326d0200e.jpg,0.9016629457473755,0.9754157066345215,1.0,0.8209345936775208,0.955233633518219,1.0
369,18_211_Masson_205_111_9_jpg.rf.75f778c48016a5a847b6b493a8700e9f.jpg,0.904927134513855,0.9762318134307861,1.0,0.8263624906539917,0.9565906524658203,1.0
456,16_224_603_158_45_jpg.rf.2a6f7bb6b9400a320756a73de3acf72d.jpg,0.9051375389099121,0.976284384727478,1.0,0.826713502407074,0.9566783905029297,1.0
69,17_209_102_16_16_jpg.rf.96d3d9a8125b88eaf21759b965cf7af0.jpg,0.9062105417251587,0.9765526056289673,1.0,0.8285053968429565,0.9571263790130615,1.0
93,17_209_102_10_16_jpg.rf.aa2b6f3fb9e6b5f6407434cc6ff9e54f.jpg,0.9108644127845764,0.9777160882949829,1.0,0.8363186120986938,0.9590796232223511,1.0
63,17_234_212_75_34_jpg.rf.166c54033b7d5872acb78021a22d0427.jpg,0.910973072052002,0.9777432680130005,1.0,0.8365018963813782,0.9591254591941833,1.0
243,17_209_102_11_34_jpg.rf.73fa98019d7952a1ff1946b9ee2457ca.jpg,0.9140563011169434,0.9785140752792358,1.0,0.8417161107063293,0.9604290127754211,1.0
195,15_239_101_63_44_jpg.rf.e763fbeb0a44b88dc27cafc6485e9339.jpg,0.9169384837150574,0.9792346358299255,1.0,0.8466171622276306,0.9616543054580688,1.0
228,17_209_102_16_16_jpg.rf.8fd4d6e648491eeb91263680c6bc788c.jpg,0.9171270728111267,0.9792817831039429,1.0,0.8469387888908386,0.9617347121238708,1.0
713,15_239_101_65_66_jpg.rf.88e732a0717d32ea75772a268798a236.jpg,0.9176208972930908,0.9794052243232727,1.0,0.8477814793586731,0.9619453549385071,1.0
352,15_242_208_199_37_jpg.rf.efcae20b6d4d5751e268ad8bc4a5533b.jpg,0.9207811951637268,0.9801952838897705,1.0,0.8531923294067383,0.9632980823516846,1.0
133,16_224_101_111_36_jpg.rf.156e13543ff7995cf8839f96edc95b15.jpg,0.9219880700111389,0.9804970026016235,1.0,0.8552670478820801,0.96381676197052,1.0
162,15_239_101_63_44_jpg.rf.3eea2a9b242b8b715dbfa14c3c1f9c97.jpg,0.9252039194107056,0.981300950050354,1.0,0.8608180284500122,0.9652044773101807,1.0
776,15_239_101_63_74_jpg.rf.3e6ad2d0884a846975939d086330e856.jpg,0.9260287284851074,0.9815071821212769,1.0,0.8622472286224365,0.9655618071556091,1.0
143,15_242_208_198_53_jpg.rf.5bac7f5fcccf18965e226bf90f51c2fd.jpg,0.9265199303627014,0.9816299676895142,1.0,0.8630993962287903,0.9657748341560364,1.0
346,15_239_101_64_71_jpg.rf.4dd378867354146a56e5f691936df235.jpg,0.930335283279419,0.9825838208198547,1.0,0.8697447776794434,0.9674361944198608,1.0
663,15_239_101_64_44_jpg.rf.61bf5be5068c258869297acd54ae3a69.jpg,0.931132972240448,0.9827832579612732,1.0,0.8711401224136353,0.9677850008010864,1.0
121,15_239_101_65_50_jpg.rf.948c298966c0323e4c41a12a92320132.jpg,0.9315158724784851,0.9828789830207825,1.0,0.8718106150627136,0.9679526686668396,1.0
192,16_224_101_109_32_jpg.rf.c63723c67e6d5b6d1ead70be81b290b8.jpg,0.9315797686576843,0.9828949570655823,1.0,0.8719226121902466,0.9679806232452393,1.0
371,15_239_101_65_76_jpg.rf.964172b93413f55d9a76b5e7b59eff44.jpg,0.9371489882469177,0.9842872619628906,1.0,0.8817312717437744,0.9704328179359436,1.0
737,16_224_101_111_30_jpg.rf.81cc11869cb2442214fa1e40536ee101.jpg,0.9378519058227539,0.9844629764556885,1.0,0.8829765915870667,0.9707441329956055,1.0
33,15_239_101_65_66_jpg.rf.a5b895ca1588000b5e3bf16d1341cac3.jpg,0.9386017322540283,0.9846504330635071,1.0,0.884306788444519,0.9710767269134521,1.0
770,15_239_101_63_52_jpg.rf.0582b6dbaf402b8f64126bcf9ae2f529.jpg,0.9395872950553894,0.9848968386650085,1.0,0.8860581517219543,0.9715145230293274,1.0
621,15_239_101_65_68_jpg.rf.6e6d30a852d5056b6e9bbe7e165a0274.jpg,0.939749538898468,0.9849373698234558,1.0,0.886346697807312,0.9715867042541504,1.0
739,16_224_603_159_40_jpg.rf.3d9733bc207bd052d6a4bfd2e2f9bf26.jpg,0.9404078125953674,0.9851019382476807,1.0,0.8875186443328857,0.9718796610832214,1.0
234,15_239_101_64_59_jpg.rf.528b85e2cf12e15a4fba8ce65c40f1da.jpg,0.942473828792572,0.9856184720993042,1.0,0.8912061452865601,0.9728015661239624,1.0
45,16_224_101_110_13_jpg.rf.9239ad6dc5b6a533d9107358986b2f77.jpg,0.9439664483070374,0.9859915971755981,1.0,0.893879234790802,0.9734697937965393,1.0
34,15_239_101_63_44_jpg.rf.d6578a85c79e69168749dd924d5b49ee.jpg,0.9441450834274292,0.9860363006591797,1.0,0.8941996693611145,0.9735499024391174,1.0
483,15_239_101_64_44_jpg.rf.27304cd539893252dc1fba0b7e80c566.jpg,0.9442806839942932,0.9860701560974121,1.0,0.8944429755210876,0.9736107587814331,1.0
137,15_239_101_64_67_jpg.rf.9f8b855b9e42051ada242a6fc11f6b57.jpg,0.9503671526908875,0.9875918030738831,1.0,0.9054281711578369,0.9763570427894592,1.0
176,15_239_101_64_67_jpg.rf.ef19131b06c127cadd2a0e18a716c30c.jpg,0.9519754648208618,0.9879938364028931,1.0,0.908352255821228,0.9770880937576294,1.0
777,15_239_101_64_44_jpg.rf.31ac2b5d294c304016c2c43a5238e63d.jpg,0.9526984095573425,0.9881746172904968,1.0,0.9096695780754089,0.9774174094200134,1.0
