sample_index,image_file,original_overall_dice,original_macro_class_dice,ignore_class_macro_dice,original_overall_jaccard,original_macro_class_jaccard,ignore_class_macro_jaccard
703,16_224_604_90_60_jpg.rf.36c065f49836810209158d3afc3d3719.jpg,4.556639093822312e-11,0.2500000298023224,0.3333333809701108,4.556639093822312e-11,0.2500000298023224,0.3333333809701108
473,207_1_11_2_jpg.rf.c058fd0e57d4c84285f02db6fb12c000.jpg,0.8575972318649292,0.725231409072876,0.6336418591160783,0.750696063041687,0.7049282789230347,0.606570999048075
325,17_228_801_70_62_jpg.rf.fe798a2ccefa9dd7d284550e08740227.jpg,0.8485553860664368,0.7358318567276001,0.647775789200948,0.7369484901428223,0.7231834530830383,0.630911251008199
640,301_1_8_21_jpg.rf.a85b93a54435b6521e51d3e2ecc2beb1.jpg,2.770543516827928e-11,0.75,0.6666666666759018,2.770543516827928e-11,0.75,0.6666666666759018
377,19_212_E1202_17_8_jpg.rf.9e7b4a760b91e590511affcac37f803d.jpg,3.165859241427427e-11,0.5,0.6666666666775842,3.165859241427427e-11,0.5,0.6666666666775842
662,201_4_17_30_jpg.rf.0e9c0c3d5ac9b736e2bb3778417cadec.jpg,3.348849669793097e-11,0.75,0.6666666666778295,3.348849669793097e-11,0.75,0.6666666666778295
167,201_6_12_23_jpg.rf.d39e01147bd7597e82ce6ee8998d49d5.jpg,4.1066074152329435e-11,0.75,0.6666666666803553,4.1066074152329435e-11,0.75,0.6666666666803553
210,18_228_Masson_207_33_21_jpg.rf.fa459fb908f502b94970b1867b4321fd.jpg,3.813591803458749e-11,0.5,0.6666666666854417,3.813591803458749e-11,0.5,0.6666666666854417
170,17_228_801_92_39_jpg.rf.72d28916f76dc73170afc885f59f0786.jpg,5.897617116890075e-11,0.75,0.6666666666863253,5.897617116890075e-11,0.75,0.6666666666863253
385,18_236_203_78_40_jpg.rf.ca3a6efee503bbd283ca8cdf848de145.jpg,6.131208041271208e-11,0.75,0.6666666666871041,6.131208041271208e-11,0.75,0.6666666666871041
679,17_228_801_98_54_jpg.rf.8ebe0185f05300a712afcec4033fed36.jpg,8.037939064342581e-11,0.75,0.6666666666934598,8.037939064342581e-11,0.75,0.6666666666934598
177,201_9_6_12_jpg.rf.ed85619ca206aab38c8bed4f370449cb.jpg,9.225943620183585e-11,0.75,0.6666666666974198,9.225943620183585e-11,0.75,0.6666666666974198
351,202_2_16_35_jpg.rf.6af83252894f02e88e53866e17951d98.jpg,9.989012395017483e-11,0.75,0.6666666666999633,9.989012395017483e-11,0.75,0.6666666666999633
735,15_242_208_32_9_jpg.rf.0e39eaba59504ed99549fc6b45c89bc2.jpg,1.0094892283207813e-10,0.75,0.6666666667003163,1.0094892283207813e-10,0.75,0.6666666667003163
88,18_219_208_49_21_jpg.rf.758f8a1ddb3ed57e97a0f14e9d262981.jpg,8.27472049214073e-11,0.5,0.6666666667032605,8.27472049214073e-11,0.5,0.6666666667032605
433,15_242_208_19_8_jpg.rf.5fb77c12e1beabb429d523bf5a166be1.jpg,1.201489879809614e-10,0.75,0.6666666667067164,1.201489879809614e-10,0.75,0.6666666667067164
515,18_237_201_54_23_jpg.rf.ea40bdb839fb751855303f63a8799345.jpg,1.390047243976511e-10,0.75,0.6666666667130016,1.390047243976511e-10,0.75,0.6666666667130016
338,15_242_212_21_18_jpg.rf.4ae76912c424e7d0af66547c399bdec2.jpg,1.3923698305440269e-10,0.75,0.666666666713079,1.3923698305440269e-10,0.75,0.666666666713079
647,16_253_308_22_4_jpg.rf.ef9c649ffcc6a336a384d207682ed7b8.jpg,1.470588234520065e-10,0.75,0.6666666667156863,1.470588234520065e-10,0.75,0.6666666667156863
660,16_256_202_21_13_jpg.rf.201efadecc0e06839292fd761b6639ff.jpg,1.477759720147631e-10,0.75,0.6666666667159253,1.477759720147631e-10,0.75,0.6666666667159253
111,19_212_E1202_20_3_jpg.rf.291a527581aa38d11fa1bd33646a1b46.jpg,1.5644555095839507e-10,0.75,0.6666666667188151,1.5644555095839507e-10,0.75,0.6666666667188151
604,18_219_206_53_21_jpg.rf.f7896ecea2d6193ad842ce21e32614c3.jpg,5.339883743515905e-11,0.5,0.6666666667295479,5.339883743515905e-11,0.5,0.6666666667295479
95,15_242_212_17_7_jpg.rf.8f8295a83cf29f3273b6de9443c7840a.jpg,3.124999981007903e-10,0.75,0.6666666667708333,3.124999981007903e-10,0.75,0.6666666667708333
174,18_211_205_6_15_jpg.rf.537f45cc11c8485a5597bf95c8a72dae.jpg,3.2679739470076186e-10,0.75,0.6666666667755992,3.2679739470076186e-10,0.75,0.6666666667755992
785,15_242_208_18_11_jpg.rf.e0282f1843d979a57b1d6aa2140139f6.jpg,3.3046926306568025e-10,0.75,0.6666666667768231,3.3046926306568025e-10,0.75,0.6666666667768231
429,17_228_803_192_14_jpg.rf.f23b68987f8ccc0330bba7e303a9f24d.jpg,0.019560428336262703,0.7548900842666626,0.6731868094454209,0.009876810945570469,0.7524691820144653,0.6699589369818568
430,206_4_21_24_jpg.rf.3311958c84e32f4e25261561619297fb.jpg,0.06449437886476517,0.7661235928535461,0.6881647929549217,0.033321723341941833,0.7583304047584534,0.6777739077806473
57,18_211_206_23_24_jpg.rf.98a604c3c6f7208d5c71607f96eb6f8f.jpg,0.07635810226202011,0.7690895199775696,0.6921193674206734,0.03969455137848854,0.7599236369132996,0.6798981837928295
54,19_212_E1202_18_3_jpg.rf.7223de565978f12f274a5fa46c20af6a.jpg,0.13442230224609375,0.7836055755615234,0.7114741007486979,0.07205398380756378,0.7680134773254395,0.6906846612691879
786,19_212_E1202_19_2_jpg.rf.51fa2352272b2020f67c4ccb8e098005.jpg,0.15540540218353271,0.7888513803482056,0.7184684673945109,0.0842490866780281,0.7710622549057007,0.6947496955593427
72,15_242_211_21_20_jpg.rf.482d0c3be91eb6878ccc8f0bb5ab8cb9.jpg,0.166706383228302,0.7916765809059143,0.7222354610761007,0.09093272686004639,0.772733211517334,0.6969775756200155
17,16_253_308_34_2_jpg.rf.80adae62f5e473939108c4b07c748264.jpg,0.18110236525535583,0.7952755689620972,0.7270341217517853,0.09956710040569305,0.77489173412323,0.699855700135231
441,201_3_22_52_jpg.rf.a0a0484c47c5cf11c5e1d34d2e5da7b8.jpg,0.2009873390197754,0.8002468347549438,0.7336624463399252,0.11172091960906982,0.7779302597045898,0.7039069732030233
643,17_228_801_74_33_jpg.rf.b451abe3d8d97175a009b2354b98b0e7.jpg,0.2486242651939392,0.812156081199646,0.7495414217313131,0.14195941388607025,0.7854898571968079,0.7139864712953568
360,15_242_208_24_6_jpg.rf.ae4cfbef4c6629d68d8821d0eeb6c3fb.jpg,0.2786717414855957,0.8196679353713989,0.7595572471618652,0.16189344227313995,0.7904733419418335,0.72063114742438
464,18_211_206_20_11_jpg.rf.7e6806662f33d7a38165d298a23aa2d7.jpg,0.2858271598815918,0.821456789970398,0.7619423866271973,0.16674350202083588,0.7916858792304993,0.7222478340069453
557,203_2_16_9_jpg.rf.0c933230ae030e1051bcc303b0b628a3.jpg,0.33084186911582947,0.8327104449272156,0.7769472897052765,0.19820882380008698,0.7995522022247314,0.732736274600029
551,15_242_208_18_7_jpg.rf.09bda2be5321d8ad3bf066471f1b8700.jpg,0.34525322914123535,0.8363133072853088,0.7817510763804117,0.20864413678646088,0.8021610379219055,0.7362147122621536
159,16_253_308_33_18_jpg.rf.1f7625ad1fc43b787fbf8c98bd62c92b.jpg,0.34856513142585754,0.8371412754058838,0.7828550438086191,0.2110680490732193,0.8027670383453369,0.7370226830244064
38,206_7_9_45_jpg.rf.929b1b14ab8777bcf658dce44665aff7.jpg,0.3539851903915405,0.8384963274002075,0.7846617301305135,0.21505588293075562,0.8037639856338501,0.7383519609769186
251,15_242_208_19_12_jpg.rf.36cf9841b29bf820303f7e8149a5d0b8.jpg,0.36646872758865356,0.8416171669960022,0.7888229091962179,0.22434142231941223,0.8060853481292725,0.7414471407731374
671,18_229_Masson_202_121_24_jpg.rf.fe1a311a5a6d4855c94146c1e8e03c9d.jpg,0.3766723871231079,0.8441680669784546,0.792224129041036,0.23203718662261963,0.8080092668533325,0.7440123955408732
29,201_8_19_10_jpg.rf.675f56b5b690c30f11b7c6cf1c9772b6.jpg,0.3918185234069824,0.8479546308517456,0.7972728411356608,0.24364073574543,0.810910165309906,0.7478802452484766
408,16_256_207_24_12_jpg.rf.2da67095f5db842e69a330917e226c31.jpg,0.3940623104572296,0.8485155701637268,0.7980207701524099,0.245378315448761,0.811344563961029,0.7484594384829203
329,15_242_208_19_12_jpg.rf.5ac326ff43ebf5966eaf7963741c5167.jpg,0.395672082901001,0.8489180207252502,0.7985573609670004,0.24662794172763824,0.8116569519042969,0.7488759805758795
296,208_7_12_22_jpg.rf.7996f5ca2c766120e5cb4fcd81d68d6b.jpg,0.40015679597854614,0.8500391840934753,0.800052265326182,0.2501224875450134,0.8125306367874146,0.7500408291816711
753,15_242_208_22_26_jpg.rf.c03a4140f9c4e0ecb8ffb87a381b21ec.jpg,0.40100550651550293,0.8502513766288757,0.800335168838501,0.25078603625297546,0.8126965165138245,0.7502620120843252
213,15_242_208_18_15_jpg.rf.f16fbc7ef6208e85052cf3e64ebdd87f.jpg,0.4021018445491791,0.8505254983901978,0.8007006148497263,0.25164422392845154,0.8129110336303711,0.7505480746428171
240,207_4_5_42_jpg.rf.3b53262dbfd51d69f1041c3dadf019a2.jpg,0.42135223746299744,0.8553380370140076,0.8071174124876658,0.26690706610679626,0.8167267441749573,0.7556356887022654
568,207_6_7_17_jpg.rf.501566fb25a23bff2f54d68445490473.jpg,0.4258206784725189,0.8564551472663879,0.808606892824173,0.27050328254699707,0.8176258206367493,0.7568344275156657
333,15_242_212_20_16_jpg.rf.8b5cfd09b2f702ff24af05445113e1e6.jpg,0.43233275413513184,0.858083188533783,0.8107775847117106,0.27578094601631165,0.8189452290534973,0.7585936486721039
184,15_242_208_31_14_jpg.rf.74bc31071d05e2b2de41ccf7949f66dd.jpg,0.4471666216850281,0.8617916703224182,0.8157222072283427,0.2879681885242462,0.821992039680481,0.7626560628414154
348,18_228_Masson_505_100_31_jpg.rf.68cb8518a642dd00f21431af70208cd6.jpg,0.4505937397480011,0.8626484274864197,0.8168645799160004,0.2908170521259308,0.8227042555809021,0.7636056840419769
200,201_3_15_37_jpg.rf.0c59a3c329402175f02de39279be7921.jpg,0.45180371403694153,0.8629509210586548,0.8172679046789805,0.2918258607387543,0.8229564428329468,0.7639419535795847
219,202_4_15_41_jpg.rf.453ca449bbffbbbf29e0755945ef8cdf.jpg,0.46640703082084656,0.8666017651557922,0.8221356769402822,0.3041270077228546,0.8260317444801331,0.7680423359076182
82,18_229_Masson_201_83_33_jpg.rf.6a0f4b4440d929880d3414b6a2eb04cc.jpg,0.4672485291957855,0.8668121099472046,0.8224161763985952,0.3048429787158966,0.8262107372283936,0.7682809929052988
153,15_242_208_35_16_jpg.rf.3b4a244e869c3c6b7c31b882628035a1.jpg,0.47538265585899353,0.8688457012176514,0.8251275519529978,0.31180456280708313,0.8279511332511902,0.7706015209356943
326,15_242_211_19_18_jpg.rf.4433cdcbab8c09147be3e72f4311d9de.jpg,0.4772283136844635,0.8693070411682129,0.8257427712281545,0.3133945167064667,0.8283486366271973,0.7711315055688223
64,15_242_212_23_23_jpg.rf.c892b21e8212a9264a8e73e28e346c29.jpg,0.47808554768562317,0.8695213794708252,0.8260285158952078,0.31413429975509644,0.8285335898399353,0.7713780999183655
204,15_242_208_22_13_jpg.rf.f09711942882f00671eb85f77635566d.jpg,0.47936463356018066,0.8698411583900452,0.8264548778533936,0.31523969769477844,0.828809916973114,0.7717465658982595
214,18_229_Masson_201_16_20_jpg.rf.936cb06495217823f2e283aa416f51ca.jpg,0.4810831844806671,0.8702707886695862,0.8270277281602224,0.31672778725624084,0.8291819095611572,0.7722425957520803
432,301_12_16_8_jpg.rf.7a54ce2bd6a5f454bf2f79dc505ff3d1.jpg,0.4840145707130432,0.8710036277770996,0.8280048569043478,0.3192738890647888,0.8298184871673584,0.7730912963549296
105,18_229_Masson_201_133_28_jpg.rf.b89183f3f241a17b611cc7d189d89004.jpg,0.4846346378326416,0.8711586594581604,0.8282115459442139,0.31981372833251953,0.8299534320831299,0.7732712427775065
466,15_242_208_30_22_jpg.rf.3dd115636b65953b6ebc0d79e509de6f.jpg,0.4851517379283905,0.8712879419326782,0.8283839126427969,0.3202642500400543,0.8300660848617554,0.7734214166800181
518,206_2_13_8_jpg.rf.bc6691220c03f6957e1b72e2f0e85885.jpg,0.492771714925766,0.8731929063796997,0.8309239049752554,0.3269389867782593,0.8317347764968872,0.7756463289260864
94,206_8_12_27_jpg.rf.45fa151c68469b2bca9931ba496f5922.jpg,0.49380719661712646,0.873451828956604,0.8312690655390421,0.32785123586654663,0.8319628238677979,0.7759504119555155
765,18_229_Masson_202_88_50_jpg.rf.1c2dbd31d8fc2ded81d59f1a55cd71f4.jpg,0.5036986470222473,0.8759246468544006,0.8345662156740824,0.33662915229797363,0.8341572880744934,0.7788763840993246
575,202_8_17_22_jpg.rf.ba9ef4f36e5796ab47524cacfdc7c5d6.jpg,0.5116336345672607,0.8779084086418152,0.8372112115224203,0.34375518560409546,0.8359388113021851,0.7812517285346985
570,201_7_5_17_jpg.rf.2b5d8646899ea0cee51488d851955f52.jpg,0.5169887542724609,0.8792471885681152,0.8389962514241537,0.34860745072364807,0.8371518850326538,0.7828691502412161
510,16_253_308_33_7_jpg.rf.0c6dd0877fa84ccc4d3384b219631e2e.jpg,0.5183112621307373,0.8795778155326843,0.8394370873769125,0.3498111665248871,0.83745276927948,0.783270388841629
91,16_256_202_23_5_jpg.rf.a64354d012985c61db4f797f5b82c412.jpg,0.5327933430671692,0.8831983208656311,0.8442644476890564,0.363134503364563,0.8407835960388184,0.787711501121521
149,16_253_308_34_4_jpg.rf.c1487d1c8a92bde85994cfc673ce448b.jpg,0.5333003401756287,0.8833250999450684,0.8444334467252096,0.36360567808151245,0.8409014344215393,0.7878685593605042
554,15_242_212_24_22_jpg.rf.2f17b78499237d6ca9567886f5d92f21.jpg,0.5415864586830139,0.8853965997695923,0.8471954862276713,0.3713531792163849,0.8428382873535156,0.7904510597387949
53,15_242_208_23_21_jpg.rf.575b5b3934f91a98ff657d283d70a191.jpg,0.5511537194252014,0.8877884149551392,0.8503845731417338,0.38040870428085327,0.8451021909713745,0.7934695680936178
566,15_242_208_26_26_jpg.rf.aac3f8ce935b5dedf6cef352c8867384.jpg,0.5603606104850769,0.8900901675224304,0.853453536828359,0.38923677802085876,0.8473092317581177,0.7964122593402863
539,208_6_23_26_jpg.rf.4a33129657fb85b07e530a31d6cddefd.jpg,0.5670598745346069,0.8917649984359741,0.855686624844869,0.39573174715042114,0.8489329218864441,0.7985772490501404
477,15_242_208_35_15_jpg.rf.5f2c3af828f4609980b69e134e940116.jpg,0.5672648549079895,0.8918161988258362,0.8557549516359965,0.3959314227104187,0.8489828705787659,0.7986438075701395
278,208_7_23_30_jpg.rf.bec4e5cb8cd5b381a9ca3fd844e6e605.jpg,0.5684497952461243,0.8921124339103699,0.8561499317487081,0.39708688855171204,0.8492717146873474,0.7990289628505707
39,15_242_212_18_19_jpg.rf.79299cc61d68a84a12d1297d23a15316.jpg,0.5700538754463196,0.8925134539604187,0.8566846251487732,0.39865410327911377,0.849663496017456,0.7995513677597046
508,301_10_16_36_jpg.rf.90c946232649455abd477ac2595bd36a.jpg,0.5701780915260315,0.8925445079803467,0.8567260305086771,0.3987756073474884,0.8496938943862915,0.7995918691158295
789,15_242_208_30_25_jpg.rf.c3dc0be97d96e5094189130c14097a0e.jpg,0.5763476490974426,0.8940868973731995,0.8587825496991476,0.40483734011650085,0.8512093424797058,0.8016124467055002
32,208_4_19_16_jpg.rf.f2af798e2dd60db2a8a8eb47990b5df0.jpg,0.5831557512283325,0.8957889080047607,0.8610519170761108,0.41158774495124817,0.8528969287872314,0.803862581650416
545,15_242_212_16_20_jpg.rf.42253b761e484b32be5ecba86d538373.jpg,0.583642303943634,0.8959105610847473,0.8612141013145447,0.41207268834114075,0.8530181646347046,0.8040242294470469
158,15_242_212_26_8_jpg.rf.222b650b3b094e816e47b8e7cc6a4152.jpg,0.5954669713973999,0.8988667726516724,0.8651556571324667,0.42396080493927,0.8559901714324951,0.8079869349797567
155,15_242_202_139_40_jpg.rf.64884bf0b806707579dfb818f660f29d.jpg,0.5974827408790588,0.8993706703186035,0.8658275802930196,0.42600739002227783,0.8565018177032471,0.8086691300074259
48,18_229_Masson_201_130_33_jpg.rf.f4df1335149b57ea5697a8d294f335cc.jpg,0.5976540446281433,0.899413526058197,0.8658846815427145,0.4261816143989563,0.8565453886985779,0.8087272047996521
757,201_9_4_63_jpg.rf.a0b10a572131c02f44db72107507c9ec.jpg,0.5980311632156372,0.8995077610015869,0.8660103877385458,0.4265652298927307,0.8566412925720215,0.8088550766309103
775,15_242_202_92_68_jpg.rf.50a5c71b4d1001b68d8de5f3864fd2e8.jpg,0.6101729869842529,0.9025432467460632,0.8700576623280843,0.4390280246734619,0.8597570061683655,0.8130093415578207
146,208_6_6_26_jpg.rf.4554c8fa3b6263fd4eb2828370fe9e20.jpg,0.610575258731842,0.9026437997817993,0.870191752910614,0.4394446313381195,0.8598611354827881,0.8131482104460398
559,204_3_12_49_jpg.rf.b624d9ff9d770589374af51ff27ace59.jpg,0.6111111044883728,0.9027777910232544,0.8703703681627909,0.4399999976158142,0.8600000143051147,0.8133333325386047
292,18_229_Masson_201_17_16_jpg.rf.bdc0aecc8dc6b010e0382150bea43a1e.jpg,0.611924946308136,0.9029812216758728,0.8706416487693787,0.44084423780441284,0.8602110743522644,0.8136147459348043
365,15_242_208_22_24_jpg.rf.c81a06b062fb0ce3ad42bf8616f4acbf.jpg,0.614726185798645,0.9036815166473389,0.871575395266215,0.4437578618526459,0.8609395027160645,0.814585953950882
489,18_229_Masson_302_37_32_jpg.rf.f513e0d1a059e50552419780b4a0ca16.jpg,0.6205859184265137,0.9051464796066284,0.8735286394755045,0.44989094138145447,0.8624727725982666,0.8166303137938181
645,203_0_15_61_jpg.rf.59f508c96646b99ecea77c7509de4962.jpg,0.6219802498817444,0.9054950475692749,0.8739934166272482,0.45135805010795593,0.8628395199775696,0.8171193500359853
142,202_0_12_24_jpg.rf.b18e35a21542d86e2771c6673d0ba0d8.jpg,0.6239637136459351,0.9059909582138062,0.8746545712153116,0.4534500241279602,0.8633624911308289,0.8178166747093201
77,15_242_211_20_13_jpg.rf.1f7695cf48d06dc64c179bef0565d1e2.jpg,0.624650239944458,0.9061625599861145,0.8748834133148193,0.45417556166648865,0.8635438680648804,0.8180585205554962
211,201_2_10_54_jpg.rf.a231e88929b5b7f939c899353f39b043.jpg,0.6288272142410278,0.9072067737579346,0.8762757380803426,0.4586053490638733,0.8646513223648071,0.8195351163546244
788,15_242_208_29_18_jpg.rf.d0091ad83bcb8e4fe839861188e17ca6.jpg,0.6301693320274353,0.90754234790802,0.8767231106758118,0.46003445982933044,0.8650085926055908,0.8200114866097769
223,202_4_15_52_jpg.rf.08d106edb0ac028cb8dc11d635e82980.jpg,0.6319794654846191,0.9079948663711548,0.877326488494873,0.4619663655757904,0.8654915690422058,0.8206554551919302
550,206_2_18_35_jpg.rf.096ff7aae7789a5d6096513fde088099.jpg,0.6329191327095032,0.9082297682762146,0.8776397109031677,0.4629712402820587,0.8657428026199341,0.8209904134273529
128,18_228_Masson_505_83_33_jpg.rf.bd0ab48a383f568af4bfc3fc4e926061.jpg,0.6341129541397095,0.908528208732605,0.8780376513799032,0.4642499089241028,0.8660624623298645,0.8214166363080343
148,18_229_Masson_201_93_35_jpg.rf.490f1b2400475050cb223c4c53920949.jpg,0.6343288421630859,0.9085822105407715,0.8781096140543619,0.4644814133644104,0.8661203384399414,0.8214938044548035
244,18_229_Masson_302_26_12_jpg.rf.a2241e10e5fe05f1e07c1f593e958be1.jpg,0.6360941529273987,0.9090235233306885,0.8786980509757996,0.4663769006729126,0.8665941953659058,0.8221256335576376
535,201_5_21_51_jpg.rf.315797af6ebaf863977024ec65addddb.jpg,0.6403849124908447,0.9100962281227112,0.8801283041636149,0.47100454568862915,0.8677511215209961,0.8236681818962097
614,18_229_Masson_202_101_18_jpg.rf.c9e5c1dec555a0b44664d807b1f07c3c.jpg,0.6455455422401428,0.9113863706588745,0.8818485140800476,0.4766092598438263,0.869152307510376,0.8255364199479421
389,18_237_503_42_16_jpg.rf.b521b513e847cdca3d7111b46618efae.jpg,0.6481858491897583,0.9120464324951172,0.8827286163965861,0.47949329018592834,0.8698732852935791,0.8264977633953094
124,18_228_Masson_208_74_29_jpg.rf.6d5b52e499204e305cb4e9f832a8b696.jpg,0.6414670348167419,0.6620631217956543,0.8827508687973022,0.4721762537956238,0.6198915839195251,0.8265221317609152
746,208_4_20_7_jpg.rf.714b54456d3695adb7a1e4c8d491f4f9.jpg,0.6497446298599243,0.9124361276626587,0.8832482099533081,0.48120132088661194,0.8703003525733948,0.827067106962204
185,208_2_7_16_jpg.rf.5f08af2b3f70a2ccfb1093c3e4d462cc.jpg,0.6500437259674072,0.9125109314918518,0.8833479086558024,0.48152947425842285,0.8703823685646057,0.8271764914194742
467,18_211_206_19_8_jpg.rf.4b56579b4734376865fbd5ab787fb086.jpg,0.6506607532501221,0.9126651883125305,0.8835535844167074,0.48220694065093994,0.8705517053604126,0.8274023135503134
439,15_242_208_18_4_jpg.rf.dba4f23cba0742c99a799f2cbcd9dcac.jpg,0.6571230292320251,0.9142807722091675,0.885707676410675,0.4893397092819214,0.8723349571228027,0.8297799030939738
157,15_242_208_35_15_jpg.rf.d3f29dc7822472e8c37283bf4936684f.jpg,0.659041166305542,0.9147602915763855,0.8863470554351807,0.4914701282978058,0.8728675246238708,0.8304900427659353
370,18_228_Masson_505_103_29_jpg.rf.ffb4781c3e9443877b939a402c09e977.jpg,0.6625479459762573,0.9156370162963867,0.8875159819920858,0.4953807294368744,0.8738452196121216,0.8317935764789581
189,201_3_9_46_jpg.rf.0f26f7a5b08f139fca6db801914a191b.jpg,0.6639522314071655,0.9159880876541138,0.8879840771357218,0.49695244431495667,0.874238133430481,0.8323174814383189
629,16_253_308_34_19_jpg.rf.b42a9c2a7ffd36b5a7c94176cd78ecdb.jpg,0.6643285751342773,0.9160821437835693,0.8881095250447592,0.4973742365837097,0.8743435740470886,0.8324580788612366
383,15_242_208_22_15_jpg.rf.c6af011b1aaafa7f92158c50c0a2fb6a.jpg,0.6653240919113159,0.9163310527801514,0.8884413639704386,0.49849116802215576,0.8746228218078613,0.8328303893407186
257,208_6_19_55_jpg.rf.50657abace570d956a3a7b1a99ee388b.jpg,0.6676532626152039,0.9169133305549622,0.889217754205068,0.5011107325553894,0.8752776980400085,0.8337035775184631
533,201_11_5_46_jpg.rf.a2a0d271373197db51d813ae3052f110.jpg,0.6724728941917419,0.9181182384490967,0.8908242980639139,0.5065605640411377,0.8766401410102844,0.8355201880137125
759,15_242_208_34_6_jpg.rf.e51800eef69ab737b2d07197086e6353.jpg,0.6764820218086243,0.9191204905509949,0.8921606739362081,0.5111241936683655,0.8777810335159302,0.8370413978894552
651,15_242_212_20_22_jpg.rf.fa41d35ebd5e3d24bd374ab257d0d830.jpg,0.6773278117179871,0.919331967830658,0.8924426039059957,0.5120904445648193,0.8780226111412048,0.8373634815216064
225,15_242_212_17_15_jpg.rf.fe34c445eafd6ca58c7d4546c47b73d5.jpg,0.6783312559127808,0.9195828437805176,0.8927770853042603,0.5132384896278381,0.8783096075057983,0.8377461632092794
66,207_1_15_31_jpg.rf.087a590f08c3c6debf206665c2346787.jpg,0.6799488663673401,0.9199872016906738,0.8933162887891134,0.5150927901268005,0.8787732124328613,0.8383642633756002
693,18_229_Masson_201_28_33_jpg.rf.8031ba2bc9bc77edf571adf8989ad803.jpg,0.6800273060798645,0.9200068116188049,0.8933424353599548,0.5151828527450562,0.8787957429885864,0.838394284248352
113,18_236_303_48_54_jpg.rf.da439f9de8e6090339943f4635018640.jpg,0.6811018586158752,0.9202754497528076,0.8937006195386251,0.5164173245429993,0.8791043162345886,0.8388057748476664
163,15_242_208_29_16_jpg.rf.814c7d9a145bb826b5fd836eabe4352a.jpg,0.6812248229980469,0.9203062057495117,0.8937416076660156,0.5165587067604065,0.8791396617889404,0.8388529022534689
476,18_229_Masson_201_18_21_jpg.rf.75fd02ad7396d5182901445b6634cec7.jpg,0.683352530002594,0.9208381175994873,0.894450843334198,0.5190094709396362,0.8797523975372314,0.8396698236465454
565,208_2_12_29_jpg.rf.e96992050e4895e70a83a5beb48e15c7.jpg,0.684688925743103,0.9211722612380981,0.8948963085810343,0.5205528736114502,0.8801382184028625,0.8401842912038168
652,18_236_203_78_19_jpg.rf.7f00a79a39de2a890c16e684b5715ac2.jpg,0.6854770183563232,0.9213692545890808,0.8951590061187744,0.5214644074440002,0.8803660869598389,0.8404881358146667
449,18_229_Masson_201_53_12_jpg.rf.f1be5d63205d93ab15521b5f282ab9fe.jpg,0.6864306330680847,0.9216076731681824,0.8954768776893616,0.5225690603256226,0.880642294883728,0.8408563534418741
724,15_242_208_38_8_jpg.rf.e7aadc7dff977e0d2d3dc55d37b6681a.jpg,0.6866711974143982,0.9216678142547607,0.8955570658047994,0.5228478908538818,0.8807119727134705,0.840949296951294
774,15_242_208_28_27_jpg.rf.7332c19dd444381dcfbd60fddb7ca66b.jpg,0.6924561858177185,0.9231140613555908,0.8974853952725729,0.5295854210853577,0.8823963403701782,0.8431951403617859
426,204_4_19_26_jpg.rf.30308d91b9843d6bec6d046f111ec435.jpg,0.6934568285942078,0.9233642220497131,0.897818942864736,0.5307568907737732,0.8826892375946045,0.8435856302579244
71,15_242_208_36_26_jpg.rf.9bec177bcaeea238aee34e0236f0ca46.jpg,0.6953253149986267,0.9238313436508179,0.8984417716662089,0.5329491496086121,0.8832373023033142,0.8443163832028707
68,201_2_14_211_jpg.rf.c602a7895a491ca4cd57c40fbca0bc8a.jpg,0.6972028613090515,0.9243007302284241,0.8990676204363505,0.5351584553718567,0.883789598941803,0.8450528184572855
284,208_7_13_26_jpg.rf.6c356a0a4cbfef09fbc18119ccfaf601.jpg,0.6979783177375793,0.9244945645332336,0.8993261059125265,0.5360727310180664,0.8840181827545166,0.8453575770060221
578,201_13_10_19_jpg.rf.b558fa706deae99ec084e748fd1f05fd.jpg,0.7004097700119019,0.9251024723052979,0.9001365900039673,0.5389466285705566,0.8847366571426392,0.8463155428568522
279,208_1_10_58_jpg.rf.ecc29e81a3a91764bc721146887449f0.jpg,0.7015249133110046,0.9253812432289124,0.9005083044370016,0.5402682423591614,0.8850670456886292,0.8467560807863871
298,15_242_211_20_8_jpg.rf.950728d54a845dd1d8c6405a9c0faac5.jpg,0.7023245692253113,0.925581157207489,0.9007748564084371,0.5412174463272095,0.88530433177948,0.8470724821090698
353,16_256_205_14_18_jpg.rf.7be787c56cbb42d0d1f3848f29c22297.jpg,0.7034302353858948,0.9258575439453125,0.9011434117952982,0.5425317287445068,0.8856329321861267,0.847510576248169
288,18_229_Masson_201_12_16_jpg.rf.f359a1bb3585dc0f3cd3f70b31c1df5f.jpg,0.7050628066062927,0.9262657165527344,0.9016876022020975,0.5444764494895935,0.8861191272735596,0.8481588164965311
160,15_242_208_26_11_jpg.rf.37db2a4ea685490178f091f2f33fdf1e.jpg,0.7082327604293823,0.927058219909668,0.9027442534764608,0.5482665300369263,0.8870666027069092,0.8494221766789755
626,15_242_208_19_28_jpg.rf.5e9128ad7a06b0c19a60bdf4b7076787.jpg,0.7090939283370972,0.9272735118865967,0.9030313094456991,0.549299418926239,0.887324869632721,0.849766472975413
720,202_1_10_29_jpg.rf.333601b5534ccbcda0ed27e4daa4bd8e.jpg,0.7093989253044128,0.9273497462272644,0.903132975101471,0.5496655106544495,0.8874163627624512,0.8498885035514832
273,18_236_203_78_13_jpg.rf.5a203acd28e32027596062a72c860182.jpg,0.7094994187355042,0.9273748397827148,0.9031664729118347,0.5497862100601196,0.8874465227127075,0.8499287366867065
89,15_242_208_40_21_jpg.rf.f6c2e12f29c1178844be7c8b9a2126a8.jpg,0.7135518193244934,0.9283879399299622,0.9045172731081644,0.5546681880950928,0.8886670470237732,0.8515560626983643
40,18_229_Masson_201_50_50_jpg.rf.e917e4324bd06e2f6198c82dfcf616ac.jpg,0.7146015763282776,0.9286503791809082,0.9048671921094259,0.5559378266334534,0.8889844417572021,0.8519792755444845
207,205_6_7_10_jpg.rf.b07763b142a068ed75e4c3444e07f6e0.jpg,0.7166261076927185,0.9291565418243408,0.9055420358975729,0.558392345905304,0.8895980715751648,0.8527974486351013
674,18_229_Masson_202_146_19_jpg.rf.4a0f66f0d2bba68a8c5c5969ce5e110e.jpg,0.7179087996482849,0.9294772148132324,0.9059695998827616,0.5599514245986938,0.8899878263473511,0.853317141532898
282,202_1_16_28_jpg.rf.d093a932c683b048ad3e7520fdce6052.jpg,0.7185570597648621,0.9296392798423767,0.9061856865882874,0.56074059009552,0.8901851177215576,0.8535801966985067
5,15_242_208_28_5_jpg.rf.5eb93058d3b54ee2d4b9a90d17b74059.jpg,0.7205312848091125,0.9301328063011169,0.9068437616030375,0.5631487965583801,0.8907871842384338,0.8543829321861267
715,18_229_Masson_202_9_22_jpg.rf.084960cbfcd71f03af595ec9c070d25b.jpg,0.7241115570068359,0.931027889251709,0.9080371856689453,0.5675351023674011,0.8918837904930115,0.855845034122467
80,15_242_208_23_26_jpg.rf.d96b085849323b98ff0dafd4e562cd2b.jpg,0.7241601943969727,0.9310400485992432,0.9080533981323242,0.5675949454307556,0.8918987512588501,0.8558649818102518
122,15_242_208_31_5_jpg.rf.6b871148e186fad81f5688392f9d1cbd.jpg,0.7244743704795837,0.9311186075210571,0.9081581234931946,0.5679810643196106,0.8919952511787415,0.8559936881065369
208,201_9_6_46_jpg.rf.f6f6d63bcc398879eafb843833184e29.jpg,0.7247830629348755,0.9311957359313965,0.9082610209782919,0.5683606266975403,0.8920901417732239,0.8561202088991801
690,207_1_12_12_jpg.rf.383c16066bda4f5ee1605652265dfc7f.jpg,0.7280677556991577,0.9320169687271118,0.9093559185663859,0.5724107623100281,0.8931027054786682,0.8574702541033427
201,15_242_208_22_9_jpg.rf.68a01f0cf78b1a93e1c140b1f5ab7f27.jpg,0.7288070321083069,0.9322017431259155,0.9096023440361023,0.5733252763748169,0.8933312892913818,0.857775092124939
11,207_8_12_31_jpg.rf.cad38249ccfccb97b81bd0755472f66b.jpg,0.7303771376609802,0.9325942993164062,0.91012571255366,0.57527095079422,0.8938177227973938,0.85842365026474
311,15_242_208_19_18_jpg.rf.3c1256d3565d783f97c7463b49a8d55c.jpg,0.7319301962852478,0.9329825639724731,0.9106433987617493,0.5772002339363098,0.8943000435829163,0.8590667446454366
791,201_0_14_34_jpg.rf.03fb054fe28e0dd5a098e8706df23028.jpg,0.7345098853111267,0.9336274862289429,0.9115032951037089,0.5804153084754944,0.8951038122177124,0.8601384361584982
571,15_242_208_41_24_jpg.rf.7d6eb4d3666ace42f856d228e70803a4.jpg,0.7345641851425171,0.9336410760879517,0.9115213950475057,0.5804831385612488,0.8951207995414734,0.8601610461870829
131,201_2_14_62_jpg.rf.cc79384e3624bd85bcb61d4ecd94ecc2.jpg,0.7381008267402649,0.934525191783905,0.9127002755800883,0.5849126577377319,0.8962281942367554,0.861637552579244
168,15_242_211_22_11_jpg.rf.2a8c2eb3a141b3eeffc935f00a446a0b.jpg,0.7386418581008911,0.9346604347229004,0.9128806193669637,0.5855924487113953,0.89639812707901,0.8618641495704651
509,18_229_Masson_201_39_15_jpg.rf.a15566eace7d526eb684f8776dc14549.jpg,0.7394446134567261,0.9348611831665039,0.9131482044855753,0.5866022109985352,0.8966505527496338,0.8622007369995117
588,15_242_208_39_13_jpg.rf.82bf289633aff6f1097712973904095c.jpg,0.7419242262840271,0.935481071472168,0.9139747420946757,0.589729368686676,0.8974323272705078,0.8632431228955587
436,15_242_208_25_27_jpg.rf.35cbcd09346de63a308f9a39d203e066.jpg,0.7457176446914673,0.9364293813705444,0.9152392148971558,0.5945373177528381,0.8986343145370483,0.8648457725842794
386,18_229_Masson_201_111_47_jpg.rf.02f78398825179b7aeb836a945813659.jpg,0.7470144629478455,0.9367536306381226,0.9156714876492819,0.5961875915527344,0.8990468978881836,0.8653958638509115
248,207_5_5_30_jpg.rf.3b074d062e26cbcad6ec753ee0d04d45.jpg,0.7470478415489197,0.9367619752883911,0.9156826138496399,0.596230149269104,0.8990575075149536,0.865410049756368
661,15_242_212_20_7_jpg.rf.33fc8885e9313ede2060a8b43fbb1522.jpg,0.747240424156189,0.9368101358413696,0.915746808052063,0.5964755415916443,0.8991189002990723,0.8654918471972147
444,16_256_202_24_3_jpg.rf.4c1b2a08751a388a72f0da5ce0210ece.jpg,0.7490629553794861,0.9372657537460327,0.9163543184598287,0.5988014936447144,0.899700403213501,0.8662671645482382
335,18_229_Masson_201_20_18_jpg.rf.c72f73bc060810002aca9295598f92fc.jpg,0.7495551109313965,0.9373887777328491,0.9165183703104655,0.5994307398796082,0.8998576998710632,0.8664769132932028
20,18_229_Masson_202_68_36_jpg.rf.617f73ac21736a3584904d31df66a851.jpg,0.7534658312797546,0.9383664727210999,0.9178219437599182,0.6044486165046692,0.9011121392250061,0.8681495388348898
627,15_242_208_29_13_jpg.rf.263dbaead42ede51ca32350301eb3f27.jpg,0.7543848752975464,0.938596248626709,0.9181282917658488,0.6056324243545532,0.9014080762863159,0.8685441414515177
410,15_242_208_30_12_jpg.rf.fb5b49e803555225f2eb66a43d2c2b56.jpg,0.7552447319030762,0.938811182975769,0.9184149106343588,0.6067415475845337,0.901685357093811,0.8689138491948446
511,15_242_212_19_11_jpg.rf.f1baea89616738e250dc1077f8afaab1.jpg,0.7570187449455261,0.9392547011375427,0.9190062483151754,0.6090346574783325,0.9022586345672607,0.8696782191594442
354,15_242_208_30_12_jpg.rf.554034973a6cc30aad356ce51e429b6b.jpg,0.7570837736129761,0.9392709732055664,0.9190279245376587,0.6091189384460449,0.9022797346115112,0.8697063128153483
341,18_228_Masson_505_103_29_jpg.rf.f4c8261c0021c645fd0f60fd721915e6.jpg,0.7580908536911011,0.9395227432250977,0.9193636178970337,0.6104238033294678,0.9026059508323669,0.8701412677764893
2,18_229_Masson_202_67_25_jpg.rf.659820c6b56d026e657f9564b213cb6d.jpg,0.7585351467132568,0.9396337866783142,0.9195117155710856,0.611000120639801,0.9027500152587891,0.8703333735466003
123,15_242_208_25_27_jpg.rf.30a8836cfd33ecd13eebcdd4757f56cb.jpg,0.759494423866272,0.9398735761642456,0.9198314746220907,0.6122459173202515,0.9030615091323853,0.8707486391067505
697,15_242_208_22_9_jpg.rf.74dfda6f99a9beb3974deb0d98b9d109.jpg,0.7610834836959839,0.9402709007263184,0.9203611612319946,0.6143137812614441,0.9035784602165222,0.8714379270871481
120,18_229_Masson_302_41_45_jpg.rf.6151aeb112f9a7296e63b1e3394bff14.jpg,0.7628638744354248,0.9407159686088562,0.9209546248118082,0.6166369915008545,0.9041592478752136,0.8722123305002848
319,18_228_Masson_505_86_29_jpg.rf.a9bab55e3cb5b5ee9f516e55e3395988.jpg,0.7635462880134583,0.9408865571022034,0.9211820960044861,0.6175292134284973,0.9043822884559631,0.8725097378094991
304,15_242_208_35_26_jpg.rf.ca33a60d7a4f2b609a5cc0baf78d91f7.jpg,0.7662645578384399,0.9415661096572876,0.9220881859461466,0.6210930943489075,0.9052732586860657,0.8736976981163025
403,16_256_202_21_10_jpg.rf.ecfb6cd9ac9353091d0a964919c63bab.jpg,0.7710354328155518,0.9427588582038879,0.923678477605184,0.627386212348938,0.9068465232849121,0.8757954041163126
422,201_9_12_57_jpg.rf.cd34c73d849d85a6618d02211d18ddb3.jpg,0.7721982598304749,0.9430495500564575,0.9240660866101583,0.6289275288581848,0.907231867313385,0.8763091762860616
324,15_242_212_21_16_jpg.rf.c10ff20b1b6b8a00e10d5f3b3249c6f0.jpg,0.7731087803840637,0.9432771801948547,0.9243695934613546,0.6301363706588745,0.907534122467041,0.8767121235529581
537,19_212_D1208_22_11_jpg.rf.11e7874d24e60a460ac8af12f920fbe0.jpg,0.7734590172767639,0.9433647394180298,0.9244863390922546,0.6306018829345703,0.9076504707336426,0.8768672943115234
782,202_2_8_60_jpg.rf.abd83e2273d475da1b27e237f1547b8f.jpg,0.7735493779182434,0.9433873295783997,0.9245164593060812,0.6307219862937927,0.9076805114746094,0.8769073287645975
446,15_242_207_29_12_jpg.rf.02647456f8c70792282112440d30cd83.jpg,0.7751789093017578,0.9437947273254395,0.9250596364339193,0.6328915357589722,0.9082229137420654,0.8776305119196574
98,18_236_303_49_21_jpg.rf.4159d7386ce56099f4e1836c261bd3f4.jpg,0.7752465009689331,0.9438116550445557,0.9250821669896444,0.6329817175865173,0.9082454442977905,0.8776605725288391
603,201_9_12_57_jpg.rf.8b7649a05be05b0a670457af713ef6b7.jpg,0.7753547430038452,0.9438387155532837,0.9251182476679484,0.6331259608268738,0.9082815051078796,0.8777086536089579
334,18_236_203_76_32_jpg.rf.33a7d6c26f1bd429702ed0eac98f309d.jpg,0.7772481441497803,0.9443120360374451,0.9257493813832601,0.635654866695404,0.9089137315750122,0.8785516222318014
440,201_9_12_57_jpg.rf.e61d3f99ae118efc927e349d1ab9a72d.jpg,0.7778985500335693,0.9444746375083923,0.9259661833445231,0.6365253329277039,0.9091313481330872,0.878841777642568
618,15_242_208_22_13_jpg.rf.522298d5df4acd7aac20592ebcf13d66.jpg,0.778337836265564,0.9445844888687134,0.9261126120885214,0.6371138095855713,0.9092784523963928,0.8790379365285238
21,18_236_203_78_38_jpg.rf.37953943fdadeb7f42fcbacdd0f44d69.jpg,0.7786802053451538,0.9446700811386108,0.9262267351150513,0.637572705745697,0.9093931913375854,0.8791909019152323
84,18_229_Masson_201_13_15_jpg.rf.3aa3a74cdf02987e7f2f6bbb8cfc5735.jpg,0.7819004058837891,0.9454751014709473,0.9273001352945963,0.6419018507003784,0.910475492477417,0.8806339502334595
216,18_229_Masson_202_107_57_jpg.rf.6d6c0509c245898b836611b018a8483f.jpg,0.7821841835975647,0.94554603099823,0.9273947278658549,0.6422844529151917,0.9105710983276367,0.8807614843050638
512,18_236_202_41_3_jpg.rf.ceb7941323525db7dd0fe870eba0a76b.jpg,0.7827377915382385,0.9456844329833984,0.9275792638460795,0.6430313587188721,0.910757839679718,0.8810104529062907
680,15_242_208_22_9_jpg.rf.b9ee608d020f1de010cc8673e1e1082a.jpg,0.7853516936302185,0.9463379383087158,0.9284505645434061,0.646567165851593,0.9116417765617371,0.8821890552838644
110,18_229_Masson_201_32_37_jpg.rf.e4d49104f12d8c25e3858d8980b9a380.jpg,0.7869709730148315,0.9467427730560303,0.9289903243382772,0.6487652063369751,0.9121912717819214,0.8829217354456583
256,15_242_208_34_6_jpg.rf.6f59451b8ea928c911de9f2dd7d09433.jpg,0.7888875603675842,0.9472218751907349,0.9296291867891947,0.651374340057373,0.9128435850143433,0.883791446685791
572,18_228_Masson_505_87_20_jpg.rf.52d88a88ae43295446283e58b9c6081e.jpg,0.7897949814796448,0.94744873046875,0.929931660493215,0.652612566947937,0.9131531715393066,0.8842041889826456
258,206_2_14_50_jpg.rf.69106a67f30649d193d8f8f9a79d64fc.jpg,0.7929732203483582,0.9482433199882507,0.9309910734494528,0.6569640040397644,0.9142410159111023,0.8856546680132548
76,16_256_207_23_21_jpg.rf.94afcc5142d7c119552011cfc3808a25.jpg,0.7933309078216553,0.9483327269554138,0.9311103026072184,0.6574552655220032,0.9143638014793396,0.8858184218406677
183,207_7_8_58_jpg.rf.29404cb3c4f003a6f840033fbe630b69.jpg,0.794001579284668,0.948500394821167,0.931333859761556,0.6583769917488098,0.9145942330360413,0.8861256639162699
165,201_9_6_12_jpg.rf.a9c85d0f772e63e7042754ede495ee9d.jpg,0.794609546661377,0.9486523866653442,0.9315365155537924,0.6592134237289429,0.9148033857345581,0.8864044745763143
349,15_242_208_30_8_jpg.rf.bb2c6a602dd1a4d4d23816ad9201b123.jpg,0.7971250414848328,0.9492812752723694,0.9323750138282776,0.6626831889152527,0.9156708121299744,0.8875610629717509
743,15_242_208_17_27_jpg.rf.1b82993d9d6e19f4886630e9ea0ed3dd.jpg,0.7974388003349304,0.9493597149848938,0.9324796001116434,0.6631170511245728,0.9157792329788208,0.8877056837081909
779,18_228_Masson_505_103_36_jpg.rf.f86fff70d362d3ee91997495f6b27964.jpg,0.7997891902923584,0.9499472975730896,0.9332630634307861,0.6663739085197449,0.9165934920310974,0.8887913028399149
322,15_242_202_38_76_jpg.rf.a849953af12ab94d41220d42182b08a1.jpg,0.8008322715759277,0.9502080678939819,0.933610757191976,0.6678234338760376,0.916955828666687,0.8892744779586792
670,15_242_212_24_24_jpg.rf.39a8636cf3ec9dc0e3daff86cc14e3fe.jpg,0.803399920463562,0.9508500099182129,0.9344666401545206,0.6714021563529968,0.9178505539894104,0.8904673854509989
287,15_242_208_18_22_jpg.rf.00609e7ee8a2562874609d040707614f.jpg,0.8044487237930298,0.9511121511459351,0.9348162412643433,0.6728684306144714,0.918217122554779,0.8909561435381571
102,15_242_212_20_14_jpg.rf.ab5548c81e20a650bfb7c42f7d882d94.jpg,0.8055806159973145,0.9513951539993286,0.9351935386657715,0.6744537353515625,0.9186134338378906,0.8914845784505209
612,18_228_Masson_505_81_21_jpg.rf.ea40035707719d5251ffd3e1687568ad.jpg,0.8055897951126099,0.9513974189758301,0.93519659837087,0.6744665503501892,0.9186166524887085,0.8914888501167297
392,15_242_208_35_5_jpg.rf.b559ca9f9612e4f85e89c92513fce55b.jpg,0.80604088306427,0.9515101909637451,0.9353469610214233,0.67509925365448,0.9187748432159424,0.89169975121816
597,18_229_Masson_202_103_35_jpg.rf.2a30866386cd2c5507249833455993cd.jpg,0.8061859607696533,0.9515464901924133,0.9353953202565511,0.6753028035163879,0.9188256859779358,0.8917676011721293
281,15_242_208_18_27_jpg.rf.d8733f4b7c98ad77b2629c8f2b16cefe.jpg,0.8072165846824646,0.9518041610717773,0.9357388615608215,0.6767503619194031,0.919187605381012,0.892250120639801
381,15_242_208_40_7_jpg.rf.477b6f06b1579d499a60d2b84a794598.jpg,0.8090896010398865,0.9522724151611328,0.9363632003466288,0.6793874502182007,0.9198468923568726,0.8931291500727335
101,202_6_15_50_jpg.rf.6c69f7447e3fb2b1c36136bf3e620bc1.jpg,0.810099184513092,0.9525247812271118,0.9366997281710306,0.6808123588562012,0.9202030897140503,0.8936041196187338
373,15_242_212_20_10_jpg.rf.9be26ba7c43ae6010eed844a84b0a7c1.jpg,0.8128604888916016,0.9532151222229004,0.9376201629638672,0.6847219467163086,0.9211804866790771,0.8949073155721029
722,18_228_Masson_505_87_33_jpg.rf.b2097a7f40948a84bb3952fae42efadc.jpg,0.8130799531936646,0.9532699584960938,0.9376933177312216,0.6850334405899048,0.9212583303451538,0.8950111468633016
767,18_236_203_76_20_jpg.rf.364e14da60cd3fa699d78be1c891d045.jpg,0.8134667873382568,0.9533666968345642,0.9378222624460856,0.6855828166007996,0.9213957190513611,0.8951942722002665
573,201_9_6_12_jpg.rf.74bdd34371c6f88cbd310e3559a82816.jpg,0.8134729862213135,0.9533682465553284,0.9378243287404379,0.6855916380882263,0.9213979244232178,0.8951972126960754
677,15_242_208_33_5_jpg.rf.4223d2c7a3b80041f562ff51ff61a0e1.jpg,0.8144440054893494,0.9536110162734985,0.9381480018297831,0.6869722008705139,0.9217430353164673,0.8956574002901713
187,201_9_14_10_jpg.rf.c9e8cf515b5b8f0a40d3cc6bf1a795ff.jpg,0.8167175650596619,0.9541794061660767,0.9389058550198873,0.6902135610580444,0.9225534200668335,0.8967378536860148
787,15_242_208_19_5_jpg.rf.ac9fd9228e0824564820bbcc9797da53.jpg,0.8183637857437134,0.954590916633606,0.9394545952479044,0.692568302154541,0.9231420755386353,0.897522767384847
19,16_224_604_91_67_jpg.rf.230a75b26ef770a33cf58c2b9d5efa6f.jpg,0.7651941180229187,0.7046066522598267,0.9394755164782206,0.6196877956390381,0.6731645464897156,0.8975527286529541
667,201_1_16_41_jpg.rf.828e5b76e7caa184da9f85e02ed223c7.jpg,0.8193339705467224,0.9548335075378418,0.9397779901822408,0.69395911693573,0.9234898090362549,0.89798637231191
659,15_242_208_33_17_jpg.rf.c98fcd28622f76b841ee356af203a130.jpg,0.820748507976532,0.9551871418952942,0.940249502658844,0.6959910988807678,0.9239977598190308,0.8986636996269226
317,15_242_207_29_12_jpg.rf.be794c32a319f27b00cfd2054fcd7e63.jpg,0.8210852146148682,0.955271303653717,0.940361738204956,0.6964755058288574,0.9241188764572144,0.8988251686096191
378,18_228_Masson_505_100_31_jpg.rf.8c8e7779d55729254b0c7d44584c9a64.jpg,0.8214568495750427,0.9553642272949219,0.9404856165250143,0.6970104575157166,0.9242526292800903,0.8990034858385721
622,201_10_8_38_jpg.rf.a5b5df5073e8c5b81978c316d9bfad70.jpg,0.824037492275238,0.9560093879699707,0.9413458307584127,0.7007344961166382,0.9251836538314819,0.9002448320388794
312,204_1_7_36_jpg.rf.dc449deefa699f238cb2e6d6cfeeef10.jpg,0.8240673542022705,0.9560168385505676,0.9413557847340902,0.7007777094841003,0.9251944422721863,0.9002592364947001
259,18_228_Masson_505_89_33_jpg.rf.a46f3ca20457877c21d0fbf80d84b579.jpg,0.824500322341919,0.9561250805854797,0.9415001074473063,0.7014040946960449,0.9253510236740112,0.9004680315653483
747,15_242_208_28_22_jpg.rf.71ab67a0ef71c1049d65cb99cd857fd1.jpg,0.8250250220298767,0.9562562704086304,0.9416750073432922,0.7021638751029968,0.9255409836769104,0.9007212917009989
245,18_219_203_15_8_jpg.rf.1035a45a5b4efb041e68fc9263a4cf79.jpg,0.8256095051765442,0.9564023613929749,0.941869835058848,0.7030110955238342,0.9257527589797974,0.9010036985079447
650,15_242_208_28_20_jpg.rf.6d41ad608437aa01b189ae1d1496b43f.jpg,0.8273705840110779,0.9568426609039307,0.942456861337026,0.7055687308311462,0.9263921976089478,0.9018562436103821
474,15_242_208_28_22_jpg.rf.1a848469a81a37a7f8352edfa871f38c.jpg,0.8281374573707581,0.9570343494415283,0.9427124857902527,0.7066848278045654,0.9266712069511414,0.9022282759348551
404,201_9_14_16_jpg.rf.5ca69141b03c9b4188037eabf2d40108.jpg,0.8283011317253113,0.957075297832489,0.9427670439084371,0.706923246383667,0.9267308115959167,0.9023077487945557
289,15_242_211_19_12_jpg.rf.24346c158d307b8abd6a8a8c1806971c.jpg,0.82842618227005,0.9571065306663513,0.94280872742335,0.7071053981781006,0.9267763495445251,0.9023684660593668
616,15_242_208_22_26_jpg.rf.f4b7af8c710746957e81cbd46b66554e.jpg,0.8293247818946838,0.9573311805725098,0.9431082606315613,0.7084158062934875,0.9271039366722107,0.9028052687644958
681,15_242_208_30_25_jpg.rf.b76a3e18c97ee43518c65899ee1aa9aa.jpg,0.8293253779411316,0.9573313593864441,0.9431084593137106,0.7084166407585144,0.9271041750907898,0.9028055469195048
116,201_4_6_4_jpg.rf.58e169545d1b91c99ae06b9b8c4a5822.jpg,0.8305332064628601,0.9576333165168762,0.9435110688209534,0.7101811170578003,0.9275453090667725,0.9033937056859335
546,201_4_6_4_jpg.rf.666d4e53c12cca3cfee24bbec249b584.jpg,0.8305332064628601,0.9576333165168762,0.9435110688209534,0.7101811170578003,0.9275453090667725,0.9033937056859335
417,18_228_Masson_505_93_33_jpg.rf.534be7c78d915a227bb1d58dad439c2b.jpg,0.8312836289405823,0.9578208923339844,0.9437612096468607,0.7112791538238525,0.9278197884559631,0.9037597179412842
448,18_228_Masson_505_93_33_jpg.rf.d557a48ed53abbec74430dc913329c23.jpg,0.8320333957672119,0.958008348941803,0.9440111319224039,0.7123777270317078,0.9280944466590881,0.9041259090105692
471,18_236_303_56_53_jpg.rf.d98c6e8c2bdcc39258e6b3d3c81e0eb7.jpg,0.8321899771690369,0.9580475091934204,0.9440633257230123,0.7126073241233826,0.9281518459320068,0.9042024413744608
303,15_242_208_22_26_jpg.rf.191b836b62097d2909181220d527f349.jpg,0.8324137926101685,0.9581034183502197,0.9441379308700562,0.7129356265068054,0.9282339215278625,0.9043118755022684
249,15_242_208_32_29_jpg.rf.4a9ba3af8e07e6a9ba609f1402ae755e.jpg,0.8358803987503052,0.9589700698852539,0.9452934662501017,0.7180365920066833,0.929509162902832,0.9060121973355612
92,15_242_212_25_26_jpg.rf.416c57416dd987970f8edbecf69da4b8.jpg,0.8365517854690552,0.9591379165649414,0.9455172618230184,0.7190279364585876,0.9297569990158081,0.9063426454861959
231,18_228_Masson_505_103_29_jpg.rf.800e765220a7ecee8cb9812566df1ae8.jpg,0.8376949429512024,0.9594237208366394,0.9458983143170675,0.7207186222076416,0.9301796555519104,0.9069062074025472
297,18_228_Masson_505_85_18_jpg.rf.66de92dbe8f1ff23e42736b028e8da42.jpg,0.8382071256637573,0.9595518112182617,0.9460690418879191,0.721477210521698,0.9303693175315857,0.9071590701738993
639,15_242_208_30_9_jpg.rf.8a9842aeabc27c96512e888e2a5c9827.jpg,0.8417487144470215,0.9604371786117554,0.9472495714823405,0.7267410159111023,0.9316852688789368,0.9089136719703674
238,202_10_2_14_jpg.rf.91074601286f11c8092acadbae7b3e65.jpg,0.8419350385665894,0.9604837894439697,0.9473116795221964,0.7270188927650452,0.9317547082901001,0.9090062975883484
97,15_242_211_19_22_jpg.rf.6460a373001d08d219325c23fe03afef.jpg,0.842930793762207,0.9607326984405518,0.9476435979207357,0.7285050749778748,0.9321262836456299,0.9095016916592916
438,15_242_208_31_14_jpg.rf.ac3dd179e5f6ffba7666f3344a32a486.jpg,0.8433520197868347,0.9608380198478699,0.9477840065956116,0.7291345596313477,0.9322836399078369,0.9097115198771158
752,18_229_Masson_202_73_21_jpg.rf.13d849cd10fc596cc0bb89178df626a8.jpg,0.8464816212654114,0.9616203904151917,0.9488272070884705,0.7338258624076843,0.9334564805030823,0.9112752874692281
30,18_228_Masson_505_85_18_jpg.rf.33bcee79faf95466b86eb00b7f4e3281.jpg,0.8473670482635498,0.9618417620658875,0.9491223494211832,0.7351577877998352,0.9337894320487976,0.9117192625999451
221,201_9_12_57_jpg.rf.7d3ea3b9c3141c837a3f0a9323c73d3c.jpg,0.8476068377494812,0.9619017243385315,0.949202279249827,0.7355188131332397,0.9338797330856323,0.9118396043777466
203,15_242_208_30_13_jpg.rf.59ce5dcc237e7608f09243bd6f8c039e.jpg,0.84977787733078,0.9624444842338562,0.94992595911026,0.7387946248054504,0.9346986413002014,0.9129315416018168
653,201_9_9_30_jpg.rf.90395b69c01a9b54f1284adffad38645.jpg,0.8499479293823242,0.962486982345581,0.9499826431274414,0.7390516996383667,0.9347629547119141,0.9130172332127889
186,19_212_D1208_30_5_jpg.rf.eaa206262d866b0686035b129223aacb.jpg,0.8505294322967529,0.9626323580741882,0.950176477432251,0.7399314641952515,0.9349828958511353,0.9133104880650839
642,15_242_208_20_24_jpg.rf.a6d3b2ea5825054adf53cfd9da7f5cbc.jpg,0.8507905006408691,0.9626976251602173,0.950263500213623,0.7403267025947571,0.9350816607475281,0.9134422341982523
574,15_242_208_18_27_jpg.rf.57cae30c57ea5bc4b55b4a08fceb8227.jpg,0.8511183261871338,0.9627795815467834,0.9503727753957113,0.7408233284950256,0.9352058172225952,0.9136077761650085
714,15_242_202_143_66_jpg.rf.ed5144f91cd8ed6d78ab53e756b455a6.jpg,0.8523181676864624,0.7131586670875549,0.9508782029151917,0.7426432371139526,0.685780942440033,0.9143746097882589
318,18_228_Masson_208_65_50_jpg.rf.a8ede7a56a73f763622720fb67812fc6.jpg,0.8536539077758789,0.9634134769439697,0.9512179692586263,0.7446738481521606,0.9361684322357178,0.9148912827173868
599,18_236_303_52_14_jpg.rf.799a7a6e3087b89306ed7fdaab51cfb7.jpg,0.8545397520065308,0.9636349678039551,0.9515132506688436,0.7460230588912964,0.9365057945251465,0.9153410196304321
716,15_242_208_25_27_jpg.rf.f9dcc53256e576fc9ed2a886bb6c44cc.jpg,0.8548306226730347,0.963707685470581,0.9516102075576782,0.7464665174484253,0.9366166591644287,0.9154888391494751
719,201_9_12_57_jpg.rf.e8d292f0d8ca1cbc5fde1fb2e0012449.jpg,0.8554977774620056,0.9638744592666626,0.9518325924873352,0.747484564781189,0.9368711709976196,0.9158281882603964
193,301_1_12_27_jpg.rf.781133b2ab64f087f202f5102df3fca4.jpg,0.8564470410346985,0.9641117453575134,0.9521490136782328,0.7489352226257324,0.9372338056564331,0.9163117408752441
380,15_242_208_28_23_jpg.rf.8bc794d394cc74300cc9cf79f4f0c7af.jpg,0.8577921390533447,0.9644480347633362,0.9525973796844482,0.7509948015213013,0.9377486705780029,0.9169982671737671
522,201_9_6_12_jpg.rf.fca19a28c119f03424e6c24d14752263.jpg,0.8583468794822693,0.9645867347717285,0.9527822931607565,0.7518455982208252,0.9379613995552063,0.9172818660736084
482,201_9_12_57_jpg.rf.49a8dfa39a417572d4eb1f02fc98c6b4.jpg,0.8591771125793457,0.9647942781448364,0.9530590375264486,0.753120481967926,0.9382801055908203,0.917706827322642
709,15_242_208_37_22_jpg.rf.74bd11028e9de572cc251eb09e514425.jpg,0.8593758940696716,0.9648439884185791,0.9531252980232239,0.7534260153770447,0.9383565187454224,0.9178086717923483
16,15_242_208_30_25_jpg.rf.736cca96913ee12036d5718d3d96f543.jpg,0.8594644665718079,0.9648661017417908,0.9531548221906027,0.7535621523857117,0.9383905529975891,0.9178540507952372
314,15_242_208_28_20_jpg.rf.a74b842f16288168b97eac3940409bd3.jpg,0.8601283431053162,0.9650321006774902,0.9533761143684387,0.7545835375785828,0.9386458992958069,0.9181945125261942
620,201_9_12_57_jpg.rf.9d4f0cdfe6c08176c77b8657d6799a4c.jpg,0.8619273900985718,0.9654818773269653,0.9539757966995239,0.7573570609092712,0.939339280128479,0.9191190203030905
692,15_242_208_33_17_jpg.rf.41bd8bfa3413c7e62c8e61be2881f916.jpg,0.8620419502258301,0.9655104875564575,0.95401398340861,0.7575340270996094,0.9393835067749023,0.9191780090332031
136,15_242_208_18_4_jpg.rf.6930758117e33f89a54d5bda3c5e7919.jpg,0.8626283407211304,0.965657114982605,0.9542094469070435,0.7584401369094849,0.9396100044250488,0.919480045636495
10,201_9_12_57_jpg.rf.71c7b72a3b9bf7170c5ab325e8adf74a.jpg,0.862657904624939,0.9656645059585571,0.9542193015416464,0.7584858536720276,0.9396214485168457,0.9194952845573425
711,15_242_208_29_22_jpg.rf.c59fcc2f7ae9cdebb589a66b2e11fd66.jpg,0.8649839758872986,0.9662460088729858,0.9549946586290995,0.762089729309082,0.9405224323272705,0.9206965764363607
790,15_242_208_34_6_jpg.rf.1a39b98827708cfecc65ef1f74feafb1.jpg,0.868785560131073,0.9671964049339294,0.9562618533770243,0.7680113315582275,0.9420028328895569,0.9226704438527426
493,18_228_Masson_505_103_36_jpg.rf.80ea6f7c3ccce1f86ab5a3e680946143.jpg,0.8704550862312317,0.9676137566566467,0.9568183620770773,0.770624577999115,0.9426561594009399,0.923541525999705
497,119_2_2_21_jpg.rf.347b4b054aa2d17da2508f556b698bd9.jpg,0.8713637590408325,0.9678409099578857,0.9571212530136108,0.7720500826835632,0.943012535572052,0.9240166942278544
459,15_242_207_12_18_jpg.rf.7b34cc20c0181ecf735b0ddfe7639948.jpg,0.8725602626800537,0.9681400656700134,0.9575200875600179,0.7739307284355164,0.9434826970100403,0.9246435761451721
67,18_228_Masson_505_101_30_jpg.rf.deea712248d61b3d47deed48fc8adbec.jpg,0.8740317225456238,0.9685079455375671,0.9580105741818746,0.7762489318847656,0.9440622329711914,0.9254163106282552
586,15_242_208_22_26_jpg.rf.46f8dd0ce62034283d626c7cf00b8a2b.jpg,0.8744515180587769,0.9686129093170166,0.9581505060195923,0.7769114971160889,0.9442278742790222,0.9256371657053629
328,206_8_7_12_jpg.rf.0b51d04b4fcdd64c27921159c07cfb6a.jpg,0.8751221895217896,0.968780517578125,0.9583740631739298,0.7779709100723267,0.9444926977157593,0.9259903033574423
458,18_228_Masson_505_96_38_jpg.rf.a1ea47dfc2e94cf1b35602b5eaae31c3.jpg,0.8758489489555359,0.9689622521400452,0.958616316318512,0.7791203260421753,0.9447801113128662,0.9263734420140585
274,15_242_208_28_17_jpg.rf.ac09a4b1f170b4663d6aa8b97bdd5061.jpg,0.8762862682342529,0.9690715670585632,0.9587620894114176,0.7798126935958862,0.944953203201294,0.9266042311986288
463,201_4_6_4_jpg.rf.979a21b7cd4816e8ace4666b0026a8fd.jpg,0.8765057325363159,0.9691264629364014,0.958835244178772,0.7801604270935059,0.9450401067733765,0.926720142364502
130,203_2_9_59_jpg.rf.8d698f47365eec7058a137e04c9624af.jpg,0.8766180276870728,0.9691544771194458,0.9588726758956909,0.7803383469581604,0.9450845718383789,0.9267794489860535
542,15_242_208_30_19_jpg.rf.52113c6a727fb329ce71dedea00f0963.jpg,0.8774211406707764,0.9693552851676941,0.9591403802235922,0.7816120386123657,0.945402979850769,0.9272040128707886
665,15_242_208_29_24_jpg.rf.5a59293a4209aa1baec29e54a8412cb3.jpg,0.8781829476356506,0.9695457220077515,0.9593943158785502,0.7828218936920166,0.9457054734230042,0.9276072978973389
725,18_219_205_25_4_jpg.rf.ccce1599590bac8e686842ddcbf3726e.jpg,0.8788542747497559,0.969713568687439,0.959618091583252,0.7838894724845886,0.9459723830223083,0.9279631574948629
437,15_242_208_25_27_jpg.rf.a497f3cb81c405662b407930e570f022.jpg,0.8790305256843567,0.969757616519928,0.9596768418947855,0.7841699719429016,0.9460424780845642,0.9280566573143005
712,18_229_Masson_201_108_28_jpg.rf.410cade08fa5472ad05b619a396e972a.jpg,0.8806878328323364,0.9701719284057617,0.9602292776107788,0.7868115901947021,0.9467028975486755,0.9289371967315674
705,201_9_14_50_jpg.rf.cf9b14720490032aa3bad280ec88c7b0.jpg,0.8830339908599854,0.9707584977149963,0.9610113302866617,0.7905647158622742,0.9476411938667297,0.9301882386207581
635,15_242_208_32_5_jpg.rf.40c1399adb3c53db52fd72844994bf68.jpg,0.8836266994476318,0.970906674861908,0.9612088998158773,0.7915154099464417,0.9478788375854492,0.9305051366488138
70,15_242_208_28_17_jpg.rf.7bb532a9aef429d4731fafa2e157e74a.jpg,0.8836508989334106,0.9709126949310303,0.9612169663111368,0.7915542721748352,0.9478885531425476,0.9305180907249451
501,15_242_208_31_14_jpg.rf.1fa14aefdf49d4009ba3a6f90c5294e6.jpg,0.8841143846511841,0.9710285663604736,0.9613714615503947,0.7922983765602112,0.9480745792388916,0.9307661255200704
500,15_242_208_29_19_jpg.rf.56b76196a3310aa3a5d9798c3025f565.jpg,0.8847874999046326,0.9711968898773193,0.9615958333015442,0.7933801412582397,0.9483450651168823,0.9311267137527466
332,15_242_208_30_17_jpg.rf.70af9883be110df053ff89b407293463.jpg,0.885742723941803,0.9714356660842896,0.9619142413139343,0.794917643070221,0.948729395866394,0.9316392143567404
589,15_242_208_18_6_jpg.rf.d5183275cc45f85caa47381f4bfd06e3.jpg,0.8869456052780151,0.9717364311218262,0.9623152017593384,0.7968574166297913,0.9492143392562866,0.9322858055432638
598,15_242_208_18_7_jpg.rf.dbdb41105d8f5be99a60642b0cae5f1d.jpg,0.8875651955604553,0.9718912839889526,0.9625217318534851,0.7978581786155701,0.9494645595550537,0.9326193928718567
717,18_228_Masson_505_100_30_jpg.rf.3c6c4699b59a2d101302d72859b699d9.jpg,0.8876727223396301,0.9719181656837463,0.9625575741132101,0.7980319857597351,0.949508011341095,0.9326773285865784
689,18_229_Masson_202_114_21_jpg.rf.872a5ff476a33cc073e82272cb705d77.jpg,0.8880603909492493,0.9720150828361511,0.9626867969830831,0.7986588478088379,0.9496647119522095,0.9328862826029459
494,15_242_208_29_27_jpg.rf.4ecd33b6750aee7c3cc5d8fa88d7716d.jpg,0.8881372809410095,0.9720343351364136,0.9627124269803365,0.7987831830978394,0.9496958255767822,0.9329277276992798
337,15_242_208_32_25_jpg.rf.8d93840789868f8703fe8af96fd8d9d9.jpg,0.8887284994125366,0.9721821546554565,0.9629094998041788,0.799740195274353,0.9499350786209106,0.9332467317581177
306,15_242_208_30_25_jpg.rf.8f35306d105f9ca746c146024d42492f.jpg,0.8898563981056213,0.9724640846252441,0.9632854660352071,0.8015686869621277,0.9503921866416931,0.9338562289873759
209,202_10_5_20_jpg.rf.8a58e77089eb98e7c485958742bc1536.jpg,0.8900238275527954,0.9725059270858765,0.9633412758509318,0.8018404841423035,0.9504601359367371,0.9339468280474345
754,201_4_6_4_jpg.rf.07629e4a0e0dd1472a27978d63b28551.jpg,0.8910703063011169,0.9727675914764404,0.9636901021003723,0.8035408854484558,0.9508852362632751,0.9345136284828186
37,201_4_6_4_jpg.rf.5f4250599f486740794b631a7d9d6b3e.jpg,0.8914871215820312,0.9728717803955078,0.9638290405273438,0.8042190074920654,0.9510547518730164,0.9347396691640218
655,207_6_12_7_jpg.rf.5c786c7843192ceac767bb7a135ea227.jpg,0.8916328549385071,0.9729081988334656,0.9638776183128357,0.8044562935829163,0.9511140584945679,0.9348187645276388
619,15_242_208_18_5_jpg.rf.661786f57eeaf5671a00890aba702cd3.jpg,0.8930460214614868,0.9732614755630493,0.9643486738204956,0.8067598938941956,0.9516899585723877,0.9355866312980652
486,15_242_208_29_24_jpg.rf.38b381a964e86363ce3e5e44a3c98e38.jpg,0.8941365480422974,0.973534107208252,0.9647121826807658,0.808541476726532,0.9521353840827942,0.9361804922421774
784,18_229_Masson_201_81_57_jpg.rf.50faa93e4f574ae34011f908822f4cdb.jpg,0.8942666053771973,0.9735666513442993,0.9647555351257324,0.8087542653083801,0.9521885514259338,0.9362514217694601
188,18_229_Masson_201_20_25_jpg.rf.7d845a05bb767ad17e6744110df809b7.jpg,0.8854438662528992,0.7239089012145996,0.9652118881543478,0.7944362759590149,0.7027491331100464,0.9369988640149435
4,15_242_208_23_5_jpg.rf.a49bede791f26cf6ec86e4633da6c3d2.jpg,0.8959603905677795,0.9739900827407837,0.9653201301892599,0.8115292191505432,0.9528822898864746,0.9371764063835144
264,15_242_208_31_22_jpg.rf.d057858fe8ea375b6015f22b3883dc17.jpg,0.8965955972671509,0.9741488695144653,0.9655318657557169,0.8125720620155334,0.9531430006027222,0.9375240206718445
740,15_242_207_12_18_jpg.rf.66e0ca915d0b2cdf3b28da5d96c183e4.jpg,0.8966243267059326,0.9741560816764832,0.9655414422353109,0.8126192688941956,0.9531548023223877,0.9375397562980652
175,201_9_12_31_jpg.rf.fb59e9aa5f8c3b8dcc09956907341706.jpg,0.8966482877731323,0.9741621017456055,0.9655494292577108,0.8126586675643921,0.9531646966934204,0.9375528891881307
580,15_242_208_32_5_jpg.rf.69fc49ce1c9f977a42265f16344a4a34.jpg,0.8980356454849243,0.9745088815689087,0.9660118818283081,0.8149407505989075,0.9537351727485657,0.9383135835329691
567,18_228_Masson_505_84_31_jpg.rf.b9d77d8871d1afe98f440c8b2f3cc3e8.jpg,0.8989147543907166,0.9747287034988403,0.9663049181302389,0.8163898587226868,0.9540974497795105,0.9387966195742289
141,15_242_208_32_25_jpg.rf.98046f51cc5bdd90ebde131d2e64a033.jpg,0.8991027474403381,0.9747756719589233,0.9663675824801127,0.8166999220848083,0.9541749954223633,0.9388999740282694
685,18_228_Masson_505_89_33_jpg.rf.de87a28483630f7f38adcb2b7dca30cc.jpg,0.8999300003051758,0.974982500076294,0.9666433334350586,0.8180661797523499,0.9545165300369263,0.9393553932507833
412,201_10_8_38_jpg.rf.23880fbca7e89a60360faff566693200.jpg,0.900523841381073,0.9751309752464294,0.9668412804603577,0.8190480470657349,0.9547619819641113,0.939682682355245
528,18_228_Masson_505_97_38_jpg.rf.eec588e7603a4fce049541864beb48ce.jpg,0.9011936783790588,0.9752984046936035,0.9670645594596863,0.820156991481781,0.9550392627716064,0.940052330493927
581,18_236_303_49_20_jpg.rf.487fa9d98947b5f5b2936a1d96258d47.jpg,0.9015761613845825,0.9753940105438232,0.9671920537948608,0.8207907676696777,0.9551976919174194,0.940263589223226
762,15_242_208_29_14_jpg.rf.59fc4a29f43acdcbad4ab52d5f8fe5b5.jpg,0.9018279910087585,0.9754570126533508,0.9672759970029196,0.8212082982063293,0.9553020596504211,0.9404027660687765
114,18_229_Masson_202_131_14_jpg.rf.8e4458f725e3b007424f3367af7a38f6.jpg,0.9021081328392029,0.9755270481109619,0.9673693776130676,0.8216729760169983,0.9554182291030884,0.9405576586723328
36,15_242_208_26_26_jpg.rf.c755f3d882ebb364029da712be37edb9.jpg,0.9022602438926697,0.9755650758743286,0.9674200812975565,0.8219254612922668,0.9554813504219055,0.9406418204307556
734,201_4_6_4_jpg.rf.782e42f28fa92735bba18523db925cc2.jpg,0.9043015837669373,0.9760754108428955,0.9681005279223124,0.825319766998291,0.9563299417495728,0.941773255666097
9,201_1_15_14_jpg.rf.cde4aef442da5cf70bfc420b3cbf8a64.jpg,0.9043911695480347,0.976097822189331,0.9681303898493449,0.8254690170288086,0.9563672542572021,0.9418230056762695
161,18_228_Masson_505_98_27_jpg.rf.df215b31f0ecf8c2683ca83e60255b75.jpg,0.9044259786605835,0.9761065244674683,0.9681419928868612,0.8255270719528198,0.9563817977905273,0.9418423573176066
86,15_242_208_25_27_jpg.rf.d3e09be97cd13d4026e403e0d6fe6468.jpg,0.9051097631454468,0.9762774705886841,0.9683699210484823,0.8266671299934387,0.9566667675971985,0.9422223766644796
419,15_242_207_12_18_jpg.rf.cce5c486f94a790ac507536190562256.jpg,0.9064143300056458,0.9766035676002502,0.9688047766685486,0.8288461565971375,0.9572115540504456,0.9429487188657125
519,15_242_208_28_20_jpg.rf.1bf3f85ed0b6bfd0776fe6104fc4176d.jpg,0.906547486782074,0.9766368865966797,0.9688491622606913,0.8290688991546631,0.9572672247886658,0.9430229663848877
172,15_242_208_26_26_jpg.rf.dd99cee1f80b6f34d18605df37caf72a.jpg,0.9065781235694885,0.9766445159912109,0.9688593745231628,0.8291202187538147,0.9572800397872925,0.9430400729179382
22,15_242_208_26_14_jpg.rf.e75aed4ea66cb5e3915ce7370b96a335.jpg,0.9066998362541199,0.9766749739646912,0.9688999454180399,0.8293237686157227,0.9573309421539307,0.9431079228719076
24,18_228_Masson_505_88_31_jpg.rf.c1cc97c4708c7e1702e31c2980322cb3.jpg,0.9070774912834167,0.9767693877220154,0.9690258304278055,0.8299559354782104,0.957489013671875,0.9433186451594034
356,18_229_Masson_201_69_27_jpg.rf.6e44c9ee4998a3b67dbaa1a9f603215b.jpg,0.9071989059448242,0.976799726486206,0.969066301981608,0.8301592469215393,0.9575397968292236,0.9433864156405131
555,18_228_Masson_505_83_24_jpg.rf.1b9e5fc82a114c28dd6f826319e599ce.jpg,0.9073360562324524,0.9768339991569519,0.9691120187441508,0.8303889632225037,0.9575972557067871,0.9434629877408346
461,15_242_208_25_27_jpg.rf.4f5dbbcb756b4bbb98f956ff3f6a91f6.jpg,0.907930314540863,0.976982593536377,0.9693101048469543,0.8313848972320557,0.9578462243080139,0.9437949657440186
147,201_7_5_17_jpg.rf.ef0e0481a2c8f94c146c49fbaf2e7635.jpg,0.9086609482765198,0.9771652221679688,0.9695536494255066,0.8326110243797302,0.9581527709960938,0.9442036747932434
465,201_2_12_23_jpg.rf.d2cbd786290afe3df0dc6889e729aa8f.jpg,0.9090467095375061,0.9772616624832153,0.9696822365125021,0.8332590460777283,0.9583147764205933,0.9444196820259094
8,15_242_208_18_27_jpg.rf.ba019f3ff579a77c3aa3495b09cacf0b.jpg,0.9091526865959167,0.9772881865501404,0.9697175621986389,0.8334372043609619,0.9583593010902405,0.9444790681203207
323,201_10_18_29_jpg.rf.d66dc2a0d2cf55dcd3397fd1609abd92.jpg,0.9091944694519043,0.9772986173629761,0.9697314898173014,0.8335073590278625,0.9583768248558044,0.9445024530092875
103,18_228_Masson_505_86_33_jpg.rf.7bab2575f2bb844e1d1a27d8f2b286ee.jpg,0.9092965126037598,0.9773241281509399,0.9697655042012533,0.8336789608001709,0.9584197402000427,0.944559653600057
745,201_13_11_35_jpg.rf.ce478e600679cb8f8badea2fa80e6baf.jpg,0.9096062183380127,0.9774015545845032,0.9698687394460043,0.8341997861862183,0.958549976348877,0.9447332620620728
491,102_1_7_33_jpg.rf.a5f6122070ca88f1b327e605fb175d99.jpg,0.9097535610198975,0.9774383902549744,0.9699178536732992,0.8344476819038391,0.9586119055747986,0.9448158939679464
330,16_253_308_22_6_jpg.rf.033fe86da0b39e84dbf74e2f296fbb23.jpg,0.9115105867385864,0.9778776168823242,0.9705035289128622,0.8374087810516357,0.9593521952629089,0.9458029270172119
492,15_242_208_29_14_jpg.rf.3b3bc51aa00661c8ed4f597e88d1e48a.jpg,0.9117435812950134,0.9779359102249146,0.9705811937650045,0.8378021121025085,0.9594505429267883,0.9459340373675028
60,18_229_Masson_201_71_26_jpg.rf.a4e6cc1f6671061f33979d183cbc596e.jpg,0.9125268459320068,0.9781317114830017,0.9708422819773356,0.83912593126297,0.9597814679145813,0.94637531042099
390,18_229_Masson_202_68_44_jpg.rf.bf76a2a0ad4e747e3b17703499c227c0.jpg,0.9125946164131165,0.9781486392021179,0.9708648721377054,0.8392404913902283,0.9598101377487183,0.946413497130076
215,15_242_208_31_22_jpg.rf.1fb1582c193d6e9d1bce2f247f2d4fba.jpg,0.9126179814338684,0.9781544804573059,0.9708726604779562,0.8392799496650696,0.9598199725151062,0.9464266498883566
768,15_242_208_26_26_jpg.rf.6e58d1a35072c7dc251504f9a60872de.jpg,0.9129607081413269,0.9782401919364929,0.9709869027137756,0.8398599624633789,0.9599649906158447,0.946619987487793
428,15_242_208_31_22_jpg.rf.23837eb1edb6e207d9dc2b4476870b7e.jpg,0.9137555956840515,0.9784389138221741,0.9712518652280172,0.8412062525749207,0.9603015780448914,0.9470687508583069
321,102_1_8_25_jpg.rf.787232cdbd8f152421c92d050b2c686b.jpg,0.914393961429596,0.9785984754562378,0.9714646538098654,0.8422889113426208,0.9605722427368164,0.9474296371142069
562,15_242_208_22_9_jpg.rf.4015c419cb19c0cd2cadeb3c7e6e9218.jpg,0.9144145250320435,0.9786036014556885,0.9714715083440145,0.8423238396644592,0.9605809450149536,0.9474412798881531
229,15_242_208_20_8_jpg.rf.2cfb6e44bf4f776216e3e001bf81c6e1.jpg,0.9158482551574707,0.9789620637893677,0.9719494183858236,0.8447602391242981,0.9611900448799133,0.9482534130414327
358,18_228_Masson_505_80_22_jpg.rf.c71ec874ff04e4478ba53e6f0f4171ef.jpg,0.915906548500061,0.9789766073226929,0.9719688495000204,0.8448594212532043,0.9612148404121399,0.9482864737510681
367,201_8_5_6_jpg.rf.bfc22135a0d0a5d10f695ddfa187c2df.jpg,0.9159345626831055,0.9789836406707764,0.9719781875610352,0.8449071049690247,0.961226761341095,0.9483023683230082
684,15_242_208_23_22_jpg.rf.3e3d0b48ed9595dbe128e7b63fbb5aa5.jpg,0.9164772629737854,0.9791193008422852,0.9721590876579285,0.8458310961723328,0.9614577889442444,0.9486103653907776
394,201_2_12_54_jpg.rf.efb591547e0e2faaf1153964524658db.jpg,0.917013943195343,0.9792534708976746,0.9723379810651144,0.8467458486557007,0.9616864919662476,0.9489152828852335
593,15_242_208_33_17_jpg.rf.32baaff58a59a3b888ac150270e4ade0.jpg,0.9170345067977905,0.97925865650177,0.9723448355992635,0.8467808961868286,0.9616951942443848,0.9489269653956095
583,18_236_303_54_44_jpg.rf.7829ba23b279b29ff7a5a9ed3b234b51.jpg,0.9182666540145874,0.9795666933059692,0.9727555513381958,0.8488844633102417,0.9622211456298828,0.9496281544367472
656,202_8_5_42_jpg.rf.8de49ef7c06fc1a28bd87e1c85830cc4.jpg,0.9187559485435486,0.9796890020370483,0.9729186495145162,0.8497211933135986,0.9624302983283997,0.9499070644378662
602,207_5_8_55_jpg.rf.a60d9724f021c719966427ba65696330.jpg,0.918895959854126,0.9797239899635315,0.9729653199513754,0.8499606847763062,0.9624902009963989,0.9499868949254354
521,18_228_Masson_505_83_33_jpg.rf.e4d0190ff4b01b24b6f475f4ce0d2107.jpg,0.9189961552619934,0.9797490239143372,0.9729987184206644,0.850132167339325,0.9625330567359924,0.950044055779775
293,102_1_7_33_jpg.rf.e49af7864d3d00960a0e7b82bd0a5c3d.jpg,0.9191898703575134,0.9797974824905396,0.9730632901191711,0.8504638075828552,0.962615966796875,0.9501546025276184
309,202_0_15_50_jpg.rf.55d29cd718d85f3ba645fb85a4f6cc61.jpg,0.9216325283050537,0.9804081320762634,0.9738775094350179,0.8546553254127502,0.9636638164520264,0.9515517751375834
773,15_242_208_30_10_jpg.rf.8a349d4f09cf21cb6e85c5c2ac5e362c.jpg,0.9216777086257935,0.980419397354126,0.9738925695419312,0.8547331094741821,0.9636832475662231,0.9515777031580607
35,15_242_208_20_6_jpg.rf.51fd750472c3351063798cd4fcda3e3c.jpg,0.922182559967041,0.9805456399917603,0.974060853322347,0.8556018471717834,0.9639004468917847,0.9518672823905945
15,15_242_208_20_6_jpg.rf.5bd73bf68e33ef8934fc8549d05b573d.jpg,0.9223707914352417,0.9805927276611328,0.9741235971450806,0.8559259176254272,0.9639815092086792,0.9519753058751425
52,18_228_Masson_505_96_37_jpg.rf.bf9ede65393fc636a3194e948540ae9d.jpg,0.9224560260772705,0.9806140065193176,0.9741520086924235,0.8560727834701538,0.9640182256698608,0.9520242611567179
179,15_242_208_18_4_jpg.rf.3c668c1ffcd8b172d4544049297562f1.jpg,0.9229961633682251,0.9807490110397339,0.9743320544560751,0.8570035696029663,0.964250922203064,0.9523345232009888
686,18_228_Masson_505_84_31_jpg.rf.df7bd7e0db3d4a4672cf1d7b1130cdae.jpg,0.9231376647949219,0.9807844161987305,0.9743792215983073,0.8572475910186768,0.9643118977546692,0.9524158636728922
633,18_228_Masson_505_103_33_jpg.rf.0141baf25ba89e2cfbc2451b5ca7c9d7.jpg,0.9233151078224182,0.9808287620544434,0.9744383692741394,0.8575537204742432,0.9643884301185608,0.9525179068247477
434,17_228_801_67_44_jpg.rf.52ac6786393829889dc49ca32305cf8f.jpg,0.9239006638526917,0.9809751510620117,0.9746335546175638,0.8585644960403442,0.9646410942077637,0.9528548320134481
106,15_242_202_168_26_jpg.rf.c83e081a84e8bc6604a627405caf7892.jpg,0.9239268898963928,0.980981707572937,0.974642296632131,0.8586097359657288,0.964652419090271,0.9528699119885763
706,15_242_208_30_10_jpg.rf.92ef2fba50cf90fa50ead15ed4c0656f.jpg,0.9241986870765686,0.981049656867981,0.9747328956921896,0.8590794205665588,0.9647698402404785,0.9530264735221863
217,15_242_208_28_17_jpg.rf.765cd62ad9e2c66970a0b609ac949b1c.jpg,0.9256777763366699,0.9814194440841675,0.9752259254455566,0.8616388440132141,0.9654096961021423,0.9538796146710714
139,18_228_Masson_505_102_38_jpg.rf.d09872dcdcef53dbb5da758eab65e19c.jpg,0.9271246194839478,0.9817811250686646,0.9757082064946493,0.8641493916511536,0.9660373330116272,0.9547164638837179
65,18_228_Masson_505_94_24_jpg.rf.954cdf2e555c72a9e932e55eb0571ca7.jpg,0.9279270768165588,0.7320374846458435,0.9760499199231466,0.8655447363853455,0.7164831161499023,0.9553107619285583
59,15_242_208_28_20_jpg.rf.db5847b07b8056585bc4eeffb57e9f99.jpg,0.928887128829956,0.982221782207489,0.9762957096099854,0.8672168254852295,0.9668042063713074,0.9557389418284098
563,201_13_11_35_jpg.rf.75fe3188c172fa1743238f9158c89b10.jpg,0.9298638105392456,0.9824659824371338,0.9766212701797485,0.8689210414886475,0.9672302603721619,0.9563070138295492
265,207_4_6_50_jpg.rf.88904ba297f849ae84df95900d5f3384.jpg,0.9300443530082703,0.9825111031532288,0.9766814510027567,0.8692363500595093,0.9673091173171997,0.956412116686503
320,17_228_801_74_33_jpg.rf.5748183f2374781a96c0e7f3d9aeb4e6.jpg,0.9307467341423035,0.9826866984367371,0.9769155780474345,0.8704642057418823,0.967616081237793,0.9568214019139608
395,201_2_12_23_jpg.rf.b150cabf66dbde1b9b7ec24e307b26ca.jpg,0.9311544895172119,0.982788622379303,0.9770514965057373,0.8711778521537781,0.9677944779396057,0.9570592840512594
182,15_242_208_22_26_jpg.rf.ad36fc8fbc8ab2320e33a906f47c4449.jpg,0.9319331049919128,0.9829832911491394,0.9773110349973043,0.8725419044494629,0.9681354761123657,0.9575139681498209
125,16_224_604_92_67_jpg.rf.3d04339e57299205934edd499392abea.jpg,0.9320467114448547,0.9830116629600525,0.9773489038149515,0.8727411031723022,0.968185305595398,0.9575803677241007
728,204_2_18_37_jpg.rf.7fa7eee1b9f60d6ea709926e4fcc299f.jpg,0.9323837161064148,0.9830959439277649,0.9774612387021383,0.8733322024345398,0.9683330655097961,0.9577774008115133
405,15_242_208_28_20_jpg.rf.e3bdddbc25d64d11186d7046a52cd329.jpg,0.9329415559768677,0.9832353591918945,0.9776471853256226,0.8743115663528442,0.9685778617858887,0.9581038554509481
771,18_228_Masson_505_83_24_jpg.rf.f210117a5a8c96b70c7d7e5a0db9f170.jpg,0.9334508776664734,0.9833627343177795,0.9778169592221578,0.8752066493034363,0.9688016772270203,0.9584022164344788
644,18_228_Masson_505_92_30_jpg.rf.d309fdd8ad7f274854d0f1e96ba3b301.jpg,0.9335811734199524,0.9833952784538269,0.9778603911399841,0.8754358291625977,0.9688589572906494,0.9584786097208658
90,18_229_Masson_202_69_30_jpg.rf.a0fa2ec7b94bdbff421c9369e2beb778.jpg,0.9336877465248108,0.9834219217300415,0.9778959155082703,0.8756231665611267,0.9689058065414429,0.9585410555203756
682,18_236_401_98_27_jpg.rf.17b46924d01f16069b4daf04179df49b.jpg,0.9337225556373596,0.9834306240081787,0.9779075185457865,0.8756844401359558,0.9689211249351501,0.9585614800453186
691,18_229_Masson_202_8_15_jpg.rf.4ee96aad6cafff82b5e5c85ddafc4d38.jpg,0.9339233040809631,0.9834808111190796,0.9779744346936544,0.8760376572608948,0.9690093994140625,0.958679219086965
132,18_236_401_102_7_jpg.rf.ecdbbfe8d5341c00a0d15c7c17a64f61.jpg,0.9341475963592529,0.9835368990898132,0.9780491987864176,0.876432478427887,0.9691081047058105,0.958810826142629
585,17_228_801_67_60_jpg.rf.f522c58bd12ae4778ec903a235464d18.jpg,0.9344763159751892,0.9836190938949585,0.9781587719917297,0.8770112991333008,0.9692528247833252,0.959003766377767
605,15_242_208_31_22_jpg.rf.da39bc19066443d158e6a8baaa496215.jpg,0.934718906879425,0.9836797118186951,0.978239635626475,0.8774387240409851,0.9693596959114075,0.959146241346995
382,15_242_208_25_27_jpg.rf.1ac7e0afc7a9f521ad19bf9931a8b053.jpg,0.9347646236419678,0.9836911559104919,0.9782548745473226,0.8775193095207214,0.9693798422813416,0.9591731031735738
594,201_10_18_29_jpg.rf.3c30329da6ac768dcc3e305820271f4e.jpg,0.935223400592804,0.9838058352470398,0.9784078001976013,0.878328263759613,0.9695820808410645,0.9594427545865377
731,17_228_801_74_33_jpg.rf.deaa25db8508cda296ea5215b9646225.jpg,0.9354546070098877,0.9838636517524719,0.9784848690032959,0.8787362575531006,0.9696840643882751,0.9595787525177002
396,15_242_208_33_10_jpg.rf.9944ffe949681738e791f877c313f3e8.jpg,0.935806930065155,0.98395174741745,0.9786023100217184,0.8793582320213318,0.9698395729064941,0.959786077340444
275,18_228_Masson_505_83_33_jpg.rf.0771031f3d2fa00632a78b7410efc595.jpg,0.9361714720726013,0.9840428829193115,0.9787238240242004,0.8800022006034851,0.9700005650520325,0.960000733534495
156,201_9_14_10_jpg.rf.d2e6d6f8a732003b781780bf929f765f.jpg,0.9362549781799316,0.9840637445449829,0.9787516593933105,0.8801498413085938,0.9700374603271484,0.9600499471028646
173,15_242_208_29_14_jpg.rf.f0eeed201d1cbe59da74c5f6b6841561.jpg,0.937079668045044,0.984269917011261,0.9790265560150146,0.8816085457801819,0.9704021215438843,0.9605361819267273
761,17_228_801_67_44_jpg.rf.6f08b9bcc64ec66d16d2aae9115f8265.jpg,0.9372783899307251,0.9843195676803589,0.9790927966435751,0.8819604516029358,0.9704900979995728,0.9606534838676453
704,15_242_208_17_25_jpg.rf.6a0134d709287b17aae2ca658a6b1cca.jpg,0.9377118349075317,0.9844279289245605,0.9792372783025106,0.8827283382415771,0.9706820845603943,0.9609094460805258
513,15_242_208_26_8_jpg.rf.a705bd40066f08c7a32e39ee73309194.jpg,0.9389883875846863,0.9847471117973328,0.9796627958615621,0.8849934935569763,0.9712483882904053,0.9616644978523254
431,15_242_208_24_23_jpg.rf.6cc25129894daf2ff90a5b81010d7e9f.jpg,0.9392836689949036,0.9848209023475647,0.9797612229983012,0.8855183124542236,0.9713795781135559,0.9618394374847412
794,18_228_Masson_505_90_32_jpg.rf.17d2789ac5d31ac9651a1dafb7a84688.jpg,0.939873993396759,0.9849684834480286,0.9799579977989197,0.8865682482719421,0.9716420769691467,0.9621894160906473
427,201_9_6_46_jpg.rf.c4778291ad3e42e7553529a101a34f45.jpg,0.9399239420890808,0.9849810004234314,0.979974647363027,0.8866571187973022,0.971664309501648,0.9622190395991007
164,15_242_208_29_22_jpg.rf.aff275a2a84487f9735ede1b1df1a10f.jpg,0.9400341510772705,0.9850085377693176,0.9800113836924235,0.8868532180786133,0.9717133045196533,0.9622844060262045
138,15_242_208_33_10_jpg.rf.a5163fee8d2a1eb54f71237d09ee91a1.jpg,0.9401798248291016,0.9850449562072754,0.9800599416097006,0.8871126174926758,0.971778154373169,0.9623708724975586
760,18_228_Masson_505_103_36_jpg.rf.ab99ba56da479d5534a1e54ab59b6a92.jpg,0.9407373070716858,0.9851843118667603,0.9802457690238953,0.8881057500839233,0.9720264673233032,0.9627019166946411
472,15_242_208_19_18_jpg.rf.380c0f9eb80aa944d0a679a695d3915f.jpg,0.9409704804420471,0.9852426052093506,0.9803234934806824,0.8885214924812317,0.9721303582191467,0.9628404974937439
237,18_229_Masson_202_36_19_jpg.rf.a23bdf388b2b72425f4b7a070a61fb33.jpg,0.9413517117500305,0.9853379130363464,0.9804505705833435,0.8892015814781189,0.9723004102706909,0.9630671938260397
582,201_9_7_59_jpg.rf.d35a6acca59682cb81a04615332d4315.jpg,0.9414694309234619,0.9853673577308655,0.9804898103078207,0.8894116282463074,0.972352921962738,0.9631372094154358
402,202_4_9_1_jpg.rf.aeb5095d350f4ed4e9d2f28e919e7c4a.jpg,0.9416230320930481,0.9854057431221008,0.9805410106976827,0.889685869216919,0.9724214673042297,0.9632286230723063
694,15_242_208_28_17_jpg.rf.6457fcaa4a6dfdd5992cd0d19f074801.jpg,0.9416701197624207,0.9854175448417664,0.9805567065874735,0.889769971370697,0.9724425077438354,0.9632566571235657
51,15_242_202_65_92_jpg.rf.3bd6cd0ab460f2e3d8ebb86a10ff61ba.jpg,0.9417376518249512,0.9854344129562378,0.9805792172749838,0.8898905515670776,0.9724726676940918,0.9632968505223592
414,102_1_8_41_jpg.rf.47592ade839b06643503cf31991e0c30.jpg,0.941838264465332,0.985459566116333,0.9806127548217773,0.8900701999664307,0.9725175499916077,0.9633567333221436
41,15_242_208_30_12_jpg.rf.4889a4d8df88df41d2d7ddcc39c579cb.jpg,0.9423328042030334,0.9855831861495972,0.9807776014010111,0.8909540176391602,0.97273850440979,0.9636513392130533
423,201_4_6_4_jpg.rf.c97cf943b73580a610c1ddfabd9227e4.jpg,0.942773699760437,0.9856934547424316,0.9809245665868124,0.8917425870895386,0.972935676574707,0.9639141956965128
496,18_228_Masson_505_103_36_jpg.rf.76c8e3ba422ef173f41552153de4038c.jpg,0.9431266784667969,0.9857816696166992,0.981042226155599,0.8923743367195129,0.973093569278717,0.9641247789065043
372,15_242_202_115_36_jpg.rf.8585d9d9a39948341eb7d08fcf8a1a09.jpg,0.9437260627746582,0.9859315156936646,0.9812420209248861,0.8934482336044312,0.9733620882034302,0.9644827445348104
657,15_242_208_28_17_jpg.rf.ced48c5feae3d1b7fcbff8b8ab0c6492.jpg,0.9444444179534912,0.9861111044883728,0.9814814726511637,0.8947368264198303,0.9736841917037964,0.9649122754732767
398,102_1_6_44_jpg.rf.af04a58e7abe33df5f274eb526e1fa2c.jpg,0.9449537992477417,0.9862384796142578,0.9816512664159139,0.8956515789031982,0.9739128947257996,0.9652171929677328
154,201_1_15_64_jpg.rf.1095b3442afc82f05426c72b5e84dece.jpg,0.9449945688247681,0.9862486124038696,0.9816648562749227,0.8957247734069824,0.9739311933517456,0.9652415911356608
646,202_10_5_20_jpg.rf.dbab91908f8c67e93bafbadf9cbc8f8a.jpg,0.9452351927757263,0.9863088130950928,0.9817450642585754,0.8961573243141174,0.9740393161773682,0.9653857747713724
638,201_0_9_54_jpg.rf.91247278f59d77a6570b276d164fe108.jpg,0.9455077648162842,0.986376941204071,0.9818359216054281,0.8966474533081055,0.9741618633270264,0.9655491511027018
672,15_242_208_29_14_jpg.rf.10f78fbfd76b669a65f2f2284ac63d52.jpg,0.9459369778633118,0.9864842295646667,0.9819789926211039,0.8974196910858154,0.9743549227714539,0.9658065636952718
658,15_242_202_127_88_jpg.rf.eb017e7d5d97723d9b4845f36d311dd9.jpg,0.9460760951042175,0.9865190386772156,0.9820253650347391,0.8976702690124512,0.9744175672531128,0.965890089670817
748,15_242_208_22_17_jpg.rf.4b0b31cef701430209fea922817016f9.jpg,0.9464155435562134,0.986603856086731,0.9821385145187378,0.8982816338539124,0.9745703935623169,0.9660938779513041
50,15_242_208_35_19_jpg.rf.c2e0b6b23593720d266697b3a83ab1cd.jpg,0.9467867016792297,0.9866966605186462,0.9822622338930765,0.8989505767822266,0.9747376441955566,0.9663168589274088
198,15_242_208_24_14_jpg.rf.3b158225b9989d84ef6095a36c3b534b.jpg,0.9469984173774719,0.9867495894432068,0.9823328057924906,0.8993323445320129,0.974833071231842,0.9664441148440043
276,15_242_208_35_18_jpg.rf.7a291fcd95ed2833c5a5480fef07ea6f.jpg,0.9471873044967651,0.9867968559265137,0.9823957681655884,0.8996731042861938,0.9749182462692261,0.9665577014287313
202,201_9_14_10_jpg.rf.deece2b9832996aae0c6427e14ca28d9.jpg,0.9476516246795654,0.9869129061698914,0.9825505415598551,0.9005113840103149,0.9751278162002563,0.9668371280034384
793,15_242_208_18_6_jpg.rf.d057011532de25914e385ef0df941d01.jpg,0.9485709071159363,0.9871427416801453,0.9828569690386454,0.9021729826927185,0.9755432605743408,0.9673909942309061
447,18_228_Masson_505_93_26_jpg.rf.08fe537536fb2e1aa1e3489b23bed52e.jpg,0.9490666389465332,0.9872666597366333,0.9830222129821777,0.9030702710151672,0.9757675528526306,0.967690090338389
556,102_1_6_44_jpg.rf.3640e11a10458508e7b3ed8ef0c5de72.jpg,0.9491362571716309,0.9872840642929077,0.9830454190572103,0.9031963348388672,0.9757990837097168,0.9677321116129557
109,15_242_208_26_25_jpg.rf.8a12c28f5a2e999c4944ed039443153e.jpg,0.9495640397071838,0.9873909950256348,0.9831880132357279,0.9039714336395264,0.9759928584098816,0.9679904778798422
241,102_1_8_25_jpg.rf.b51f8244cba2a42b99d21783684f4fa2.jpg,0.9498567581176758,0.987464189529419,0.9832855860392252,0.9045020341873169,0.9761254787445068,0.9681673447291056
191,201_2_12_23_jpg.rf.09398b0c533c757be49f33389f291608.jpg,0.9506146907806396,0.9876536726951599,0.9835382302602133,0.9058775901794434,0.9764693975448608,0.9686258633931478
327,18_228_Masson_505_92_38_jpg.rf.e01af43999c7a33686aa86991ed54236.jpg,0.9508703947067261,0.9877176284790039,0.9836234649022421,0.9063422083854675,0.9765855669975281,0.9687807361284891
316,15_242_202_50_114_jpg.rf.314f6eca07d581c322588a5843db57ac.jpg,0.9514530897140503,0.987863302230835,0.9838176965713501,0.9074015021324158,0.9768503904342651,0.9691338340441386
600,18_229_Masson_202_100_5_jpg.rf.defbace7db1f926f4f3a5bc9332a12d8.jpg,0.9516934752464294,0.9879233837127686,0.9838978250821432,0.9078389406204224,0.9769597053527832,0.9692796468734741
331,15_242_208_33_10_jpg.rf.b21294288b785e204dfbaefd6979732f.jpg,0.9522867798805237,0.9880716800689697,0.9840955932935079,0.9089193344116211,0.9772298336029053,0.969639778137207
675,18_228_Masson_505_91_26_jpg.rf.7e28e1ea0b43ac22b58fe454545ba8c5.jpg,0.9529335498809814,0.9882333874702454,0.9843111832936605,0.9100984930992126,0.9775246381759644,0.9700328310330709
710,201_1_15_36_jpg.rf.fc3c610b3281be20bc6340b86d05411e.jpg,0.9529568552970886,0.9882392287254333,0.9843189517656962,0.9101409912109375,0.9775352478027344,0.9700469970703125
524,15_242_208_33_10_jpg.rf.73ece976b77b6c8ed0d3d7b9e1eb033f.jpg,0.9536679983139038,0.9884170293807983,0.9845559994379679,0.9114392399787903,0.9778597950935364,0.9704797466595968
596,202_10_5_20_jpg.rf.df34db30bfb4942ffe2d1721a5d4097d.jpg,0.9537096619606018,0.9884274005889893,0.9845698873202006,0.9115152359008789,0.9778788089752197,0.9705050786336263
47,18_228_Masson_505_89_22_jpg.rf.f8abd4cbdbddfbd3e2704c936b085f02.jpg,0.9540078639984131,0.9885019659996033,0.9846692879994711,0.9120603203773499,0.9780150651931763,0.9706867734591166
641,15_242_208_33_10_jpg.rf.317c39b3748e079d44335a48ce412828.jpg,0.954078733921051,0.9885196685791016,0.984692911307017,0.9121898412704468,0.9780474901199341,0.9707299470901489
514,18_229_Masson_202_27_35_jpg.rf.4fbffec4bd2b5633b2c6e76cddcb9c28.jpg,0.9544163942337036,0.9886040687561035,0.9848054647445679,0.912807285785675,0.9782018065452576,0.9709357619285583
688,18_228_Masson_505_93_26_jpg.rf.97b4e9cbbbca0a1078a2f44810df7d0b.jpg,0.9548203349113464,0.9887050986289978,0.9849401116371155,0.913546621799469,0.978386640548706,0.9711822072664896
525,15_242_208_23_14_jpg.rf.5fa79f51a4f8986cbd48ed919ae32008.jpg,0.9550342559814453,0.9887585639953613,0.9850114186604818,0.9139383435249329,0.978484570980072,0.9713127811749777
277,15_242_208_33_9_jpg.rf.7e915fa145cb36df5ae73f8df5861adf.jpg,0.9552122950553894,0.9888030886650085,0.9850707650184631,0.914264440536499,0.9785661101341248,0.971421480178833
247,201_0_13_63_jpg.rf.d43d17b1a64281f01d77972ce2d4bae8.jpg,0.9553865790367126,0.9888466596603394,0.9851288596789042,0.9145838618278503,0.9786459803581238,0.9715279539426168
118,102_1_6_44_jpg.rf.9d294686b8c7ec7f8f106ce27911b574.jpg,0.9555858373641968,0.9888964891433716,0.9851952791213989,0.9149491786956787,0.9787372946739197,0.9716497262318929
23,18_228_Masson_208_68_45_jpg.rf.f888ecf0b5700983628168bfe6045a5d.jpg,0.9557055830955505,0.9889264106750488,0.9852351943651835,0.9151687026023865,0.9787921905517578,0.9717229008674622
726,15_242_202_56_109_jpg.rf.013157b51db1bf3e3987388367e23469.jpg,0.9557279944419861,0.9889320135116577,0.9852426648139954,0.9152098298072815,0.9788024425506592,0.9717366099357605
488,18_228_Masson_505_89_22_jpg.rf.3e3081a2138b4f35908737512667ffcf.jpg,0.955938994884491,0.9889847636222839,0.9853129982948303,0.9155968427658081,0.9788992404937744,0.9718656142552694
180,18_229_Masson_202_88_19_jpg.rf.93f8bef452ee5c3403c0c853f53685b1.jpg,0.9560765624046326,0.9890191555023193,0.9853588541348776,0.9158493280410767,0.9789623022079468,0.9719497760136923
669,201_7_5_17_jpg.rf.a4dcdc7e5425b36bb94c415b3168cea7.jpg,0.9561284780502319,0.9890321493148804,0.9853761593500773,0.9159446358680725,0.9789861440658569,0.9719815452893575
112,201_0_15_48_jpg.rf.1e6d52fc53a17b97f621083fd33caeff.jpg,0.9564440250396729,0.9891110062599182,0.985481341679891,0.9165239930152893,0.9791309833526611,0.9721746643384298
676,205_6_10_25_jpg.rf.7ad5894e088229e82a750707f62bddd5.jpg,0.9564441442489624,0.989111065864563,0.9854813814163208,0.9165241718292236,0.9791310429573059,0.9721747239430746
222,201_3_12_20_jpg.rf.c2a66ffe9da9c55df5baa5eb82ca8fc1.jpg,0.9566411375999451,0.9891602993011475,0.9855470458666483,0.916886031627655,0.979221522808075,0.972295343875885
615,201_2_8_27_jpg.rf.a6bfd762a50c28fcd691250e13f4ed39.jpg,0.9568160772323608,0.9892040491104126,0.9856053590774536,0.9172074794769287,0.9793018698692322,0.9724024931589762
267,15_242_208_32_5_jpg.rf.accd09d9834b32a7fcbf558cd5559dda.jpg,0.9569832682609558,0.9892458319664001,0.9856610894203186,0.9175147414207458,0.9793787002563477,0.9725049138069153
637,18_228_Masson_208_65_50_jpg.rf.3c8686c251c157fbace04c70bf7097a6.jpg,0.9573807716369629,0.9893451929092407,0.9857935905456543,0.9182458519935608,0.979561448097229,0.9727486173311869
205,201_10_15_5_jpg.rf.926a8ab25954a6283c54967c7f377ce2.jpg,0.9574184417724609,0.9893546104431152,0.9858061472574869,0.9183151721954346,0.9795787930488586,0.9727717240651449
721,18_228_Masson_505_86_24_jpg.rf.54005a675a22cc27f7f2ddc1eaab14f5.jpg,0.957594096660614,0.9893985390663147,0.9858646988868713,0.9186384677886963,0.9796596169471741,0.9728794892628988
46,18_228_Masson_505_86_24_jpg.rf.b138ce0677b82df248ba3cb24df0fa28.jpg,0.9575951099395752,0.9893987774848938,0.985865036646525,0.9186402559280396,0.9796600341796875,0.9728800853093466
630,18_228_Masson_505_103_29_jpg.rf.d31432afa0950965e1395e8a0c17aaac.jpg,0.957622230052948,0.9894055724143982,0.985874076684316,0.9186902046203613,0.9796725511550903,0.9728967348734537
374,201_10_15_5_jpg.rf.0ac999456939abd4c0bbc3976d059c5a.jpg,0.9580056071281433,0.989501416683197,0.9860018690427145,0.9193961024284363,0.9798490405082703,0.9731320341428121
538,15_242_202_65_92_jpg.rf.6ae0847cd2977816c88c445d2144eaaa.jpg,0.9581056237220764,0.9895263910293579,0.9860352079073588,0.919580340385437,0.9798951148986816,0.9731934467951456
299,18_229_Masson_202_98_10_jpg.rf.959b49b3fa0324e06b0bab6e38dd9cc4.jpg,0.9583125114440918,0.989578127861023,0.9861041704813639,0.9199616312980652,0.9799904227256775,0.9733205437660217
252,201_1_15_36_jpg.rf.202899700da46cb37fce64721aee86ba.jpg,0.9586769342422485,0.9896692037582397,0.9862256447474161,0.9206335544586182,0.9801583886146545,0.9735445181528727
270,18_229_Masson_202_13_19_jpg.rf.7bd172bbf86c69da98de4eff1c684fda.jpg,0.9588130116462708,0.9897032380104065,0.9862710038820902,0.9208845496177673,0.980221152305603,0.9736281832059225
44,15_242_202_91_98_jpg.rf.d9250a143378267f965d09265a03cdaa.jpg,0.9591244459152222,0.9897811412811279,0.9863748153050741,0.9214593172073364,0.9803647994995117,0.9738197724024454
194,15_242_208_24_14_jpg.rf.f10a1b49b1aac6895415603e221efec0.jpg,0.9597653746604919,0.9899413585662842,0.9865884582201639,0.9226431250572205,0.9806607961654663,0.9742143750190735
421,201_8_6_34_jpg.rf.4bf64d6b110fb7d72db87251c52906ab.jpg,0.9601492881774902,0.9900373220443726,0.9867164293924967,0.9233530163764954,0.9808382391929626,0.9744510054588318
452,201_9_14_10_jpg.rf.95ce4e48c9c8b2f538651752fe63a779.jpg,0.9602687358856201,0.990067183971405,0.9867562452952067,0.9235739707946777,0.9808934926986694,0.9745246569315592
783,201_0_13_63_jpg.rf.9a43d70ca5014d9673ea0221aa1b9835.jpg,0.9608277082443237,0.9902069568634033,0.9869425694147745,0.9246087074279785,0.9811521768569946,0.9748695691426595
250,18_228_Masson_505_89_36_jpg.rf.93df79673621f070a998df2a166990c4.jpg,0.9614757895469666,0.9903689622879028,0.9871585965156555,0.9258096814155579,0.9814524054527283,0.9752698938051859
242,18_228_Masson_208_47_14_jpg.rf.240c57ee1fb8e196aee8fbe900a78be5.jpg,0.961482584476471,0.9903706312179565,0.987160861492157,0.9258223176002502,0.9814555644989014,0.9752741058667501
171,201_5_21_51_jpg.rf.5af0d4b40d53ad587c49d77e2077787b.jpg,0.961505115032196,0.9903762936592102,0.9871683716773987,0.9258641004562378,0.9814660549163818,0.9752880334854126
406,18_211_Masson_207_117_32_jpg.rf.f95e057a8d9c6476310f6e28f6cd3c27.jpg,0.9617243409156799,0.9904310703277588,0.9872414469718933,0.9262707233428955,0.9815676808357239,0.9754235744476318
780,15_242_202_65_92_jpg.rf.fd3579b5c2f48948497b88ac9d8b73f7.jpg,0.9623716473579407,0.990592896938324,0.9874572157859802,0.9274723529815674,0.9818680882453918,0.9758241176605225
617,18_228_Masson_505_87_27_jpg.rf.bedb522e40e4759e4671061e72136bc4.jpg,0.9624451398849487,0.9906113147735596,0.9874817132949829,0.9276089668273926,0.9819022417068481,0.9758696556091309
285,15_242_208_19_25_jpg.rf.0af901e2bb165947b69ea2e939f3b24c.jpg,0.9624914526939392,0.990622878074646,0.9874971508979797,0.9276949167251587,0.9819236993789673,0.9758983055750529
166,201_3_12_20_jpg.rf.6866b012a8dd617f23d4be929a07ef7b.jpg,0.962580680847168,0.990645170211792,0.9875268936157227,0.9278607368469238,0.981965184211731,0.9759535789489746
27,15_242_202_50_114_jpg.rf.00d92e7983a71725d28503a6b25e6836.jpg,0.9626691341400146,0.9906672835350037,0.9875563780466715,0.9280251264572144,0.982006311416626,0.9760083754857382
577,15_242_208_24_14_jpg.rf.c4629915bfe047c7cee3be5890550a8e.jpg,0.9629740715026855,0.9907435178756714,0.9876580238342285,0.9285920262336731,0.9821479916572571,0.976197342077891
468,18_228_Masson_208_69_40_jpg.rf.c7b8246268cfaa3e1d31e2519a189de5.jpg,0.9630275964736938,0.9907568693161011,0.9876758654912313,0.9286916255950928,0.9821729063987732,0.9762305418650309
340,18_228_Masson_208_66_13_jpg.rf.3230556d22de229f2149c10fd3678b49.jpg,0.9631119966506958,0.9907779693603516,0.9877039988835653,0.9288486242294312,0.9822121858596802,0.9762828747431437
364,15_242_202_105_98_jpg.rf.3c1e632c3a7e3f36b9c242281bfb99de.jpg,0.9638282656669617,0.9909570813179016,0.9879427552223206,0.9301819801330566,0.9825454950332642,0.9767273267110189
355,201_9_12_57_jpg.rf.ee784b6c96d6bd245a35a918987de91a.jpg,0.9638983011245728,0.9909745454788208,0.9879661003748575,0.9303123950958252,0.9825780987739563,0.976770798365275
445,15_242_202_120_83_jpg.rf.f80e2bdd56dc15ee44fba2a1d5e8863d.jpg,0.9641855955123901,0.9910464286804199,0.9880618651707967,0.9308478832244873,0.9827119708061218,0.9769492944081625
13,18_229_Masson_202_13_29_jpg.rf.823cfc1f143df30a178dee3b3072d410.jpg,0.9646622538566589,0.9911655783653259,0.988220751285553,0.9317367076873779,0.9829341769218445,0.977245569229126
769,18_228_Masson_208_65_50_jpg.rf.1e6e923134185354fb86ddcf5f38e708.jpg,0.9649602770805359,0.9912400841712952,0.9883200923601786,0.9322929382324219,0.9830732345581055,0.9774309794108073
140,15_242_208_24_14_jpg.rf.909a645df986f51090f345b67e73d146.jpg,0.9651758074760437,0.9912939667701721,0.9883919358253479,0.9326953887939453,0.9831738471984863,0.9775651295979818
135,18_228_Masson_505_81_23_jpg.rf.42b835715addcea3bd0b1b4ddb3e83a2.jpg,0.9656072854995728,0.9914017915725708,0.9885357618331909,0.933501660823822,0.9833754301071167,0.977833886941274
540,18_228_Masson_208_66_13_jpg.rf.e9da95997a265a0578675144d3f6b2b6.jpg,0.965718150138855,0.9914295673370361,0.9885727167129517,0.9337088465690613,0.9834272265434265,0.9779029488563538
544,15_242_208_30_17_jpg.rf.ebce02013d810a1621e7fc2d5c184eb6.jpg,0.9665602445602417,0.9916400909423828,0.9888534148534139,0.9352845549583435,0.9838211536407471,0.9784281849861145
634,201_10_10_59_jpg.rf.bfcc9304d9f08a36861750f09752854d.jpg,0.9666019082069397,0.9916504621505737,0.9888673027356466,0.9353625774383545,0.9838406443595886,0.9784541924794515
470,202_0_15_50_jpg.rf.d37f9e7320f2a9425e433b0503ef8f7b.jpg,0.9666922688484192,0.9916730523109436,0.988897422949473,0.9355317950248718,0.9838829636573792,0.9785105983416239
14,18_228_Masson_505_94_31_jpg.rf.63c5c62984869b69dec8ce17fafbcb74.jpg,0.9678027629852295,0.9919506907463074,0.9892675876617432,0.9376142024993896,0.9844035506248474,0.9792047341664633
260,15_242_202_91_98_jpg.rf.62b560195e29bc18086cfc096b6ef027.jpg,0.9683554768562317,0.9920888543128967,0.9894518256187439,0.9386522769927979,0.9846630692481995,0.9795507589975992
569,18_228_Masson_505_90_28_jpg.rf.e3db8e2e18f427738c5f1f8c3948bf2b.jpg,0.9683618545532227,0.9920904636383057,0.9894539515177408,0.9386642575263977,0.9846660494804382,0.9795547525087992
73,102_1_6_44_jpg.rf.33532e15697152138f4da3253a48c572.jpg,0.9683802723884583,0.9920950531959534,0.9894600907961527,0.9386988878250122,0.9846746921539307,0.9795662959416708
26,17_228_801_69_52_jpg.rf.d5e78d739ece25fbe1882835c6c2a20f.jpg,0.9685646295547485,0.9921411275863647,0.9895215431849161,0.9390454292297363,0.9847613573074341,0.9796818097432455
388,201_2_12_23_jpg.rf.8667fd91893da94ace9586b905b51bfa.jpg,0.9686700701713562,0.9921675324440002,0.9895566900571188,0.9392435550689697,0.9848108887672424,0.9797478516896566
400,15_242_208_23_14_jpg.rf.4e8736f6b6f5824e392cb65bc090561f.jpg,0.9687929749488831,0.9921982288360596,0.9895976583162943,0.9394747614860535,0.9848687052726746,0.9798249204953512
700,18_228_Masson_505_89_36_jpg.rf.27de3dac413fd251e75bcd76f6af3b4c.jpg,0.9689663052558899,0.9922415614128113,0.9896554350852966,0.9398007988929749,0.9849501848220825,0.9799335996309916
742,15_242_202_91_98_jpg.rf.95e4f74aba4ddb6957cb279310ee4019.jpg,0.9690603613853455,0.9922651052474976,0.9896867871284485,0.9399778246879578,0.9849944710731506,0.9799926082293192
732,18_237_201_45_31_jpg.rf.dcac6f15abd2e1de6274d0a3b4e61de2.jpg,0.9693427085876465,0.9923356771469116,0.9897809028625488,0.9405092597007751,0.985127329826355,0.9801697532335917
478,15_242_208_30_17_jpg.rf.14644c78d9251521bb51f2c0365fa056.jpg,0.9697157740592957,0.9924289584159851,0.9899052580197653,0.9412119388580322,0.9853029847145081,0.9804039796193441
450,15_239_203_41_51_jpg.rf.beacec5cef720d8148473060fc649a61.jpg,0.9697647094726562,0.9924411773681641,0.9899215698242188,0.941304087638855,0.9853260517120361,0.9804346958796183
649,18_228_Masson_505_94_31_jpg.rf.29e9029dd1f6bc4a9c93e60198b36123.jpg,0.96978360414505,0.9924458861351013,0.98992786804835,0.9413397312164307,0.9853349328041077,0.9804465770721436
552,102_2_3_51_jpg.rf.20a4bf7ba3fd6af65388417b90f9d7a6.jpg,0.9698478579521179,0.9924619793891907,0.9899492859840393,0.9414608478546143,0.9853652119636536,0.9804869492848715
286,202_0_12_32_jpg.rf.8c8384ffcba416c0d17aaa2f63ab9ea1.jpg,0.969951331615448,0.9924878478050232,0.9899837772051493,0.9416557550430298,0.9854139089584351,0.9805519183476766
393,17_228_801_69_52_jpg.rf.93336e87a327125dd38da509c2a0d35a.jpg,0.9700363278388977,0.9925090670585632,0.9900121092796326,0.9418160915374756,0.9854540228843689,0.9806053638458252
379,15_242_202_115_61_jpg.rf.6208c87057a398ef0123437b3db674ad.jpg,0.970134437084198,0.9925336241722107,0.9900448123613993,0.9420010447502136,0.9855002760887146,0.9806670149167379
55,202_4_19_13_jpg.rf.40066d6e28de2a4f22da90e801ac2736.jpg,0.9704036712646484,0.9926009178161621,0.9901345570882162,0.9425089359283447,0.9856272339820862,0.9808363119761149
3,201_4_10_24_jpg.rf.e1b38ab13410b50d4bcb2712e7869f8f.jpg,0.9704701900482178,0.9926175475120544,0.9901567300160726,0.9426343441009521,0.985658586025238,0.9808781147003174
413,15_242_202_91_98_jpg.rf.d658435c6095bed72dcc0445be5db0eb.jpg,0.9705713391304016,0.9926428198814392,0.9901904463768005,0.942825198173523,0.9857063293457031,0.9809417327245077
443,18_236_303_69_32_jpg.rf.91df0bc632c7c7449cb96b501eb796e7.jpg,0.9709569215774536,0.992739200592041,0.9903189738591512,0.9435531497001648,0.9858883023262024,0.9811843832333883
197,202_0_15_50_jpg.rf.74eb16296a74eb4858e95a1c3eb22d02.jpg,0.9710174798965454,0.992754340171814,0.9903391599655151,0.9436675906181335,0.9859169125556946,0.9812225302060446
295,18_228_Masson_505_93_33_jpg.rf.e52743a202814dd4bee113786c84951c.jpg,0.9712954759597778,0.9928238391876221,0.9904318253199259,0.9441928863525391,0.9860482215881348,0.9813976287841797
28,201_1_15_10_jpg.rf.46a093208734c0db180a602cbc550ddc.jpg,0.9713265299797058,0.9928316473960876,0.990442176659902,0.9442514777183533,0.9860628843307495,0.981417159239451
608,18_228_Masson_505_80_28_jpg.rf.607a7f86dcc55419a542c29324bb2060.jpg,0.9715515375137329,0.9928878545761108,0.9905171791712443,0.9446769952774048,0.9861692190170288,0.9815589984258016
531,201_1_13_42_jpg.rf.7e10433c0558c5a1df48fa46dd95a15e.jpg,0.971575915813446,0.9928939938545227,0.9905253052711487,0.9447230100631714,0.9861807823181152,0.9815743366877238
236,15_242_208_21_20_jpg.rf.3336b513bf72f764c4ce62edbafcc23b.jpg,0.9722868204116821,0.9930716753005981,0.9907622734705607,0.9460682272911072,0.986517071723938,0.982022742430369
702,15_242_208_34_6_jpg.rf.bf3b1e53f82b26d9e6324ae8a680db5c.jpg,0.9726305603981018,0.9931576251983643,0.9908768534660339,0.9467194080352783,0.9866798520088196,0.9822398026784261
42,201_10_18_29_jpg.rf.5bc237a8c14e8148ad17a34abf04fd76.jpg,0.9729186296463013,0.9932296276092529,0.9909728765487671,0.9472654461860657,0.9868163466453552,0.9824218153953552
664,201_6_13_5_jpg.rf.92d2d678e96796f7ae177b338b87824b.jpg,0.9730117321014404,0.9932529330253601,0.9910039107004801,0.9474419355392456,0.9868605136871338,0.9824806451797485
516,201_10_8_38_jpg.rf.8c688e201358293afc55b692e0917921.jpg,0.973283052444458,0.9933207631111145,0.9910943508148193,0.9479565620422363,0.9869891405105591,0.9826521873474121
415,201_6_4_46_jpg.rf.c4a1a66e64f8e5e41f4a17e14d4c269a.jpg,0.9734756350517273,0.993368923664093,0.9911585450172424,0.9483219385147095,0.987080454826355,0.9827739795049032
610,16_224_604_92_67_jpg.rf.303fb26c0a8954a23ce78cff529923ba.jpg,0.9736304879188538,0.9934076070785522,0.9912101626396179,0.9486159682273865,0.9871540069580078,0.9828719894091288
584,102_1_6_52_jpg.rf.462028f65143f4a3e05e2a0ee65886ac.jpg,0.9739156365394592,0.9934788942337036,0.9913052121798197,0.9491574764251709,0.9872893691062927,0.9830524921417236
541,202_0_12_32_jpg.rf.8c1209d3b0ae79c674098367ba735983.jpg,0.9740189909934998,0.9935047626495361,0.9913396636644999,0.9493538737297058,0.9873384833335876,0.983117957909902
601,102_1_8_2_jpg.rf.a81a90b0ba1849e7c1422b541a620103.jpg,0.9741739630699158,0.9935435056686401,0.9913913210233053,0.9496483206748962,0.9874120950698853,0.9832161068916321
81,201_10_15_5_jpg.rf.129bcb0e7bfa1a005892b5b5e88beefd.jpg,0.9743233919143677,0.9935808181762695,0.9914411306381226,0.9499323964118958,0.9874830842018127,0.9833107988039652
262,201_7_6_45_jpg.rf.c55ac338e8a796415ae4cc81c9768846.jpg,0.9744668006896973,0.9936167001724243,0.9914889335632324,0.9502049684524536,0.987551212310791,0.9834016561508179
654,18_228_Masson_208_66_13_jpg.rf.d6fd4580007a4cb51857be85473f86e9.jpg,0.9746238589286804,0.9936559796333313,0.9915412863095602,0.9505037069320679,0.9876259565353394,0.9835012356440226
756,102_1_7_33_jpg.rf.73c7acaa3c818f678cbe702b81a29dd4.jpg,0.9746302962303162,0.9936575889587402,0.9915434320767721,0.9505159854888916,0.9876289963722229,0.9835053284962972
631,202_4_12_11_jpg.rf.5b176dbb0a7a57f9133a177331b39f8c.jpg,0.9746842980384827,0.9936710596084595,0.9915614326794943,0.9506187438964844,0.9876546859741211,0.9835395812988281
499,15_242_202_127_88_jpg.rf.2172a1b54a041d0a477ff7a11a9f2fa0.jpg,0.9750914573669434,0.9937728643417358,0.9916971524556478,0.9513936638832092,0.9878484010696411,0.9837978879610697
749,15_242_208_34_6_jpg.rf.adf5288abd380062310f816ed57c076c.jpg,0.9755235314369202,0.9938808679580688,0.99184117714564,0.952216625213623,0.9880541563034058,0.984072208404541
254,102_1_6_52_jpg.rf.9566b8d1fa4cede9e383e13186de3eab.jpg,0.9755406379699707,0.9938851594924927,0.9918468793233236,0.9522492289543152,0.98806232213974,0.9840830763181051
74,201_6_3_14_jpg.rf.75af2426d789258946cb5fd181baa20c.jpg,0.9756162166595459,0.9939040541648865,0.9918720722198486,0.9523932933807373,0.9880983233451843,0.9841310977935791
233,201_6_3_14_jpg.rf.f84b82963f7a0eccdd180a63b7b05a8a.jpg,0.9756340980529785,0.9939085245132446,0.9918780326843262,0.952427327632904,0.9881068468093872,0.9841424425443014
342,18_228_Masson_505_94_31_jpg.rf.f9426ba4311ddb65d6b2e5c32d1bf9af.jpg,0.9759454727172852,0.9939863681793213,0.9919818242390951,0.9530209898948669,0.9882552623748779,0.9843403299649557
78,18_228_Masson_208_67_41_jpg.rf.34e326dcea40d878d1fee3cbff912087.jpg,0.9760567545890808,0.9940142035484314,0.9920189181963602,0.9532332420349121,0.988308310508728,0.9844110806783041
301,201_6_3_14_jpg.rf.7a41621fbba5929a3d99f6c4da73b03e.jpg,0.9761416912078857,0.9940354228019714,0.9920472304026285,0.9533952474594116,0.9883488416671753,0.9844650824864706
359,15_242_202_134_56_jpg.rf.a4fdeb7242ef7d5060c887bb7d374f85.jpg,0.9765735864639282,0.9941433668136597,0.9921911954879761,0.9542196393013,0.9885548949241638,0.9847398797671
178,16_224_604_91_50_jpg.rf.864b9b311cb6baba9d56c16c09d35bb3.jpg,0.9765791296958923,0.9941447973251343,0.9921930432319641,0.9542302489280701,0.9885575771331787,0.9847434163093567
206,18_228_Masson_505_86_29_jpg.rf.3ddb5c013ba1fd7c3bf72cc1883e01be.jpg,0.9766392111778259,0.9941598176956177,0.9922130703926086,0.9543449878692627,0.9885862469673157,0.9847816626230875
591,18_228_Masson_505_91_30_jpg.rf.3f104d0609d3fca4b41b0b76b343c977.jpg,0.9767161011695862,0.9941790103912354,0.9922387003898621,0.9544917941093445,0.9886229634284973,0.9848305980364481
560,201_2_10_42_jpg.rf.60acfc1a80a350e82f2cf362b5be80c0.jpg,0.9768927097320557,0.9942231774330139,0.9922975699106852,0.954829216003418,0.9887073040008545,0.9849430720011393
345,18_228_Masson_505_86_24_jpg.rf.b8dfc1d4f45dea3823638226c4b83b2d.jpg,0.9769963026046753,0.9942491054534912,0.9923321008682251,0.9550272226333618,0.9887567758560181,0.9850090742111206
409,15_242_208_23_18_jpg.rf.10bc3c9b664ae5d8180c1f5ac333c60a.jpg,0.9771292209625244,0.9942823052406311,0.9923764069875082,0.955281138420105,0.9888203144073486,0.9850937128067017
56,201_2_8_41_jpg.rf.c680b52b789b364b12b1a903364aa4c4.jpg,0.9771780967712402,0.9942945241928101,0.9923926989237467,0.9553745985031128,0.9888436794281006,0.9851248661677042
199,201_4_7_29_jpg.rf.64cf7032d7651ca33da6b0b4c27ccfc8.jpg,0.9774370193481445,0.9943592548370361,0.9924790064493815,0.955869734287262,0.9889674186706543,0.9852899114290873
79,18_228_Masson_505_86_18_jpg.rf.84dcff8e131621e4308b328c7bf0a948.jpg,0.9777215123176575,0.9944303631782532,0.9925738374392191,0.956413984298706,0.9891034960746765,0.9854713280995687
487,15_242_202_115_61_jpg.rf.685a38f403a3002d67ec7acde9143baa.jpg,0.9777657985687256,0.9944414496421814,0.9925885995229086,0.9564988017082214,0.9891247153282166,0.9854996005694071
534,15_242_202_134_56_jpg.rf.ee01520f6bff927d97cdbb978352deee.jpg,0.9779254198074341,0.9944813251495361,0.992641806602478,0.9568043351173401,0.9892010688781738,0.9856014450391134
271,15_242_208_27_12_jpg.rf.03ff87e936ec788ff5843eb23dcee2e6.jpg,0.9779268503189087,0.9944816827774048,0.9926422834396362,0.9568071365356445,0.9892017841339111,0.9856023788452148
347,18_228_Masson_505_104_28_jpg.rf.e90c72cf49abd57b02d13f0190bb87ed.jpg,0.9779289364814758,0.9944822192192078,0.9926429788271586,0.9568111300468445,0.9892027974128723,0.9856037100156149
357,15_242_202_134_56_jpg.rf.64e1fcd815544b48e7c0841e7d5e2990.jpg,0.9780868291854858,0.9945217370986938,0.9926956097284952,0.9571133852005005,0.9892783164978027,0.9857044617335001
699,201_6_3_14_jpg.rf.bdf5a1ce5075aec2b13b9b2a77159dfc.jpg,0.9781931638717651,0.9945483207702637,0.9927310546239217,0.957317054271698,0.9893292784690857,0.9857723514238993
451,18_236_401_98_15_jpg.rf.b6350fef1f007ee3ba2849356fdb8bf4.jpg,0.9782150387763977,0.9945537447929382,0.9927383462587992,0.9573590159416199,0.9893397688865662,0.9857863386472067
592,201_1_15_10_jpg.rf.5c2506713788684509af9c66ec754de5.jpg,0.9784433841705322,0.9946108460426331,0.9928144613901774,0.9577965140342712,0.989449143409729,0.9859321713447571
280,201_0_15_48_jpg.rf.4afaf6471f4104f892ad7e10c5a02191.jpg,0.9784622192382812,0.9946155548095703,0.9928207397460938,0.9578326940536499,0.9894582033157349,0.9859442313512167
503,17_228_801_67_60_jpg.rf.17f3483997a74ee8cdd341a82566dd0a.jpg,0.9786025285720825,0.9946506023406982,0.9928675095240275,0.9581015706062317,0.9895253777503967,0.9860338568687439
151,18_228_Masson_505_91_30_jpg.rf.ce3c3bdd9847d458b65068a769742710.jpg,0.9786691665649414,0.9946672916412354,0.9928897221883138,0.9582293629646301,0.9895573258399963,0.9860764543215433
701,17_228_801_67_60_jpg.rf.ed3e9ec1d385994047955ecd66401818.jpg,0.9788338541984558,0.9947084784507751,0.992944618066152,0.9585452079772949,0.9896363019943237,0.9861817359924316
623,15_242_202_82_114_jpg.rf.b65af112e7c0fac6887ed778f3b48c78.jpg,0.9790927171707153,0.9947731494903564,0.9930309057235718,0.9590417742729187,0.9897604584693909,0.9863472580909729
548,202_0_12_32_jpg.rf.ba9609d9445b3b5ace445437002aabdb.jpg,0.9794434905052185,0.9948608875274658,0.9931478301684061,0.9597151279449463,0.9899287819862366,0.9865717093149821
758,201_4_7_16_jpg.rf.6e9d6eb986251ad2726d5c6d755f9787.jpg,0.9795530438423157,0.9948882460594177,0.9931843479474386,0.9599254727363586,0.9899813532829285,0.9866418242454529
269,18_228_Masson_505_89_33_jpg.rf.73a06be531e292e7de18684bbe424fd3.jpg,0.9796838760375977,0.9949209690093994,0.9932279586791992,0.9601767659187317,0.9900441765785217,0.9867255886395773
308,15_242_202_134_56_jpg.rf.ba512deb1de82f6aa23330341f84aa07.jpg,0.9796973466873169,0.9949243068695068,0.9932324488957723,0.9602026343345642,0.9900506734848022,0.9867342114448547
361,201_8_3_34_jpg.rf.89af119de58229d5ee132b85df321635.jpg,0.979833722114563,0.9949584007263184,0.993277907371521,0.9604646563529968,0.9901161789894104,0.9868215521176656
307,202_0_12_32_jpg.rf.e474a296d0324fe961e87bb4f7eb6d5b.jpg,0.979841411113739,0.994960367679596,0.9932804703712463,0.9604795575141907,0.9901198744773865,0.9868265191713969
687,15_242_202_35_94_jpg.rf.629d27adb8ce80c303cdce2fbd912800.jpg,0.9799461364746094,0.9949865341186523,0.9933153788248698,0.9606807827949524,0.9901701807975769,0.9868935942649841
485,15_242_202_134_56_jpg.rf.2ddd2b95b8403f4407072d0e1ba797cf.jpg,0.9799522757530212,0.9949880838394165,0.9933174252510071,0.9606925845146179,0.9901731610298157,0.9868975281715393
666,15_242_202_102_30_jpg.rf.cfd861b660ec8c72da3f8b8d54c8f030.jpg,0.9801356792449951,0.9950339198112488,0.9933785597483317,0.9610451459884644,0.9902613162994385,0.9870150486628214
350,18_228_Masson_208_67_41_jpg.rf.6d9abd50dfcf88d9d19ce72da5519da9.jpg,0.9801456928253174,0.9950364232063293,0.9933818976084391,0.9610643982887268,0.9902660846710205,0.9870214660962423
766,18_228_Masson_505_93_27_jpg.rf.8cb901c7a14f9b7520649fac35bfa321.jpg,0.980277419090271,0.9950693845748901,0.9934258063634237,0.9613177180290222,0.9903294444084167,0.9871059060096741
181,201_2_16_6_jpg.rf.553c35d5077a1e0d2651a6c5850c499a.jpg,0.9802996516227722,0.9950749278068542,0.9934332172075907,0.961360514163971,0.9903401136398315,0.9871201713879904
469,18_228_Masson_208_67_41_jpg.rf.ededd08a0f3c01da734cffa0582499de.jpg,0.980414867401123,0.9951037168502808,0.993471622467041,0.9615821838378906,0.9903955459594727,0.9871940612792969
490,15_242_202_35_94_jpg.rf.33250c866121fe763fe220327859ecfa.jpg,0.9805644154548645,0.9951410889625549,0.9935214718182882,0.9618698954582214,0.9904674887657166,0.9872899651527405
678,16_224_604_90_44_jpg.rf.b4ff33ec6829920d2d8af2527ae1af64.jpg,0.9808559417724609,0.9952139854431152,0.9936186472574869,0.9624311327934265,0.9906077980995178,0.9874770442644755
609,16_224_604_91_50_jpg.rf.2fc0f7e1ccfc3bb438060718c3ba1d5a.jpg,0.9808654189109802,0.9952163696289062,0.99362180630366,0.9624493718147278,0.9906123280525208,0.9874831239382426
100,201_8_14_7_jpg.rf.3aa849915960b055fa4a7cdc75065829.jpg,0.9810355305671692,0.9952588677406311,0.9936785101890564,0.9627769589424133,0.9906942248344421,0.9875923196474711
668,201_1_15_10_jpg.rf.2eec450c96805f621f698116499b6780.jpg,0.9812116026878357,0.9953029155731201,0.9937372008959452,0.9631161689758301,0.9907790422439575,0.98770538965861
736,18_228_Masson_505_83_27_jpg.rf.c389da21c63d1e8ee041ea385183cd7b.jpg,0.9812882542610168,0.995322048664093,0.993762751420339,0.9632638692855835,0.9908159971237183,0.9877546230951945
401,15_242_202_115_61_jpg.rf.656fe8eeaa1df81f968203ac15101e2b.jpg,0.9812904596328735,0.995322585105896,0.9937634865442911,0.9632681608200073,0.9908170700073242,0.9877560536066691
723,201_6_17_51_jpg.rf.5aea25df82a5dbc794e79afce8789f6a.jpg,0.9814056158065796,0.9953514337539673,0.9938018719355265,0.9634900689125061,0.9908725023269653,0.9878300229708353
291,201_5_21_51_jpg.rf.a96cc69400c29fa2f367dcb767ce04a2.jpg,0.9814484119415283,0.9953621029853821,0.9938161373138428,0.96357262134552,0.9908931255340576,0.9878575404485067
43,201_5_23_2_jpg.rf.3a5f71a4b88e866e689260d322e67b42.jpg,0.9815924763679504,0.9953981041908264,0.9938641587893168,0.9638503789901733,0.9909626245498657,0.9879501263300577
536,18_211_Masson_208_8_19_jpg.rf.4623a886b108fd96c4d79e495416c9cc.jpg,0.9816210269927979,0.9954052567481995,0.993873675664266,0.9639054536819458,0.9909763336181641,0.9879684845606486
375,15_242_202_122_90_jpg.rf.518ac0d32bd85f671ce4259a7079820e.jpg,0.9820359349250793,0.9955089688301086,0.9940119783083597,0.9647058844566345,0.9911764860153198,0.9882352948188782
708,15_242_202_56_109_jpg.rf.b3270e23c6f2363599936a52286cf5cb.jpg,0.9821220636367798,0.9955304861068726,0.9940406878789266,0.9648721218109131,0.9912180304527283,0.9882907072703043
344,15_242_202_62_116_jpg.rf.6d4be1f03733fdfd4f1a3a40d31a5a0b.jpg,0.9822271466255188,0.9955567717552185,0.9940757155418396,0.9650750160217285,0.9912687540054321,0.9883583386739095
411,201_8_14_7_jpg.rf.9e0d6f479fab2363ddd4e82d2c95af87.jpg,0.9823729991912842,0.995593249797821,0.9941243330637614,0.965356707572937,0.9913392066955566,0.9884522358576456
611,15_242_202_125_25_jpg.rf.f9fd742b1275b3ccc03f456942c0b7b8.jpg,0.9824405312538147,0.9956101179122925,0.9941468437512716,0.9654871225357056,0.991371750831604,0.9884957075119019
399,16_224_604_90_44_jpg.rf.75b3468bb54edf984c38529d53b9a31b.jpg,0.9827412962913513,0.995685338973999,0.9942470987637838,0.9660682678222656,0.9915170669555664,0.9886894226074219
475,18_211_Masson_208_8_19_jpg.rf.09f59042538dbf22cc573438bfe88852.jpg,0.9828810691833496,0.9957202672958374,0.9942936897277832,0.9663383960723877,0.9915845990180969,0.9887794653574625
553,18_211_Masson_208_8_19_jpg.rf.ff2641751ac015f5a9fb7d7aaf139633.jpg,0.9829888343811035,0.9957472085952759,0.9943296114603678,0.9665467739105225,0.9916366934776306,0.9888489246368408
425,15_242_202_50_114_jpg.rf.bd370ba59825613521354970af86fcfd.jpg,0.983237087726593,0.9958092570304871,0.994412362575531,0.9670268893241882,0.9917567372322083,0.9890089631080627
263,202_5_17_40_jpg.rf.adc1c3d2c5d387f359e981d1e92f0644.jpg,0.9834312200546265,0.995857834815979,0.9944770733515421,0.9674025177955627,0.9918506145477295,0.9891341725985209
239,15_242_202_50_114_jpg.rf.bd2d119650cea568ec75826dcb8aa234.jpg,0.9834830164909363,0.9958707690238953,0.9944943388303121,0.967502772808075,0.9918757081031799,0.989167590936025
480,15_242_202_35_94_jpg.rf.13242b0ce198ee33626b92b50b12ff55.jpg,0.9837868809700012,0.9959467053413391,0.9945956269900004,0.9680911302566528,0.9920227527618408,0.9893637100855509
407,18_211_Masson_208_8_19_jpg.rf.132b2d2ec6dd06e62fe0bc939c81d791.jpg,0.984015166759491,0.9960038065910339,0.9946717222531637,0.9685333371162415,0.9921333193778992,0.9895111123720804
547,201_6_19_35_jpg.rf.9d0bd164662a4752b9c7ff3bbf3e5f6b.jpg,0.9840517044067383,0.9960129261016846,0.9946839014689127,0.9686040878295898,0.9921510219573975,0.9895346959431967
727,16_224_604_90_44_jpg.rf.4d8e5ad41d69a18538c799f2993581b2.jpg,0.9842848777770996,0.9960712194442749,0.9947616259256998,0.9690560102462769,0.9922640323638916,0.9896853367487589
484,202_5_17_40_jpg.rf.be176543368a22a2dc032f36057e3ece.jpg,0.9846503734588623,0.9961625933647156,0.9948834578196207,0.9697648882865906,0.9924412369728088,0.9899216294288635
755,201_10_8_44_jpg.rf.b3a95bf43ccb649f46f47dc6b4a7d72d.jpg,0.9847648739814758,0.9961912035942078,0.9949216246604919,0.9699870347976685,0.9924967288970947,0.9899956782658895
505,202_4_17_56_jpg.rf.5f5b992e1f45826b3a477e8c07c22a05.jpg,0.9848040342330933,0.9962010383605957,0.9949346780776978,0.9700629711151123,0.9925157427787781,0.9900209903717041
738,201_8_14_7_jpg.rf.008087499af9f79d0f4e31a1e28b3c9a.jpg,0.9858194589614868,0.9964548349380493,0.9952731529871622,0.9720355272293091,0.9930088520050049,0.9906785090764364
336,15_242_208_27_12_jpg.rf.58194e3da2d91b6f0c2cb466acd6844e.jpg,0.9861064553260803,0.9965265989303589,0.9953688184420267,0.9725936651229858,0.9931484460830688,0.9908645550409952
7,201_2_10_42_jpg.rf.43799833a6d62a424bfe477e258c34a7.jpg,0.9862797856330872,0.9965699315071106,0.995426595211029,0.972930908203125,0.9932327270507812,0.9909769694010416
268,201_8_6_28_jpg.rf.13148c361dc528aa37b2c4c9cdea6b81.jpg,0.9866816401481628,0.9966704249382019,0.9955605467160543,0.9737133979797363,0.9934283494949341,0.9912377993265787
62,202_5_13_53_jpg.rf.3c9c894bcf525210d6bf24707df0b94c.jpg,0.9866923093795776,0.9966731071472168,0.9955641031265259,0.9737342000007629,0.9934335350990295,0.9912447333335876
707,201_8_6_28_jpg.rf.e2aeb1695758e37b279f8fd7619f2a5e.jpg,0.9872220158576965,0.9968054890632629,0.9957406719525655,0.9747664928436279,0.993691623210907,0.991588830947876
362,15_242_202_56_109_jpg.rf.ede286ca983a53538603bc57db80f38a.jpg,0.9881946444511414,0.9970486760139465,0.9960648814837137,0.9766647815704346,0.9941661953926086,0.9922215938568115
741,16_224_604_90_44_jpg.rf.fcd587904c76f200b7085bfb3897f4d7.jpg,0.9883353114128113,0.997083842754364,0.9961117704709371,0.9769396185874939,0.9942349195480347,0.9923132061958313
83,16_224_604_90_44_jpg.rf.7c010c38ee3975f9b173bf88c7a33237.jpg,0.9886329770088196,0.9971582293510437,0.9962109923362732,0.9775214791297913,0.9943803548812866,0.9925071597099304
460,15_242_202_96_111_jpg.rf.43b924905007ce062e91adedbb4d06d3.jpg,0.9890670776367188,0.9972667694091797,0.9963556925455729,0.9783706068992615,0.9945926666259766,0.9927902022997538
384,18_211_Masson_208_8_19_jpg.rf.6a875e03665f96c1e3035b5703c77c02.jpg,0.9905703663825989,0.9976425766944885,0.9968567887941996,0.981316864490509,0.9953292012214661,0.993772288163503
543,15_242_202_115_61_jpg.rf.3ca1ecec8e75bba673ccdf1469f0b0a2.jpg,0.9907583594322205,0.9976896047592163,0.9969194531440735,0.981685996055603,0.9954215288162231,0.9938953320185343
12,102_1_7_32_jpg.rf.b42c21925940161324c5e740a5a59d27.jpg,0.992936372756958,0.9982340931892395,0.9976454575856527,0.9859718084335327,0.9964929819107056,0.9953239361445109
387,18_219_208_50_7_jpg.rf.9c206cc9c51976566adb31964a912234.jpg,5.643341002836699e-11,0.75,1.0,5.643341002836699e-11,0.75,1.0
224,16_224_603_160_51_jpg.rf.8bd1b0196d14aab81ab1996f708b89d9.jpg,8.421052744012059e-11,0.75,1.0,8.421052744012059e-11,0.75,1.0
416,18_217_218_54_22_jpg.rf.5317b45b2825f45463bcf0b45ef0c9a6.jpg,1.0082677748268765e-10,0.75,1.0,1.0082677748268765e-10,0.75,1.0
527,18_211_Masson_205_111_36_jpg.rf.d62c6e2af96f59e423b0de39c8d8922e.jpg,1.1810558087077538e-10,0.75,1.0,1.1810558087077538e-10,0.75,1.0
18,18_217_212_55_2_jpg.rf.429e1a907d4fd09b0516c0cf959f6785.jpg,1.3267878462563942e-10,0.75,1.0,1.3267878462563942e-10,0.75,1.0
495,18_219_208_47_23_jpg.rf.d810af158793a9a6def617ab06576dd3.jpg,1.4048889829254563e-10,0.75,1.0,1.4048889829254563e-10,0.75,1.0
442,16_224_101_110_46_jpg.rf.d81abddbf53d16a14492824d98ee6c69.jpg,1.516300279780225e-10,0.75,1.0,1.516300279780225e-10,0.75,1.0
290,18_219_208_49_8_jpg.rf.26a93d179bb3294982c01ce7e7a41dcd.jpg,1.5332719816019136e-10,0.75,1.0,1.5332719816019136e-10,0.75,1.0
673,18_219_208_52_25_jpg.rf.01e9383a1102c9e384ce0e013dfcd7ab.jpg,2.2356359818953564e-10,0.75,1.0,2.2356359818953564e-10,0.75,1.0
457,17_209_102_6_26_jpg.rf.8474901f98f2d28915a3bcf1363dfac2.jpg,3.4940600412980416e-10,0.75,1.0,3.4940600412980416e-10,0.75,1.0
230,18_219_206_47_11_jpg.rf.8579f1db5fdbf16323f63367e7fdef60.jpg,0.0023525955621153116,0.7505881786346436,1.0,0.0011776830069720745,0.7502944469451904,1.0
108,16_224_603_160_41_jpg.rf.16d345140514dc1a1af7b2fa01bb9539.jpg,0.011019283905625343,0.752754807472229,1.0,0.005540166050195694,0.7513850331306458,1.0
558,18_217_217_62_1_jpg.rf.f3d0b4b397bdf2eefd02e85a512e50b4.jpg,0.02028105966746807,0.7550702691078186,1.0,0.010244414210319519,0.752561092376709,1.0
366,18_217_217_62_6_jpg.rf.dd40d309dbb000f607302c82566a2827.jpg,0.0434853695333004,0.7608713507652283,1.0,0.022225935012102127,0.7555564641952515,1.0
134,17_209_102_6_30_jpg.rf.ec7a893c9423a9fe8922f3e4ec021293.jpg,0.053223866969347,0.7633059620857239,1.0,0.02733949013054371,0.756834864616394,1.0
435,18_217_218_52_20_jpg.rf.1af96ac9534792faefad1703f33057e3.jpg,0.07176780700683594,0.767941951751709,1.0,0.03721948713064194,0.7593048810958862,1.0
0,17_234_212_75_30_jpg.rf.603fa53c4bbc5886d7b8fc19c7aed559.jpg,0.08966447412967682,0.7724161148071289,1.0,0.046936504542827606,0.761734127998352,1.0
58,18_217_217_51_6_jpg.rf.cbf35fe70230dbd98b899f57b71253c0.jpg,0.09242016822099686,0.7731050252914429,1.0,0.04844891279935837,0.7621122002601624,1.0
781,18_217_218_57_16_jpg.rf.8453040828a61285544f80ab328be522.jpg,0.09943661838769913,0.7748591303825378,1.0,0.05231954902410507,0.7630798816680908,1.0
595,18_217_218_52_28_jpg.rf.e264348e72524fd9bfbeb64db1f3e1d1.jpg,0.10977726429700851,0.7774443030357361,1.0,0.05807636305689812,0.7645190954208374,1.0
683,18_217_217_64_23_jpg.rf.f719b993024ad8ab816629426b394ba6.jpg,0.1703173965215683,0.7925793528556824,1.0,0.09308575838804245,0.7732714414596558,1.0
49,18_217_217_53_7_jpg.rf.90981208c4c9d68dc01dee098e37672a.jpg,0.18084964156150818,0.7952123880386353,1.0,0.09941434860229492,0.7748535871505737,1.0
75,18_217_219_70_16_jpg.rf.0fe7d114a5d9f20f09c27693babe1461.jpg,0.19412952661514282,0.7985323667526245,1.0,0.1074991375207901,0.7768747806549072,1.0
772,18_217_217_48_25_jpg.rf.6b200205edf0f71814388540c7836d0c.jpg,0.24026702344417572,0.8100667595863342,1.0,0.13653607666492462,0.784134030342102,1.0
517,18_217_218_53_3_jpg.rf.9fcdcf9a320fbe4e806a34537b75e241.jpg,0.2453157603740692,0.8113289475440979,1.0,0.13980621099472046,0.7849515676498413,1.0
397,16_224_606_183_17_jpg.rf.9dbff09ae04884e51ba929474514b246.jpg,0.2661244869232178,0.8165311217308044,1.0,0.15348534286022186,0.7883713245391846,1.0
561,18_217_218_53_4_jpg.rf.58ea5816478e1c1df6affeac5529b7dd.jpg,0.2697954773902893,0.8174488544464111,1.0,0.1559327244758606,0.788983166217804,1.0
698,16_224_603_160_52_jpg.rf.4330192f0b514c6eba2b75f6827f4138.jpg,0.27935123443603516,0.8198378086090088,1.0,0.1623522788286209,0.7905880808830261,1.0
115,18_217_218_53_28_jpg.rf.f7d51c5cb228c6ad8cde2c6bdc27aa66.jpg,0.28042155504226685,0.8201053738594055,1.0,0.1630757600069046,0.7907689213752747,1.0
636,18_217_218_53_34_jpg.rf.b1d87539886b9b5e422176393834248e.jpg,0.28577712178230286,0.8214442729949951,1.0,0.16670942306518555,0.7916773557662964,1.0
504,18_217_217_55_17_jpg.rf.617ef63e9b0b66890a091f00150dd362.jpg,0.32434359192848206,0.8310859203338623,1.0,0.1935621052980423,0.7983905076980591,1.0
31,18_211_Masson_205_111_35_jpg.rf.99ccb032588165835275ec00fb89b1fc.jpg,0.3277798891067505,0.8319449424743652,1.0,0.19601480662822723,0.7990037202835083,1.0
453,17_234_212_76_22_jpg.rf.250fcb23269f015f6acc60f0c2b0f1e6.jpg,0.35397300124168396,0.8384932279586792,1.0,0.21504689753055573,0.8037617206573486,1.0
235,18_217_218_57_18_jpg.rf.bbe787b337a3edbc78414b67361fbff3.jpg,0.3598540723323822,0.8399634957313538,1.0,0.2194036990404129,0.8048509359359741,1.0
532,18_217_217_63_7_jpg.rf.53b132bfd64c8c299e701034c128f429.jpg,0.3779425024986267,0.8444856405258179,1.0,0.2330019176006317,0.8082504868507385,1.0
479,18_217_217_53_19_jpg.rf.8e93f4fe98567006a5b49948150b2d9c.jpg,0.38065305352211,0.8451632857322693,1.0,0.2350657880306244,0.8087664246559143,1.0
313,18_217_217_48_9_jpg.rf.3348c32d8c344d26be8f15f44d887bb7.jpg,0.38517534732818604,0.8462938070297241,1.0,0.23852457106113434,0.8096311688423157,1.0
339,18_217_217_57_27_jpg.rf.8e5cf6e41877416c74fd57d6872baf48.jpg,0.3888477385044098,0.8472119569778442,1.0,0.24134761095046997,0.8103368878364563,1.0
376,18_217_218_55_22_jpg.rf.799a8ce560a882a0b3a940ad290ef4c9.jpg,0.39870262145996094,0.8496756553649902,1.0,0.24898724257946014,0.8122467994689941,1.0
266,18_217_217_48_26_jpg.rf.0599d567bc4b9f172aeb4e3a03a7b2cf.jpg,0.4010908007621765,0.8502727150917053,1.0,0.2508527636528015,0.8127132058143616,1.0
526,18_217_219_74_2_jpg.rf.fce4d9528475cbd302567ccc5646e46e.jpg,0.41060370206832886,0.8526509404182434,1.0,0.25833943486213684,0.8145848512649536,1.0
506,17_209_102_7_20_jpg.rf.4a5f66fe8e059247765f7a15a2c05d1a.jpg,0.42364680767059326,0.8559117317199707,1.0,0.26875120401382446,0.8171877861022949,1.0
117,18_217_217_56_21_jpg.rf.aa0d53e99c580c76d2e39d1b452d002e.jpg,0.42481836676597595,0.8562045693397522,1.0,0.26969486474990845,0.8174237012863159,1.0
730,18_217_218_52_19_jpg.rf.da1105a5715869b41a541300b146a345.jpg,0.42824628949165344,0.8570615649223328,1.0,0.27246397733688354,0.8181160092353821,1.0
695,16_224_603_158_48_jpg.rf.b3ff966a30e9a3d4677a6aa3325976f6.jpg,0.43127405643463135,0.8578184843063354,1.0,0.27491995692253113,0.8187299966812134,1.0
625,18_217_217_50_7_jpg.rf.3804fa2ed3f6486f4eef50f45bcc1747.jpg,0.4365599453449249,0.8591399788856506,1.0,0.27923035621643066,0.8198075890541077,1.0
61,17_209_102_9_23_jpg.rf.79d567ed1be5c18398d618d489410f9c.jpg,0.44152459502220154,0.8603811264038086,1.0,0.28330546617507935,0.8208263516426086,1.0
300,18_217_218_55_8_jpg.rf.dab0b8f915d296f12ecb81749cbca219.jpg,0.45434078574180603,0.8635851740837097,1.0,0.2939462959766388,0.8234865665435791,1.0
127,18_217_217_51_9_jpg.rf.8b96a333a8806ee79a32cfdfdc4420ba.jpg,0.4648420214653015,0.8662105202674866,1.0,0.30279749631881714,0.8256993889808655,1.0
462,17_209_102_10_16_jpg.rf.1a3a9c9b0a5b612646a08f0c76540103.jpg,0.46883389353752136,0.8672084808349609,1.0,0.3061940371990204,0.8265485167503357,1.0
729,15_242_208_199_41_jpg.rf.1902d98547fb8634117500e8b2bf7663.jpg,0.4692251980304718,0.8673062920570374,1.0,0.30652791261672974,0.8266319632530212,1.0
792,15_239_101_63_44_jpg.rf.e93b62cdee82e2b549dc314571f0aa02.jpg,0.47872576117515564,0.8696814179420471,1.0,0.3146873712539673,0.8286718130111694,1.0
523,18_217_217_60_7_jpg.rf.1ff32ef005e93184786710018aacb0a5.jpg,0.48376673460006714,0.870941698551178,1.0,0.31905823945999146,0.8297645449638367,1.0
294,18_217_217_61_2_jpg.rf.0f170802b098ea233234690027c73e56.jpg,0.48997554183006287,0.8724938631057739,1.0,0.32448187470436096,0.831120491027832,1.0
579,18_217_217_45_8_jpg.rf.7f39d6128717dbee89ce10f2b430e666.jpg,0.49404096603393555,0.8735102415084839,1.0,0.3280573785305023,0.8320143222808838,1.0
150,18_217_217_50_6_jpg.rf.950b8de4c3a353350d807eeb5aab3c0c.jpg,0.49462366104125977,0.8736559152603149,1.0,0.3285714387893677,0.8321428298950195,1.0
1,18_217_217_55_27_jpg.rf.c8c6793df4c6cec985c6a6d41de79679.jpg,0.5257217288017273,0.881430447101593,1.0,0.3565959930419922,0.839148998260498,1.0
96,18_217_217_49_32_jpg.rf.5a88b3dd4c591e4a393db5de71f6ab38.jpg,0.5427347421646118,0.8856836557388306,1.0,0.37243372201919556,0.8431084156036377,1.0
363,18_217_217_49_9_jpg.rf.d0a5df747168ea4406fbb44440743166.jpg,0.5665403008460999,0.8916350603103638,1.0,0.3952258229255676,0.8488064408302307,1.0
104,16_224_101_108_43_jpg.rf.d2a00d05cb03daf78088881bca0aa7ab.jpg,0.5717751383781433,0.892943799495697,1.0,0.40033969283103943,0.8500849008560181,1.0
424,17_209_102_9_34_jpg.rf.baa8ee94a0537dde489d5f3670955960.jpg,0.581305742263794,0.8953264355659485,1.0,0.40974703431129456,0.8524367809295654,1.0
368,18_217_217_47_13_jpg.rf.9f6c878a41b103e62a7f23006c3f0432.jpg,0.5886414051055908,0.8971603512763977,1.0,0.4170743227005005,0.8542685508728027,1.0
481,16_224_101_109_20_jpg.rf.af29368d525150f78f91e9b4a2d02026.jpg,0.6019975543022156,0.9004994034767151,1.0,0.4306126832962036,0.8576531410217285,1.0
648,18_217_217_45_13_jpg.rf.e35b2e71b246eb7c77b90a4e98baa4b5.jpg,0.6196781396865845,0.9049195051193237,1.0,0.44893741607666016,0.862234354019165,1.0
302,17_209_102_7_23_jpg.rf.8c18606c2ef97a837b4b203f3ca7c05d.jpg,0.6243366599082947,0.9060841798782349,1.0,0.4538440704345703,0.8634610176086426,1.0
764,18_217_218_56_9_jpg.rf.114d3c528c981b79debcffcfba265f55.jpg,0.6416485905647278,0.9104121327400208,1.0,0.47237303853034973,0.8680932521820068,1.0
606,18_217_217_61_3_jpg.rf.796a92d7705456e2df5f25fd30371603.jpg,0.6495089530944824,0.9123772382736206,1.0,0.48094281554222107,0.8702356815338135,1.0
305,16_224_603_161_44_jpg.rf.5c90e541b4a884a1f22c3aa60dc2c4d2.jpg,0.6628857851028442,0.9157214164733887,1.0,0.4957585632801056,0.8739396333694458,1.0
246,17_209_102_9_17_jpg.rf.988236f25cdb2814b72f026ac29a806c.jpg,0.6724130511283875,0.9181032776832581,1.0,0.5064926743507385,0.8766231536865234,1.0
145,16_224_101_109_29_jpg.rf.4a8ac32d6f131f29003516e4a810bee1.jpg,0.6751200556755066,0.9187800288200378,1.0,0.5095707178115845,0.8773926496505737,1.0
632,17_209_102_11_34_jpg.rf.ac1a87149507fb46ade463a1913f32c0.jpg,0.6791492104530334,0.9197872877120972,1.0,0.5141755938529968,0.8785439133644104,1.0
129,17_209_102_6_33_jpg.rf.992f8ad1332d3c668e7e1f7f8fbddc85.jpg,0.693609356880188,0.9234023094177246,1.0,0.5309356451034546,0.882733941078186,1.0
576,18_217_217_49_7_jpg.rf.4bbd5ee8a7b4dce0ad06e89f7cea95d3.jpg,0.6970145106315613,0.9242536425590515,1.0,0.5349364876747131,0.8837341070175171,1.0
343,17_209_102_11_21_jpg.rf.28c0c5d2af34dfb59165ebd63f2190b8.jpg,0.7141509056091309,0.9285377264022827,1.0,0.5553924441337585,0.8888481259346008,1.0
455,17_209_102_11_23_jpg.rf.19964cdd19367800b2c257ce35246f17.jpg,0.7145168781280518,0.9286292195320129,1.0,0.5558353066444397,0.8889588117599487,1.0
744,16_224_101_110_19_jpg.rf.7f66c019bc48c28a97f7c3311cdd5c0a.jpg,0.7146589756011963,0.9286647439002991,1.0,0.5560072660446167,0.8890018463134766,1.0
696,16_224_603_161_44_jpg.rf.9263b854335df74bb18a9c96a20f5af8.jpg,0.7154993414878845,0.9288748502731323,1.0,0.5570252537727356,0.8892562985420227,1.0
718,16_224_603_159_55_jpg.rf.477c984436cad49d30514937148ec4e6.jpg,0.7253402471542358,0.9313350915908813,1.0,0.569046139717102,0.8922615051269531,1.0
218,16_224_603_158_58_jpg.rf.ee67ff5e2397fd61bff46343bf9ba911.jpg,0.7260361909866333,0.9315090179443359,1.0,0.5699033141136169,0.8924758434295654,1.0
99,15_242_208_199_39_jpg.rf.f19675c00a71a7d20ae172d4f5cdd5f4.jpg,0.7372416853904724,0.9343104362487793,1.0,0.5838343501091003,0.8959586024284363,1.0
498,16_224_101_110_26_jpg.rf.9b444e51059294570611d8dc11688498.jpg,0.7380556464195251,0.9345139265060425,1.0,0.5848559141159058,0.8962140083312988,1.0
624,18_217_212_54_3_jpg.rf.f256af0e9fe72664319cf00a117e0fe3.jpg,0.7410202622413635,0.9352550506591797,1.0,0.5885879397392273,0.897146999835968,1.0
778,17_209_102_11_22_jpg.rf.3ae50bf66864202c34a8d46c8a2dd96f.jpg,0.7469561100006104,0.9367390275001526,1.0,0.5961132645606995,0.8990283012390137,1.0
628,16_224_603_159_55_jpg.rf.62048ecda8a3e6afe60b0e1547e27e3f.jpg,0.7502738833427429,0.9375684857368469,1.0,0.6003506779670715,0.9000876545906067,1.0
613,17_209_102_11_22_jpg.rf.77568e8dd19ab7b8792d4b62d3ef746e.jpg,0.7514176964759827,0.9378544092178345,1.0,0.601816713809967,0.9004541635513306,1.0
520,17_209_102_11_22_jpg.rf.daf745bade31695fa013a5b013e4f769.jpg,0.7537029981613159,0.9384257793426514,1.0,0.6047539114952087,0.9011884927749634,1.0
549,16_224_603_159_55_jpg.rf.caecde1950849a8748c12850e9a120d6.jpg,0.7556059956550598,0.9389014840126038,1.0,0.6072079539299011,0.9018020033836365,1.0
227,15_242_208_199_42_jpg.rf.b17279e6ef331b749a0126e95379b2a1.jpg,0.7596652507781982,0.9399163126945496,1.0,0.6124679446220398,0.9031170010566711,1.0
232,16_224_603_161_44_jpg.rf.49728fe0e2b7fb22f71ffa09021db42d.jpg,0.7700491547584534,0.9425122737884521,1.0,0.6260812282562256,0.9065203070640564,1.0
502,15_242_208_199_38_jpg.rf.58ff86a364973bbe33b902164f919021.jpg,0.7755007147789001,0.9438751935958862,1.0,0.6333206295967102,0.9083301424980164,1.0
750,16_224_101_111_26_jpg.rf.2e167dc39fb1e603acc33b9970a64cf5.jpg,0.7944492101669312,0.9486123323440552,1.0,0.6589927077293396,0.9147481918334961,1.0
420,18_217_219_75_13_jpg.rf.cabf9dba39991e4b8ba3d5026c187cd5.jpg,0.7963311672210693,0.9490827918052673,1.0,0.661586582660675,0.9153966307640076,1.0
261,15_239_101_65_76_jpg.rf.ea9a0da83a8ca11a725a4576c49526d2.jpg,0.7990393042564392,0.949759840965271,1.0,0.6653334498405457,0.9163333773612976,1.0
25,17_209_102_10_36_jpg.rf.9a6338ed72a065b235de9818be883764.jpg,0.8000169396400452,0.9500042200088501,1.0,0.6666901707649231,0.9166725277900696,1.0
315,18_217_218_53_20_jpg.rf.02f067d2a003dd16d4b61f8ef4316c1d.jpg,0.8014187812805176,0.9503546953201294,1.0,0.6686395406723022,0.917159914970398,1.0
144,15_239_101_63_67_jpg.rf.4f61b53e2ecb714c05102e0381a19268.jpg,0.8101103901863098,0.9525275826454163,1.0,0.6808281540870667,0.9202070236206055,1.0
196,17_209_102_10_32_jpg.rf.62a813f55ba17efffc041eba3f3901d3.jpg,0.8212370276451111,0.955309271812439,1.0,0.6966939568519592,0.9241734743118286,1.0
564,16_224_603_162_39_jpg.rf.ad49d95e507da53b6b9a4d89d1fbf18f.jpg,0.822713315486908,0.9556783437728882,1.0,0.6988216042518616,0.9247053861618042,1.0
530,15_242_208_199_42_jpg.rf.21a2f1e20847ece364744b4ee741a355.jpg,0.8245987892150879,0.956149697303772,1.0,0.7015466094017029,0.9253866672515869,1.0
85,17_209_102_11_21_jpg.rf.a4260b9f7afe02f3957d1ab7dbe0c7d0.jpg,0.8264617919921875,0.9566154479980469,1.0,0.7042478322982788,0.9260619878768921,1.0
454,17_209_102_10_32_jpg.rf.25750667ffd9916eeca5792ffa4d82e9.jpg,0.8264990448951721,0.9566247463226318,1.0,0.7043020129203796,0.9260755181312561,1.0
587,17_209_102_6_33_jpg.rf.0536a57cf23acc0987d1915c271fe343.jpg,0.8332059383392334,0.9583014845848083,1.0,0.7140985727310181,0.9285246133804321,1.0
763,17_209_102_11_21_jpg.rf.38a3c1baa0b7f0dc17ca6f731251e981.jpg,0.8357976675033569,0.9589494466781616,1.0,0.7179144620895386,0.929478645324707,1.0
212,16_224_603_158_40_jpg.rf.e3d83becffaa7e5ec17a3807b0e68d55.jpg,0.8376243710517883,0.9594060778617859,1.0,0.7206141948699951,0.9301535487174988,1.0
310,16_224_101_112_11_jpg.rf.2d3e4de0777f93fa7d508c963455a454.jpg,0.8438683748245239,0.9609670639038086,1.0,0.7299068570137024,0.9324766993522644,1.0
751,17_209_102_11_22_jpg.rf.80e2d0c4bfb7acc11be55c867a7d4ea2.jpg,0.8462508320808411,0.9615626931190491,1.0,0.7334790229797363,0.9333697557449341,1.0
391,17_209_102_11_22_jpg.rf.ce2c67d1606716f6dad4f465f40c0a47.jpg,0.8499919772148132,0.9624980092048645,1.0,0.7391182780265808,0.9347795844078064,1.0
190,17_209_102_10_32_jpg.rf.47db37530984855dd7a6f47df7618db3.jpg,0.851284921169281,0.9628212451934814,1.0,0.7410757541656494,0.9352689385414124,1.0
126,15_242_208_198_53_jpg.rf.9476f7b2110833c0c81eeb0eb001e9b0.jpg,0.8539817333221436,0.9634954333305359,1.0,0.7451728582382202,0.9362932443618774,1.0
6,17_209_102_11_28_jpg.rf.801b14638ae82ccda6e533ef97074e0c.jpg,0.8566133379936218,0.9641533493995667,1.0,0.7491896152496338,0.9372974038124084,1.0
733,15_239_101_65_50_jpg.rf.1fdf31d152a6ad0d28f92ae2fa49a405.jpg,0.861636221408844,0.9654090404510498,1.0,0.7569076418876648,0.9392269253730774,1.0
418,15_239_101_65_76_jpg.rf.d135a4794c22389c7b30a8e316307d3c.jpg,0.8643231987953186,0.9660807847976685,1.0,0.7610644102096558,0.9402661323547363,1.0
713,15_239_101_65_66_jpg.rf.88e732a0717d32ea75772a268798a236.jpg,0.8679336905479431,0.966983437538147,1.0,0.766680896282196,0.9416702389717102,1.0
107,17_209_102_6_28_jpg.rf.0a45be925b6ee7209cfb6e2db252ec9d.jpg,0.8689327239990234,0.9672331809997559,1.0,0.7682413458824158,0.9420603513717651,1.0
220,15_239_101_64_71_jpg.rf.5bee8e2f24a077a3e3a6cf15ac80acbd.jpg,0.8703467845916748,0.9675866961479187,1.0,0.7704548239707947,0.9426137208938599,1.0
529,15_242_208_199_44_jpg.rf.0f0ecf8790cd86c9d55768b6b3bcd66c.jpg,0.8731693029403687,0.9682923555374146,1.0,0.7748894691467285,0.9437223672866821,1.0
152,16_224_603_157_55_jpg.rf.6daa233f6b629748754644d55ca8eabc.jpg,0.8736128211021423,0.9684032201766968,1.0,0.77558833360672,0.9438970685005188,1.0
507,16_224_603_162_39_jpg.rf.90a710ad1582c57b745d02e0ba90a54c.jpg,0.8738521933555603,0.9684630632400513,1.0,0.7759657502174377,0.9439914226531982,1.0
371,15_239_101_65_76_jpg.rf.964172b93413f55d9a76b5e7b59eff44.jpg,0.8744170665740967,0.9686042666435242,1.0,0.7768570780754089,0.9442142844200134,1.0
87,15_242_208_199_42_jpg.rf.a90f85295d97729fc1aa5b5d8450eec5.jpg,0.8751171827316284,0.9687793254852295,1.0,0.7779629826545715,0.9444907307624817,1.0
253,16_224_101_110_13_jpg.rf.2830af28944ac3eaa8bf2a545d6feade.jpg,0.877240777015686,0.9693101644515991,1.0,0.7813258171081543,0.9453314542770386,1.0
69,17_209_102_16_16_jpg.rf.96d3d9a8125b88eaf21759b965cf7af0.jpg,0.8792733550071716,0.9698183536529541,1.0,0.7845564484596252,0.9461390972137451,1.0
243,17_209_102_11_34_jpg.rf.73fa98019d7952a1ff1946b9ee2457ca.jpg,0.8829975724220276,0.9707493782043457,1.0,0.7905063629150391,0.9476265907287598,1.0
272,16_224_101_111_30_jpg.rf.046838bee1d52e94b41292ad7c9b763a.jpg,0.883012592792511,0.9707531332969666,1.0,0.7905304431915283,0.9476326107978821,1.0
119,17_209_102_6_33_jpg.rf.6943f51d41a117219408a978ca1f2807.jpg,0.8838653564453125,0.9709663391113281,1.0,0.7918985486030579,0.9479746222496033,1.0
283,15_242_208_198_53_jpg.rf.7eda18b8c56e32545d8947f5dd29860a.jpg,0.8853439688682556,0.9713360071182251,1.0,0.7942754626274109,0.9485688805580139,1.0
255,15_239_101_65_50_jpg.rf.80317bf1d47bc9717140ac33cc98f72d.jpg,0.8879403471946716,0.9719851016998291,1.0,0.7984646558761597,0.9496161937713623,1.0
169,16_224_101_112_18_jpg.rf.a7cdf5d66530ec11c3376401bb2a6468.jpg,0.8916661143302917,0.9729165434837341,1.0,0.8045103549957275,0.9511275887489319,1.0
63,17_234_212_75_34_jpg.rf.166c54033b7d5872acb78021a22d0427.jpg,0.89290851354599,0.9732271432876587,1.0,0.8065354824066162,0.951633870601654,1.0
590,16_224_101_111_26_jpg.rf.2bd4570b0168232e1540594326d0200e.jpg,0.8972787261009216,0.9743196964263916,1.0,0.813694953918457,0.9534237384796143,1.0
162,15_239_101_63_44_jpg.rf.3eea2a9b242b8b715dbfa14c3c1f9c97.jpg,0.8988509774208069,0.9747127294540405,1.0,0.8162845969200134,0.9540711641311646,1.0
346,15_239_101_64_71_jpg.rf.4dd378867354146a56e5f691936df235.jpg,0.8994008302688599,0.9748501777648926,1.0,0.817192018032074,0.9542980194091797,1.0
369,18_211_Masson_205_111_9_jpg.rf.75f778c48016a5a847b6b493a8700e9f.jpg,0.9011678695678711,0.9752919673919678,1.0,0.8201141953468323,0.9550285339355469,1.0
456,16_224_603_158_45_jpg.rf.2a6f7bb6b9400a320756a73de3acf72d.jpg,0.901452898979187,0.9753632545471191,1.0,0.8205865025520325,0.9551466107368469,1.0
226,15_239_101_65_46_jpg.rf.6b551d42665304cd50be29d465877f5e.jpg,0.904236376285553,0.976059079170227,1.0,0.8252111077308655,0.9563027620315552,1.0
93,17_209_102_10_16_jpg.rf.aa2b6f3fb9e6b5f6407434cc6ff9e54f.jpg,0.9059521555900574,0.9764880537986755,1.0,0.8280736207962036,0.9570183753967285,1.0
352,15_242_208_199_37_jpg.rf.efcae20b6d4d5751e268ad8bc4a5533b.jpg,0.9061360359191895,0.9765340089797974,1.0,0.8283808827400208,0.957095205783844,1.0
228,17_209_102_16_16_jpg.rf.8fd4d6e648491eeb91263680c6bc788c.jpg,0.9070006608963013,0.9767501354217529,1.0,0.8298272490501404,0.9574568271636963,1.0
133,16_224_101_111_36_jpg.rf.156e13543ff7995cf8839f96edc95b15.jpg,0.9193828701972961,0.9798457026481628,1.0,0.85079425573349,0.9626985788345337,1.0
737,16_224_101_111_30_jpg.rf.81cc11869cb2442214fa1e40536ee101.jpg,0.9215907454490662,0.9803977012634277,1.0,0.8545834422111511,0.963645875453949,1.0
195,15_239_101_63_44_jpg.rf.e763fbeb0a44b88dc27cafc6485e9339.jpg,0.921808123588562,0.9804520606994629,1.0,0.8549573421478271,0.9637393355369568,1.0
143,15_242_208_198_53_jpg.rf.5bac7f5fcccf18965e226bf90f51c2fd.jpg,0.9233649373054504,0.9808412194252014,1.0,0.8576396703720093,0.9644099473953247,1.0
776,15_239_101_63_74_jpg.rf.3e6ad2d0884a846975939d086330e856.jpg,0.9241464734077454,0.9810366034507751,1.0,0.8589891195297241,0.9647473096847534,1.0
607,17_jpg.rf.b1f4635e0a0a19829570681f8299fda5.jpg,0.9255090355873108,0.9813772439956665,1.0,0.8613464832305908,0.9653366208076477,1.0
663,15_239_101_64_44_jpg.rf.61bf5be5068c258869297acd54ae3a69.jpg,0.9277431964874268,0.9819357991218567,1.0,0.8652248382568359,0.966306209564209,1.0
739,16_224_603_159_40_jpg.rf.3d9733bc207bd052d6a4bfd2e2f9bf26.jpg,0.9299013614654541,0.9824753403663635,1.0,0.8689866065979004,0.9672466516494751,1.0
192,16_224_101_109_32_jpg.rf.c63723c67e6d5b6d1ead70be81b290b8.jpg,0.9335206151008606,0.983380138874054,1.0,0.8753292560577393,0.9688323140144348,1.0
121,15_239_101_65_50_jpg.rf.948c298966c0323e4c41a12a92320132.jpg,0.9338788986206055,0.9834697246551514,1.0,0.8759594559669495,0.9689898490905762,1.0
45,16_224_101_110_13_jpg.rf.9239ad6dc5b6a533d9107358986b2f77.jpg,0.9341257214546204,0.9835314154624939,1.0,0.8763939738273621,0.9690985083580017,1.0
33,15_239_101_65_66_jpg.rf.a5b895ca1588000b5e3bf16d1341cac3.jpg,0.9349758625030518,0.9837439656257629,1.0,0.8778917193412781,0.9694729447364807,1.0
770,15_239_101_63_52_jpg.rf.0582b6dbaf402b8f64126bcf9ae2f529.jpg,0.9365408420562744,0.9841352105140686,1.0,0.8806552290916443,0.9701638221740723,1.0
621,15_239_101_65_68_jpg.rf.6e6d30a852d5056b6e9bbe7e165a0274.jpg,0.941301703453064,0.9853254556655884,1.0,0.8891122937202454,0.9722780585289001,1.0
137,15_239_101_64_67_jpg.rf.9f8b855b9e42051ada242a6fc11f6b57.jpg,0.9425482749938965,0.9856370687484741,1.0,0.8913393020629883,0.9728348255157471,1.0
234,15_239_101_64_59_jpg.rf.528b85e2cf12e15a4fba8ce65c40f1da.jpg,0.9425979256629944,0.9856494665145874,1.0,0.8914281725883484,0.9728570580482483,1.0
34,15_239_101_63_44_jpg.rf.d6578a85c79e69168749dd924d5b49ee.jpg,0.9437614679336548,0.9859403371810913,1.0,0.8935116529464722,0.9733779430389404,1.0
483,15_239_101_64_44_jpg.rf.27304cd539893252dc1fba0b7e80c566.jpg,0.9451704621315002,0.9862926006317139,1.0,0.8960409164428711,0.9740102291107178,1.0
777,15_239_101_64_44_jpg.rf.31ac2b5d294c304016c2c43a5238e63d.jpg,0.9471099376678467,0.9867774844169617,1.0,0.8995335102081299,0.9748833775520325,1.0
176,15_239_101_64_67_jpg.rf.ef19131b06c127cadd2a0e18a716c30c.jpg,0.9489908814430237,0.9872477054595947,1.0,0.9029330611228943,0.9757332801818848,1.0
