split,image_file,mask_file,keep,status,review_records,manual_error_types,gt_reliable_values,suggest_fix_label_values,notes
train,102_1_6_52_jpg.rf.513c2413f01fb7c5ebbe58ab5ddc677c.jpg,102_1_6_52_jpg.rf.513c2413f01fb7c5ebbe58ab5ddc677c.npz,True,unreviewed_kept,0,,,,
train,102_1_7_32_jpg.rf.ac4ae3c259e48a3bc0c9d0f8c4075a66.jpg,102_1_7_32_jpg.rf.ac4ae3c259e48a3bc0c9d0f8c4075a66.npz,True,unreviewed_kept,0,,,,
train,102_1_7_33_jpg.rf.ceb1f30ea55c599f4ed0f6130a3d5517.jpg,102_1_7_33_jpg.rf.ceb1f30ea55c599f4ed0f6130a3d5517.npz,True,unreviewed_kept,0,,,,
train,102_1_8_2_jpg.rf.22de604d9ef667bd70916c3e17c22179.jpg,102_1_8_2_jpg.rf.22de604d9ef667bd70916c3e17c22179.npz,True,unreviewed_kept,0,,,,
train,102_1_8_41_jpg.rf.fc5ea724e48e5cda16f3031715e160a0.jpg,102_1_8_41_jpg.rf.fc5ea724e48e5cda16f3031715e160a0.npz,True,unreviewed_kept,0,,,,
train,102_1_8_49_jpg.rf.822770b5c61a82b6e55166ae940b5fd4.jpg,102_1_8_49_jpg.rf.822770b5c61a82b6e55166ae940b5fd4.npz,True,unreviewed_kept,0,,,,
train,102_2_0_16_jpg.rf.740f02b97431b0abe7944312a48ab0ad.jpg,102_2_0_16_jpg.rf.740f02b97431b0abe7944312a48ab0ad.npz,True,unreviewed_kept,0,,,,
train,102_2_1_14_jpg.rf.d1015ee12b8692d520e04f6da26d2edd.jpg,102_2_1_14_jpg.rf.d1015ee12b8692d520e04f6da26d2edd.npz,True,unreviewed_kept,0,,,,
train,102_2_1_64_jpg.rf.aabc04efab2e50ae995efad5a0bd57be.jpg,102_2_1_64_jpg.rf.aabc04efab2e50ae995efad5a0bd57be.npz,True,unreviewed_kept,0,,,,
train,102_2_3_51_jpg.rf.9be891328a9284d39311896ef006636f.jpg,102_2_3_51_jpg.rf.9be891328a9284d39311896ef006636f.npz,True,unreviewed_kept,0,,,,
train,102_2_6_53_jpg.rf.fecc7f9c945bada1d582999773bbec57.jpg,102_2_6_53_jpg.rf.fecc7f9c945bada1d582999773bbec57.npz,True,unreviewed_kept,0,,,,
train,104_6_3_47_jpg.rf.71c04698a1bb9c24accc597374be396d.jpg,104_6_3_47_jpg.rf.71c04698a1bb9c24accc597374be396d.npz,True,unreviewed_kept,0,,,,
train,111_1_13_14_jpg.rf.d9a9af4304a895101d11c66600069fb1.jpg,111_1_13_14_jpg.rf.d9a9af4304a895101d11c66600069fb1.npz,True,unreviewed_kept,0,,,,
train,111_1_13_6_jpg.rf.9d29a248e49ce2bde9666d006c55a9b4.jpg,111_1_13_6_jpg.rf.9d29a248e49ce2bde9666d006c55a9b4.npz,True,unreviewed_kept,0,,,,
train,15_239_101_63_44_jpg.rf.e93b62cdee82e2b549dc314571f0aa02.jpg,15_239_101_63_44_jpg.rf.e93b62cdee82e2b549dc314571f0aa02.npz,True,unreviewed_kept,0,,,,
train,15_239_101_63_67_jpg.rf.7d53e84205b0b41b017f2d936bc70532.jpg,15_239_101_63_67_jpg.rf.7d53e84205b0b41b017f2d936bc70532.npz,True,unreviewed_kept,0,,,,
train,15_239_101_63_74_jpg.rf.20c568ec32eb4037fef7909b5ed746a1.jpg,15_239_101_63_74_jpg.rf.20c568ec32eb4037fef7909b5ed746a1.npz,True,unreviewed_kept,0,,,,
train,15_239_101_63_77_jpg.rf.67f29bbdf8a213e78a091c470ecc0f03.jpg,15_239_101_63_77_jpg.rf.67f29bbdf8a213e78a091c470ecc0f03.npz,True,unreviewed_kept,0,,,,
train,15_239_101_64_44_jpg.rf.2f9c61a1306158dd7b00b18904ebc919.jpg,15_239_101_64_44_jpg.rf.2f9c61a1306158dd7b00b18904ebc919.npz,True,unreviewed_kept,0,,,,
train,15_239_101_64_46_jpg.rf.c36e9ec4095d644afb66bef2d718ca25.jpg,15_239_101_64_46_jpg.rf.c36e9ec4095d644afb66bef2d718ca25.npz,True,unreviewed_kept,0,,,,
train,15_239_101_64_59_jpg.rf.6330ad0059b580060d646382fa9bdb4b.jpg,15_239_101_64_59_jpg.rf.6330ad0059b580060d646382fa9bdb4b.npz,True,unreviewed_kept,0,,,,
train,15_239_101_64_67_jpg.rf.8a7c2085ad8b38e87dcd423af1a8479f.jpg,15_239_101_64_67_jpg.rf.8a7c2085ad8b38e87dcd423af1a8479f.npz,True,unreviewed_kept,0,,,,
train,15_239_101_64_71_jpg.rf.cae284ab3fe9336007946cdd3390188d.jpg,15_239_101_64_71_jpg.rf.cae284ab3fe9336007946cdd3390188d.npz,True,unreviewed_kept,0,,,,
train,15_239_101_65_50_jpg.rf.4223e8b2ca30a6d27fa7ff7e487147c2.jpg,15_239_101_65_50_jpg.rf.4223e8b2ca30a6d27fa7ff7e487147c2.npz,True,unreviewed_kept,0,,,,
train,15_239_101_65_66_jpg.rf.e1bc3e6312c8371c939c33afc7a77a97.jpg,15_239_101_65_66_jpg.rf.e1bc3e6312c8371c939c33afc7a77a97.npz,True,unreviewed_kept,0,,,,
train,15_239_101_65_68_jpg.rf.ec568ee68944efc12d2697b2702b6874.jpg,15_239_101_65_68_jpg.rf.ec568ee68944efc12d2697b2702b6874.npz,True,unreviewed_kept,0,,,,
train,15_239_101_65_74_jpg.rf.1c8ee54f7e2e246695221d0bd03789d8.jpg,15_239_101_65_74_jpg.rf.1c8ee54f7e2e246695221d0bd03789d8.npz,True,unreviewed_kept,0,,,,
train,15_239_101_65_76_jpg.rf.57b91e1a4ee3a8e0e06d3be8c8833b18.jpg,15_239_101_65_76_jpg.rf.57b91e1a4ee3a8e0e06d3be8c8833b18.npz,True,unreviewed_kept,0,,,,
train,15_239_203_35_26_jpg.rf.138a8c26d47c905b918aaaaaea0221f4.jpg,15_239_203_35_26_jpg.rf.138a8c26d47c905b918aaaaaea0221f4.npz,True,unreviewed_kept,0,,,,
train,15_239_203_35_58_jpg.rf.6c4a51026fedaaf80e739ed3289589ff.jpg,15_239_203_35_58_jpg.rf.6c4a51026fedaaf80e739ed3289589ff.npz,True,unreviewed_kept,0,,,,
train,15_239_203_36_57_jpg.rf.eaaf83e78e91dfe4c3897a950e07e375.jpg,15_239_203_36_57_jpg.rf.eaaf83e78e91dfe4c3897a950e07e375.npz,True,unreviewed_kept,0,,,,
train,15_239_203_38_51_jpg.rf.4c9d82bb849fead6bb6d7a7a91a6999d.jpg,15_239_203_38_51_jpg.rf.4c9d82bb849fead6bb6d7a7a91a6999d.npz,True,unreviewed_kept,0,,,,
train,15_239_203_38_56_jpg.rf.4361290d71f49b30b3ae5abebb02eb9a.jpg,15_239_203_38_56_jpg.rf.4361290d71f49b30b3ae5abebb02eb9a.npz,True,unreviewed_kept,0,,,,
train,15_239_203_39_54_jpg.rf.76d19c0570544e8827773cf5538778e4.jpg,15_239_203_39_54_jpg.rf.76d19c0570544e8827773cf5538778e4.npz,True,unreviewed_kept,0,,,,
train,15_239_203_40_52_jpg.rf.6d12b5fe52f75880bf27385bdac24642.jpg,15_239_203_40_52_jpg.rf.6d12b5fe52f75880bf27385bdac24642.npz,True,unreviewed_kept,0,,,,
train,15_239_203_40_55_jpg.rf.2cdf3e087b931d7b153744efb87b162e.jpg,15_239_203_40_55_jpg.rf.2cdf3e087b931d7b153744efb87b162e.npz,True,unreviewed_kept,0,,,,
train,15_239_203_41_58_jpg.rf.d3387d3537ab325ca20e8d3ce43a49ff.jpg,15_239_203_41_58_jpg.rf.d3387d3537ab325ca20e8d3ce43a49ff.npz,True,unreviewed_kept,0,,,,
train,15_242_201_56_20_jpg.rf.16268cfb4145c8d25f3dae28365439e0.jpg,15_242_201_56_20_jpg.rf.16268cfb4145c8d25f3dae28365439e0.npz,True,unreviewed_kept,0,,,,
train,15_242_202_102_30_jpg.rf.86fdfb74a403c701fafa910f8872c1eb.jpg,15_242_202_102_30_jpg.rf.86fdfb74a403c701fafa910f8872c1eb.npz,True,unreviewed_kept,0,,,,
train,15_242_202_102_45_jpg.rf.32300fc0a07d6b23a66e1f18e9412573.jpg,15_242_202_102_45_jpg.rf.32300fc0a07d6b23a66e1f18e9412573.npz,True,unreviewed_kept,0,,,,
train,15_242_202_103_58_jpg.rf.c1757ab52432f0e686ce544d2fab2e90.jpg,15_242_202_103_58_jpg.rf.c1757ab52432f0e686ce544d2fab2e90.npz,True,unreviewed_kept,0,,,,
train,15_242_202_105_98_jpg.rf.3c1e632c3a7e3f36b9c242281bfb99de.jpg,15_242_202_105_98_jpg.rf.3c1e632c3a7e3f36b9c242281bfb99de.npz,True,unreviewed_kept,0,,,,
train,15_242_202_107_108_jpg.rf.47deb444dcacdf3142f7056298cadf3b.jpg,15_242_202_107_108_jpg.rf.47deb444dcacdf3142f7056298cadf3b.npz,True,unreviewed_kept,0,,,,
train,15_242_202_108_52_jpg.rf.18ec420c385bc735fc5f8eda17a04775.jpg,15_242_202_108_52_jpg.rf.18ec420c385bc735fc5f8eda17a04775.npz,True,unreviewed_kept,0,,,,
train,15_242_202_115_36_jpg.rf.8585d9d9a39948341eb7d08fcf8a1a09.jpg,15_242_202_115_36_jpg.rf.8585d9d9a39948341eb7d08fcf8a1a09.npz,True,unreviewed_kept,0,,,,
train,15_242_202_115_60_jpg.rf.49f9af5afaf8c90192b8694de4d4449e.jpg,15_242_202_115_60_jpg.rf.49f9af5afaf8c90192b8694de4d4449e.npz,True,unreviewed_kept,0,,,,
train,15_242_202_115_75_jpg.rf.cfad64769910d24d80cb84574f767b04.jpg,15_242_202_115_75_jpg.rf.cfad64769910d24d80cb84574f767b04.npz,True,unreviewed_kept,0,,,,
train,15_242_202_120_83_jpg.rf.f80e2bdd56dc15ee44fba2a1d5e8863d.jpg,15_242_202_120_83_jpg.rf.f80e2bdd56dc15ee44fba2a1d5e8863d.npz,True,unreviewed_kept,0,,,,
train,15_242_202_122_89_jpg.rf.6362a1293e7fed23b4a1a99ddaaf6aba.jpg,15_242_202_122_89_jpg.rf.6362a1293e7fed23b4a1a99ddaaf6aba.npz,True,unreviewed_kept,0,,,,
train,15_242_202_123_91_jpg.rf.c12a75ccc80e421a6bdeaadd3dc6f401.jpg,15_242_202_123_91_jpg.rf.c12a75ccc80e421a6bdeaadd3dc6f401.npz,True,unreviewed_kept,0,,,,
train,15_242_202_123_92_jpg.rf.bea6475666252b2c26671bacc059d295.jpg,15_242_202_123_92_jpg.rf.bea6475666252b2c26671bacc059d295.npz,True,unreviewed_kept,0,,,,
train,15_242_202_130_19_jpg.rf.5db416a157ca5d24c52e8c99963e4bbd.jpg,15_242_202_130_19_jpg.rf.5db416a157ca5d24c52e8c99963e4bbd.npz,True,unreviewed_kept,0,,,,
train,15_242_202_130_27_jpg.rf.2fd3960f239c578d07c8a476ab97413c.jpg,15_242_202_130_27_jpg.rf.2fd3960f239c578d07c8a476ab97413c.npz,True,unreviewed_kept,0,,,,
train,15_242_202_130_63_jpg.rf.cdc4b10d314a31620ff6fcaa3e612a5e.jpg,15_242_202_130_63_jpg.rf.cdc4b10d314a31620ff6fcaa3e612a5e.npz,True,unreviewed_kept,0,,,,
train,15_242_202_134_52_jpg.rf.e1fe88c84b03583ab16d7d509bfe5a5b.jpg,15_242_202_134_52_jpg.rf.e1fe88c84b03583ab16d7d509bfe5a5b.npz,True,unreviewed_kept,0,,,,
train,15_242_202_139_40_jpg.rf.64884bf0b806707579dfb818f660f29d.jpg,15_242_202_139_40_jpg.rf.64884bf0b806707579dfb818f660f29d.npz,True,unreviewed_kept,0,,,,
train,15_242_202_143_66_jpg.rf.ed5144f91cd8ed6d78ab53e756b455a6.jpg,15_242_202_143_66_jpg.rf.ed5144f91cd8ed6d78ab53e756b455a6.npz,True,unreviewed_kept,0,,,,
train,15_242_202_151_34_jpg.rf.e97d23dbc64e33001bf92876d58f9c75.jpg,15_242_202_151_34_jpg.rf.e97d23dbc64e33001bf92876d58f9c75.npz,True,unreviewed_kept,0,,,,
train,15_242_202_165_10_jpg.rf.b0312b353591148989f39565f0e85bd2.jpg,15_242_202_165_10_jpg.rf.b0312b353591148989f39565f0e85bd2.npz,True,unreviewed_kept,0,,,,
train,15_242_202_167_26_jpg.rf.1be4d206213297776f06c536498d1f72.jpg,15_242_202_167_26_jpg.rf.1be4d206213297776f06c536498d1f72.npz,True,unreviewed_kept,0,,,,
train,15_242_202_168_26_jpg.rf.c83e081a84e8bc6604a627405caf7892.jpg,15_242_202_168_26_jpg.rf.c83e081a84e8bc6604a627405caf7892.npz,True,unreviewed_kept,0,,,,
train,15_242_202_16_128_jpg.rf.6a67b5ea53555fdf178f03721707ee32.jpg,15_242_202_16_128_jpg.rf.6a67b5ea53555fdf178f03721707ee32.npz,True,unreviewed_kept,0,,,,
train,15_242_202_21_88_jpg.rf.99619f32bc9c1f82bebd93bc12cd8036.jpg,15_242_202_21_88_jpg.rf.99619f32bc9c1f82bebd93bc12cd8036.npz,True,unreviewed_kept,0,,,,
train,15_242_202_22_85_jpg.rf.f4e824b331b3051f153a227f69291f1e.jpg,15_242_202_22_85_jpg.rf.f4e824b331b3051f153a227f69291f1e.npz,True,unreviewed_kept,0,,,,
train,15_242_202_23_130_jpg.rf.ad90ec511f9873fb76f4eedd97a32f85.jpg,15_242_202_23_130_jpg.rf.ad90ec511f9873fb76f4eedd97a32f85.npz,True,unreviewed_kept,0,,,,
train,15_242_202_38_76_jpg.rf.a849953af12ab94d41220d42182b08a1.jpg,15_242_202_38_76_jpg.rf.a849953af12ab94d41220d42182b08a1.npz,True,unreviewed_kept,0,,,,
train,15_242_202_4_100_jpg.rf.acaa12de19934e0e688c853a1331d5c6.jpg,15_242_202_4_100_jpg.rf.acaa12de19934e0e688c853a1331d5c6.npz,True,unreviewed_kept,0,,,,
train,15_242_202_51_117_jpg.rf.b9fcd0da030f2f7302d14597ab2c91fa.jpg,15_242_202_51_117_jpg.rf.b9fcd0da030f2f7302d14597ab2c91fa.npz,True,unreviewed_kept,0,,,,
train,15_242_202_55_67_jpg.rf.421ca02a1b88ba6c2212bf0cba9838bd.jpg,15_242_202_55_67_jpg.rf.421ca02a1b88ba6c2212bf0cba9838bd.npz,True,unreviewed_kept,0,,,,
train,15_242_202_55_76_jpg.rf.f4f7f10aa18d57c6807146d277d0c442.jpg,15_242_202_55_76_jpg.rf.f4f7f10aa18d57c6807146d277d0c442.npz,True,unreviewed_kept,0,,,,
train,15_242_202_60_112_jpg.rf.bfaf0eb03115ac3d29177490d436c3f9.jpg,15_242_202_60_112_jpg.rf.bfaf0eb03115ac3d29177490d436c3f9.npz,True,unreviewed_kept,0,,,,
train,15_242_202_63_107_jpg.rf.e768237ff6f029fb4a4440e261b8a9e8.jpg,15_242_202_63_107_jpg.rf.e768237ff6f029fb4a4440e261b8a9e8.npz,True,unreviewed_kept,0,,,,
train,15_242_202_66_101_jpg.rf.e8ef9f9393ee1f55150dd4280d502f77.jpg,15_242_202_66_101_jpg.rf.e8ef9f9393ee1f55150dd4280d502f77.npz,True,unreviewed_kept,0,,,,
train,15_242_202_72_108_jpg.rf.467856e83d5c5b00cd2fcd141643a118.jpg,15_242_202_72_108_jpg.rf.467856e83d5c5b00cd2fcd141643a118.npz,True,unreviewed_kept,0,,,,
train,15_242_202_77_90_jpg.rf.a18b28eb339fbf24ba4d5e84b80af64a.jpg,15_242_202_77_90_jpg.rf.a18b28eb339fbf24ba4d5e84b80af64a.npz,True,unreviewed_kept,0,,,,
train,15_242_202_80_72_jpg.rf.131521c318ea9424444f0111bfe0033c.jpg,15_242_202_80_72_jpg.rf.131521c318ea9424444f0111bfe0033c.npz,True,unreviewed_kept,0,,,,
train,15_242_202_81_85_jpg.rf.4a4c6807128ddc9b3e63d11f9e252cba.jpg,15_242_202_81_85_jpg.rf.4a4c6807128ddc9b3e63d11f9e252cba.npz,True,unreviewed_kept,0,,,,
train,15_242_202_90_50_jpg.rf.c7f173d61b008faf584bec45a995b8ec.jpg,15_242_202_90_50_jpg.rf.c7f173d61b008faf584bec45a995b8ec.npz,True,unreviewed_kept,0,,,,
train,15_242_202_90_87_jpg.rf.fb38af252a16b5f3510ec8bba2c036ed.jpg,15_242_202_90_87_jpg.rf.fb38af252a16b5f3510ec8bba2c036ed.npz,True,unreviewed_kept,0,,,,
train,15_242_202_92_68_jpg.rf.50a5c71b4d1001b68d8de5f3864fd2e8.jpg,15_242_202_92_68_jpg.rf.50a5c71b4d1001b68d8de5f3864fd2e8.npz,True,unreviewed_kept,0,,,,
train,15_242_202_93_60_jpg.rf.658265fcdfaaaaeca0bc7b5993d2928e.jpg,15_242_202_93_60_jpg.rf.658265fcdfaaaaeca0bc7b5993d2928e.npz,True,unreviewed_kept,0,,,,
train,15_242_202_95_118_jpg.rf.53ef5702599a85e8c4a902cca94f243d.jpg,15_242_202_95_118_jpg.rf.53ef5702599a85e8c4a902cca94f243d.npz,True,unreviewed_kept,0,,,,
train,15_242_202_96_87_jpg.rf.ae9e0a65a3aa355af7c010f26f068194.jpg,15_242_202_96_87_jpg.rf.ae9e0a65a3aa355af7c010f26f068194.npz,True,unreviewed_kept,0,,,,
train,15_242_206_14_26_jpg.rf.bc4272a696df5f1e07981b06eec48eed.jpg,15_242_206_14_26_jpg.rf.bc4272a696df5f1e07981b06eec48eed.npz,True,unreviewed_kept,0,,,,
train,15_242_206_23_14_jpg.rf.85ace5143221666b1f8bdde7ff2ba6e9.jpg,15_242_206_23_14_jpg.rf.85ace5143221666b1f8bdde7ff2ba6e9.npz,True,unreviewed_kept,0,,,,
train,15_242_207_29_12_jpg.rf.433636c27c434297d1b114654aeb9953.jpg,15_242_207_29_12_jpg.rf.433636c27c434297d1b114654aeb9953.npz,True,unreviewed_kept,0,,,,
train,15_242_207_69_15_jpg.rf.36e37d6ffbca9ffac198a3fb51cfa340.jpg,15_242_207_69_15_jpg.rf.36e37d6ffbca9ffac198a3fb51cfa340.npz,True,unreviewed_kept,0,,,,
train,15_242_208_17_24_jpg.rf.6cf35c86b4d08300bad053c32229d3ec.jpg,15_242_208_17_24_jpg.rf.6cf35c86b4d08300bad053c32229d3ec.npz,True,unreviewed_kept,0,,,,
train,15_242_208_17_26_jpg.rf.b4e9b7b7d41b4ece76dd13f6c346c5bb.jpg,15_242_208_17_26_jpg.rf.b4e9b7b7d41b4ece76dd13f6c346c5bb.npz,True,unreviewed_kept,0,,,,
train,15_242_208_17_27_jpg.rf.1b82993d9d6e19f4886630e9ea0ed3dd.jpg,15_242_208_17_27_jpg.rf.1b82993d9d6e19f4886630e9ea0ed3dd.npz,True,unreviewed_kept,0,,,,
train,15_242_208_18_12_jpg.rf.3fd0f5e6b6c39e7ef655d0c92ab12ba0.jpg,15_242_208_18_12_jpg.rf.3fd0f5e6b6c39e7ef655d0c92ab12ba0.npz,True,unreviewed_kept,0,,,,
train,15_242_208_18_13_jpg.rf.094557ad05d656de05d2ae54cc80b0c1.jpg,15_242_208_18_13_jpg.rf.094557ad05d656de05d2ae54cc80b0c1.npz,True,unreviewed_kept,0,,,,
train,15_242_208_18_15_jpg.rf.f16fbc7ef6208e85052cf3e64ebdd87f.jpg,15_242_208_18_15_jpg.rf.f16fbc7ef6208e85052cf3e64ebdd87f.npz,True,unreviewed_kept,0,,,,
train,15_242_208_18_17_jpg.rf.8741b96d8fdb7a79d6e16064fb9149dc.jpg,15_242_208_18_17_jpg.rf.8741b96d8fdb7a79d6e16064fb9149dc.npz,True,unreviewed_kept,0,,,,
train,15_242_208_18_18_jpg.rf.cab9dd4335a7e327f2f1e474d83b52a7.jpg,15_242_208_18_18_jpg.rf.cab9dd4335a7e327f2f1e474d83b52a7.npz,True,unreviewed_kept,0,,,,
train,15_242_208_18_19_jpg.rf.f35bd7a4dc8be3754a3bda5d799c12e4.jpg,15_242_208_18_19_jpg.rf.f35bd7a4dc8be3754a3bda5d799c12e4.npz,True,unreviewed_kept,0,,,,
train,15_242_208_18_20_jpg.rf.7eaad023ed81d4b8406c19de77bbd759.jpg,15_242_208_18_20_jpg.rf.7eaad023ed81d4b8406c19de77bbd759.npz,True,unreviewed_kept,0,,,,
train,15_242_208_18_21_jpg.rf.91724c3f6b6d4361362cb7c01bc1d0a5.jpg,15_242_208_18_21_jpg.rf.91724c3f6b6d4361362cb7c01bc1d0a5.npz,True,unreviewed_kept,0,,,,
train,15_242_208_18_22_jpg.rf.6c174e180a7731b22d8f06808205083f.jpg,15_242_208_18_22_jpg.rf.6c174e180a7731b22d8f06808205083f.npz,True,unreviewed_kept,0,,,,
train,15_242_208_18_24_jpg.rf.0cc3280048271a6f2b864b5d2658fce7.jpg,15_242_208_18_24_jpg.rf.0cc3280048271a6f2b864b5d2658fce7.npz,True,unreviewed_kept,0,,,,
train,15_242_208_18_25_jpg.rf.bc62adf7a4d5b6f1fcd413034633a7cc.jpg,15_242_208_18_25_jpg.rf.bc62adf7a4d5b6f1fcd413034633a7cc.npz,True,unreviewed_kept,0,,,,
train,15_242_208_18_5_jpg.rf.661786f57eeaf5671a00890aba702cd3.jpg,15_242_208_18_5_jpg.rf.661786f57eeaf5671a00890aba702cd3.npz,True,unreviewed_kept,0,,,,
train,15_242_208_198_49_jpg.rf.ffe243e39d97208dc3de1981b5d2908b.jpg,15_242_208_198_49_jpg.rf.ffe243e39d97208dc3de1981b5d2908b.npz,True,unreviewed_kept,0,,,,
train,15_242_208_198_51_jpg.rf.3568d26e393424987ef54323a29ed869.jpg,15_242_208_198_51_jpg.rf.3568d26e393424987ef54323a29ed869.npz,True,unreviewed_kept,0,,,,
train,15_242_208_198_53_jpg.rf.da3d420a213d3b0a1460d91cc3d40b01.jpg,15_242_208_198_53_jpg.rf.da3d420a213d3b0a1460d91cc3d40b01.npz,True,unreviewed_kept,0,,,,
train,15_242_208_198_54_jpg.rf.ec83ff5ad77b89d717ee07c428fc3a12.jpg,15_242_208_198_54_jpg.rf.ec83ff5ad77b89d717ee07c428fc3a12.npz,True,unreviewed_kept,0,,,,
train,15_242_208_198_55_jpg.rf.bdbda90c37e06e9b9967b696454a954e.jpg,15_242_208_198_55_jpg.rf.bdbda90c37e06e9b9967b696454a954e.npz,True,unreviewed_kept,0,,,,
train,15_242_208_198_58_jpg.rf.34ecf145985d2ba9b11674c8ebb1f27e.jpg,15_242_208_198_58_jpg.rf.34ecf145985d2ba9b11674c8ebb1f27e.npz,True,unreviewed_kept,0,,,,
train,15_242_208_199_16_jpg.rf.6e0ce4368f4f491731705e85041cfdc8.jpg,15_242_208_199_16_jpg.rf.6e0ce4368f4f491731705e85041cfdc8.npz,True,unreviewed_kept,0,,,,
train,15_242_208_199_18_jpg.rf.69aebde8628c11612b5d019e6a937848.jpg,15_242_208_199_18_jpg.rf.69aebde8628c11612b5d019e6a937848.npz,True,unreviewed_kept,0,,,,
train,15_242_208_199_21_jpg.rf.9fe3e49a83e221c3b3a29ed83054b0a4.jpg,15_242_208_199_21_jpg.rf.9fe3e49a83e221c3b3a29ed83054b0a4.npz,True,unreviewed_kept,0,,,,
train,15_242_208_199_37_jpg.rf.e4be93577dd714d6f3f3e85ddce2b236.jpg,15_242_208_199_37_jpg.rf.e4be93577dd714d6f3f3e85ddce2b236.npz,True,unreviewed_kept,0,,,,
train,15_242_208_199_39_jpg.rf.ae599c8512e23a3d4b7a8f01236818dc.jpg,15_242_208_199_39_jpg.rf.ae599c8512e23a3d4b7a8f01236818dc.npz,True,unreviewed_kept,0,,,,
train,15_242_208_199_40_jpg.rf.2d0181e1b3061cea2d81281b67ae0956.jpg,15_242_208_199_40_jpg.rf.2d0181e1b3061cea2d81281b67ae0956.npz,True,unreviewed_kept,0,,,,
train,15_242_208_199_41_jpg.rf.caa1a43789744018076886f672e2d817.jpg,15_242_208_199_41_jpg.rf.caa1a43789744018076886f672e2d817.npz,True,unreviewed_kept,0,,,,
train,15_242_208_199_44_jpg.rf.4023d7fad933c56518ae57bb275a08ef.jpg,15_242_208_199_44_jpg.rf.4023d7fad933c56518ae57bb275a08ef.npz,True,unreviewed_kept,0,,,,
train,15_242_208_19_10_jpg.rf.2d0e4f70d19b06171a7dce59f47bd1f8.jpg,15_242_208_19_10_jpg.rf.2d0e4f70d19b06171a7dce59f47bd1f8.npz,True,unreviewed_kept,0,,,,
train,15_242_208_19_11_jpg.rf.4b163c6c0e421c995c6d5930efa925df.jpg,15_242_208_19_11_jpg.rf.4b163c6c0e421c995c6d5930efa925df.npz,True,unreviewed_kept,0,,,,
train,15_242_208_19_16_jpg.rf.e94cfeb637de438c9959398f596c4d1e.jpg,15_242_208_19_16_jpg.rf.e94cfeb637de438c9959398f596c4d1e.npz,True,unreviewed_kept,0,,,,
train,15_242_208_19_19_jpg.rf.7ca16770c17bfef5895e0f2fdc07a1b7.jpg,15_242_208_19_19_jpg.rf.7ca16770c17bfef5895e0f2fdc07a1b7.npz,True,unreviewed_kept,0,,,,
train,15_242_208_19_23_jpg.rf.a1098cad9a35f886c39b689552ade5c5.jpg,15_242_208_19_23_jpg.rf.a1098cad9a35f886c39b689552ade5c5.npz,True,unreviewed_kept,0,,,,
train,15_242_208_19_28_jpg.rf.5e9128ad7a06b0c19a60bdf4b7076787.jpg,15_242_208_19_28_jpg.rf.5e9128ad7a06b0c19a60bdf4b7076787.npz,True,unreviewed_kept,0,,,,
train,15_242_208_19_3_jpg.rf.d929c29c1a8d3374d74ab9591ccad289.jpg,15_242_208_19_3_jpg.rf.d929c29c1a8d3374d74ab9591ccad289.npz,True,unreviewed_kept,0,,,,
train,15_242_208_19_4_jpg.rf.e1462ac643851523250f74c46d4c59e0.jpg,15_242_208_19_4_jpg.rf.e1462ac643851523250f74c46d4c59e0.npz,True,unreviewed_kept,0,,,,
train,15_242_208_19_6_jpg.rf.6601e11160b32c7b09415ff0f2b01f36.jpg,15_242_208_19_6_jpg.rf.6601e11160b32c7b09415ff0f2b01f36.npz,True,unreviewed_kept,0,,,,
train,15_242_208_19_8_jpg.rf.5fb77c12e1beabb429d523bf5a166be1.jpg,15_242_208_19_8_jpg.rf.5fb77c12e1beabb429d523bf5a166be1.npz,True,reviewed_kept,1,,,,
train,15_242_208_19_9_jpg.rf.c01c900f2dbd92310d1d0b7126a98504.jpg,15_242_208_19_9_jpg.rf.c01c900f2dbd92310d1d0b7126a98504.npz,True,unreviewed_kept,0,,,,
train,15_242_208_20_10_jpg.rf.b8350508d533741b861bd16dba70acfd.jpg,15_242_208_20_10_jpg.rf.b8350508d533741b861bd16dba70acfd.npz,True,unreviewed_kept,0,,,,
train,15_242_208_20_12_jpg.rf.24c6b5cb8e8d3a36751b22bca8ee91fd.jpg,15_242_208_20_12_jpg.rf.24c6b5cb8e8d3a36751b22bca8ee91fd.npz,True,unreviewed_kept,0,,,,
train,15_242_208_20_16_jpg.rf.ef19fdee7fff7c89abf038576fdbc613.jpg,15_242_208_20_16_jpg.rf.ef19fdee7fff7c89abf038576fdbc613.npz,True,unreviewed_kept,0,,,,
train,15_242_208_20_17_jpg.rf.af1530bf981105bf07a4df4270cf2ab7.jpg,15_242_208_20_17_jpg.rf.af1530bf981105bf07a4df4270cf2ab7.npz,True,unreviewed_kept,0,,,,
train,15_242_208_20_18_jpg.rf.ef9b41a38b86682cba0f820d5e0c4984.jpg,15_242_208_20_18_jpg.rf.ef9b41a38b86682cba0f820d5e0c4984.npz,True,unreviewed_kept,0,,,,
train,15_242_208_20_20_jpg.rf.f914aaaf607d47e7498d1e0d43547c9a.jpg,15_242_208_20_20_jpg.rf.f914aaaf607d47e7498d1e0d43547c9a.npz,True,unreviewed_kept,0,,,,
train,15_242_208_20_22_jpg.rf.c10379ba25efa1bce00e46a9760f515f.jpg,15_242_208_20_22_jpg.rf.c10379ba25efa1bce00e46a9760f515f.npz,True,unreviewed_kept,0,,,,
train,15_242_208_20_25_jpg.rf.e2b8eaeb1a7efcb769eeaa37b906415b.jpg,15_242_208_20_25_jpg.rf.e2b8eaeb1a7efcb769eeaa37b906415b.npz,True,unreviewed_kept,0,,,,
train,15_242_208_20_5_jpg.rf.667c519ac3e41f5f3227e08e9ee2f356.jpg,15_242_208_20_5_jpg.rf.667c519ac3e41f5f3227e08e9ee2f356.npz,True,unreviewed_kept,0,,,,
train,15_242_208_20_7_jpg.rf.b20de0c2b46c4490d28b887d7e5b74fa.jpg,15_242_208_20_7_jpg.rf.b20de0c2b46c4490d28b887d7e5b74fa.npz,True,unreviewed_kept,0,,,,
train,15_242_208_21_10_jpg.rf.b2ba20c048d0d9affd03719d6080ff9e.jpg,15_242_208_21_10_jpg.rf.b2ba20c048d0d9affd03719d6080ff9e.npz,True,unreviewed_kept,0,,,,
train,15_242_208_21_11_jpg.rf.0c0c91306c6c9f1415830ac76658f1a6.jpg,15_242_208_21_11_jpg.rf.0c0c91306c6c9f1415830ac76658f1a6.npz,True,unreviewed_kept,0,,,,
train,15_242_208_21_15_jpg.rf.9665e38a8ebf8b98bbb3a3fdcf5f19c0.jpg,15_242_208_21_15_jpg.rf.9665e38a8ebf8b98bbb3a3fdcf5f19c0.npz,True,unreviewed_kept,0,,,,
train,15_242_208_21_19_jpg.rf.2761ef58d9cad93b0fddf7428930a923.jpg,15_242_208_21_19_jpg.rf.2761ef58d9cad93b0fddf7428930a923.npz,True,unreviewed_kept,0,,,,
train,15_242_208_21_21_jpg.rf.4713399187d1c81640f34ab03ee6704b.jpg,15_242_208_21_21_jpg.rf.4713399187d1c81640f34ab03ee6704b.npz,True,unreviewed_kept,0,,,,
train,15_242_208_21_22_jpg.rf.29684e0567c983bf05c895921a4843e9.jpg,15_242_208_21_22_jpg.rf.29684e0567c983bf05c895921a4843e9.npz,True,unreviewed_kept,0,,,,
train,15_242_208_21_25_jpg.rf.5857d0645a8a73e56699d2cd99ac2470.jpg,15_242_208_21_25_jpg.rf.5857d0645a8a73e56699d2cd99ac2470.npz,True,unreviewed_kept,0,,,,
train,15_242_208_21_26_jpg.rf.0dfb26bc32be7e5a5d7e1b78d91025fb.jpg,15_242_208_21_26_jpg.rf.0dfb26bc32be7e5a5d7e1b78d91025fb.npz,True,unreviewed_kept,0,,,,
train,15_242_208_21_27_jpg.rf.5b1190e0329e729c9914f008971bcca3.jpg,15_242_208_21_27_jpg.rf.5b1190e0329e729c9914f008971bcca3.npz,True,unreviewed_kept,0,,,,
train,15_242_208_21_3_jpg.rf.0db2fc78677351842f755db0aa232585.jpg,15_242_208_21_3_jpg.rf.0db2fc78677351842f755db0aa232585.npz,True,unreviewed_kept,0,,,,
train,15_242_208_21_4_jpg.rf.82db3f849d34c1abf1956defd158b54d.jpg,15_242_208_21_4_jpg.rf.82db3f849d34c1abf1956defd158b54d.npz,True,unreviewed_kept,0,,,,
train,15_242_208_21_8_jpg.rf.71a8947405448e0fdece41ea89205b20.jpg,15_242_208_21_8_jpg.rf.71a8947405448e0fdece41ea89205b20.npz,True,unreviewed_kept,0,,,,
train,15_242_208_21_9_jpg.rf.fa9bac4f7debff976d623ae4da8abbc4.jpg,15_242_208_21_9_jpg.rf.fa9bac4f7debff976d623ae4da8abbc4.npz,True,unreviewed_kept,0,,,,
train,15_242_208_22_15_jpg.rf.c6af011b1aaafa7f92158c50c0a2fb6a.jpg,15_242_208_22_15_jpg.rf.c6af011b1aaafa7f92158c50c0a2fb6a.npz,True,unreviewed_kept,0,,,,
train,15_242_208_22_16_jpg.rf.59fcb66bad6998590c7833014544f4af.jpg,15_242_208_22_16_jpg.rf.59fcb66bad6998590c7833014544f4af.npz,True,unreviewed_kept,0,,,,
train,15_242_208_22_18_jpg.rf.831bdf8ab8003269972c802ef2fc77c8.jpg,15_242_208_22_18_jpg.rf.831bdf8ab8003269972c802ef2fc77c8.npz,True,unreviewed_kept,0,,,,
train,15_242_208_22_20_jpg.rf.adccc63c2ca9501394eadfe6399a8a00.jpg,15_242_208_22_20_jpg.rf.adccc63c2ca9501394eadfe6399a8a00.npz,True,unreviewed_kept,0,,,,
train,15_242_208_22_21_jpg.rf.ccb22bd606ee460768d6f85c94b8bee4.jpg,15_242_208_22_21_jpg.rf.ccb22bd606ee460768d6f85c94b8bee4.npz,True,unreviewed_kept,0,,,,
train,15_242_208_22_22_jpg.rf.7d18f3c7a8a4e574f5b7dcccd54a2473.jpg,15_242_208_22_22_jpg.rf.7d18f3c7a8a4e574f5b7dcccd54a2473.npz,True,unreviewed_kept,0,,,,
train,15_242_208_22_24_jpg.rf.c81a06b062fb0ce3ad42bf8616f4acbf.jpg,15_242_208_22_24_jpg.rf.c81a06b062fb0ce3ad42bf8616f4acbf.npz,True,unreviewed_kept,0,,,,
train,15_242_208_22_28_jpg.rf.787243d03f38c8ddc3a2050164f45602.jpg,15_242_208_22_28_jpg.rf.787243d03f38c8ddc3a2050164f45602.npz,True,unreviewed_kept,0,,,,
train,15_242_208_22_4_jpg.rf.31480590fdb829cc9c4e81ac53f63d0b.jpg,15_242_208_22_4_jpg.rf.31480590fdb829cc9c4e81ac53f63d0b.npz,True,unreviewed_kept,0,,,,
train,15_242_208_22_5_jpg.rf.a54d987ee67107060e80dd7adcadec34.jpg,15_242_208_22_5_jpg.rf.a54d987ee67107060e80dd7adcadec34.npz,True,unreviewed_kept,0,,,,
train,15_242_208_22_8_jpg.rf.2b7caae5397ef6153d8a2b265a6cdba1.jpg,15_242_208_22_8_jpg.rf.2b7caae5397ef6153d8a2b265a6cdba1.npz,True,unreviewed_kept,0,,,,
train,15_242_208_23_12_jpg.rf.6cac93b3cbb3d037b745e632499ace8d.jpg,15_242_208_23_12_jpg.rf.6cac93b3cbb3d037b745e632499ace8d.npz,True,unreviewed_kept,0,,,,
train,15_242_208_23_17_jpg.rf.b46df159ec030f7fdab56207c4970740.jpg,15_242_208_23_17_jpg.rf.b46df159ec030f7fdab56207c4970740.npz,True,unreviewed_kept,0,,,,
train,15_242_208_23_20_jpg.rf.9d67e6be27728035016b32614bdffb0e.jpg,15_242_208_23_20_jpg.rf.9d67e6be27728035016b32614bdffb0e.npz,True,unreviewed_kept,0,,,,
train,15_242_208_24_10_jpg.rf.890f608dfcf0db76ee2d3e48b607429a.jpg,15_242_208_24_10_jpg.rf.890f608dfcf0db76ee2d3e48b607429a.npz,True,unreviewed_kept,0,,,,
train,15_242_208_24_12_jpg.rf.f57216a283d31d4343d69c1d3b47fd47.jpg,15_242_208_24_12_jpg.rf.f57216a283d31d4343d69c1d3b47fd47.npz,True,unreviewed_kept,0,,,,
train,15_242_208_24_16_jpg.rf.2f1db338ea0ae37d5ee47d302ae5ee8d.jpg,15_242_208_24_16_jpg.rf.2f1db338ea0ae37d5ee47d302ae5ee8d.npz,True,unreviewed_kept,0,,,,
train,15_242_208_24_17_jpg.rf.d9ed3d939c4942420c69c6b20c5d9210.jpg,15_242_208_24_17_jpg.rf.d9ed3d939c4942420c69c6b20c5d9210.npz,True,unreviewed_kept,0,,,,
train,15_242_208_24_18_jpg.rf.e047ab555edf106cef6208ad94592022.jpg,15_242_208_24_18_jpg.rf.e047ab555edf106cef6208ad94592022.npz,True,unreviewed_kept,0,,,,
train,15_242_208_24_19_jpg.rf.42f53414181228cb281dca7f197b0fe2.jpg,15_242_208_24_19_jpg.rf.42f53414181228cb281dca7f197b0fe2.npz,True,unreviewed_kept,0,,,,
train,15_242_208_24_20_jpg.rf.342669ea53f3f5bad4d7baaf3374938b.jpg,15_242_208_24_20_jpg.rf.342669ea53f3f5bad4d7baaf3374938b.npz,True,unreviewed_kept,0,,,,
train,15_242_208_24_21_jpg.rf.c3ea626d0ac655ece22edb29061a81fd.jpg,15_242_208_24_21_jpg.rf.c3ea626d0ac655ece22edb29061a81fd.npz,True,unreviewed_kept,0,,,,
train,15_242_208_24_25_jpg.rf.109779ce0fa657d19b1bedf4701ec930.jpg,15_242_208_24_25_jpg.rf.109779ce0fa657d19b1bedf4701ec930.npz,True,unreviewed_kept,0,,,,
train,15_242_208_24_26_jpg.rf.01ff18d3ab75119256e73deef42f064b.jpg,15_242_208_24_26_jpg.rf.01ff18d3ab75119256e73deef42f064b.npz,True,unreviewed_kept,0,,,,
train,15_242_208_24_28_jpg.rf.b9e79a507b3a852be6203b2caed1bc40.jpg,15_242_208_24_28_jpg.rf.b9e79a507b3a852be6203b2caed1bc40.npz,True,unreviewed_kept,0,,,,
train,15_242_208_24_5_jpg.rf.74660781efedf5a048a644cc790f153a.jpg,15_242_208_24_5_jpg.rf.74660781efedf5a048a644cc790f153a.npz,True,unreviewed_kept,0,,,,
train,15_242_208_25_10_jpg.rf.73e7aaee9c87aab5c79a500d18286242.jpg,15_242_208_25_10_jpg.rf.73e7aaee9c87aab5c79a500d18286242.npz,True,unreviewed_kept,0,,,,
train,15_242_208_25_12_jpg.rf.6fd2b71159b962c1353a5cbf9036b820.jpg,15_242_208_25_12_jpg.rf.6fd2b71159b962c1353a5cbf9036b820.npz,True,unreviewed_kept,0,,,,
train,15_242_208_25_13_jpg.rf.100e6648589587355ed13471db92b542.jpg,15_242_208_25_13_jpg.rf.100e6648589587355ed13471db92b542.npz,True,unreviewed_kept,0,,,,
train,15_242_208_25_14_jpg.rf.f954a0eb5a7f74f6ac8ddee923f337df.jpg,15_242_208_25_14_jpg.rf.f954a0eb5a7f74f6ac8ddee923f337df.npz,True,unreviewed_kept,0,,,,
train,15_242_208_25_15_jpg.rf.b33c2e7d12106ed1fd6db448f2bbce1f.jpg,15_242_208_25_15_jpg.rf.b33c2e7d12106ed1fd6db448f2bbce1f.npz,True,unreviewed_kept,0,,,,
train,15_242_208_25_16_jpg.rf.5051d282faacce86cf81bdfa21cfc935.jpg,15_242_208_25_16_jpg.rf.5051d282faacce86cf81bdfa21cfc935.npz,True,unreviewed_kept,0,,,,
train,15_242_208_25_17_jpg.rf.dced8d31ca8b2b581af4a1028098aa3d.jpg,15_242_208_25_17_jpg.rf.dced8d31ca8b2b581af4a1028098aa3d.npz,True,unreviewed_kept,0,,,,
train,15_242_208_25_19_jpg.rf.82064126dca966a4ee2cec29839bd21f.jpg,15_242_208_25_19_jpg.rf.82064126dca966a4ee2cec29839bd21f.npz,True,unreviewed_kept,0,,,,
train,15_242_208_25_20_jpg.rf.b9018d254f4df14c002c9d34dcd60a65.jpg,15_242_208_25_20_jpg.rf.b9018d254f4df14c002c9d34dcd60a65.npz,True,unreviewed_kept,0,,,,
train,15_242_208_25_21_jpg.rf.8fd7b2dbc691299718714f4a904accc1.jpg,15_242_208_25_21_jpg.rf.8fd7b2dbc691299718714f4a904accc1.npz,True,unreviewed_kept,0,,,,
train,15_242_208_25_22_jpg.rf.0859e99d3e09d5cffb6aa3e581110da3.jpg,15_242_208_25_22_jpg.rf.0859e99d3e09d5cffb6aa3e581110da3.npz,True,unreviewed_kept,0,,,,
train,15_242_208_25_25_jpg.rf.098d0e094b1064d01bc5f69decc33973.jpg,15_242_208_25_25_jpg.rf.098d0e094b1064d01bc5f69decc33973.npz,True,unreviewed_kept,0,,,,
train,15_242_208_25_5_jpg.rf.68deb7f8f923d02b1586bf5b41404a75.jpg,15_242_208_25_5_jpg.rf.68deb7f8f923d02b1586bf5b41404a75.npz,True,unreviewed_kept,0,,,,
train,15_242_208_25_8_jpg.rf.c0e1b80504eb695ec999a036f682889c.jpg,15_242_208_25_8_jpg.rf.c0e1b80504eb695ec999a036f682889c.npz,True,unreviewed_kept,0,,,,
train,15_242_208_25_9_jpg.rf.95da0b22edf9d26fd9511039a7688aed.jpg,15_242_208_25_9_jpg.rf.95da0b22edf9d26fd9511039a7688aed.npz,True,unreviewed_kept,0,,,,
train,15_242_208_26_10_jpg.rf.a50aebf2c72848d5dbec627e650c86e6.jpg,15_242_208_26_10_jpg.rf.a50aebf2c72848d5dbec627e650c86e6.npz,True,unreviewed_kept,0,,,,
train,15_242_208_26_11_jpg.rf.37db2a4ea685490178f091f2f33fdf1e.jpg,15_242_208_26_11_jpg.rf.37db2a4ea685490178f091f2f33fdf1e.npz,True,unreviewed_kept,0,,,,
train,15_242_208_26_16_jpg.rf.02dd050069e421b5900de96cab9e52b5.jpg,15_242_208_26_16_jpg.rf.02dd050069e421b5900de96cab9e52b5.npz,True,unreviewed_kept,0,,,,
train,15_242_208_26_17_jpg.rf.73076aa6b3552921be62fbdac6c28923.jpg,15_242_208_26_17_jpg.rf.73076aa6b3552921be62fbdac6c28923.npz,True,unreviewed_kept,0,,,,
train,15_242_208_26_19_jpg.rf.9a047aa0a73b9fffaa9de43c169f5eec.jpg,15_242_208_26_19_jpg.rf.9a047aa0a73b9fffaa9de43c169f5eec.npz,True,unreviewed_kept,0,,,,
train,15_242_208_26_20_jpg.rf.467844a920cef7825a069e5ea2918cf4.jpg,15_242_208_26_20_jpg.rf.467844a920cef7825a069e5ea2918cf4.npz,True,unreviewed_kept,0,,,,
train,15_242_208_26_22_jpg.rf.4a27f90ad08502c5e9051e2a23007db8.jpg,15_242_208_26_22_jpg.rf.4a27f90ad08502c5e9051e2a23007db8.npz,True,unreviewed_kept,0,,,,
train,15_242_208_26_23_jpg.rf.569f18eaa67d8bbed3eb9b7abb592242.jpg,15_242_208_26_23_jpg.rf.569f18eaa67d8bbed3eb9b7abb592242.npz,True,unreviewed_kept,0,,,,
train,15_242_208_26_24_jpg.rf.9f64e1864109e3a3ab4f2d4561f271b7.jpg,15_242_208_26_24_jpg.rf.9f64e1864109e3a3ab4f2d4561f271b7.npz,True,unreviewed_kept,0,,,,
train,15_242_208_26_5_jpg.rf.818e56e18fefb611d7e71946e9817132.jpg,15_242_208_26_5_jpg.rf.818e56e18fefb611d7e71946e9817132.npz,True,unreviewed_kept,0,,,,
train,15_242_208_27_13_jpg.rf.356185344d00e07cf40b399cd90e8ca0.jpg,15_242_208_27_13_jpg.rf.356185344d00e07cf40b399cd90e8ca0.npz,True,unreviewed_kept,0,,,,
train,15_242_208_27_14_jpg.rf.bff94f526da3f1e3b49ff3001e6300da.jpg,15_242_208_27_14_jpg.rf.bff94f526da3f1e3b49ff3001e6300da.npz,True,unreviewed_kept,0,,,,
train,15_242_208_27_17_jpg.rf.3d44afd9c8ab42eb2a47be8d76d4b8db.jpg,15_242_208_27_17_jpg.rf.3d44afd9c8ab42eb2a47be8d76d4b8db.npz,True,unreviewed_kept,0,,,,
train,15_242_208_27_19_jpg.rf.0d3d5099f5fdbf0336158f4f4fb56cac.jpg,15_242_208_27_19_jpg.rf.0d3d5099f5fdbf0336158f4f4fb56cac.npz,True,unreviewed_kept,0,,,,
train,15_242_208_27_20_jpg.rf.10d8c237587ee78279d6b0172a3c6201.jpg,15_242_208_27_20_jpg.rf.10d8c237587ee78279d6b0172a3c6201.npz,True,unreviewed_kept,0,,,,
train,15_242_208_27_21_jpg.rf.4fee2534b7e86d6a6d96a89598f937a6.jpg,15_242_208_27_21_jpg.rf.4fee2534b7e86d6a6d96a89598f937a6.npz,True,unreviewed_kept,0,,,,
train,15_242_208_27_23_jpg.rf.95fd3778fc673fd807b368c5736be5eb.jpg,15_242_208_27_23_jpg.rf.95fd3778fc673fd807b368c5736be5eb.npz,True,unreviewed_kept,0,,,,
train,15_242_208_27_26_jpg.rf.68c842e2d91523f4028d02cd44382110.jpg,15_242_208_27_26_jpg.rf.68c842e2d91523f4028d02cd44382110.npz,True,unreviewed_kept,0,,,,
train,15_242_208_27_27_jpg.rf.9bbed655d7de1d180da2f92b5d020f3a.jpg,15_242_208_27_27_jpg.rf.9bbed655d7de1d180da2f92b5d020f3a.npz,True,unreviewed_kept,0,,,,
train,15_242_208_27_28_jpg.rf.fc1b1a90c7bd5c7f4474059ef2421054.jpg,15_242_208_27_28_jpg.rf.fc1b1a90c7bd5c7f4474059ef2421054.npz,True,unreviewed_kept,0,,,,
train,15_242_208_27_4_jpg.rf.1ac0cb973093399f34ed777e023677fc.jpg,15_242_208_27_4_jpg.rf.1ac0cb973093399f34ed777e023677fc.npz,True,unreviewed_kept,0,,,,
train,15_242_208_27_5_jpg.rf.50741e91f937d8c6affad0799ef9e3c6.jpg,15_242_208_27_5_jpg.rf.50741e91f937d8c6affad0799ef9e3c6.npz,True,unreviewed_kept,0,,,,
train,15_242_208_27_6_jpg.rf.834550d6f8a382606ac8389be00610a6.jpg,15_242_208_27_6_jpg.rf.834550d6f8a382606ac8389be00610a6.npz,True,unreviewed_kept,0,,,,
train,15_242_208_27_7_jpg.rf.d5d6a8e8581fd4ddaef0e8ef27aefad8.jpg,15_242_208_27_7_jpg.rf.d5d6a8e8581fd4ddaef0e8ef27aefad8.npz,True,unreviewed_kept,0,,,,
train,15_242_208_27_8_jpg.rf.c49cd12867b5186d599ce865729233b4.jpg,15_242_208_27_8_jpg.rf.c49cd12867b5186d599ce865729233b4.npz,True,unreviewed_kept,0,,,,
train,15_242_208_27_9_jpg.rf.21dca85138c64ab964c662d3ea855f81.jpg,15_242_208_27_9_jpg.rf.21dca85138c64ab964c662d3ea855f81.npz,True,unreviewed_kept,0,,,,
train,15_242_208_28_10_jpg.rf.b84fa3674350eb000d393e72e750fa0a.jpg,15_242_208_28_10_jpg.rf.b84fa3674350eb000d393e72e750fa0a.npz,True,unreviewed_kept,0,,,,
train,15_242_208_28_11_jpg.rf.169d21fb79cb3178920ba92598229ff4.jpg,15_242_208_28_11_jpg.rf.169d21fb79cb3178920ba92598229ff4.npz,True,unreviewed_kept,0,,,,
train,15_242_208_28_13_jpg.rf.804362e7f50319866e305e3349dd7b5c.jpg,15_242_208_28_13_jpg.rf.804362e7f50319866e305e3349dd7b5c.npz,True,unreviewed_kept,0,,,,
train,15_242_208_28_14_jpg.rf.de8822be1ff0c775039a751156308a92.jpg,15_242_208_28_14_jpg.rf.de8822be1ff0c775039a751156308a92.npz,True,unreviewed_kept,0,,,,
train,15_242_208_28_16_jpg.rf.72263833fafcb306f4d1a8c5255690ea.jpg,15_242_208_28_16_jpg.rf.72263833fafcb306f4d1a8c5255690ea.npz,True,unreviewed_kept,0,,,,
train,15_242_208_28_18_jpg.rf.eb9efb6d921b707293b3ee93dc4229c8.jpg,15_242_208_28_18_jpg.rf.eb9efb6d921b707293b3ee93dc4229c8.npz,True,unreviewed_kept,0,,,,
train,15_242_208_28_24_jpg.rf.36c4b6d1e068a884ecbefc099436cbb3.jpg,15_242_208_28_24_jpg.rf.36c4b6d1e068a884ecbefc099436cbb3.npz,True,unreviewed_kept,0,,,,
train,15_242_208_28_25_jpg.rf.7ea81f983c2ff0b95b78a7cfb35709de.jpg,15_242_208_28_25_jpg.rf.7ea81f983c2ff0b95b78a7cfb35709de.npz,True,unreviewed_kept,0,,,,
train,15_242_208_28_26_jpg.rf.0d27ecd80cffe05b66e0c5c2fe48adfe.jpg,15_242_208_28_26_jpg.rf.0d27ecd80cffe05b66e0c5c2fe48adfe.npz,True,unreviewed_kept,0,,,,
train,15_242_208_28_27_jpg.rf.7332c19dd444381dcfbd60fddb7ca66b.jpg,15_242_208_28_27_jpg.rf.7332c19dd444381dcfbd60fddb7ca66b.npz,True,unreviewed_kept,0,,,,
train,15_242_208_28_5_jpg.rf.5eb93058d3b54ee2d4b9a90d17b74059.jpg,15_242_208_28_5_jpg.rf.5eb93058d3b54ee2d4b9a90d17b74059.npz,True,unreviewed_kept,0,,,,
train,15_242_208_28_6_jpg.rf.4e65886b63f1e7c6504719b2ed826c9e.jpg,15_242_208_28_6_jpg.rf.4e65886b63f1e7c6504719b2ed826c9e.npz,True,unreviewed_kept,0,,,,
train,15_242_208_28_8_jpg.rf.08f15964cea757b6dd7dbefafa2b0925.jpg,15_242_208_28_8_jpg.rf.08f15964cea757b6dd7dbefafa2b0925.npz,True,unreviewed_kept,0,,,,
train,15_242_208_29_11_jpg.rf.d52727f73ddae3f8a8f72f15c7be4efb.jpg,15_242_208_29_11_jpg.rf.d52727f73ddae3f8a8f72f15c7be4efb.npz,True,unreviewed_kept,0,,,,
train,15_242_208_29_13_jpg.rf.263dbaead42ede51ca32350301eb3f27.jpg,15_242_208_29_13_jpg.rf.263dbaead42ede51ca32350301eb3f27.npz,True,unreviewed_kept,0,,,,
train,15_242_208_29_15_jpg.rf.b982b37934945ec8291d75c3dd5cb1f1.jpg,15_242_208_29_15_jpg.rf.b982b37934945ec8291d75c3dd5cb1f1.npz,True,unreviewed_kept,0,,,,
train,15_242_208_29_16_jpg.rf.814c7d9a145bb826b5fd836eabe4352a.jpg,15_242_208_29_16_jpg.rf.814c7d9a145bb826b5fd836eabe4352a.npz,True,unreviewed_kept,0,,,,
train,15_242_208_29_17_jpg.rf.d505212792504392c01a342a628d19f8.jpg,15_242_208_29_17_jpg.rf.d505212792504392c01a342a628d19f8.npz,True,unreviewed_kept,0,,,,
train,15_242_208_29_18_jpg.rf.d0091ad83bcb8e4fe839861188e17ca6.jpg,15_242_208_29_18_jpg.rf.d0091ad83bcb8e4fe839861188e17ca6.npz,True,unreviewed_kept,0,,,,
train,15_242_208_29_28_jpg.rf.10b64f028ce9246faa7a0655984053c0.jpg,15_242_208_29_28_jpg.rf.10b64f028ce9246faa7a0655984053c0.npz,True,unreviewed_kept,0,,,,
train,15_242_208_29_4_jpg.rf.97332d40bf9f26526c7dcbdf64990422.jpg,15_242_208_29_4_jpg.rf.97332d40bf9f26526c7dcbdf64990422.npz,True,unreviewed_kept,0,,,,
train,15_242_208_29_5_jpg.rf.f8775c3fae58b7e7fe6171f8b67e94d8.jpg,15_242_208_29_5_jpg.rf.f8775c3fae58b7e7fe6171f8b67e94d8.npz,True,unreviewed_kept,0,,,,
train,15_242_208_29_8_jpg.rf.5b2ba9fff2bf28329f412a1c88e25c26.jpg,15_242_208_29_8_jpg.rf.5b2ba9fff2bf28329f412a1c88e25c26.npz,True,unreviewed_kept,0,,,,
train,15_242_208_30_11_jpg.rf.edc795dc4a9ff5f28183f00911ecef35.jpg,15_242_208_30_11_jpg.rf.edc795dc4a9ff5f28183f00911ecef35.npz,True,unreviewed_kept,0,,,,
train,15_242_208_30_14_jpg.rf.152eac0b2fe6c666d1347f2e7dd75679.jpg,15_242_208_30_14_jpg.rf.152eac0b2fe6c666d1347f2e7dd75679.npz,True,unreviewed_kept,0,,,,
train,15_242_208_30_15_jpg.rf.b3fb8dd4cf8a6406909e08d1c322debf.jpg,15_242_208_30_15_jpg.rf.b3fb8dd4cf8a6406909e08d1c322debf.npz,True,unreviewed_kept,0,,,,
train,15_242_208_30_16_jpg.rf.683ad666800a5baab8361a6a19e49362.jpg,15_242_208_30_16_jpg.rf.683ad666800a5baab8361a6a19e49362.npz,True,unreviewed_kept,0,,,,
train,15_242_208_30_18_jpg.rf.85585ef687adf45d63020fa68d689cb6.jpg,15_242_208_30_18_jpg.rf.85585ef687adf45d63020fa68d689cb6.npz,True,unreviewed_kept,0,,,,
train,15_242_208_30_22_jpg.rf.3dd115636b65953b6ebc0d79e509de6f.jpg,15_242_208_30_22_jpg.rf.3dd115636b65953b6ebc0d79e509de6f.npz,True,unreviewed_kept,0,,,,
train,15_242_208_30_23_jpg.rf.12fb80320c292b228553ad830d6f3d50.jpg,15_242_208_30_23_jpg.rf.12fb80320c292b228553ad830d6f3d50.npz,True,unreviewed_kept,0,,,,
train,15_242_208_30_26_jpg.rf.a25ece938226f6fa2a257f914b8935c5.jpg,15_242_208_30_26_jpg.rf.a25ece938226f6fa2a257f914b8935c5.npz,True,unreviewed_kept,0,,,,
train,15_242_208_30_27_jpg.rf.8c969288d41c4f9ca42583e932001256.jpg,15_242_208_30_27_jpg.rf.8c969288d41c4f9ca42583e932001256.npz,True,unreviewed_kept,0,,,,
train,15_242_208_30_28_jpg.rf.7eefe7fb4195016d3b61b32d9043e3ac.jpg,15_242_208_30_28_jpg.rf.7eefe7fb4195016d3b61b32d9043e3ac.npz,True,unreviewed_kept,0,,,,
train,15_242_208_30_5_jpg.rf.6407af0d0f4647a4270640c796d9fe6f.jpg,15_242_208_30_5_jpg.rf.6407af0d0f4647a4270640c796d9fe6f.npz,True,unreviewed_kept,0,,,,
train,15_242_208_30_6_jpg.rf.29cb9a76138174b7dcadbcf06c1f22af.jpg,15_242_208_30_6_jpg.rf.29cb9a76138174b7dcadbcf06c1f22af.npz,True,unreviewed_kept,0,,,,
train,15_242_208_30_7_jpg.rf.86c9acac5eb45459a3ff12d7f0801e5a.jpg,15_242_208_30_7_jpg.rf.86c9acac5eb45459a3ff12d7f0801e5a.npz,True,unreviewed_kept,0,,,,
train,15_242_208_30_8_jpg.rf.bb2c6a602dd1a4d4d23816ad9201b123.jpg,15_242_208_30_8_jpg.rf.bb2c6a602dd1a4d4d23816ad9201b123.npz,True,unreviewed_kept,0,,,,
train,15_242_208_31_10_jpg.rf.2b3bbb7ac9f5e93a5c2056d100c022cf.jpg,15_242_208_31_10_jpg.rf.2b3bbb7ac9f5e93a5c2056d100c022cf.npz,True,unreviewed_kept,0,,,,
train,15_242_208_31_11_jpg.rf.e45868fca17ca327fdf0959a2d74eae2.jpg,15_242_208_31_11_jpg.rf.e45868fca17ca327fdf0959a2d74eae2.npz,True,unreviewed_kept,0,,,,
train,15_242_208_31_15_jpg.rf.e577604efd36016ff989b2334245f592.jpg,15_242_208_31_15_jpg.rf.e577604efd36016ff989b2334245f592.npz,True,unreviewed_kept,0,,,,
train,15_242_208_31_16_jpg.rf.e7cbea24a8a3bf301d3315abd6da6148.jpg,15_242_208_31_16_jpg.rf.e7cbea24a8a3bf301d3315abd6da6148.npz,True,unreviewed_kept,0,,,,
train,15_242_208_31_17_jpg.rf.8e0811a4ebe4d98f5fc164e35112ba88.jpg,15_242_208_31_17_jpg.rf.8e0811a4ebe4d98f5fc164e35112ba88.npz,True,unreviewed_kept,0,,,,
train,15_242_208_31_18_jpg.rf.612bf70db0e59fe8461350cab1ce6291.jpg,15_242_208_31_18_jpg.rf.612bf70db0e59fe8461350cab1ce6291.npz,True,unreviewed_kept,0,,,,
train,15_242_208_31_23_jpg.rf.c8d0fda6bb23f83379335b274dee9778.jpg,15_242_208_31_23_jpg.rf.c8d0fda6bb23f83379335b274dee9778.npz,True,unreviewed_kept,0,,,,
train,15_242_208_31_24_jpg.rf.174ec9d91dc877cbd8791b5d7a7b8613.jpg,15_242_208_31_24_jpg.rf.174ec9d91dc877cbd8791b5d7a7b8613.npz,True,unreviewed_kept,0,,,,
train,15_242_208_31_26_jpg.rf.36b9b95a6e450113c0d74a47de8e22a3.jpg,15_242_208_31_26_jpg.rf.36b9b95a6e450113c0d74a47de8e22a3.npz,True,unreviewed_kept,0,,,,
train,15_242_208_31_28_jpg.rf.5e75abc9e05bb8ccf74ca9b9b962b7e7.jpg,15_242_208_31_28_jpg.rf.5e75abc9e05bb8ccf74ca9b9b962b7e7.npz,True,unreviewed_kept,0,,,,
train,15_242_208_31_4_jpg.rf.76e8c429f6cda6b26c4f4f4cc40d3e6b.jpg,15_242_208_31_4_jpg.rf.76e8c429f6cda6b26c4f4f4cc40d3e6b.npz,True,unreviewed_kept,0,,,,
train,15_242_208_31_5_jpg.rf.6b871148e186fad81f5688392f9d1cbd.jpg,15_242_208_31_5_jpg.rf.6b871148e186fad81f5688392f9d1cbd.npz,True,unreviewed_kept,0,,,,
train,15_242_208_32_12_jpg.rf.9e55a4c0c6e800cb7cd588a026c64077.jpg,15_242_208_32_12_jpg.rf.9e55a4c0c6e800cb7cd588a026c64077.npz,True,unreviewed_kept,0,,,,
train,15_242_208_32_14_jpg.rf.1c89ff9feba7f9a784e86e792244ba98.jpg,15_242_208_32_14_jpg.rf.1c89ff9feba7f9a784e86e792244ba98.npz,True,unreviewed_kept,0,,,,
train,15_242_208_32_17_jpg.rf.0523852be9cba8971d17ead9628b6c19.jpg,15_242_208_32_17_jpg.rf.0523852be9cba8971d17ead9628b6c19.npz,True,unreviewed_kept,0,,,,
train,15_242_208_32_18_jpg.rf.5674c5719a9e89ddd468de9e00b243cd.jpg,15_242_208_32_18_jpg.rf.5674c5719a9e89ddd468de9e00b243cd.npz,True,unreviewed_kept,0,,,,
train,15_242_208_32_20_jpg.rf.79045a49f9be8af4dc5dd651eebf919b.jpg,15_242_208_32_20_jpg.rf.79045a49f9be8af4dc5dd651eebf919b.npz,True,unreviewed_kept,0,,,,
train,15_242_208_32_21_jpg.rf.d1c99f793ade1b1f7e0a5af21fe195e8.jpg,15_242_208_32_21_jpg.rf.d1c99f793ade1b1f7e0a5af21fe195e8.npz,True,unreviewed_kept,0,,,,
train,15_242_208_32_22_jpg.rf.ace03e80cfce449bd3ab06cda02bc173.jpg,15_242_208_32_22_jpg.rf.ace03e80cfce449bd3ab06cda02bc173.npz,True,unreviewed_kept,0,,,,
train,15_242_208_32_23_jpg.rf.06590e1e994b504ac6db4eef5cbe5362.jpg,15_242_208_32_23_jpg.rf.06590e1e994b504ac6db4eef5cbe5362.npz,True,unreviewed_kept,0,,,,
train,15_242_208_32_24_jpg.rf.06e36a3a7ce84ce8d011ac73107cecfe.jpg,15_242_208_32_24_jpg.rf.06e36a3a7ce84ce8d011ac73107cecfe.npz,True,unreviewed_kept,0,,,,
train,15_242_208_32_27_jpg.rf.f8a47bbbfa6a0a807ce7a49c50da3f2d.jpg,15_242_208_32_27_jpg.rf.f8a47bbbfa6a0a807ce7a49c50da3f2d.npz,True,unreviewed_kept,0,,,,
train,15_242_208_32_28_jpg.rf.4b88c87f24d71522a45a8eee30bcb610.jpg,15_242_208_32_28_jpg.rf.4b88c87f24d71522a45a8eee30bcb610.npz,True,unreviewed_kept,0,,,,
train,15_242_208_32_29_jpg.rf.4a9ba3af8e07e6a9ba609f1402ae755e.jpg,15_242_208_32_29_jpg.rf.4a9ba3af8e07e6a9ba609f1402ae755e.npz,True,unreviewed_kept,0,,,,
train,15_242_208_32_4_jpg.rf.ba180e60c9ef1c0f49330ca01430c66e.jpg,15_242_208_32_4_jpg.rf.ba180e60c9ef1c0f49330ca01430c66e.npz,True,unreviewed_kept,0,,,,
train,15_242_208_32_8_jpg.rf.2ee1cef9de7c2c4bed3eca43ee7a7333.jpg,15_242_208_32_8_jpg.rf.2ee1cef9de7c2c4bed3eca43ee7a7333.npz,True,unreviewed_kept,0,,,,
train,15_242_208_32_9_jpg.rf.0e39eaba59504ed99549fc6b45c89bc2.jpg,15_242_208_32_9_jpg.rf.0e39eaba59504ed99549fc6b45c89bc2.npz,False,excluded_label_problem,1,A,N,Y,漏标纤维化
train,15_242_208_33_11_jpg.rf.af9da4d5c768490ad39074cd9b516897.jpg,15_242_208_33_11_jpg.rf.af9da4d5c768490ad39074cd9b516897.npz,True,unreviewed_kept,0,,,,
train,15_242_208_33_12_jpg.rf.7845d7139841a031c340529f6a235636.jpg,15_242_208_33_12_jpg.rf.7845d7139841a031c340529f6a235636.npz,True,unreviewed_kept,0,,,,
train,15_242_208_33_13_jpg.rf.3574aa3af2fff88a9b26c0525d4fbe6c.jpg,15_242_208_33_13_jpg.rf.3574aa3af2fff88a9b26c0525d4fbe6c.npz,True,unreviewed_kept,0,,,,
train,15_242_208_33_21_jpg.rf.3d896807ec7eb82ee147b9fe15b99331.jpg,15_242_208_33_21_jpg.rf.3d896807ec7eb82ee147b9fe15b99331.npz,True,unreviewed_kept,0,,,,
train,15_242_208_33_22_jpg.rf.15ff5350fc21c689004bfe30d6b44c01.jpg,15_242_208_33_22_jpg.rf.15ff5350fc21c689004bfe30d6b44c01.npz,True,unreviewed_kept,0,,,,
train,15_242_208_33_23_jpg.rf.45ed4fa50303b4307e0dd84e978d2913.jpg,15_242_208_33_23_jpg.rf.45ed4fa50303b4307e0dd84e978d2913.npz,True,unreviewed_kept,0,,,,
train,15_242_208_33_25_jpg.rf.241dc007be41e2eb5c861f1d047cb6f8.jpg,15_242_208_33_25_jpg.rf.241dc007be41e2eb5c861f1d047cb6f8.npz,True,unreviewed_kept,0,,,,
train,15_242_208_33_28_jpg.rf.da64654ec7a0fb4714ee9ecdf1166b06.jpg,15_242_208_33_28_jpg.rf.da64654ec7a0fb4714ee9ecdf1166b06.npz,True,unreviewed_kept,0,,,,
train,15_242_208_33_6_jpg.rf.ea97c8964bbd536f633f1e5d05dac931.jpg,15_242_208_33_6_jpg.rf.ea97c8964bbd536f633f1e5d05dac931.npz,True,unreviewed_kept,0,,,,
train,15_242_208_33_7_jpg.rf.50341e1a3178a881cdacaf861196d8b0.jpg,15_242_208_33_7_jpg.rf.50341e1a3178a881cdacaf861196d8b0.npz,True,unreviewed_kept,0,,,,
train,15_242_208_34_10_jpg.rf.72f5efa90e7a6c8db32537bf7b00a1c9.jpg,15_242_208_34_10_jpg.rf.72f5efa90e7a6c8db32537bf7b00a1c9.npz,True,unreviewed_kept,0,,,,
train,15_242_208_34_13_jpg.rf.5118dc8e0365c7bbf1ff9a407b02d118.jpg,15_242_208_34_13_jpg.rf.5118dc8e0365c7bbf1ff9a407b02d118.npz,True,unreviewed_kept,0,,,,
train,15_242_208_34_15_jpg.rf.040864fc3e5c8c30e9a315c259feae62.jpg,15_242_208_34_15_jpg.rf.040864fc3e5c8c30e9a315c259feae62.npz,True,unreviewed_kept,0,,,,
train,15_242_208_34_17_jpg.rf.0da0fa5e33c0d5319f1c294e6da1a23b.jpg,15_242_208_34_17_jpg.rf.0da0fa5e33c0d5319f1c294e6da1a23b.npz,True,unreviewed_kept,0,,,,
train,15_242_208_34_18_jpg.rf.1d48b84d49e26f3f9a615c72bc56189e.jpg,15_242_208_34_18_jpg.rf.1d48b84d49e26f3f9a615c72bc56189e.npz,True,unreviewed_kept,0,,,,
train,15_242_208_34_19_jpg.rf.f86d64f4a51ec485b35bcc75dd85d336.jpg,15_242_208_34_19_jpg.rf.f86d64f4a51ec485b35bcc75dd85d336.npz,True,unreviewed_kept,0,,,,
train,15_242_208_34_20_jpg.rf.0ab1ea951a409467430fd26481736048.jpg,15_242_208_34_20_jpg.rf.0ab1ea951a409467430fd26481736048.npz,True,unreviewed_kept,0,,,,
train,15_242_208_34_21_jpg.rf.a2f9c0c355706254c9c8dabc8743e92c.jpg,15_242_208_34_21_jpg.rf.a2f9c0c355706254c9c8dabc8743e92c.npz,True,unreviewed_kept,0,,,,
train,15_242_208_34_22_jpg.rf.e45d63f637a5d3384fcc4066239cfbfe.jpg,15_242_208_34_22_jpg.rf.e45d63f637a5d3384fcc4066239cfbfe.npz,True,unreviewed_kept,0,,,,
train,15_242_208_34_23_jpg.rf.4945382d7f6d9b2c59a25ea3c682e22d.jpg,15_242_208_34_23_jpg.rf.4945382d7f6d9b2c59a25ea3c682e22d.npz,True,unreviewed_kept,0,,,,
train,15_242_208_34_25_jpg.rf.65289e167d2c2c2369fc60fafa1d34e5.jpg,15_242_208_34_25_jpg.rf.65289e167d2c2c2369fc60fafa1d34e5.npz,True,unreviewed_kept,0,,,,
train,15_242_208_34_26_jpg.rf.32b8598c59e82318166b76ea4792a0e6.jpg,15_242_208_34_26_jpg.rf.32b8598c59e82318166b76ea4792a0e6.npz,True,unreviewed_kept,0,,,,
train,15_242_208_34_27_jpg.rf.6d21bb688d9b51b59bdbde17cdbe52d7.jpg,15_242_208_34_27_jpg.rf.6d21bb688d9b51b59bdbde17cdbe52d7.npz,True,unreviewed_kept,0,,,,
train,15_242_208_34_28_jpg.rf.4a5f0e14ab67033609e9f76092e03351.jpg,15_242_208_34_28_jpg.rf.4a5f0e14ab67033609e9f76092e03351.npz,True,unreviewed_kept,0,,,,
train,15_242_208_34_4_jpg.rf.70b34f5220a0dff3373763c354b8ab9b.jpg,15_242_208_34_4_jpg.rf.70b34f5220a0dff3373763c354b8ab9b.npz,True,unreviewed_kept,0,,,,
train,15_242_208_34_5_jpg.rf.b9cd8eff273d0fb09edd13d547617f41.jpg,15_242_208_34_5_jpg.rf.b9cd8eff273d0fb09edd13d547617f41.npz,True,unreviewed_kept,0,,,,
train,15_242_208_35_13_jpg.rf.a8f61ac0af983114239210aa9ae19d12.jpg,15_242_208_35_13_jpg.rf.a8f61ac0af983114239210aa9ae19d12.npz,True,unreviewed_kept,0,,,,
train,15_242_208_35_17_jpg.rf.981588d1a9e9d5eb21431b2d9b24e821.jpg,15_242_208_35_17_jpg.rf.981588d1a9e9d5eb21431b2d9b24e821.npz,True,unreviewed_kept,0,,,,
train,15_242_208_35_21_jpg.rf.97c83fc9b4abb087b3e2996826f40197.jpg,15_242_208_35_21_jpg.rf.97c83fc9b4abb087b3e2996826f40197.npz,True,unreviewed_kept,0,,,,
train,15_242_208_35_22_jpg.rf.44274852d7f408d8d7b9ea50391a939a.jpg,15_242_208_35_22_jpg.rf.44274852d7f408d8d7b9ea50391a939a.npz,True,unreviewed_kept,0,,,,
train,15_242_208_35_23_jpg.rf.03aaa489da084a54dc1b9114dbb82d4c.jpg,15_242_208_35_23_jpg.rf.03aaa489da084a54dc1b9114dbb82d4c.npz,True,unreviewed_kept,0,,,,
train,15_242_208_35_24_jpg.rf.34c15564dc95231cbb4b9895c2c5ab0d.jpg,15_242_208_35_24_jpg.rf.34c15564dc95231cbb4b9895c2c5ab0d.npz,True,unreviewed_kept,0,,,,
train,15_242_208_35_25_jpg.rf.6cb855cf82282ace1fbf78e04b55b4f3.jpg,15_242_208_35_25_jpg.rf.6cb855cf82282ace1fbf78e04b55b4f3.npz,True,unreviewed_kept,0,,,,
train,15_242_208_35_26_jpg.rf.ca33a60d7a4f2b609a5cc0baf78d91f7.jpg,15_242_208_35_26_jpg.rf.ca33a60d7a4f2b609a5cc0baf78d91f7.npz,True,unreviewed_kept,0,,,,
train,15_242_208_35_5_jpg.rf.b559ca9f9612e4f85e89c92513fce55b.jpg,15_242_208_35_5_jpg.rf.b559ca9f9612e4f85e89c92513fce55b.npz,True,unreviewed_kept,0,,,,
train,15_242_208_35_6_jpg.rf.ac92d978297861aa16ce22c8b0401e3a.jpg,15_242_208_35_6_jpg.rf.ac92d978297861aa16ce22c8b0401e3a.npz,True,unreviewed_kept,0,,,,
train,15_242_208_35_7_jpg.rf.cd303ba8882b787e41747b1b37e7583a.jpg,15_242_208_35_7_jpg.rf.cd303ba8882b787e41747b1b37e7583a.npz,True,unreviewed_kept,0,,,,
train,15_242_208_35_9_jpg.rf.2d2a9182f5340443c96698950bfda498.jpg,15_242_208_35_9_jpg.rf.2d2a9182f5340443c96698950bfda498.npz,True,unreviewed_kept,0,,,,
train,15_242_208_36_13_jpg.rf.b7ba26a7b4d6a75a49a9b6ec1935b2f2.jpg,15_242_208_36_13_jpg.rf.b7ba26a7b4d6a75a49a9b6ec1935b2f2.npz,True,unreviewed_kept,0,,,,
train,15_242_208_36_14_jpg.rf.ea758f0cc7b6e736acb7991140aea92c.jpg,15_242_208_36_14_jpg.rf.ea758f0cc7b6e736acb7991140aea92c.npz,True,unreviewed_kept,0,,,,
train,15_242_208_36_21_jpg.rf.a0fa7253f81e5945e3c7682eb6c736b1.jpg,15_242_208_36_21_jpg.rf.a0fa7253f81e5945e3c7682eb6c736b1.npz,True,unreviewed_kept,0,,,,
train,15_242_208_36_23_jpg.rf.6d9e6339cdf6639f60f622d178821015.jpg,15_242_208_36_23_jpg.rf.6d9e6339cdf6639f60f622d178821015.npz,True,unreviewed_kept,0,,,,
train,15_242_208_36_24_jpg.rf.52b9b2e9ad7d9e5279f682e45196d929.jpg,15_242_208_36_24_jpg.rf.52b9b2e9ad7d9e5279f682e45196d929.npz,True,unreviewed_kept,0,,,,
train,15_242_208_36_26_jpg.rf.9bec177bcaeea238aee34e0236f0ca46.jpg,15_242_208_36_26_jpg.rf.9bec177bcaeea238aee34e0236f0ca46.npz,True,unreviewed_kept,0,,,,
train,15_242_208_36_5_jpg.rf.36cb2202e09c8bd92b4965db67acb865.jpg,15_242_208_36_5_jpg.rf.36cb2202e09c8bd92b4965db67acb865.npz,True,unreviewed_kept,0,,,,
train,15_242_208_36_6_jpg.rf.13822f2970fedd01f3af28cea3286fc2.jpg,15_242_208_36_6_jpg.rf.13822f2970fedd01f3af28cea3286fc2.npz,True,unreviewed_kept,0,,,,
train,15_242_208_36_7_jpg.rf.bf65034f2d0370020e6f8481ea163aa8.jpg,15_242_208_36_7_jpg.rf.bf65034f2d0370020e6f8481ea163aa8.npz,True,unreviewed_kept,0,,,,
train,15_242_208_36_9_jpg.rf.61e1eb1059c30a4e130f8d6955e28f5a.jpg,15_242_208_36_9_jpg.rf.61e1eb1059c30a4e130f8d6955e28f5a.npz,True,unreviewed_kept,0,,,,
train,15_242_208_37_10_jpg.rf.c91dd527174656fd4ce8edf6e6f25760.jpg,15_242_208_37_10_jpg.rf.c91dd527174656fd4ce8edf6e6f25760.npz,True,unreviewed_kept,0,,,,
train,15_242_208_37_13_jpg.rf.bc1c1a11436a85c0690b2df40beb7221.jpg,15_242_208_37_13_jpg.rf.bc1c1a11436a85c0690b2df40beb7221.npz,True,unreviewed_kept,0,,,,
train,15_242_208_37_14_jpg.rf.99b3c10a1a6dcfc64527a13215d56618.jpg,15_242_208_37_14_jpg.rf.99b3c10a1a6dcfc64527a13215d56618.npz,True,unreviewed_kept,0,,,,
train,15_242_208_37_18_jpg.rf.daca7178064cefd01836f3c9948fe5e8.jpg,15_242_208_37_18_jpg.rf.daca7178064cefd01836f3c9948fe5e8.npz,True,unreviewed_kept,0,,,,
train,15_242_208_37_19_jpg.rf.30a8e275eba1952054a7e694f7931b0d.jpg,15_242_208_37_19_jpg.rf.30a8e275eba1952054a7e694f7931b0d.npz,True,unreviewed_kept,0,,,,
train,15_242_208_37_21_jpg.rf.5bd7b3aaaaebbf93e48c4d5e67178393.jpg,15_242_208_37_21_jpg.rf.5bd7b3aaaaebbf93e48c4d5e67178393.npz,True,unreviewed_kept,0,,,,
train,15_242_208_37_24_jpg.rf.45e364154092b5d34cce6a5848d73c0e.jpg,15_242_208_37_24_jpg.rf.45e364154092b5d34cce6a5848d73c0e.npz,True,unreviewed_kept,0,,,,
train,15_242_208_37_25_jpg.rf.5cb13b81c678aa9bbf2e305f8da2c443.jpg,15_242_208_37_25_jpg.rf.5cb13b81c678aa9bbf2e305f8da2c443.npz,True,unreviewed_kept,0,,,,
train,15_242_208_37_5_jpg.rf.d82be8bc9a49a7bfc7dd05a17a50f2ae.jpg,15_242_208_37_5_jpg.rf.d82be8bc9a49a7bfc7dd05a17a50f2ae.npz,True,unreviewed_kept,0,,,,
train,15_242_208_37_6_jpg.rf.0f75b94d61d63fbbc89c94cef1de0bc1.jpg,15_242_208_37_6_jpg.rf.0f75b94d61d63fbbc89c94cef1de0bc1.npz,True,unreviewed_kept,0,,,,
train,15_242_208_37_7_jpg.rf.6ae351f25497e51b1e0428e702f3e6b7.jpg,15_242_208_37_7_jpg.rf.6ae351f25497e51b1e0428e702f3e6b7.npz,True,unreviewed_kept,0,,,,
train,15_242_208_38_13_jpg.rf.d92a4837cae5956dc2eeac8414fe84e6.jpg,15_242_208_38_13_jpg.rf.d92a4837cae5956dc2eeac8414fe84e6.npz,True,unreviewed_kept,0,,,,
train,15_242_208_38_17_jpg.rf.f2b384c1b99b24b67e82b0e428a5dc01.jpg,15_242_208_38_17_jpg.rf.f2b384c1b99b24b67e82b0e428a5dc01.npz,True,unreviewed_kept,0,,,,
train,15_242_208_38_19_jpg.rf.a0a5b1b7dba21ca6695f4502d49e9f19.jpg,15_242_208_38_19_jpg.rf.a0a5b1b7dba21ca6695f4502d49e9f19.npz,True,unreviewed_kept,0,,,,
train,15_242_208_38_22_jpg.rf.693241f944776485bf150fc54d1c7612.jpg,15_242_208_38_22_jpg.rf.693241f944776485bf150fc54d1c7612.npz,True,unreviewed_kept,0,,,,
train,15_242_208_38_23_jpg.rf.86fc7dfa771ddeaf3e51a7f573c593d8.jpg,15_242_208_38_23_jpg.rf.86fc7dfa771ddeaf3e51a7f573c593d8.npz,True,unreviewed_kept,0,,,,
train,15_242_208_38_24_jpg.rf.06918f21f4d27eefc0f97937fb97a389.jpg,15_242_208_38_24_jpg.rf.06918f21f4d27eefc0f97937fb97a389.npz,True,unreviewed_kept,0,,,,
train,15_242_208_38_26_jpg.rf.e01b49927ea62cb03b2199cac9f7226e.jpg,15_242_208_38_26_jpg.rf.e01b49927ea62cb03b2199cac9f7226e.npz,True,unreviewed_kept,0,,,,
train,15_242_208_38_6_jpg.rf.1c1ab7391dc482b2f16b18436ce46a5b.jpg,15_242_208_38_6_jpg.rf.1c1ab7391dc482b2f16b18436ce46a5b.npz,True,unreviewed_kept,0,,,,
train,15_242_208_38_7_jpg.rf.b623b232f9787391b027618dcd44c180.jpg,15_242_208_38_7_jpg.rf.b623b232f9787391b027618dcd44c180.npz,True,unreviewed_kept,0,,,,
train,15_242_208_38_9_jpg.rf.46199362e0f9ab1095fc5b8dfc056b59.jpg,15_242_208_38_9_jpg.rf.46199362e0f9ab1095fc5b8dfc056b59.npz,True,unreviewed_kept,0,,,,
train,15_242_208_39_13_jpg.rf.82bf289633aff6f1097712973904095c.jpg,15_242_208_39_13_jpg.rf.82bf289633aff6f1097712973904095c.npz,True,unreviewed_kept,0,,,,
train,15_242_208_39_14_jpg.rf.b3758a9f6e0d959b574f6ec10fb1de64.jpg,15_242_208_39_14_jpg.rf.b3758a9f6e0d959b574f6ec10fb1de64.npz,True,unreviewed_kept,0,,,,
train,15_242_208_39_17_jpg.rf.fe20aa3814572923bb207d78b732a4be.jpg,15_242_208_39_17_jpg.rf.fe20aa3814572923bb207d78b732a4be.npz,True,unreviewed_kept,0,,,,
train,15_242_208_39_20_jpg.rf.ad701607e0b6e4a80f436485682218e0.jpg,15_242_208_39_20_jpg.rf.ad701607e0b6e4a80f436485682218e0.npz,True,unreviewed_kept,0,,,,
train,15_242_208_39_22_jpg.rf.cfc1b3d4006d0ee5abc81a42dca65e1b.jpg,15_242_208_39_22_jpg.rf.cfc1b3d4006d0ee5abc81a42dca65e1b.npz,True,unreviewed_kept,0,,,,
train,15_242_208_39_24_jpg.rf.d4d891d82f7a9e75bf34c4ea9bee1e85.jpg,15_242_208_39_24_jpg.rf.d4d891d82f7a9e75bf34c4ea9bee1e85.npz,True,unreviewed_kept,0,,,,
train,15_242_208_39_26_jpg.rf.d2fb79379efe497815a6895d4418d884.jpg,15_242_208_39_26_jpg.rf.d2fb79379efe497815a6895d4418d884.npz,True,unreviewed_kept,0,,,,
train,15_242_208_39_27_jpg.rf.9312c7afa085f8b8feda0b659d4e63c9.jpg,15_242_208_39_27_jpg.rf.9312c7afa085f8b8feda0b659d4e63c9.npz,True,unreviewed_kept,0,,,,
train,15_242_208_39_28_jpg.rf.1fe29fc35465ac39e3e332c489901a42.jpg,15_242_208_39_28_jpg.rf.1fe29fc35465ac39e3e332c489901a42.npz,True,unreviewed_kept,0,,,,
train,15_242_208_39_5_jpg.rf.5524eb59f7d49dd805cc4ec5b9ca5c49.jpg,15_242_208_39_5_jpg.rf.5524eb59f7d49dd805cc4ec5b9ca5c49.npz,True,unreviewed_kept,0,,,,
train,15_242_208_39_6_jpg.rf.de6607fcbebd5ce0d7f72076674e67d6.jpg,15_242_208_39_6_jpg.rf.de6607fcbebd5ce0d7f72076674e67d6.npz,True,unreviewed_kept,0,,,,
train,15_242_208_40_11_jpg.rf.137023b1a29ac5de9160f4ee503937f9.jpg,15_242_208_40_11_jpg.rf.137023b1a29ac5de9160f4ee503937f9.npz,True,unreviewed_kept,0,,,,
train,15_242_208_40_13_jpg.rf.fa1c8efee496c9053a88148ab846b7dd.jpg,15_242_208_40_13_jpg.rf.fa1c8efee496c9053a88148ab846b7dd.npz,True,unreviewed_kept,0,,,,
train,15_242_208_40_16_jpg.rf.01da0a4b92766a383001e4fc2855ca41.jpg,15_242_208_40_16_jpg.rf.01da0a4b92766a383001e4fc2855ca41.npz,True,unreviewed_kept,0,,,,
train,15_242_208_40_18_jpg.rf.54fba979b681f44c855fbd9cf8a77ad7.jpg,15_242_208_40_18_jpg.rf.54fba979b681f44c855fbd9cf8a77ad7.npz,True,unreviewed_kept,0,,,,
train,15_242_208_40_20_jpg.rf.361a69639996cf535e1327c43fde04ca.jpg,15_242_208_40_20_jpg.rf.361a69639996cf535e1327c43fde04ca.npz,True,unreviewed_kept,0,,,,
train,15_242_208_40_21_jpg.rf.f6c2e12f29c1178844be7c8b9a2126a8.jpg,15_242_208_40_21_jpg.rf.f6c2e12f29c1178844be7c8b9a2126a8.npz,True,unreviewed_kept,0,,,,
train,15_242_208_40_22_jpg.rf.9495db5bfb7f6c37d6f4f200e1d59be9.jpg,15_242_208_40_22_jpg.rf.9495db5bfb7f6c37d6f4f200e1d59be9.npz,True,unreviewed_kept,0,,,,
train,15_242_208_40_23_jpg.rf.d83e744ea71134818c17c0d3b2209745.jpg,15_242_208_40_23_jpg.rf.d83e744ea71134818c17c0d3b2209745.npz,True,unreviewed_kept,0,,,,
train,15_242_208_40_24_jpg.rf.22c0a967bea5ead5b6c18ee0996bd338.jpg,15_242_208_40_24_jpg.rf.22c0a967bea5ead5b6c18ee0996bd338.npz,True,unreviewed_kept,0,,,,
train,15_242_208_40_26_jpg.rf.2104d8c6e703ae356aed978fb2ab21dc.jpg,15_242_208_40_26_jpg.rf.2104d8c6e703ae356aed978fb2ab21dc.npz,True,unreviewed_kept,0,,,,
train,15_242_208_40_27_jpg.rf.3d5db8440c28b33a23a03ad68f55f3e6.jpg,15_242_208_40_27_jpg.rf.3d5db8440c28b33a23a03ad68f55f3e6.npz,True,unreviewed_kept,0,,,,
train,15_242_208_40_5_jpg.rf.305b6b1e2e19b1ee51752c6bf66ddadb.jpg,15_242_208_40_5_jpg.rf.305b6b1e2e19b1ee51752c6bf66ddadb.npz,True,unreviewed_kept,0,,,,
train,15_242_208_40_6_jpg.rf.b796db316efd2b50a78f44d2da1c148d.jpg,15_242_208_40_6_jpg.rf.b796db316efd2b50a78f44d2da1c148d.npz,True,unreviewed_kept,0,,,,
train,15_242_208_40_7_jpg.rf.477b6f06b1579d499a60d2b84a794598.jpg,15_242_208_40_7_jpg.rf.477b6f06b1579d499a60d2b84a794598.npz,True,unreviewed_kept,0,,,,
train,15_242_208_41_10_jpg.rf.0f55c97081eda279bbd2096bfdfaa26d.jpg,15_242_208_41_10_jpg.rf.0f55c97081eda279bbd2096bfdfaa26d.npz,True,unreviewed_kept,0,,,,
train,15_242_208_41_11_jpg.rf.b9e58eeea43b7524cb0fdcedf85f0a81.jpg,15_242_208_41_11_jpg.rf.b9e58eeea43b7524cb0fdcedf85f0a81.npz,True,unreviewed_kept,0,,,,
train,15_242_208_41_12_jpg.rf.c6b59fe205870df1a030af182175ee45.jpg,15_242_208_41_12_jpg.rf.c6b59fe205870df1a030af182175ee45.npz,True,unreviewed_kept,0,,,,
train,15_242_208_41_14_jpg.rf.dac0ce7058857dce3516efc034046591.jpg,15_242_208_41_14_jpg.rf.dac0ce7058857dce3516efc034046591.npz,True,unreviewed_kept,0,,,,
train,15_242_208_41_15_jpg.rf.40543b7c4925037b8eddf0f68691e8b0.jpg,15_242_208_41_15_jpg.rf.40543b7c4925037b8eddf0f68691e8b0.npz,True,unreviewed_kept,0,,,,
train,15_242_208_41_16_jpg.rf.4ea20371726287e8903a862e269ff6fd.jpg,15_242_208_41_16_jpg.rf.4ea20371726287e8903a862e269ff6fd.npz,True,unreviewed_kept,0,,,,
train,15_242_208_41_18_jpg.rf.9a0e502215a9feb93142b1206e6b2330.jpg,15_242_208_41_18_jpg.rf.9a0e502215a9feb93142b1206e6b2330.npz,True,unreviewed_kept,0,,,,
train,15_242_208_41_20_jpg.rf.d51629c717bef83f0cd99971038bd9f1.jpg,15_242_208_41_20_jpg.rf.d51629c717bef83f0cd99971038bd9f1.npz,True,unreviewed_kept,0,,,,
train,15_242_208_41_21_jpg.rf.1e63b44f71f29ff0f70177e98e645383.jpg,15_242_208_41_21_jpg.rf.1e63b44f71f29ff0f70177e98e645383.npz,True,unreviewed_kept,0,,,,
train,15_242_208_41_22_jpg.rf.8bb8e053db3d1e82cda7b5a79bbd0100.jpg,15_242_208_41_22_jpg.rf.8bb8e053db3d1e82cda7b5a79bbd0100.npz,True,unreviewed_kept,0,,,,
train,15_242_208_41_23_jpg.rf.1adc3572e4431c32107c0f5c5fa7ff00.jpg,15_242_208_41_23_jpg.rf.1adc3572e4431c32107c0f5c5fa7ff00.npz,True,unreviewed_kept,0,,,,
train,15_242_208_41_24_jpg.rf.7d6eb4d3666ace42f856d228e70803a4.jpg,15_242_208_41_24_jpg.rf.7d6eb4d3666ace42f856d228e70803a4.npz,True,unreviewed_kept,0,,,,
train,15_242_208_41_25_jpg.rf.47703c68201e67d189cc2612b121404a.jpg,15_242_208_41_25_jpg.rf.47703c68201e67d189cc2612b121404a.npz,True,unreviewed_kept,0,,,,
train,15_242_208_41_5_jpg.rf.bfc938895aa725d6f2bd82c61856ac8a.jpg,15_242_208_41_5_jpg.rf.bfc938895aa725d6f2bd82c61856ac8a.npz,True,unreviewed_kept,0,,,,
train,15_242_208_41_6_jpg.rf.bc30d229d9bcd67fe2a6d7bc7a89ab36.jpg,15_242_208_41_6_jpg.rf.bc30d229d9bcd67fe2a6d7bc7a89ab36.npz,True,unreviewed_kept,0,,,,
train,15_242_208_41_7_jpg.rf.9523779b2ff408d70b4299e6508893a1.jpg,15_242_208_41_7_jpg.rf.9523779b2ff408d70b4299e6508893a1.npz,True,unreviewed_kept,0,,,,
train,15_242_211_19_10_jpg.rf.b57855c8ac760ea1ae87c3c7b6625ce9.jpg,15_242_211_19_10_jpg.rf.b57855c8ac760ea1ae87c3c7b6625ce9.npz,True,unreviewed_kept,0,,,,
train,15_242_211_19_11_jpg.rf.86e531861bc80ded12e28430582cda46.jpg,15_242_211_19_11_jpg.rf.86e531861bc80ded12e28430582cda46.npz,True,unreviewed_kept,0,,,,
train,15_242_211_19_12_jpg.rf.24346c158d307b8abd6a8a8c1806971c.jpg,15_242_211_19_12_jpg.rf.24346c158d307b8abd6a8a8c1806971c.npz,True,reviewed_kept,1,,,,
train,15_242_211_19_14_jpg.rf.4a3efb977b44ae010a1a312405e9dc0a.jpg,15_242_211_19_14_jpg.rf.4a3efb977b44ae010a1a312405e9dc0a.npz,True,unreviewed_kept,0,,,,
train,15_242_211_19_15_jpg.rf.e69605132dcd4c9b0b861c9a1afceb0f.jpg,15_242_211_19_15_jpg.rf.e69605132dcd4c9b0b861c9a1afceb0f.npz,True,unreviewed_kept,0,,,,
train,15_242_211_19_20_jpg.rf.6cb0a34d23412a6d3503bd921943f4cf.jpg,15_242_211_19_20_jpg.rf.6cb0a34d23412a6d3503bd921943f4cf.npz,True,unreviewed_kept,0,,,,
train,15_242_211_19_22_jpg.rf.6460a373001d08d219325c23fe03afef.jpg,15_242_211_19_22_jpg.rf.6460a373001d08d219325c23fe03afef.npz,True,unreviewed_kept,0,,,,
train,15_242_211_19_8_jpg.rf.9490b57c5f80f48a00ce3859569dbfda.jpg,15_242_211_19_8_jpg.rf.9490b57c5f80f48a00ce3859569dbfda.npz,True,unreviewed_kept,0,,,,
train,15_242_211_20_10_jpg.rf.a3494d79a93e3b2aac755bf5b4e5d2cf.jpg,15_242_211_20_10_jpg.rf.a3494d79a93e3b2aac755bf5b4e5d2cf.npz,True,unreviewed_kept,0,,,,
train,15_242_211_20_12_jpg.rf.3038b916cf72f43416b0483ae2481215.jpg,15_242_211_20_12_jpg.rf.3038b916cf72f43416b0483ae2481215.npz,True,unreviewed_kept,0,,,,
train,15_242_211_20_13_jpg.rf.1f7695cf48d06dc64c179bef0565d1e2.jpg,15_242_211_20_13_jpg.rf.1f7695cf48d06dc64c179bef0565d1e2.npz,True,unreviewed_kept,0,,,,
train,15_242_211_20_14_jpg.rf.d32380904a7bd0307ce4d09417b69e39.jpg,15_242_211_20_14_jpg.rf.d32380904a7bd0307ce4d09417b69e39.npz,True,unreviewed_kept,0,,,,
train,15_242_211_20_15_jpg.rf.38a3b08ca4bf284d6087bcfa3cc7ea4a.jpg,15_242_211_20_15_jpg.rf.38a3b08ca4bf284d6087bcfa3cc7ea4a.npz,True,unreviewed_kept,0,,,,
train,15_242_211_20_17_jpg.rf.1c1286e2f08e0fcb757625646a96b3a6.jpg,15_242_211_20_17_jpg.rf.1c1286e2f08e0fcb757625646a96b3a6.npz,True,unreviewed_kept,0,,,,
train,15_242_211_20_18_jpg.rf.c1323797fd4a897fffc32b1e67df2f97.jpg,15_242_211_20_18_jpg.rf.c1323797fd4a897fffc32b1e67df2f97.npz,True,unreviewed_kept,0,,,,
train,15_242_211_20_19_jpg.rf.b8afc51465f4602ca916aa85a324c642.jpg,15_242_211_20_19_jpg.rf.b8afc51465f4602ca916aa85a324c642.npz,True,unreviewed_kept,0,,,,
train,15_242_211_20_20_jpg.rf.709b643509175ddee42b8572a1108d8d.jpg,15_242_211_20_20_jpg.rf.709b643509175ddee42b8572a1108d8d.npz,True,unreviewed_kept,0,,,,
train,15_242_211_20_22_jpg.rf.ea0b4b79ab2bbc2c826bcc2bd6470e36.jpg,15_242_211_20_22_jpg.rf.ea0b4b79ab2bbc2c826bcc2bd6470e36.npz,True,unreviewed_kept,0,,,,
train,15_242_211_20_23_jpg.rf.d30ba1764b0a76dd47ccce1fd84abeb2.jpg,15_242_211_20_23_jpg.rf.d30ba1764b0a76dd47ccce1fd84abeb2.npz,True,unreviewed_kept,0,,,,
train,15_242_211_20_2_jpg.rf.dbd2a7fdcc4c359644cfa9d3425f5ce7.jpg,15_242_211_20_2_jpg.rf.dbd2a7fdcc4c359644cfa9d3425f5ce7.npz,True,unreviewed_kept,0,,,,
train,15_242_211_20_4_jpg.rf.cf23199e925774eb0d0e50c001f20f26.jpg,15_242_211_20_4_jpg.rf.cf23199e925774eb0d0e50c001f20f26.npz,True,unreviewed_kept,0,,,,
train,15_242_211_20_8_jpg.rf.950728d54a845dd1d8c6405a9c0faac5.jpg,15_242_211_20_8_jpg.rf.950728d54a845dd1d8c6405a9c0faac5.npz,True,unreviewed_kept,0,,,,
train,15_242_211_20_9_jpg.rf.a192d2c0528a95b2476bace29b54bbe7.jpg,15_242_211_20_9_jpg.rf.a192d2c0528a95b2476bace29b54bbe7.npz,True,unreviewed_kept,0,,,,
train,15_242_211_21_12_jpg.rf.fc7f7cb2160a21fd2710c730cc60584a.jpg,15_242_211_21_12_jpg.rf.fc7f7cb2160a21fd2710c730cc60584a.npz,True,unreviewed_kept,0,,,,
train,15_242_211_21_13_jpg.rf.de98f1323bc5e71d636cc03da6ac3902.jpg,15_242_211_21_13_jpg.rf.de98f1323bc5e71d636cc03da6ac3902.npz,True,unreviewed_kept,0,,,,
train,15_242_211_21_15_jpg.rf.383dd6003ca3315a92500c8d0b6aeae1.jpg,15_242_211_21_15_jpg.rf.383dd6003ca3315a92500c8d0b6aeae1.npz,True,unreviewed_kept,0,,,,
train,15_242_211_21_16_jpg.rf.a2d3bb5ead6da661085ed11c8d207a97.jpg,15_242_211_21_16_jpg.rf.a2d3bb5ead6da661085ed11c8d207a97.npz,True,unreviewed_kept,0,,,,
train,15_242_211_21_17_jpg.rf.3af34864575ec0be5541f6847fce0216.jpg,15_242_211_21_17_jpg.rf.3af34864575ec0be5541f6847fce0216.npz,True,unreviewed_kept,0,,,,
train,15_242_211_21_19_jpg.rf.f64b75daa3be0852250409ca3ec5ed62.jpg,15_242_211_21_19_jpg.rf.f64b75daa3be0852250409ca3ec5ed62.npz,True,unreviewed_kept,0,,,,
train,15_242_211_21_20_jpg.rf.482d0c3be91eb6878ccc8f0bb5ab8cb9.jpg,15_242_211_21_20_jpg.rf.482d0c3be91eb6878ccc8f0bb5ab8cb9.npz,True,unreviewed_kept,0,,,,
train,15_242_211_21_21_jpg.rf.c45eefb3f8eb4236e51f892c280b250f.jpg,15_242_211_21_21_jpg.rf.c45eefb3f8eb4236e51f892c280b250f.npz,True,unreviewed_kept,0,,,,
train,15_242_211_21_22_jpg.rf.f002844441adfe5bc43a9ecf5a42f615.jpg,15_242_211_21_22_jpg.rf.f002844441adfe5bc43a9ecf5a42f615.npz,True,unreviewed_kept,0,,,,
train,15_242_211_21_6_jpg.rf.c6aecc81767bf0dd1a6f4e22eb5e17e9.jpg,15_242_211_21_6_jpg.rf.c6aecc81767bf0dd1a6f4e22eb5e17e9.npz,True,unreviewed_kept,0,,,,
train,15_242_211_21_7_jpg.rf.dc5249a46e29eb219937c3b6d628c46b.jpg,15_242_211_21_7_jpg.rf.dc5249a46e29eb219937c3b6d628c46b.npz,True,unreviewed_kept,0,,,,
train,15_242_211_21_8_jpg.rf.a58310821b378025e7d1b2727054d7c1.jpg,15_242_211_21_8_jpg.rf.a58310821b378025e7d1b2727054d7c1.npz,True,unreviewed_kept,0,,,,
train,15_242_211_21_9_jpg.rf.b7cc712ff1e8430e712dce4629f32775.jpg,15_242_211_21_9_jpg.rf.b7cc712ff1e8430e712dce4629f32775.npz,True,unreviewed_kept,0,,,,
train,15_242_211_22_13_jpg.rf.d7b6464ab51dfe31d0caef709720e0d8.jpg,15_242_211_22_13_jpg.rf.d7b6464ab51dfe31d0caef709720e0d8.npz,True,unreviewed_kept,0,,,,
train,15_242_211_22_14_jpg.rf.aa22c249bc2c1bb0a026de60cb6adbfd.jpg,15_242_211_22_14_jpg.rf.aa22c249bc2c1bb0a026de60cb6adbfd.npz,True,unreviewed_kept,0,,,,
train,15_242_211_22_19_jpg.rf.b0639346b90623cbf9cac913f65bfe2e.jpg,15_242_211_22_19_jpg.rf.b0639346b90623cbf9cac913f65bfe2e.npz,True,unreviewed_kept,0,,,,
train,15_242_211_22_21_jpg.rf.a224c6644d0b90208fda5967e21f82e2.jpg,15_242_211_22_21_jpg.rf.a224c6644d0b90208fda5967e21f82e2.npz,True,unreviewed_kept,0,,,,
train,15_242_211_22_22_jpg.rf.f986bd387239559d12253d9165f86224.jpg,15_242_211_22_22_jpg.rf.f986bd387239559d12253d9165f86224.npz,True,unreviewed_kept,0,,,,
train,15_242_211_22_3_jpg.rf.edd92b5e2aaa8c9202a863b019d59389.jpg,15_242_211_22_3_jpg.rf.edd92b5e2aaa8c9202a863b019d59389.npz,True,unreviewed_kept,0,,,,
train,15_242_211_22_4_jpg.rf.24783e1eae1e156f5b6cfd02dd61dcd1.jpg,15_242_211_22_4_jpg.rf.24783e1eae1e156f5b6cfd02dd61dcd1.npz,True,unreviewed_kept,0,,,,
train,15_242_211_23_4_jpg.rf.ae0c462b948e744655429e2a76661dcb.jpg,15_242_211_23_4_jpg.rf.ae0c462b948e744655429e2a76661dcb.npz,True,unreviewed_kept,0,,,,
train,15_242_211_23_6_jpg.rf.4edadf4fb4a782a8579d27759a423c65.jpg,15_242_211_23_6_jpg.rf.4edadf4fb4a782a8579d27759a423c65.npz,True,unreviewed_kept,0,,,,
train,15_242_212_16_19_jpg.rf.4cf048967a51a0ae96ce924f984aca44.jpg,15_242_212_16_19_jpg.rf.4cf048967a51a0ae96ce924f984aca44.npz,True,unreviewed_kept,0,,,,
train,15_242_212_16_20_jpg.rf.42253b761e484b32be5ecba86d538373.jpg,15_242_212_16_20_jpg.rf.42253b761e484b32be5ecba86d538373.npz,True,unreviewed_kept,0,,,,
train,15_242_212_16_22_jpg.rf.01aaa6403eae2ada6138d69d5e18fb75.jpg,15_242_212_16_22_jpg.rf.01aaa6403eae2ada6138d69d5e18fb75.npz,True,unreviewed_kept,0,,,,
train,15_242_212_16_23_jpg.rf.43bea9bb7202a426713cda3289df66dc.jpg,15_242_212_16_23_jpg.rf.43bea9bb7202a426713cda3289df66dc.npz,True,unreviewed_kept,0,,,,
train,15_242_212_17_11_jpg.rf.ffe49ce4942d72450cdfade6a34479b3.jpg,15_242_212_17_11_jpg.rf.ffe49ce4942d72450cdfade6a34479b3.npz,True,unreviewed_kept,0,,,,
train,15_242_212_17_15_jpg.rf.fe34c445eafd6ca58c7d4546c47b73d5.jpg,15_242_212_17_15_jpg.rf.fe34c445eafd6ca58c7d4546c47b73d5.npz,True,unreviewed_kept,0,,,,
train,15_242_212_17_16_jpg.rf.67cfdd088c65a5a9c6636f58cdd2f2fd.jpg,15_242_212_17_16_jpg.rf.67cfdd088c65a5a9c6636f58cdd2f2fd.npz,True,unreviewed_kept,0,,,,
train,15_242_212_17_19_jpg.rf.8ddcccf994c5bb0cc60af5163c58cff4.jpg,15_242_212_17_19_jpg.rf.8ddcccf994c5bb0cc60af5163c58cff4.npz,True,unreviewed_kept,0,,,,
train,15_242_212_17_20_jpg.rf.36d1a6e60e3197f8f68c4ed55ff0a52c.jpg,15_242_212_17_20_jpg.rf.36d1a6e60e3197f8f68c4ed55ff0a52c.npz,True,unreviewed_kept,0,,,,
train,15_242_212_17_21_jpg.rf.8c366610c0159668dae4db22fea694e6.jpg,15_242_212_17_21_jpg.rf.8c366610c0159668dae4db22fea694e6.npz,True,unreviewed_kept,0,,,,
train,15_242_212_17_24_jpg.rf.c5fc1931d46f3f419b6835968cbc7431.jpg,15_242_212_17_24_jpg.rf.c5fc1931d46f3f419b6835968cbc7431.npz,True,unreviewed_kept,0,,,,
train,15_242_212_17_25_jpg.rf.32cf2a49e44d82236ee6d2a6c3eb9ce8.jpg,15_242_212_17_25_jpg.rf.32cf2a49e44d82236ee6d2a6c3eb9ce8.npz,True,unreviewed_kept,0,,,,
train,15_242_212_17_6_jpg.rf.d696164fab0edd2c0112ac9cb2635fa3.jpg,15_242_212_17_6_jpg.rf.d696164fab0edd2c0112ac9cb2635fa3.npz,True,unreviewed_kept,0,,,,
train,15_242_212_17_8_jpg.rf.bae2e7fe326042d5f303f338550bf238.jpg,15_242_212_17_8_jpg.rf.bae2e7fe326042d5f303f338550bf238.npz,True,unreviewed_kept,0,,,,
train,15_242_212_18_10_jpg.rf.c341939742efeb76e2f8fdf2850ce22d.jpg,15_242_212_18_10_jpg.rf.c341939742efeb76e2f8fdf2850ce22d.npz,True,unreviewed_kept,0,,,,
train,15_242_212_18_11_jpg.rf.e82c13ce7e5ac549407a6623c6a31aa6.jpg,15_242_212_18_11_jpg.rf.e82c13ce7e5ac549407a6623c6a31aa6.npz,True,unreviewed_kept,0,,,,
train,15_242_212_18_12_jpg.rf.9bd8a1aefde1ea93673aee811edd0b43.jpg,15_242_212_18_12_jpg.rf.9bd8a1aefde1ea93673aee811edd0b43.npz,True,unreviewed_kept,0,,,,
train,15_242_212_18_14_jpg.rf.a94b1cb135b12b7d049dd28bff080da2.jpg,15_242_212_18_14_jpg.rf.a94b1cb135b12b7d049dd28bff080da2.npz,True,unreviewed_kept,0,,,,
train,15_242_212_18_15_jpg.rf.82685f103e4e40360ee38f4d32e546c7.jpg,15_242_212_18_15_jpg.rf.82685f103e4e40360ee38f4d32e546c7.npz,True,unreviewed_kept,0,,,,
train,15_242_212_18_16_jpg.rf.454429e30f3b133ad533ff67592f3731.jpg,15_242_212_18_16_jpg.rf.454429e30f3b133ad533ff67592f3731.npz,True,unreviewed_kept,0,,,,
train,15_242_212_18_17_jpg.rf.3ca23f5f695873b98f2ae822777e139d.jpg,15_242_212_18_17_jpg.rf.3ca23f5f695873b98f2ae822777e139d.npz,True,unreviewed_kept,0,,,,
train,15_242_212_18_19_jpg.rf.79299cc61d68a84a12d1297d23a15316.jpg,15_242_212_18_19_jpg.rf.79299cc61d68a84a12d1297d23a15316.npz,True,unreviewed_kept,0,,,,
train,15_242_212_18_21_jpg.rf.d17c041d35f4cba11c2eae9ae2618f8d.jpg,15_242_212_18_21_jpg.rf.d17c041d35f4cba11c2eae9ae2618f8d.npz,True,unreviewed_kept,0,,,,
train,15_242_212_18_22_jpg.rf.19fea855ea2c4be5f90aeabca03a13f9.jpg,15_242_212_18_22_jpg.rf.19fea855ea2c4be5f90aeabca03a13f9.npz,True,unreviewed_kept,0,,,,
train,15_242_212_18_24_jpg.rf.7e4ec8df14319b00dd83250f78f52c41.jpg,15_242_212_18_24_jpg.rf.7e4ec8df14319b00dd83250f78f52c41.npz,True,unreviewed_kept,0,,,,
train,15_242_212_18_25_jpg.rf.2fcff235b6e97368d6e32491645a4b9e.jpg,15_242_212_18_25_jpg.rf.2fcff235b6e97368d6e32491645a4b9e.npz,True,unreviewed_kept,0,,,,
train,15_242_212_18_26_jpg.rf.274f1a246f9573e24d4e55b8969a9830.jpg,15_242_212_18_26_jpg.rf.274f1a246f9573e24d4e55b8969a9830.npz,True,unreviewed_kept,0,,,,
train,15_242_212_18_7_jpg.rf.2018b2422a46ed4c9c61654e41b744d9.jpg,15_242_212_18_7_jpg.rf.2018b2422a46ed4c9c61654e41b744d9.npz,True,unreviewed_kept,0,,,,
train,15_242_212_18_8_jpg.rf.712a44eb3dfcdf7b3247c7b38c6229ae.jpg,15_242_212_18_8_jpg.rf.712a44eb3dfcdf7b3247c7b38c6229ae.npz,True,unreviewed_kept,0,,,,
train,15_242_212_18_9_jpg.rf.a32a48d4424ff245522bf1c8c130e042.jpg,15_242_212_18_9_jpg.rf.a32a48d4424ff245522bf1c8c130e042.npz,True,unreviewed_kept,0,,,,
train,15_242_212_19_10_jpg.rf.324e083b63f8862224f45c11a2396220.jpg,15_242_212_19_10_jpg.rf.324e083b63f8862224f45c11a2396220.npz,True,unreviewed_kept,0,,,,
train,15_242_212_19_11_jpg.rf.f1baea89616738e250dc1077f8afaab1.jpg,15_242_212_19_11_jpg.rf.f1baea89616738e250dc1077f8afaab1.npz,True,unreviewed_kept,0,,,,
train,15_242_212_19_13_jpg.rf.c06cd7f8e7d63471dc62a5a6b6284706.jpg,15_242_212_19_13_jpg.rf.c06cd7f8e7d63471dc62a5a6b6284706.npz,True,unreviewed_kept,0,,,,
train,15_242_212_19_15_jpg.rf.6d1625f632ccbc936d5df64cf8e85e26.jpg,15_242_212_19_15_jpg.rf.6d1625f632ccbc936d5df64cf8e85e26.npz,True,unreviewed_kept,0,,,,
train,15_242_212_19_16_jpg.rf.88913d7534e0f304a5363d533c9476d2.jpg,15_242_212_19_16_jpg.rf.88913d7534e0f304a5363d533c9476d2.npz,True,unreviewed_kept,0,,,,
train,15_242_212_19_19_jpg.rf.9a11193b090f3640cca0a735ee0cc61a.jpg,15_242_212_19_19_jpg.rf.9a11193b090f3640cca0a735ee0cc61a.npz,True,unreviewed_kept,0,,,,
train,15_242_212_19_20_jpg.rf.d7abd2a5734a2105d77583a732fc06d3.jpg,15_242_212_19_20_jpg.rf.d7abd2a5734a2105d77583a732fc06d3.npz,True,unreviewed_kept,0,,,,
train,15_242_212_19_21_jpg.rf.0e58e67ecede53e0b51f0476acda476d.jpg,15_242_212_19_21_jpg.rf.0e58e67ecede53e0b51f0476acda476d.npz,True,unreviewed_kept,0,,,,
train,15_242_212_19_22_jpg.rf.9d9eeeb0851da68f81d6cd614dcbc82b.jpg,15_242_212_19_22_jpg.rf.9d9eeeb0851da68f81d6cd614dcbc82b.npz,True,unreviewed_kept,0,,,,
train,15_242_212_19_24_jpg.rf.db01196c67b5c1ac147a96be7e049b1a.jpg,15_242_212_19_24_jpg.rf.db01196c67b5c1ac147a96be7e049b1a.npz,True,unreviewed_kept,0,,,,
train,15_242_212_19_25_jpg.rf.68ff646637d385bf80fa1f95fd4058bf.jpg,15_242_212_19_25_jpg.rf.68ff646637d385bf80fa1f95fd4058bf.npz,True,unreviewed_kept,0,,,,
train,15_242_212_19_5_jpg.rf.d9b16cd9303a9ef3f9220862e7c3f23a.jpg,15_242_212_19_5_jpg.rf.d9b16cd9303a9ef3f9220862e7c3f23a.npz,True,unreviewed_kept,0,,,,
train,15_242_212_19_6_jpg.rf.d9c375b01cb8eed7d87f6f0f812f2da5.jpg,15_242_212_19_6_jpg.rf.d9c375b01cb8eed7d87f6f0f812f2da5.npz,True,unreviewed_kept,0,,,,
train,15_242_212_19_7_jpg.rf.14cd61d0df5ff627150c55de964305f8.jpg,15_242_212_19_7_jpg.rf.14cd61d0df5ff627150c55de964305f8.npz,True,unreviewed_kept,0,,,,
train,15_242_212_19_8_jpg.rf.9379e3a6d9bab389a9f27c494f121d05.jpg,15_242_212_19_8_jpg.rf.9379e3a6d9bab389a9f27c494f121d05.npz,True,unreviewed_kept,0,,,,
train,15_242_212_19_9_jpg.rf.c2221096a3a1631729af346c48012b0b.jpg,15_242_212_19_9_jpg.rf.c2221096a3a1631729af346c48012b0b.npz,True,unreviewed_kept,0,,,,
train,15_242_212_20_10_jpg.rf.9be26ba7c43ae6010eed844a84b0a7c1.jpg,15_242_212_20_10_jpg.rf.9be26ba7c43ae6010eed844a84b0a7c1.npz,True,unreviewed_kept,0,,,,
train,15_242_212_20_12_jpg.rf.b02fd823ad3e08acc47dc30348020132.jpg,15_242_212_20_12_jpg.rf.b02fd823ad3e08acc47dc30348020132.npz,True,unreviewed_kept,0,,,,
train,15_242_212_20_14_jpg.rf.ab5548c81e20a650bfb7c42f7d882d94.jpg,15_242_212_20_14_jpg.rf.ab5548c81e20a650bfb7c42f7d882d94.npz,True,unreviewed_kept,0,,,,
train,15_242_212_20_15_jpg.rf.0c8241f985a5375985a6f2da49e8758e.jpg,15_242_212_20_15_jpg.rf.0c8241f985a5375985a6f2da49e8758e.npz,True,unreviewed_kept,0,,,,
train,15_242_212_20_16_jpg.rf.8b5cfd09b2f702ff24af05445113e1e6.jpg,15_242_212_20_16_jpg.rf.8b5cfd09b2f702ff24af05445113e1e6.npz,True,reviewed_kept,1,,,,
train,15_242_212_20_17_jpg.rf.0186d2bdb5b2fd9abfb479c28c2bf783.jpg,15_242_212_20_17_jpg.rf.0186d2bdb5b2fd9abfb479c28c2bf783.npz,True,unreviewed_kept,0,,,,
train,15_242_212_20_19_jpg.rf.f078c94b2352cff13b837fdfdc7b0b19.jpg,15_242_212_20_19_jpg.rf.f078c94b2352cff13b837fdfdc7b0b19.npz,True,unreviewed_kept,0,,,,
train,15_242_212_20_24_jpg.rf.1888477e9ad70aa526c3cf86ee21c9c4.jpg,15_242_212_20_24_jpg.rf.1888477e9ad70aa526c3cf86ee21c9c4.npz,True,unreviewed_kept,0,,,,
train,15_242_212_20_25_jpg.rf.60d118e5a3c93b2b4981a2e83445ba3a.jpg,15_242_212_20_25_jpg.rf.60d118e5a3c93b2b4981a2e83445ba3a.npz,True,unreviewed_kept,0,,,,
train,15_242_212_20_26_jpg.rf.cd9fd27b50c847ba077ea99f2e286ce8.jpg,15_242_212_20_26_jpg.rf.cd9fd27b50c847ba077ea99f2e286ce8.npz,True,unreviewed_kept,0,,,,
train,15_242_212_20_5_jpg.rf.36827b09e9ee1b1badc97ec5090524b8.jpg,15_242_212_20_5_jpg.rf.36827b09e9ee1b1badc97ec5090524b8.npz,True,unreviewed_kept,0,,,,
train,15_242_212_20_7_jpg.rf.33fc8885e9313ede2060a8b43fbb1522.jpg,15_242_212_20_7_jpg.rf.33fc8885e9313ede2060a8b43fbb1522.npz,True,unreviewed_kept,0,,,,
train,15_242_212_21_11_jpg.rf.c5c3f2fd1e0cb0cd1dae54f16ca02c30.jpg,15_242_212_21_11_jpg.rf.c5c3f2fd1e0cb0cd1dae54f16ca02c30.npz,True,unreviewed_kept,0,,,,
train,15_242_212_21_12_jpg.rf.50a56eaa4d957a67f24b53b218290167.jpg,15_242_212_21_12_jpg.rf.50a56eaa4d957a67f24b53b218290167.npz,True,unreviewed_kept,0,,,,
train,15_242_212_21_15_jpg.rf.812bdf665f008e203d7efa2994fbb1f0.jpg,15_242_212_21_15_jpg.rf.812bdf665f008e203d7efa2994fbb1f0.npz,True,unreviewed_kept,0,,,,
train,15_242_212_21_16_jpg.rf.c10ff20b1b6b8a00e10d5f3b3249c6f0.jpg,15_242_212_21_16_jpg.rf.c10ff20b1b6b8a00e10d5f3b3249c6f0.npz,True,unreviewed_kept,0,,,,
train,15_242_212_21_18_jpg.rf.4ae76912c424e7d0af66547c399bdec2.jpg,15_242_212_21_18_jpg.rf.4ae76912c424e7d0af66547c399bdec2.npz,True,reviewed_kept,1,B,Y,N,模型检出能力不足
train,15_242_212_21_19_jpg.rf.9c8e43416c6c259b0b4e1cf439a0a6d3.jpg,15_242_212_21_19_jpg.rf.9c8e43416c6c259b0b4e1cf439a0a6d3.npz,True,unreviewed_kept,0,,,,
train,15_242_212_21_20_jpg.rf.44cdcf011c321b8bd58c1010540ec889.jpg,15_242_212_21_20_jpg.rf.44cdcf011c321b8bd58c1010540ec889.npz,True,unreviewed_kept,0,,,,
train,15_242_212_21_22_jpg.rf.b765335838e83f92c6a1a7ca90618ebb.jpg,15_242_212_21_22_jpg.rf.b765335838e83f92c6a1a7ca90618ebb.npz,True,unreviewed_kept,0,,,,
train,15_242_212_21_5_jpg.rf.36ed879625a9b930a92c7d69c4a3237d.jpg,15_242_212_21_5_jpg.rf.36ed879625a9b930a92c7d69c4a3237d.npz,True,unreviewed_kept,0,,,,
train,15_242_212_21_8_jpg.rf.47de7824571c7207ae35518d7d96303d.jpg,15_242_212_21_8_jpg.rf.47de7824571c7207ae35518d7d96303d.npz,True,unreviewed_kept,0,,,,
train,15_242_212_21_9_jpg.rf.f66be288acb9147392acedf0d4798259.jpg,15_242_212_21_9_jpg.rf.f66be288acb9147392acedf0d4798259.npz,True,unreviewed_kept,0,,,,
train,15_242_212_22_10_jpg.rf.3f7bab9101100e619d58e5b60441e28d.jpg,15_242_212_22_10_jpg.rf.3f7bab9101100e619d58e5b60441e28d.npz,True,unreviewed_kept,0,,,,
train,15_242_212_22_11_jpg.rf.a04a03874de929a729142dcc26ff2e45.jpg,15_242_212_22_11_jpg.rf.a04a03874de929a729142dcc26ff2e45.npz,True,unreviewed_kept,0,,,,
train,15_242_212_22_13_jpg.rf.deced83f077e8b9279abd9c70329b40f.jpg,15_242_212_22_13_jpg.rf.deced83f077e8b9279abd9c70329b40f.npz,True,unreviewed_kept,0,,,,
train,15_242_212_22_17_jpg.rf.6ec9fbfea410e8bd50a87c5d441b29ca.jpg,15_242_212_22_17_jpg.rf.6ec9fbfea410e8bd50a87c5d441b29ca.npz,True,unreviewed_kept,0,,,,
train,15_242_212_22_19_jpg.rf.02737e93f3c70c2e0e58c00c0d37e11b.jpg,15_242_212_22_19_jpg.rf.02737e93f3c70c2e0e58c00c0d37e11b.npz,True,unreviewed_kept,0,,,,
train,15_242_212_22_20_jpg.rf.a14b889ff5c4ff05df99dbed20e1edbe.jpg,15_242_212_22_20_jpg.rf.a14b889ff5c4ff05df99dbed20e1edbe.npz,True,unreviewed_kept,0,,,,
train,15_242_212_22_21_jpg.rf.d71f284621cc4f4dbf863273d91829f2.jpg,15_242_212_22_21_jpg.rf.d71f284621cc4f4dbf863273d91829f2.npz,True,unreviewed_kept,0,,,,
train,15_242_212_22_22_jpg.rf.db8798dff557fb4f08807e26ae49acf3.jpg,15_242_212_22_22_jpg.rf.db8798dff557fb4f08807e26ae49acf3.npz,True,unreviewed_kept,0,,,,
train,15_242_212_22_23_jpg.rf.4f6d75287b0855d35401c8a5ba539311.jpg,15_242_212_22_23_jpg.rf.4f6d75287b0855d35401c8a5ba539311.npz,True,unreviewed_kept,0,,,,
train,15_242_212_22_24_jpg.rf.136f2c09cb5641ea98cd8935e0a04482.jpg,15_242_212_22_24_jpg.rf.136f2c09cb5641ea98cd8935e0a04482.npz,True,unreviewed_kept,0,,,,
train,15_242_212_22_25_jpg.rf.52a8ad25aa7eb12311afccc6fbac6229.jpg,15_242_212_22_25_jpg.rf.52a8ad25aa7eb12311afccc6fbac6229.npz,True,unreviewed_kept,0,,,,
train,15_242_212_22_27_jpg.rf.261047df6ab05e4aa2092069068a4f8e.jpg,15_242_212_22_27_jpg.rf.261047df6ab05e4aa2092069068a4f8e.npz,True,unreviewed_kept,0,,,,
train,15_242_212_22_5_jpg.rf.6ba2397722d5f5f3c1f67fae54412464.jpg,15_242_212_22_5_jpg.rf.6ba2397722d5f5f3c1f67fae54412464.npz,True,unreviewed_kept,0,,,,
train,15_242_212_22_7_jpg.rf.5844ef8958e762422317d85dca353ca0.jpg,15_242_212_22_7_jpg.rf.5844ef8958e762422317d85dca353ca0.npz,True,unreviewed_kept,0,,,,
train,15_242_212_22_8_jpg.rf.6da8f15ee6928990a75373a7a70cda7b.jpg,15_242_212_22_8_jpg.rf.6da8f15ee6928990a75373a7a70cda7b.npz,True,unreviewed_kept,0,,,,
train,15_242_212_22_9_jpg.rf.b81810da89f6d516742d99fe2f688a03.jpg,15_242_212_22_9_jpg.rf.b81810da89f6d516742d99fe2f688a03.npz,True,unreviewed_kept,0,,,,
train,15_242_212_23_10_jpg.rf.94540322a1ae5416be818a67b508db9a.jpg,15_242_212_23_10_jpg.rf.94540322a1ae5416be818a67b508db9a.npz,True,unreviewed_kept,0,,,,
train,15_242_212_23_11_jpg.rf.88ba277ccde86a5dcf04d8b52f426e09.jpg,15_242_212_23_11_jpg.rf.88ba277ccde86a5dcf04d8b52f426e09.npz,True,unreviewed_kept,0,,,,
train,15_242_212_23_14_jpg.rf.9d5fdb2d1290a01a50e9f8caa04700b0.jpg,15_242_212_23_14_jpg.rf.9d5fdb2d1290a01a50e9f8caa04700b0.npz,True,unreviewed_kept,0,,,,
train,15_242_212_23_15_jpg.rf.89e24b432287cd73ddc17319f0ac0757.jpg,15_242_212_23_15_jpg.rf.89e24b432287cd73ddc17319f0ac0757.npz,True,unreviewed_kept,0,,,,
train,15_242_212_23_16_jpg.rf.ffb3edb2ce946bbbb020e3958d9dada2.jpg,15_242_212_23_16_jpg.rf.ffb3edb2ce946bbbb020e3958d9dada2.npz,True,unreviewed_kept,0,,,,
train,15_242_212_23_17_jpg.rf.5ad3f4ab9244517cda03e69a76480fa3.jpg,15_242_212_23_17_jpg.rf.5ad3f4ab9244517cda03e69a76480fa3.npz,True,unreviewed_kept,0,,,,
train,15_242_212_23_18_jpg.rf.a93ce51d77350213d24f12c9a84451da.jpg,15_242_212_23_18_jpg.rf.a93ce51d77350213d24f12c9a84451da.npz,True,unreviewed_kept,0,,,,
train,15_242_212_23_19_jpg.rf.ada91d0859f32cab5fc8e53a3ff11b52.jpg,15_242_212_23_19_jpg.rf.ada91d0859f32cab5fc8e53a3ff11b52.npz,True,unreviewed_kept,0,,,,
train,15_242_212_23_21_jpg.rf.798fea726bf526939ec92c9a57f0830b.jpg,15_242_212_23_21_jpg.rf.798fea726bf526939ec92c9a57f0830b.npz,True,unreviewed_kept,0,,,,
train,15_242_212_23_22_jpg.rf.be74e960a2aec3865db7e3bbf8241e82.jpg,15_242_212_23_22_jpg.rf.be74e960a2aec3865db7e3bbf8241e82.npz,True,unreviewed_kept,0,,,,
train,15_242_212_23_23_jpg.rf.c892b21e8212a9264a8e73e28e346c29.jpg,15_242_212_23_23_jpg.rf.c892b21e8212a9264a8e73e28e346c29.npz,True,unreviewed_kept,0,,,,
train,15_242_212_23_24_jpg.rf.764897cad98d214075cb59325e0dc36b.jpg,15_242_212_23_24_jpg.rf.764897cad98d214075cb59325e0dc36b.npz,True,unreviewed_kept,0,,,,
train,15_242_212_23_25_jpg.rf.a4bf5972391cec393527f1bef3546e4f.jpg,15_242_212_23_25_jpg.rf.a4bf5972391cec393527f1bef3546e4f.npz,True,unreviewed_kept,0,,,,
train,15_242_212_23_27_jpg.rf.3ae2c2317bfc1a66fcf32d63170f0483.jpg,15_242_212_23_27_jpg.rf.3ae2c2317bfc1a66fcf32d63170f0483.npz,True,unreviewed_kept,0,,,,
train,15_242_212_23_6_jpg.rf.612fb50a37ea1c99d474db901827ba8d.jpg,15_242_212_23_6_jpg.rf.612fb50a37ea1c99d474db901827ba8d.npz,True,unreviewed_kept,0,,,,
train,15_242_212_23_7_jpg.rf.8b3554f5a2e649dc5a2a5ce8daf92e2e.jpg,15_242_212_23_7_jpg.rf.8b3554f5a2e649dc5a2a5ce8daf92e2e.npz,True,unreviewed_kept,0,,,,
train,15_242_212_24_10_jpg.rf.2f4df87e0302aaa0f94c37f7f34ebb94.jpg,15_242_212_24_10_jpg.rf.2f4df87e0302aaa0f94c37f7f34ebb94.npz,True,unreviewed_kept,0,,,,
train,15_242_212_24_12_jpg.rf.4f69ddd141fcb0e902d656f66a6bea21.jpg,15_242_212_24_12_jpg.rf.4f69ddd141fcb0e902d656f66a6bea21.npz,True,unreviewed_kept,0,,,,
train,15_242_212_24_13_jpg.rf.8e1546f77fd7eafb092b1d6872f16652.jpg,15_242_212_24_13_jpg.rf.8e1546f77fd7eafb092b1d6872f16652.npz,True,unreviewed_kept,0,,,,
train,15_242_212_24_15_jpg.rf.03a9177fb0b0bd56f98110c95ec9dc05.jpg,15_242_212_24_15_jpg.rf.03a9177fb0b0bd56f98110c95ec9dc05.npz,True,unreviewed_kept,0,,,,
train,15_242_212_24_18_jpg.rf.0c0d4eb519dbea1c0054f29e3d9e3af2.jpg,15_242_212_24_18_jpg.rf.0c0d4eb519dbea1c0054f29e3d9e3af2.npz,True,unreviewed_kept,0,,,,
train,15_242_212_24_22_jpg.rf.2f17b78499237d6ca9567886f5d92f21.jpg,15_242_212_24_22_jpg.rf.2f17b78499237d6ca9567886f5d92f21.npz,True,unreviewed_kept,0,,,,
train,15_242_212_24_24_jpg.rf.39a8636cf3ec9dc0e3daff86cc14e3fe.jpg,15_242_212_24_24_jpg.rf.39a8636cf3ec9dc0e3daff86cc14e3fe.npz,True,unreviewed_kept,0,,,,
train,15_242_212_24_25_jpg.rf.6d7e0f2d3eec29ad357c6e68d34b6587.jpg,15_242_212_24_25_jpg.rf.6d7e0f2d3eec29ad357c6e68d34b6587.npz,True,unreviewed_kept,0,,,,
train,15_242_212_24_5_jpg.rf.d93934cea95f3a550962a057e8c3057e.jpg,15_242_212_24_5_jpg.rf.d93934cea95f3a550962a057e8c3057e.npz,True,unreviewed_kept,0,,,,
train,15_242_212_24_6_jpg.rf.7d5370ae0d0e33d0ca954b4400585fcd.jpg,15_242_212_24_6_jpg.rf.7d5370ae0d0e33d0ca954b4400585fcd.npz,True,unreviewed_kept,0,,,,
train,15_242_212_24_7_jpg.rf.3e785c107e7050128374428531bb4f26.jpg,15_242_212_24_7_jpg.rf.3e785c107e7050128374428531bb4f26.npz,True,unreviewed_kept,0,,,,
train,15_242_212_24_8_jpg.rf.d59dc237cff375575176b8586729ca14.jpg,15_242_212_24_8_jpg.rf.d59dc237cff375575176b8586729ca14.npz,True,unreviewed_kept,0,,,,
train,15_242_212_24_9_jpg.rf.c9b2bef2d85cfcf8c1cb9e13a2a422b6.jpg,15_242_212_24_9_jpg.rf.c9b2bef2d85cfcf8c1cb9e13a2a422b6.npz,True,unreviewed_kept,0,,,,
train,15_242_212_25_10_jpg.rf.a8ddbea4fee33c470842966dfab4d369.jpg,15_242_212_25_10_jpg.rf.a8ddbea4fee33c470842966dfab4d369.npz,True,unreviewed_kept,0,,,,
train,15_242_212_25_11_jpg.rf.15b3de7c83f4c2fa994ae30e7e38a4a8.jpg,15_242_212_25_11_jpg.rf.15b3de7c83f4c2fa994ae30e7e38a4a8.npz,True,unreviewed_kept,0,,,,
train,15_242_212_25_12_jpg.rf.a4f3125955a34d1790b9bee48ce22006.jpg,15_242_212_25_12_jpg.rf.a4f3125955a34d1790b9bee48ce22006.npz,True,unreviewed_kept,0,,,,
train,15_242_212_25_17_jpg.rf.388dea14616e0e0c0fe8897a999a461b.jpg,15_242_212_25_17_jpg.rf.388dea14616e0e0c0fe8897a999a461b.npz,True,unreviewed_kept,0,,,,
train,15_242_212_25_18_jpg.rf.60c95c1551846087b40ceb9cf8bac718.jpg,15_242_212_25_18_jpg.rf.60c95c1551846087b40ceb9cf8bac718.npz,True,unreviewed_kept,0,,,,
train,15_242_212_25_21_jpg.rf.08bc7bc60313b3e917b7675d8cb64d57.jpg,15_242_212_25_21_jpg.rf.08bc7bc60313b3e917b7675d8cb64d57.npz,True,unreviewed_kept,0,,,,
train,15_242_212_25_22_jpg.rf.63b6f3249a09a85714a13913230936b0.jpg,15_242_212_25_22_jpg.rf.63b6f3249a09a85714a13913230936b0.npz,True,unreviewed_kept,0,,,,
train,15_242_212_25_23_jpg.rf.406caf374db905c046a8c1cd3e4f6d03.jpg,15_242_212_25_23_jpg.rf.406caf374db905c046a8c1cd3e4f6d03.npz,True,unreviewed_kept,0,,,,
train,15_242_212_25_26_jpg.rf.416c57416dd987970f8edbecf69da4b8.jpg,15_242_212_25_26_jpg.rf.416c57416dd987970f8edbecf69da4b8.npz,True,unreviewed_kept,0,,,,
train,15_242_212_25_5_jpg.rf.e58365175910170ff2bd6ca488fcf97e.jpg,15_242_212_25_5_jpg.rf.e58365175910170ff2bd6ca488fcf97e.npz,True,unreviewed_kept,0,,,,
train,15_242_212_25_6_jpg.rf.1a77de6ba28eb07cd9d8a249d75e4674.jpg,15_242_212_25_6_jpg.rf.1a77de6ba28eb07cd9d8a249d75e4674.npz,True,unreviewed_kept,0,,,,
train,15_242_212_25_9_jpg.rf.f5999cc46b8368e3a0882ed9798b602a.jpg,15_242_212_25_9_jpg.rf.f5999cc46b8368e3a0882ed9798b602a.npz,True,unreviewed_kept,0,,,,
train,15_242_212_26_10_jpg.rf.7e57452049c6a2f80310d94092736f25.jpg,15_242_212_26_10_jpg.rf.7e57452049c6a2f80310d94092736f25.npz,True,unreviewed_kept,0,,,,
train,15_242_212_26_11_jpg.rf.207285998572800f5f8ca957579f4dbc.jpg,15_242_212_26_11_jpg.rf.207285998572800f5f8ca957579f4dbc.npz,True,unreviewed_kept,0,,,,
train,15_242_212_26_12_jpg.rf.38b64fe12649efe9cc9ff422a2d01dd9.jpg,15_242_212_26_12_jpg.rf.38b64fe12649efe9cc9ff422a2d01dd9.npz,True,unreviewed_kept,0,,,,
train,15_242_212_26_13_jpg.rf.45edbe96d6d4c6aedc9510a580ab7525.jpg,15_242_212_26_13_jpg.rf.45edbe96d6d4c6aedc9510a580ab7525.npz,True,unreviewed_kept,0,,,,
train,15_242_212_26_16_jpg.rf.11d2c511a07155ce9c3335e00b9c00b1.jpg,15_242_212_26_16_jpg.rf.11d2c511a07155ce9c3335e00b9c00b1.npz,True,unreviewed_kept,0,,,,
train,15_242_212_26_18_jpg.rf.a98f03892e8fa86c55ef3625e4fa2c7d.jpg,15_242_212_26_18_jpg.rf.a98f03892e8fa86c55ef3625e4fa2c7d.npz,True,unreviewed_kept,0,,,,
train,15_242_212_26_21_jpg.rf.4f30d44206c37ff53d3ef87899b82c9c.jpg,15_242_212_26_21_jpg.rf.4f30d44206c37ff53d3ef87899b82c9c.npz,True,unreviewed_kept,0,,,,
train,15_242_212_26_22_jpg.rf.7fac0f26c622d8d807efdd37a8776de8.jpg,15_242_212_26_22_jpg.rf.7fac0f26c622d8d807efdd37a8776de8.npz,True,unreviewed_kept,0,,,,
train,15_242_212_26_23_jpg.rf.ef0be7c21ad1394bef43ad487716a44a.jpg,15_242_212_26_23_jpg.rf.ef0be7c21ad1394bef43ad487716a44a.npz,True,unreviewed_kept,0,,,,
train,15_242_212_26_5_jpg.rf.82222b4bc335941eb4ba043cb3980a70.jpg,15_242_212_26_5_jpg.rf.82222b4bc335941eb4ba043cb3980a70.npz,True,unreviewed_kept,0,,,,
train,15_242_212_26_8_jpg.rf.222b650b3b094e816e47b8e7cc6a4152.jpg,15_242_212_26_8_jpg.rf.222b650b3b094e816e47b8e7cc6a4152.npz,True,unreviewed_kept,0,,,,
train,15_242_212_27_12_jpg.rf.811b0f1bc8a95a16a2b1bfa72299a84b.jpg,15_242_212_27_12_jpg.rf.811b0f1bc8a95a16a2b1bfa72299a84b.npz,True,unreviewed_kept,0,,,,
train,15_242_212_27_6_jpg.rf.4d043a3aca69770c7573301a8f92c147.jpg,15_242_212_27_6_jpg.rf.4d043a3aca69770c7573301a8f92c147.npz,True,unreviewed_kept,0,,,,
train,15_242_212_27_8_jpg.rf.5a8361044e909c24861976bfb52a17aa.jpg,15_242_212_27_8_jpg.rf.5a8361044e909c24861976bfb52a17aa.npz,True,unreviewed_kept,0,,,,
train,15_242_212_27_9_jpg.rf.94f6294b63466f469752f0ec7fe490c7.jpg,15_242_212_27_9_jpg.rf.94f6294b63466f469752f0ec7fe490c7.npz,True,unreviewed_kept,0,,,,
train,15_242_304_28_6_jpg.rf.708c7a47075e81b2a6b5899d1e566348.jpg,15_242_304_28_6_jpg.rf.708c7a47075e81b2a6b5899d1e566348.npz,True,unreviewed_kept,0,,,,
train,15_242_304_9_10_jpg.rf.9ae503d58e9bb73aca35d6c6d966183b.jpg,15_242_304_9_10_jpg.rf.9ae503d58e9bb73aca35d6c6d966183b.npz,True,unreviewed_kept,0,,,,
train,15_242_305_25_18_jpg.rf.c9ea49926d5452deeb5e7becd1d186f6.jpg,15_242_305_25_18_jpg.rf.c9ea49926d5452deeb5e7becd1d186f6.npz,True,unreviewed_kept,0,,,,
train,15_242_312_17_12_jpg.rf.310c1dade2dfe226f211d24de4a0f941.jpg,15_242_312_17_12_jpg.rf.310c1dade2dfe226f211d24de4a0f941.npz,True,unreviewed_kept,0,,,,
train,16_224_101_108_41_jpg.rf.d41e4569f6bb0cc1ece1587070779a49.jpg,16_224_101_108_41_jpg.rf.d41e4569f6bb0cc1ece1587070779a49.npz,True,unreviewed_kept,0,,,,
train,16_224_101_108_42_jpg.rf.f2f847f09be295631832e9edbe9ff5ef.jpg,16_224_101_108_42_jpg.rf.f2f847f09be295631832e9edbe9ff5ef.npz,True,unreviewed_kept,0,,,,
train,16_224_101_108_43_jpg.rf.d2a00d05cb03daf78088881bca0aa7ab.jpg,16_224_101_108_43_jpg.rf.d2a00d05cb03daf78088881bca0aa7ab.npz,True,unreviewed_kept,0,,,,
train,16_224_101_108_44_jpg.rf.a3568afab2d1919b46ae577243e5b98f.jpg,16_224_101_108_44_jpg.rf.a3568afab2d1919b46ae577243e5b98f.npz,True,unreviewed_kept,0,,,,
train,16_224_101_109_20_jpg.rf.af29368d525150f78f91e9b4a2d02026.jpg,16_224_101_109_20_jpg.rf.af29368d525150f78f91e9b4a2d02026.npz,True,unreviewed_kept,0,,,,
train,16_224_101_109_21_jpg.rf.b017bbdd432d61f7283ff1d1e595e8bf.jpg,16_224_101_109_21_jpg.rf.b017bbdd432d61f7283ff1d1e595e8bf.npz,True,unreviewed_kept,0,,,,
train,16_224_101_109_28_jpg.rf.0e0c3803f0a592f0c5176dc24a555d2c.jpg,16_224_101_109_28_jpg.rf.0e0c3803f0a592f0c5176dc24a555d2c.npz,True,unreviewed_kept,0,,,,
train,16_224_101_109_41_jpg.rf.8359ec105b31cbc9293fe192acad6deb.jpg,16_224_101_109_41_jpg.rf.8359ec105b31cbc9293fe192acad6deb.npz,True,unreviewed_kept,0,,,,
train,16_224_101_109_44_jpg.rf.ea85c62a1aec8ad7a21242863497b9af.jpg,16_224_101_109_44_jpg.rf.ea85c62a1aec8ad7a21242863497b9af.npz,True,unreviewed_kept,0,,,,
train,16_224_101_109_47_jpg.rf.0e4431a8bb6b27faa228446c7a0e685b.jpg,16_224_101_109_47_jpg.rf.0e4431a8bb6b27faa228446c7a0e685b.npz,True,unreviewed_kept,0,,,,
train,16_224_101_110_12_jpg.rf.f233d591d2d571e99f27d70410783cfd.jpg,16_224_101_110_12_jpg.rf.f233d591d2d571e99f27d70410783cfd.npz,True,unreviewed_kept,0,,,,
train,16_224_101_110_19_jpg.rf.7f66c019bc48c28a97f7c3311cdd5c0a.jpg,16_224_101_110_19_jpg.rf.7f66c019bc48c28a97f7c3311cdd5c0a.npz,True,unreviewed_kept,0,,,,
train,16_224_101_110_21_jpg.rf.e619a9afd964cb17158e1c42362b5e3d.jpg,16_224_101_110_21_jpg.rf.e619a9afd964cb17158e1c42362b5e3d.npz,True,unreviewed_kept,0,,,,
train,16_224_101_110_35_jpg.rf.dc9ccf72b82ef39016890786685f7695.jpg,16_224_101_110_35_jpg.rf.dc9ccf72b82ef39016890786685f7695.npz,True,unreviewed_kept,0,,,,
train,16_224_101_110_46_jpg.rf.d81abddbf53d16a14492824d98ee6c69.jpg,16_224_101_110_46_jpg.rf.d81abddbf53d16a14492824d98ee6c69.npz,False,excluded_label_problem,2,A,N,Y,炎症区域不典型
train,16_224_101_111_10_jpg.rf.99cd6def86353cae68fd22cd90a98925.jpg,16_224_101_111_10_jpg.rf.99cd6def86353cae68fd22cd90a98925.npz,True,unreviewed_kept,0,,,,
train,16_224_101_111_14_jpg.rf.75d218c2321df374389388b7210eac20.jpg,16_224_101_111_14_jpg.rf.75d218c2321df374389388b7210eac20.npz,True,unreviewed_kept,0,,,,
train,16_224_101_111_20_jpg.rf.fd3145aebc8be45416e7684e2c67d575.jpg,16_224_101_111_20_jpg.rf.fd3145aebc8be45416e7684e2c67d575.npz,True,unreviewed_kept,0,,,,
train,16_224_101_111_33_jpg.rf.a5c56d3219a52b74b43ce1d2be63861a.jpg,16_224_101_111_33_jpg.rf.a5c56d3219a52b74b43ce1d2be63861a.npz,True,unreviewed_kept,0,,,,
train,16_224_101_111_35_jpg.rf.cec092bccd7f10b61199c4aa9c98d99b.jpg,16_224_101_111_35_jpg.rf.cec092bccd7f10b61199c4aa9c98d99b.npz,True,unreviewed_kept,0,,,,
train,16_224_101_112_10_jpg.rf.5e5b4aa7593375d9e5d95138e9ba3a9b.jpg,16_224_101_112_10_jpg.rf.5e5b4aa7593375d9e5d95138e9ba3a9b.npz,True,unreviewed_kept,0,,,,
train,16_224_101_112_11_jpg.rf.2d3e4de0777f93fa7d508c963455a454.jpg,16_224_101_112_11_jpg.rf.2d3e4de0777f93fa7d508c963455a454.npz,True,unreviewed_kept,0,,,,
train,16_224_101_112_21_jpg.rf.181b2b7e697bbddad20c575ea6064fe9.jpg,16_224_101_112_21_jpg.rf.181b2b7e697bbddad20c575ea6064fe9.npz,True,unreviewed_kept,0,,,,
train,16_224_603_157_52_jpg.rf.36f3dac5e6d7101ef4101c00bbf01f91.jpg,16_224_603_157_52_jpg.rf.36f3dac5e6d7101ef4101c00bbf01f91.npz,True,unreviewed_kept,0,,,,
train,16_224_603_157_53_jpg.rf.62c84c3b689636c0a25d4584b10ec90a.jpg,16_224_603_157_53_jpg.rf.62c84c3b689636c0a25d4584b10ec90a.npz,True,unreviewed_kept,0,,,,
train,16_224_603_157_56_jpg.rf.97d49eb178d3c5fe8fe785c5e5b97a1a.jpg,16_224_603_157_56_jpg.rf.97d49eb178d3c5fe8fe785c5e5b97a1a.npz,True,unreviewed_kept,0,,,,
train,16_224_603_157_57_jpg.rf.48fa0a87bd2c1c07d1606b971f076155.jpg,16_224_603_157_57_jpg.rf.48fa0a87bd2c1c07d1606b971f076155.npz,True,unreviewed_kept,0,,,,
train,16_224_603_157_61_jpg.rf.a4d76d307d5928e02c73a5791750b3b3.jpg,16_224_603_157_61_jpg.rf.a4d76d307d5928e02c73a5791750b3b3.npz,True,unreviewed_kept,0,,,,
train,16_224_603_158_37_jpg.rf.eb204a716cc88c01d7dade2af0289574.jpg,16_224_603_158_37_jpg.rf.eb204a716cc88c01d7dade2af0289574.npz,True,unreviewed_kept,0,,,,
train,16_224_603_158_38_jpg.rf.c224be8f838739d445e686e33b00b60f.jpg,16_224_603_158_38_jpg.rf.c224be8f838739d445e686e33b00b60f.npz,True,unreviewed_kept,0,,,,
train,16_224_603_158_39_jpg.rf.ac1efe9a86bf1a09324e8bb161d425e9.jpg,16_224_603_158_39_jpg.rf.ac1efe9a86bf1a09324e8bb161d425e9.npz,True,unreviewed_kept,0,,,,
train,16_224_603_158_40_jpg.rf.e3d83becffaa7e5ec17a3807b0e68d55.jpg,16_224_603_158_40_jpg.rf.e3d83becffaa7e5ec17a3807b0e68d55.npz,True,reviewed_kept,1,,,,
train,16_224_603_158_48_jpg.rf.b3ff966a30e9a3d4677a6aa3325976f6.jpg,16_224_603_158_48_jpg.rf.b3ff966a30e9a3d4677a6aa3325976f6.npz,True,unreviewed_kept,0,,,,
train,16_224_603_158_49_jpg.rf.4672118bf6635b88dbe1cb38edeaf312.jpg,16_224_603_158_49_jpg.rf.4672118bf6635b88dbe1cb38edeaf312.npz,True,unreviewed_kept,0,,,,
train,16_224_603_158_50_jpg.rf.39c8cf0d2528e9c4ec5871426bdc14c9.jpg,16_224_603_158_50_jpg.rf.39c8cf0d2528e9c4ec5871426bdc14c9.npz,True,unreviewed_kept,0,,,,
train,16_224_603_158_54_jpg.rf.3ff59b07a9644e2b046845dc31b781d7.jpg,16_224_603_158_54_jpg.rf.3ff59b07a9644e2b046845dc31b781d7.npz,True,unreviewed_kept,0,,,,
train,16_224_603_158_56_jpg.rf.de0d02be93abd0f3b4756a4b9623d250.jpg,16_224_603_158_56_jpg.rf.de0d02be93abd0f3b4756a4b9623d250.npz,True,unreviewed_kept,0,,,,
train,16_224_603_158_59_jpg.rf.c6a0d25a03c26b21d08d8e7aeca2920c.jpg,16_224_603_158_59_jpg.rf.c6a0d25a03c26b21d08d8e7aeca2920c.npz,True,unreviewed_kept,0,,,,
train,16_224_603_158_60_jpg.rf.d02fb73eaf103f425616797a1dbbd260.jpg,16_224_603_158_60_jpg.rf.d02fb73eaf103f425616797a1dbbd260.npz,True,unreviewed_kept,0,,,,
train,16_224_603_159_31_jpg.rf.6543bbd843be3aef63c51fe0ab0feb47.jpg,16_224_603_159_31_jpg.rf.6543bbd843be3aef63c51fe0ab0feb47.npz,True,unreviewed_kept,0,,,,
train,16_224_603_159_33_jpg.rf.c43c71d32a47fb30d01eb07d7d2c4759.jpg,16_224_603_159_33_jpg.rf.c43c71d32a47fb30d01eb07d7d2c4759.npz,True,unreviewed_kept,0,,,,
train,16_224_603_159_34_jpg.rf.d6806c207217a92a83e2ee3e2518cb46.jpg,16_224_603_159_34_jpg.rf.d6806c207217a92a83e2ee3e2518cb46.npz,True,unreviewed_kept,0,,,,
train,16_224_603_159_36_jpg.rf.4b57542aea2f547f267be1f420c17918.jpg,16_224_603_159_36_jpg.rf.4b57542aea2f547f267be1f420c17918.npz,True,unreviewed_kept,0,,,,
train,16_224_603_159_37_jpg.rf.7628c893e964b249630810914af27020.jpg,16_224_603_159_37_jpg.rf.7628c893e964b249630810914af27020.npz,True,unreviewed_kept,0,,,,
train,16_224_603_159_41_jpg.rf.06d1bc827746dc47122adb42ea77253f.jpg,16_224_603_159_41_jpg.rf.06d1bc827746dc47122adb42ea77253f.npz,True,unreviewed_kept,0,,,,
train,16_224_603_159_43_jpg.rf.8c5f8730e7f00fdbdf477a06f1f79e23.jpg,16_224_603_159_43_jpg.rf.8c5f8730e7f00fdbdf477a06f1f79e23.npz,True,unreviewed_kept,0,,,,
train,16_224_603_159_44_jpg.rf.03f831e85f15676e9d6c4aff09f976a6.jpg,16_224_603_159_44_jpg.rf.03f831e85f15676e9d6c4aff09f976a6.npz,True,unreviewed_kept,0,,,,
train,16_224_603_159_45_jpg.rf.42dec8836124bbd41432b857fbea3e8a.jpg,16_224_603_159_45_jpg.rf.42dec8836124bbd41432b857fbea3e8a.npz,True,unreviewed_kept,0,,,,
train,16_224_603_159_46_jpg.rf.818ecec078566838ddb281e7c8b3ed70.jpg,16_224_603_159_46_jpg.rf.818ecec078566838ddb281e7c8b3ed70.npz,True,unreviewed_kept,0,,,,
train,16_224_603_159_47_jpg.rf.405483f4d17743565ddc55f2d7eb9a5a.jpg,16_224_603_159_47_jpg.rf.405483f4d17743565ddc55f2d7eb9a5a.npz,True,unreviewed_kept,0,,,,
train,16_224_603_159_49_jpg.rf.8e4bde1a72bc5ce5a4dde1c05fcf2a5c.jpg,16_224_603_159_49_jpg.rf.8e4bde1a72bc5ce5a4dde1c05fcf2a5c.npz,True,unreviewed_kept,0,,,,
train,16_224_603_159_57_jpg.rf.bcf4991b56528a508de974f44747af34.jpg,16_224_603_159_57_jpg.rf.bcf4991b56528a508de974f44747af34.npz,True,unreviewed_kept,0,,,,
train,16_224_603_159_60_jpg.rf.c1194aa3d6430cc3e34067387a5effc8.jpg,16_224_603_159_60_jpg.rf.c1194aa3d6430cc3e34067387a5effc8.npz,True,unreviewed_kept,0,,,,
train,16_224_603_160_32_jpg.rf.b484a2b6ad3757eb18960dbecef840d5.jpg,16_224_603_160_32_jpg.rf.b484a2b6ad3757eb18960dbecef840d5.npz,True,unreviewed_kept,0,,,,
train,16_224_603_160_33_jpg.rf.03deacf7beef1f3d50e7c44518966a4d.jpg,16_224_603_160_33_jpg.rf.03deacf7beef1f3d50e7c44518966a4d.npz,True,unreviewed_kept,0,,,,
train,16_224_603_160_36_jpg.rf.31c8f23d92280f52926759697fd5f0ab.jpg,16_224_603_160_36_jpg.rf.31c8f23d92280f52926759697fd5f0ab.npz,True,unreviewed_kept,0,,,,
train,16_224_603_160_37_jpg.rf.d0374c592890988ba9135d469b151ca5.jpg,16_224_603_160_37_jpg.rf.d0374c592890988ba9135d469b151ca5.npz,True,unreviewed_kept,0,,,,
train,16_224_603_160_40_jpg.rf.d08e404f9537a92ac8dd28e104e53926.jpg,16_224_603_160_40_jpg.rf.d08e404f9537a92ac8dd28e104e53926.npz,True,unreviewed_kept,0,,,,
train,16_224_603_160_41_jpg.rf.16d345140514dc1a1af7b2fa01bb9539.jpg,16_224_603_160_41_jpg.rf.16d345140514dc1a1af7b2fa01bb9539.npz,False,excluded_label_problem,2,A,N,Y,炎症不典型，纤维化典型
train,16_224_603_160_42_jpg.rf.9d7ec5cb99fd7559c0f8b6b09f35a22b.jpg,16_224_603_160_42_jpg.rf.9d7ec5cb99fd7559c0f8b6b09f35a22b.npz,True,unreviewed_kept,0,,,,
train,16_224_603_160_45_jpg.rf.8ca52200e88249af2bf537cb78e9fb22.jpg,16_224_603_160_45_jpg.rf.8ca52200e88249af2bf537cb78e9fb22.npz,True,unreviewed_kept,0,,,,
train,16_224_603_160_47_jpg.rf.052dc125c9a63d3e4f4bf76b756c2280.jpg,16_224_603_160_47_jpg.rf.052dc125c9a63d3e4f4bf76b756c2280.npz,True,unreviewed_kept,0,,,,
train,16_224_603_160_51_jpg.rf.8bd1b0196d14aab81ab1996f708b89d9.jpg,16_224_603_160_51_jpg.rf.8bd1b0196d14aab81ab1996f708b89d9.npz,False,excluded_label_problem,2,A,N,Y,炎症区域不典型
train,16_224_603_160_52_jpg.rf.4330192f0b514c6eba2b75f6827f4138.jpg,16_224_603_160_52_jpg.rf.4330192f0b514c6eba2b75f6827f4138.npz,True,reviewed_kept,1,,,,
train,16_224_603_160_53_jpg.rf.2a0820170daed94dffe8ccaa4803453c.jpg,16_224_603_160_53_jpg.rf.2a0820170daed94dffe8ccaa4803453c.npz,True,unreviewed_kept,0,,,,
train,16_224_603_160_55_jpg.rf.b80ea8bf86741b046518555592f84c2a.jpg,16_224_603_160_55_jpg.rf.b80ea8bf86741b046518555592f84c2a.npz,True,unreviewed_kept,0,,,,
train,16_224_603_160_56_jpg.rf.7e4aed40ed361112a7d8e97a31303cc1.jpg,16_224_603_160_56_jpg.rf.7e4aed40ed361112a7d8e97a31303cc1.npz,True,unreviewed_kept,0,,,,
train,16_224_603_160_57_jpg.rf.6c11d02815a63dc883247c0b4c464631.jpg,16_224_603_160_57_jpg.rf.6c11d02815a63dc883247c0b4c464631.npz,True,unreviewed_kept,0,,,,
train,16_224_603_160_60_jpg.rf.7f7b51f51840545544c996e9cbcf470a.jpg,16_224_603_160_60_jpg.rf.7f7b51f51840545544c996e9cbcf470a.npz,True,unreviewed_kept,0,,,,
train,16_224_603_161_33_jpg.rf.956fd12a9c91b63fe4460a9e746ff40a.jpg,16_224_603_161_33_jpg.rf.956fd12a9c91b63fe4460a9e746ff40a.npz,True,unreviewed_kept,0,,,,
train,16_224_603_161_34_jpg.rf.900041885bfad3b0cff14de453bd4a2a.jpg,16_224_603_161_34_jpg.rf.900041885bfad3b0cff14de453bd4a2a.npz,True,unreviewed_kept,0,,,,
train,16_224_603_161_39_jpg.rf.f15bbbbea22823124c218a827c9b87cc.jpg,16_224_603_161_39_jpg.rf.f15bbbbea22823124c218a827c9b87cc.npz,True,unreviewed_kept,0,,,,
train,16_224_603_161_40_jpg.rf.275b652a2f93a00ac357c5ab327cda1f.jpg,16_224_603_161_40_jpg.rf.275b652a2f93a00ac357c5ab327cda1f.npz,True,unreviewed_kept,0,,,,
train,16_224_603_161_42_jpg.rf.229454f72dc3e3e01cd523445707f577.jpg,16_224_603_161_42_jpg.rf.229454f72dc3e3e01cd523445707f577.npz,True,unreviewed_kept,0,,,,
train,16_224_603_161_43_jpg.rf.90eb0f2e85c4d674bcc8b03496d06545.jpg,16_224_603_161_43_jpg.rf.90eb0f2e85c4d674bcc8b03496d06545.npz,True,unreviewed_kept,0,,,,
train,16_224_603_161_45_jpg.rf.dfd604674e29bcede10085c17ea8b8bb.jpg,16_224_603_161_45_jpg.rf.dfd604674e29bcede10085c17ea8b8bb.npz,True,unreviewed_kept,0,,,,
train,16_224_603_161_46_jpg.rf.e1b781e41cbd2fae5852c7792aa5b713.jpg,16_224_603_161_46_jpg.rf.e1b781e41cbd2fae5852c7792aa5b713.npz,True,unreviewed_kept,0,,,,
train,16_224_603_161_48_jpg.rf.3b57624af5fd760d6b976951228a0735.jpg,16_224_603_161_48_jpg.rf.3b57624af5fd760d6b976951228a0735.npz,True,unreviewed_kept,0,,,,
train,16_224_603_161_50_jpg.rf.8e5f64214790acc8f9be95d974933ef9.jpg,16_224_603_161_50_jpg.rf.8e5f64214790acc8f9be95d974933ef9.npz,True,unreviewed_kept,0,,,,
train,16_224_603_161_52_jpg.rf.78c63ec61af46c8df996f427ab281612.jpg,16_224_603_161_52_jpg.rf.78c63ec61af46c8df996f427ab281612.npz,True,unreviewed_kept,0,,,,
train,16_224_603_161_56_jpg.rf.dc7ed030c2fa07034569d069c92e9538.jpg,16_224_603_161_56_jpg.rf.dc7ed030c2fa07034569d069c92e9538.npz,True,unreviewed_kept,0,,,,
train,16_224_603_161_58_jpg.rf.e68726d3932036e0271e194abd4fed43.jpg,16_224_603_161_58_jpg.rf.e68726d3932036e0271e194abd4fed43.npz,True,unreviewed_kept,0,,,,
train,16_224_603_161_59_jpg.rf.a12660b88dbdfa52bf119ae101187ae4.jpg,16_224_603_161_59_jpg.rf.a12660b88dbdfa52bf119ae101187ae4.npz,True,unreviewed_kept,0,,,,
train,16_224_603_162_35_jpg.rf.e5a7a0c4714966f162022ea7a680b11a.jpg,16_224_603_162_35_jpg.rf.e5a7a0c4714966f162022ea7a680b11a.npz,True,unreviewed_kept,0,,,,
train,16_224_603_162_36_jpg.rf.8d7d61dcdf22e317e45f2572bd55d681.jpg,16_224_603_162_36_jpg.rf.8d7d61dcdf22e317e45f2572bd55d681.npz,True,unreviewed_kept,0,,,,
train,16_224_603_162_37_jpg.rf.f83b9f712381dbd079cc447354a49194.jpg,16_224_603_162_37_jpg.rf.f83b9f712381dbd079cc447354a49194.npz,True,unreviewed_kept,0,,,,
train,16_224_603_162_40_jpg.rf.171186cb5f29b6e27072c67995852906.jpg,16_224_603_162_40_jpg.rf.171186cb5f29b6e27072c67995852906.npz,True,unreviewed_kept,0,,,,
train,16_224_603_162_41_jpg.rf.b41387859fc8fda518e1434d08e281f7.jpg,16_224_603_162_41_jpg.rf.b41387859fc8fda518e1434d08e281f7.npz,True,unreviewed_kept,0,,,,
train,16_224_603_162_43_jpg.rf.d605f44afa05ae57bda87df5ef32fbcb.jpg,16_224_603_162_43_jpg.rf.d605f44afa05ae57bda87df5ef32fbcb.npz,True,unreviewed_kept,0,,,,
train,16_224_603_162_45_jpg.rf.edda6c6175892e1aababbb315a642e35.jpg,16_224_603_162_45_jpg.rf.edda6c6175892e1aababbb315a642e35.npz,True,unreviewed_kept,0,,,,
train,16_224_603_162_46_jpg.rf.f8404b358da021daf449fe7623c43d1c.jpg,16_224_603_162_46_jpg.rf.f8404b358da021daf449fe7623c43d1c.npz,True,unreviewed_kept,0,,,,
train,16_224_603_162_48_jpg.rf.b5ce651dec705ac3ee6dc2335fc62f51.jpg,16_224_603_162_48_jpg.rf.b5ce651dec705ac3ee6dc2335fc62f51.npz,True,unreviewed_kept,0,,,,
train,16_224_603_162_52_jpg.rf.e05d97a54aed687b1c130de7db44c178.jpg,16_224_603_162_52_jpg.rf.e05d97a54aed687b1c130de7db44c178.npz,True,unreviewed_kept,0,,,,
train,16_224_603_162_53_jpg.rf.0039967b9898d28a1f9e65bc6e970b81.jpg,16_224_603_162_53_jpg.rf.0039967b9898d28a1f9e65bc6e970b81.npz,True,unreviewed_kept,0,,,,
train,16_224_603_162_55_jpg.rf.330e2cff3ce4fe01a038fb75b13007cb.jpg,16_224_603_162_55_jpg.rf.330e2cff3ce4fe01a038fb75b13007cb.npz,True,unreviewed_kept,0,,,,
train,16_224_603_162_56_jpg.rf.01e1b66c4fe7e710f3219d5eb94cf8dd.jpg,16_224_603_162_56_jpg.rf.01e1b66c4fe7e710f3219d5eb94cf8dd.npz,True,unreviewed_kept,0,,,,
train,16_224_603_162_57_jpg.rf.273e66aa8d8675865606ca915f722cea.jpg,16_224_603_162_57_jpg.rf.273e66aa8d8675865606ca915f722cea.npz,True,unreviewed_kept,0,,,,
train,16_224_604_88_23_jpg.rf.f3eda0ccefde14f9dfc55d10b1b1ceb6.jpg,16_224_604_88_23_jpg.rf.f3eda0ccefde14f9dfc55d10b1b1ceb6.npz,True,unreviewed_kept,0,,,,
train,16_224_604_88_42_jpg.rf.644e2a8d99a5e54fccb674926aee7032.jpg,16_224_604_88_42_jpg.rf.644e2a8d99a5e54fccb674926aee7032.npz,True,unreviewed_kept,0,,,,
train,16_224_604_90_11_jpg.rf.602ffd7842bbe9395a600a7daf83214e.jpg,16_224_604_90_11_jpg.rf.602ffd7842bbe9395a600a7daf83214e.npz,True,unreviewed_kept,0,,,,
train,16_224_604_90_39_jpg.rf.720f9053b4c78d6267cf91273724c0b4.jpg,16_224_604_90_39_jpg.rf.720f9053b4c78d6267cf91273724c0b4.npz,True,unreviewed_kept,0,,,,
train,16_224_604_90_60_jpg.rf.36c065f49836810209158d3afc3d3719.jpg,16_224_604_90_60_jpg.rf.36c065f49836810209158d3afc3d3719.npz,False,excluded_label_problem,1,A,Y,Y,气球样变漏标
train,16_224_604_90_68_jpg.rf.f7768b35f0467ba46a5ee76735c1a487.jpg,16_224_604_90_68_jpg.rf.f7768b35f0467ba46a5ee76735c1a487.npz,True,unreviewed_kept,0,,,,
train,16_224_604_91_15_jpg.rf.7ef7dcc61ea18ca437c587fb8843a95c.jpg,16_224_604_91_15_jpg.rf.7ef7dcc61ea18ca437c587fb8843a95c.npz,True,unreviewed_kept,0,,,,
train,16_224_604_91_47_jpg.rf.1170a2f16844dc1f5d1e6ccf76c891d3.jpg,16_224_604_91_47_jpg.rf.1170a2f16844dc1f5d1e6ccf76c891d3.npz,True,unreviewed_kept,0,,,,
train,16_224_604_91_67_jpg.rf.230a75b26ef770a33cf58c2b9d5efa6f.jpg,16_224_604_91_67_jpg.rf.230a75b26ef770a33cf58c2b9d5efa6f.npz,True,unreviewed_kept,0,,,,
train,16_224_604_93_13_jpg.rf.cd9a526d91ea6e16fd45b69f27d2454d.jpg,16_224_604_93_13_jpg.rf.cd9a526d91ea6e16fd45b69f27d2454d.npz,True,unreviewed_kept,0,,,,
train,16_224_606_176_16_jpg.rf.dcfe2631fbc9f7eb659ac3181c2f3ea4.jpg,16_224_606_176_16_jpg.rf.dcfe2631fbc9f7eb659ac3181c2f3ea4.npz,True,unreviewed_kept,0,,,,
train,16_224_606_176_22_jpg.rf.efed79a07babcfef0991ceb725da0d65.jpg,16_224_606_176_22_jpg.rf.efed79a07babcfef0991ceb725da0d65.npz,True,unreviewed_kept,0,,,,
train,16_224_606_176_32_jpg.rf.55c7febb94471ea9a533234ea1ff6f6c.jpg,16_224_606_176_32_jpg.rf.55c7febb94471ea9a533234ea1ff6f6c.npz,True,unreviewed_kept,0,,,,
train,16_224_606_177_18_jpg.rf.815e66f0660d30a627f7af2dcf66c4b2.jpg,16_224_606_177_18_jpg.rf.815e66f0660d30a627f7af2dcf66c4b2.npz,True,unreviewed_kept,0,,,,
train,16_224_606_177_26_jpg.rf.f0ff1f712aa3935a7b612c34dfd2abbe.jpg,16_224_606_177_26_jpg.rf.f0ff1f712aa3935a7b612c34dfd2abbe.npz,True,unreviewed_kept,0,,,,
train,16_224_606_178_22_jpg.rf.06a21104496e8fd456995b18cdc1a19d.jpg,16_224_606_178_22_jpg.rf.06a21104496e8fd456995b18cdc1a19d.npz,True,unreviewed_kept,0,,,,
train,16_224_606_178_28_jpg.rf.6466e86bd0d1704bb41a3aba5b49f7b2.jpg,16_224_606_178_28_jpg.rf.6466e86bd0d1704bb41a3aba5b49f7b2.npz,True,unreviewed_kept,0,,,,
train,16_224_606_179_23_jpg.rf.f6ce2727461fc8dc310857035c6f1bac.jpg,16_224_606_179_23_jpg.rf.f6ce2727461fc8dc310857035c6f1bac.npz,True,unreviewed_kept,0,,,,
train,16_224_606_183_17_jpg.rf.9dbff09ae04884e51ba929474514b246.jpg,16_224_606_183_17_jpg.rf.9dbff09ae04884e51ba929474514b246.npz,False,excluded_label_problem,3,A,N,Y,标注未标全
train,16_224_606_183_20_jpg.rf.38dd338b9ccd3ede5446efd2b5a44178.jpg,16_224_606_183_20_jpg.rf.38dd338b9ccd3ede5446efd2b5a44178.npz,True,unreviewed_kept,0,,,,
train,16_253_302_18_11_jpg.rf.4842c982846b0b8ec32f963a68e0176e.jpg,16_253_302_18_11_jpg.rf.4842c982846b0b8ec32f963a68e0176e.npz,True,unreviewed_kept,0,,,,
train,16_253_302_18_16_jpg.rf.ba54c55c1f4740e26a51c41ecd40ff4a.jpg,16_253_302_18_16_jpg.rf.ba54c55c1f4740e26a51c41ecd40ff4a.npz,True,unreviewed_kept,0,,,,
train,16_253_302_18_17_jpg.rf.f97ca9922b26549f6abce5693c2dc71e.jpg,16_253_302_18_17_jpg.rf.f97ca9922b26549f6abce5693c2dc71e.npz,True,unreviewed_kept,0,,,,
train,16_253_302_18_18_jpg.rf.3c7433f779e014fcd4660ca66543c6e1.jpg,16_253_302_18_18_jpg.rf.3c7433f779e014fcd4660ca66543c6e1.npz,True,unreviewed_kept,0,,,,
train,16_253_302_18_5_jpg.rf.3976270a65e297d52e70462d302c3160.jpg,16_253_302_18_5_jpg.rf.3976270a65e297d52e70462d302c3160.npz,True,unreviewed_kept,0,,,,
train,16_253_302_18_6_jpg.rf.ff9231989a29c2a100911fa8ffa91416.jpg,16_253_302_18_6_jpg.rf.ff9231989a29c2a100911fa8ffa91416.npz,True,unreviewed_kept,0,,,,
train,16_253_302_19_1_jpg.rf.b8088f7df7f865d9bf79572b903d48ac.jpg,16_253_302_19_1_jpg.rf.b8088f7df7f865d9bf79572b903d48ac.npz,True,unreviewed_kept,0,,,,
train,16_253_302_19_4_jpg.rf.1e7da13700c65334b3c1a25399d24576.jpg,16_253_302_19_4_jpg.rf.1e7da13700c65334b3c1a25399d24576.npz,True,unreviewed_kept,0,,,,
train,16_253_302_19_5_jpg.rf.901b5bf8f327423063557fbfc2e67321.jpg,16_253_302_19_5_jpg.rf.901b5bf8f327423063557fbfc2e67321.npz,True,unreviewed_kept,0,,,,
train,16_253_302_19_7_jpg.rf.335ca4d4acbd153cd052c8b8d5757f4d.jpg,16_253_302_19_7_jpg.rf.335ca4d4acbd153cd052c8b8d5757f4d.npz,True,unreviewed_kept,0,,,,
train,16_253_308_19_17_jpg.rf.abc2107972fb47cb42f1fb236456e738.jpg,16_253_308_19_17_jpg.rf.abc2107972fb47cb42f1fb236456e738.npz,True,unreviewed_kept,0,,,,
train,16_253_308_19_19_jpg.rf.9fe2b835c66b41e560a4a6a2223f2db6.jpg,16_253_308_19_19_jpg.rf.9fe2b835c66b41e560a4a6a2223f2db6.npz,True,unreviewed_kept,0,,,,
train,16_253_308_19_20_jpg.rf.6d73bb12386c4c2e96342575d3fe5f33.jpg,16_253_308_19_20_jpg.rf.6d73bb12386c4c2e96342575d3fe5f33.npz,True,unreviewed_kept,0,,,,
train,16_253_308_20_10_jpg.rf.e7722acfcced414d06b79ec3df8e05f7.jpg,16_253_308_20_10_jpg.rf.e7722acfcced414d06b79ec3df8e05f7.npz,True,unreviewed_kept,0,,,,
train,16_253_308_20_11_jpg.rf.c171453220bc67b8b0e27be2b3f9912e.jpg,16_253_308_20_11_jpg.rf.c171453220bc67b8b0e27be2b3f9912e.npz,True,unreviewed_kept,0,,,,
train,16_253_308_20_13_jpg.rf.58c60092f93e59a1ae01705fdf7da413.jpg,16_253_308_20_13_jpg.rf.58c60092f93e59a1ae01705fdf7da413.npz,True,unreviewed_kept,0,,,,
train,16_253_308_20_16_jpg.rf.095ef4d8ed16cc367ff5e3b5fd701230.jpg,16_253_308_20_16_jpg.rf.095ef4d8ed16cc367ff5e3b5fd701230.npz,True,unreviewed_kept,0,,,,
train,16_253_308_20_6_jpg.rf.bf2bfbb49b806930364be17689d2f0b4.jpg,16_253_308_20_6_jpg.rf.bf2bfbb49b806930364be17689d2f0b4.npz,True,unreviewed_kept,0,,,,
train,16_253_308_20_8_jpg.rf.310b1cfc17f14626812abe738e7f66d7.jpg,16_253_308_20_8_jpg.rf.310b1cfc17f14626812abe738e7f66d7.npz,True,unreviewed_kept,0,,,,
train,16_253_308_21_14_jpg.rf.490ec9739a9296e0bc14b211c9dd540a.jpg,16_253_308_21_14_jpg.rf.490ec9739a9296e0bc14b211c9dd540a.npz,True,unreviewed_kept,0,,,,
train,16_253_308_21_15_jpg.rf.f493c052afdc4c9f482d1d25814778eb.jpg,16_253_308_21_15_jpg.rf.f493c052afdc4c9f482d1d25814778eb.npz,True,unreviewed_kept,0,,,,
train,16_253_308_21_16_jpg.rf.6cf0045158a4c2b04b9b93de917f1f7a.jpg,16_253_308_21_16_jpg.rf.6cf0045158a4c2b04b9b93de917f1f7a.npz,True,unreviewed_kept,0,,,,
train,16_253_308_21_18_jpg.rf.2dfcdb2fdab2e37f2af76cdf37865402.jpg,16_253_308_21_18_jpg.rf.2dfcdb2fdab2e37f2af76cdf37865402.npz,True,unreviewed_kept,0,,,,
train,16_253_308_21_19_jpg.rf.269ea7d27b4dd13810b6759c4e07962c.jpg,16_253_308_21_19_jpg.rf.269ea7d27b4dd13810b6759c4e07962c.npz,True,unreviewed_kept,0,,,,
train,16_253_308_21_4_jpg.rf.98aa817bce6777f28335f863e9692fa5.jpg,16_253_308_21_4_jpg.rf.98aa817bce6777f28335f863e9692fa5.npz,True,unreviewed_kept,0,,,,
train,16_253_308_21_6_jpg.rf.1cdc5a20a7693f3057efd661f080dda9.jpg,16_253_308_21_6_jpg.rf.1cdc5a20a7693f3057efd661f080dda9.npz,True,unreviewed_kept,0,,,,
train,16_253_308_21_8_jpg.rf.37a7ea96a329a796409bc47da8883bce.jpg,16_253_308_21_8_jpg.rf.37a7ea96a329a796409bc47da8883bce.npz,True,unreviewed_kept,0,,,,
train,16_253_308_21_9_jpg.rf.7493f9d01d622b98da6de89b01c0086a.jpg,16_253_308_21_9_jpg.rf.7493f9d01d622b98da6de89b01c0086a.npz,True,unreviewed_kept,0,,,,
train,16_253_308_22_11_jpg.rf.a746c0eab0378a9be04297a7e87b0c27.jpg,16_253_308_22_11_jpg.rf.a746c0eab0378a9be04297a7e87b0c27.npz,True,unreviewed_kept,0,,,,
train,16_253_308_22_14_jpg.rf.198ec8e181d93dea375b49a872c17d7a.jpg,16_253_308_22_14_jpg.rf.198ec8e181d93dea375b49a872c17d7a.npz,True,unreviewed_kept,0,,,,
train,16_253_308_22_15_jpg.rf.94510c21e9d3887b4613337543dd63ff.jpg,16_253_308_22_15_jpg.rf.94510c21e9d3887b4613337543dd63ff.npz,True,unreviewed_kept,0,,,,
train,16_253_308_22_16_jpg.rf.9acdea7745d7a5afe15d522d93a5d285.jpg,16_253_308_22_16_jpg.rf.9acdea7745d7a5afe15d522d93a5d285.npz,True,unreviewed_kept,0,,,,
train,16_253_308_22_20_jpg.rf.0558a784adbff6272588f1d9c86e8e34.jpg,16_253_308_22_20_jpg.rf.0558a784adbff6272588f1d9c86e8e34.npz,True,unreviewed_kept,0,,,,
train,16_253_308_22_3_jpg.rf.5a52848c807c9ef17d1151fec41f7898.jpg,16_253_308_22_3_jpg.rf.5a52848c807c9ef17d1151fec41f7898.npz,True,unreviewed_kept,0,,,,
train,16_253_308_22_4_jpg.rf.ef9c649ffcc6a336a384d207682ed7b8.jpg,16_253_308_22_4_jpg.rf.ef9c649ffcc6a336a384d207682ed7b8.npz,True,reviewed_kept,1,B,Y,N,模型检出能力不足
train,16_253_308_23_10_jpg.rf.77adebadd609604b8bc85e694788bb53.jpg,16_253_308_23_10_jpg.rf.77adebadd609604b8bc85e694788bb53.npz,True,unreviewed_kept,0,,,,
train,16_253_308_23_8_jpg.rf.59d78c3b955113701fa946919edecba6.jpg,16_253_308_23_8_jpg.rf.59d78c3b955113701fa946919edecba6.npz,True,unreviewed_kept,0,,,,
train,16_253_308_23_9_jpg.rf.88e8ae84a5610a88704f5789a85961bd.jpg,16_253_308_23_9_jpg.rf.88e8ae84a5610a88704f5789a85961bd.npz,True,unreviewed_kept,0,,,,
train,16_253_308_31_10_jpg.rf.952b6be1acd6b23fe50fcce72606b14f.jpg,16_253_308_31_10_jpg.rf.952b6be1acd6b23fe50fcce72606b14f.npz,True,unreviewed_kept,0,,,,
train,16_253_308_31_15_jpg.rf.4775140820c184298d4b02dafebddb28.jpg,16_253_308_31_15_jpg.rf.4775140820c184298d4b02dafebddb28.npz,True,unreviewed_kept,0,,,,
train,16_253_308_31_17_jpg.rf.2bc2db1807793fd479d12755d9114569.jpg,16_253_308_31_17_jpg.rf.2bc2db1807793fd479d12755d9114569.npz,True,unreviewed_kept,0,,,,
train,16_253_308_31_5_jpg.rf.6e04eec77f35c57f590d1c5b8b9776b6.jpg,16_253_308_31_5_jpg.rf.6e04eec77f35c57f590d1c5b8b9776b6.npz,True,unreviewed_kept,0,,,,
train,16_253_308_32_10_jpg.rf.43b59f45ac1dc0697fd5209154f53e34.jpg,16_253_308_32_10_jpg.rf.43b59f45ac1dc0697fd5209154f53e34.npz,True,unreviewed_kept,0,,,,
train,16_253_308_32_14_jpg.rf.1add9b45f8e894fa8a456cc55e0378ff.jpg,16_253_308_32_14_jpg.rf.1add9b45f8e894fa8a456cc55e0378ff.npz,True,unreviewed_kept,0,,,,
train,16_253_308_32_17_jpg.rf.dc841e91860c8fea761ddfe8641a7b09.jpg,16_253_308_32_17_jpg.rf.dc841e91860c8fea761ddfe8641a7b09.npz,True,unreviewed_kept,0,,,,
train,16_253_308_32_9_jpg.rf.0149be09a993122169bc3733a548b10a.jpg,16_253_308_32_9_jpg.rf.0149be09a993122169bc3733a548b10a.npz,True,unreviewed_kept,0,,,,
train,16_253_308_33_13_jpg.rf.601ef75fbbb22b4e63d9752e943bf513.jpg,16_253_308_33_13_jpg.rf.601ef75fbbb22b4e63d9752e943bf513.npz,True,unreviewed_kept,0,,,,
train,16_253_308_33_17_jpg.rf.2f9e2abaf436de32cf996d0885dbb7b5.jpg,16_253_308_33_17_jpg.rf.2f9e2abaf436de32cf996d0885dbb7b5.npz,True,unreviewed_kept,0,,,,
train,16_253_308_33_18_jpg.rf.1f7625ad1fc43b787fbf8c98bd62c92b.jpg,16_253_308_33_18_jpg.rf.1f7625ad1fc43b787fbf8c98bd62c92b.npz,True,unreviewed_kept,0,,,,
train,16_253_308_33_2_jpg.rf.fb7c31ed4af1bab1be90bed426dda939.jpg,16_253_308_33_2_jpg.rf.fb7c31ed4af1bab1be90bed426dda939.npz,True,unreviewed_kept,0,,,,
train,16_253_308_33_6_jpg.rf.767c1820c7dfda89c59331a7931ceaa2.jpg,16_253_308_33_6_jpg.rf.767c1820c7dfda89c59331a7931ceaa2.npz,True,unreviewed_kept,0,,,,
train,16_253_308_34_11_jpg.rf.a88c189a79b47e5d1884ffa6eec006c7.jpg,16_253_308_34_11_jpg.rf.a88c189a79b47e5d1884ffa6eec006c7.npz,True,unreviewed_kept,0,,,,
train,16_253_308_34_16_jpg.rf.c56485c4eaf58f3d95214b8a7add6bc8.jpg,16_253_308_34_16_jpg.rf.c56485c4eaf58f3d95214b8a7add6bc8.npz,True,unreviewed_kept,0,,,,
train,16_253_308_34_19_jpg.rf.b42a9c2a7ffd36b5a7c94176cd78ecdb.jpg,16_253_308_34_19_jpg.rf.b42a9c2a7ffd36b5a7c94176cd78ecdb.npz,True,unreviewed_kept,0,,,,
train,16_253_308_34_1_jpg.rf.eaa66461c801ccf08ed9a7f323f487c6.jpg,16_253_308_34_1_jpg.rf.eaa66461c801ccf08ed9a7f323f487c6.npz,True,unreviewed_kept,0,,,,
train,16_253_308_34_2_jpg.rf.80adae62f5e473939108c4b07c748264.jpg,16_253_308_34_2_jpg.rf.80adae62f5e473939108c4b07c748264.npz,True,unreviewed_kept,0,,,,
train,16_253_308_34_4_jpg.rf.c1487d1c8a92bde85994cfc673ce448b.jpg,16_253_308_34_4_jpg.rf.c1487d1c8a92bde85994cfc673ce448b.npz,True,reviewed_kept,2,B,Y,N,模型检出能力不足
train,16_253_308_34_6_jpg.rf.c9e4a2f9e4d5ba46cf3194d1e827b216.jpg,16_253_308_34_6_jpg.rf.c9e4a2f9e4d5ba46cf3194d1e827b216.npz,True,unreviewed_kept,0,,,,
train,16_253_308_34_7_jpg.rf.d14ef048ad7f091cad267d9ca519d354.jpg,16_253_308_34_7_jpg.rf.d14ef048ad7f091cad267d9ca519d354.npz,True,unreviewed_kept,0,,,,
train,16_253_308_34_8_jpg.rf.33ab4b23d5c2359531f9ac95097e1d0a.jpg,16_253_308_34_8_jpg.rf.33ab4b23d5c2359531f9ac95097e1d0a.npz,True,unreviewed_kept,0,,,,
train,16_253_308_34_9_jpg.rf.579650bfbb303d6389ea1b3443f7db5a.jpg,16_253_308_34_9_jpg.rf.579650bfbb303d6389ea1b3443f7db5a.npz,True,unreviewed_kept,0,,,,
train,16_253_308_35_12_jpg.rf.81081449c1b0a5fb825fe3012bad9667.jpg,16_253_308_35_12_jpg.rf.81081449c1b0a5fb825fe3012bad9667.npz,True,unreviewed_kept,0,,,,
train,16_253_308_35_15_jpg.rf.ed38aebee3e11bb45950348086afe433.jpg,16_253_308_35_15_jpg.rf.ed38aebee3e11bb45950348086afe433.npz,True,unreviewed_kept,0,,,,
train,16_253_308_35_1_jpg.rf.aa6b24551fd8aa579ea5972f65fa17fe.jpg,16_253_308_35_1_jpg.rf.aa6b24551fd8aa579ea5972f65fa17fe.npz,True,unreviewed_kept,0,,,,
train,16_253_308_35_20_jpg.rf.70a9b99426ebf28898906f649378a16a.jpg,16_253_308_35_20_jpg.rf.70a9b99426ebf28898906f649378a16a.npz,True,unreviewed_kept,0,,,,
train,16_253_308_35_6_jpg.rf.041872dd72d105a5ca25eb90b9a6dc9d.jpg,16_253_308_35_6_jpg.rf.041872dd72d105a5ca25eb90b9a6dc9d.npz,True,unreviewed_kept,0,,,,
train,16_253_308_35_7_jpg.rf.909bfd8fc572e7331922c9cf1e68686f.jpg,16_253_308_35_7_jpg.rf.909bfd8fc572e7331922c9cf1e68686f.npz,True,unreviewed_kept,0,,,,
train,16_256_202_21_10_jpg.rf.ecfb6cd9ac9353091d0a964919c63bab.jpg,16_256_202_21_10_jpg.rf.ecfb6cd9ac9353091d0a964919c63bab.npz,True,unreviewed_kept,0,,,,
train,16_256_202_21_13_jpg.rf.201efadecc0e06839292fd761b6639ff.jpg,16_256_202_21_13_jpg.rf.201efadecc0e06839292fd761b6639ff.npz,False,excluded_label_problem,1,A,N,Y,模型标注位置不典型，漏标，建议剔除
train,16_256_202_21_18_jpg.rf.57e473547e0f3e4a5bd7901bfd31cd3c.jpg,16_256_202_21_18_jpg.rf.57e473547e0f3e4a5bd7901bfd31cd3c.npz,True,unreviewed_kept,0,,,,
train,16_256_202_21_6_jpg.rf.a106175a2c2665a0e8ae998a4b9e82f5.jpg,16_256_202_21_6_jpg.rf.a106175a2c2665a0e8ae998a4b9e82f5.npz,True,unreviewed_kept,0,,,,
train,16_256_202_21_8_jpg.rf.1c0c04113435629a23449b6faf6d62b4.jpg,16_256_202_21_8_jpg.rf.1c0c04113435629a23449b6faf6d62b4.npz,True,unreviewed_kept,0,,,,
train,16_256_202_21_9_jpg.rf.e66a319e7736410af53070468dccc9af.jpg,16_256_202_21_9_jpg.rf.e66a319e7736410af53070468dccc9af.npz,True,unreviewed_kept,0,,,,
train,16_256_202_22_15_jpg.rf.a2ee8a5ccbdfeb76749aacf793199ea4.jpg,16_256_202_22_15_jpg.rf.a2ee8a5ccbdfeb76749aacf793199ea4.npz,True,unreviewed_kept,0,,,,
train,16_256_202_22_2_jpg.rf.a78801d6ad05657769d5909d69975205.jpg,16_256_202_22_2_jpg.rf.a78801d6ad05657769d5909d69975205.npz,True,unreviewed_kept,0,,,,
train,16_256_202_22_5_jpg.rf.509f49ae417467b23ab8bbcfc313b5c3.jpg,16_256_202_22_5_jpg.rf.509f49ae417467b23ab8bbcfc313b5c3.npz,True,unreviewed_kept,0,,,,
train,16_256_202_22_7_jpg.rf.a4c82630fdede2d98cf3a1ba294f0f31.jpg,16_256_202_22_7_jpg.rf.a4c82630fdede2d98cf3a1ba294f0f31.npz,True,unreviewed_kept,0,,,,
train,16_256_202_23_5_jpg.rf.a64354d012985c61db4f797f5b82c412.jpg,16_256_202_23_5_jpg.rf.a64354d012985c61db4f797f5b82c412.npz,True,unreviewed_kept,0,,,,
train,16_256_202_24_10_jpg.rf.c5e20b005122b1f7f775fdbf10ea82f4.jpg,16_256_202_24_10_jpg.rf.c5e20b005122b1f7f775fdbf10ea82f4.npz,True,unreviewed_kept,0,,,,
train,16_256_202_24_3_jpg.rf.4c1b2a08751a388a72f0da5ce0210ece.jpg,16_256_202_24_3_jpg.rf.4c1b2a08751a388a72f0da5ce0210ece.npz,True,unreviewed_kept,0,,,,
train,16_256_202_24_8_jpg.rf.761ae8b31044df680e2f2b6b3b5b5ad0.jpg,16_256_202_24_8_jpg.rf.761ae8b31044df680e2f2b6b3b5b5ad0.npz,True,unreviewed_kept,0,,,,
train,16_256_203_41_6_jpg.rf.ad16b05c8d3916730ab2d8f68ced08b7.jpg,16_256_203_41_6_jpg.rf.ad16b05c8d3916730ab2d8f68ced08b7.npz,True,unreviewed_kept,0,,,,
train,16_256_204_18_14_jpg.rf.0a1600d726d9fcc5e759ed008ce5ed71.jpg,16_256_204_18_14_jpg.rf.0a1600d726d9fcc5e759ed008ce5ed71.npz,True,unreviewed_kept,0,,,,
train,16_256_205_13_15_jpg.rf.48e549817c24b49eaa60407392538c4c.jpg,16_256_205_13_15_jpg.rf.48e549817c24b49eaa60407392538c4c.npz,True,unreviewed_kept,0,,,,
train,16_256_205_14_12_jpg.rf.f8427b009dc8d045f895529a73ee38b4.jpg,16_256_205_14_12_jpg.rf.f8427b009dc8d045f895529a73ee38b4.npz,True,unreviewed_kept,0,,,,
train,16_256_205_14_14_jpg.rf.02de74f9625bf145e506ac1d9c9abd36.jpg,16_256_205_14_14_jpg.rf.02de74f9625bf145e506ac1d9c9abd36.npz,True,unreviewed_kept,0,,,,
train,16_256_205_14_18_jpg.rf.7be787c56cbb42d0d1f3848f29c22297.jpg,16_256_205_14_18_jpg.rf.7be787c56cbb42d0d1f3848f29c22297.npz,True,unreviewed_kept,0,,,,
train,16_256_205_14_5_jpg.rf.3293695a928a2eeb17a4d198820a720d.jpg,16_256_205_14_5_jpg.rf.3293695a928a2eeb17a4d198820a720d.npz,True,unreviewed_kept,0,,,,
train,16_256_205_14_9_jpg.rf.56b95eb3141bd05916e62da8b378c415.jpg,16_256_205_14_9_jpg.rf.56b95eb3141bd05916e62da8b378c415.npz,True,unreviewed_kept,0,,,,
train,16_256_205_15_12_jpg.rf.5c98d825ce0c2045088424f5d44df6dd.jpg,16_256_205_15_12_jpg.rf.5c98d825ce0c2045088424f5d44df6dd.npz,True,unreviewed_kept,0,,,,
train,16_256_205_15_1_jpg.rf.b4b22305711c713836cd56e19c1b3dc9.jpg,16_256_205_15_1_jpg.rf.b4b22305711c713836cd56e19c1b3dc9.npz,True,unreviewed_kept,0,,,,
train,16_256_205_15_6_jpg.rf.7f1cc5137146b6077cd50ff18e85bf88.jpg,16_256_205_15_6_jpg.rf.7f1cc5137146b6077cd50ff18e85bf88.npz,True,unreviewed_kept,0,,,,
train,16_256_205_15_7_jpg.rf.eb341f0209198b162fd85e4b4f5025bc.jpg,16_256_205_15_7_jpg.rf.eb341f0209198b162fd85e4b4f5025bc.npz,True,unreviewed_kept,0,,,,
train,16_256_205_15_8_jpg.rf.4b54059dc4bb28f66e292d8cde8f859a.jpg,16_256_205_15_8_jpg.rf.4b54059dc4bb28f66e292d8cde8f859a.npz,True,unreviewed_kept,0,,,,
train,16_256_205_16_12_jpg.rf.27c9d8336e6939793727835eba3607d6.jpg,16_256_205_16_12_jpg.rf.27c9d8336e6939793727835eba3607d6.npz,True,unreviewed_kept,0,,,,
train,16_256_205_16_13_jpg.rf.5f10770149a2bf489da1d7da121f503b.jpg,16_256_205_16_13_jpg.rf.5f10770149a2bf489da1d7da121f503b.npz,True,unreviewed_kept,0,,,,
train,16_256_205_16_3_jpg.rf.1a62ad400028f25229a922798283b606.jpg,16_256_205_16_3_jpg.rf.1a62ad400028f25229a922798283b606.npz,True,unreviewed_kept,0,,,,
train,16_256_205_16_5_jpg.rf.0efc1569991f2e4a504d3aa25a75fdfb.jpg,16_256_205_16_5_jpg.rf.0efc1569991f2e4a504d3aa25a75fdfb.npz,True,unreviewed_kept,0,,,,
train,16_256_205_18_1_jpg.rf.44bed91acaf8322cb645375db50ace68.jpg,16_256_205_18_1_jpg.rf.44bed91acaf8322cb645375db50ace68.npz,True,unreviewed_kept,0,,,,
train,16_256_205_18_3_jpg.rf.79f7a2a30cc8a80dd056ce129c998ff9.jpg,16_256_205_18_3_jpg.rf.79f7a2a30cc8a80dd056ce129c998ff9.npz,True,unreviewed_kept,0,,,,
train,16_256_205_18_8_jpg.rf.5ab332965a52ac3baace38cbb92fc812.jpg,16_256_205_18_8_jpg.rf.5ab332965a52ac3baace38cbb92fc812.npz,True,unreviewed_kept,0,,,,
train,16_256_207_22_18_jpg.rf.be9e885f6081e1927d9bccd509063ca6.jpg,16_256_207_22_18_jpg.rf.be9e885f6081e1927d9bccd509063ca6.npz,True,unreviewed_kept,0,,,,
train,16_256_207_23_21_jpg.rf.94afcc5142d7c119552011cfc3808a25.jpg,16_256_207_23_21_jpg.rf.94afcc5142d7c119552011cfc3808a25.npz,True,unreviewed_kept,0,,,,
train,16_256_207_24_11_jpg.rf.d54db8ef4d27ba6c1619fd42e82b110f.jpg,16_256_207_24_11_jpg.rf.d54db8ef4d27ba6c1619fd42e82b110f.npz,True,unreviewed_kept,0,,,,
train,16_256_207_24_12_jpg.rf.2da67095f5db842e69a330917e226c31.jpg,16_256_207_24_12_jpg.rf.2da67095f5db842e69a330917e226c31.npz,True,unreviewed_kept,0,,,,
train,16_256_207_24_3_jpg.rf.c9c069ecee5cef26b618a342f1e9ba5c.jpg,16_256_207_24_3_jpg.rf.c9c069ecee5cef26b618a342f1e9ba5c.npz,True,unreviewed_kept,0,,,,
train,17_209_102_10_13_jpg.rf.e159d1c9e39c8ad0715e34b256221665.jpg,17_209_102_10_13_jpg.rf.e159d1c9e39c8ad0715e34b256221665.npz,True,unreviewed_kept,0,,,,
train,17_209_102_10_14_jpg.rf.4b426dd66f5def4cfbad91f5ddf33787.jpg,17_209_102_10_14_jpg.rf.4b426dd66f5def4cfbad91f5ddf33787.npz,True,unreviewed_kept,0,,,,
train,17_209_102_10_17_jpg.rf.6f6e25e8a23d4d91e4d2dd5e89d4382c.jpg,17_209_102_10_17_jpg.rf.6f6e25e8a23d4d91e4d2dd5e89d4382c.npz,True,unreviewed_kept,0,,,,
train,17_209_102_10_18_jpg.rf.6d5200fbbfbac2997efbf27801defc1b.jpg,17_209_102_10_18_jpg.rf.6d5200fbbfbac2997efbf27801defc1b.npz,True,unreviewed_kept,0,,,,
train,17_209_102_10_19_jpg.rf.7999b7ff03e34e7a46dcb64cb1c45e30.jpg,17_209_102_10_19_jpg.rf.7999b7ff03e34e7a46dcb64cb1c45e30.npz,True,unreviewed_kept,0,,,,
train,17_209_102_10_20_jpg.rf.11a9ec539e88f6bc0f32d6d077d063dd.jpg,17_209_102_10_20_jpg.rf.11a9ec539e88f6bc0f32d6d077d063dd.npz,True,unreviewed_kept,0,,,,
train,17_209_102_10_25_jpg.rf.57d656d083b3d7b10609d78c75e76222.jpg,17_209_102_10_25_jpg.rf.57d656d083b3d7b10609d78c75e76222.npz,True,unreviewed_kept,0,,,,
train,17_209_102_10_26_jpg.rf.37ecdd71b30f1181e036828419fed3f2.jpg,17_209_102_10_26_jpg.rf.37ecdd71b30f1181e036828419fed3f2.npz,True,unreviewed_kept,0,,,,
train,17_209_102_10_27_jpg.rf.222627624b20c0c28b86e8bdb7a2985b.jpg,17_209_102_10_27_jpg.rf.222627624b20c0c28b86e8bdb7a2985b.npz,True,unreviewed_kept,0,,,,
train,17_209_102_10_28_jpg.rf.86b385e733b96cde5d9f3e6860e56804.jpg,17_209_102_10_28_jpg.rf.86b385e733b96cde5d9f3e6860e56804.npz,True,unreviewed_kept,0,,,,
train,17_209_102_10_30_jpg.rf.8b7fadad24130c64418b9369c8981b13.jpg,17_209_102_10_30_jpg.rf.8b7fadad24130c64418b9369c8981b13.npz,True,unreviewed_kept,0,,,,
train,17_209_102_10_31_jpg.rf.a451ca4a9819f3029961cdfd4a49ac6b.jpg,17_209_102_10_31_jpg.rf.a451ca4a9819f3029961cdfd4a49ac6b.npz,True,unreviewed_kept,0,,,,
train,17_209_102_10_33_jpg.rf.a6f6f31472397526ce6b4741893032ff.jpg,17_209_102_10_33_jpg.rf.a6f6f31472397526ce6b4741893032ff.npz,True,unreviewed_kept,0,,,,
train,17_209_102_10_34_jpg.rf.c17b079cdc4b67c45d21062b6216630c.jpg,17_209_102_10_34_jpg.rf.c17b079cdc4b67c45d21062b6216630c.npz,True,unreviewed_kept,0,,,,
train,17_209_102_10_36_jpg.rf.9a6338ed72a065b235de9818be883764.jpg,17_209_102_10_36_jpg.rf.9a6338ed72a065b235de9818be883764.npz,True,unreviewed_kept,0,,,,
train,17_209_102_11_13_jpg.rf.b46addb11b6024474f2e0e72152c8fe4.jpg,17_209_102_11_13_jpg.rf.b46addb11b6024474f2e0e72152c8fe4.npz,True,unreviewed_kept,0,,,,
train,17_209_102_11_16_jpg.rf.2d82a821f0fa8594bd498dd4654d3365.jpg,17_209_102_11_16_jpg.rf.2d82a821f0fa8594bd498dd4654d3365.npz,True,unreviewed_kept,0,,,,
train,17_209_102_11_18_jpg.rf.2469408405202b2846646a83a8f3851e.jpg,17_209_102_11_18_jpg.rf.2469408405202b2846646a83a8f3851e.npz,True,unreviewed_kept,0,,,,
train,17_209_102_11_19_jpg.rf.a7d18c7b22e2a65d5d126dfb98045eeb.jpg,17_209_102_11_19_jpg.rf.a7d18c7b22e2a65d5d126dfb98045eeb.npz,True,unreviewed_kept,0,,,,
train,17_209_102_11_20_jpg.rf.53bd11588566a22e7742017507c512d3.jpg,17_209_102_11_20_jpg.rf.53bd11588566a22e7742017507c512d3.npz,True,unreviewed_kept,0,,,,
train,17_209_102_11_23_jpg.rf.19964cdd19367800b2c257ce35246f17.jpg,17_209_102_11_23_jpg.rf.19964cdd19367800b2c257ce35246f17.npz,True,unreviewed_kept,0,,,,
train,17_209_102_11_24_jpg.rf.7a250bcea500961dcca8c4520eb7e80c.jpg,17_209_102_11_24_jpg.rf.7a250bcea500961dcca8c4520eb7e80c.npz,True,unreviewed_kept,0,,,,
train,17_209_102_11_25_jpg.rf.7ace5e9396d551756576d59bf6da353d.jpg,17_209_102_11_25_jpg.rf.7ace5e9396d551756576d59bf6da353d.npz,True,unreviewed_kept,0,,,,
train,17_209_102_11_27_jpg.rf.a37bfc3611d2e33ac0fa195f26851ff7.jpg,17_209_102_11_27_jpg.rf.a37bfc3611d2e33ac0fa195f26851ff7.npz,True,unreviewed_kept,0,,,,
train,17_209_102_11_30_jpg.rf.4e20edcd1de0e7cb05db2fc829589677.jpg,17_209_102_11_30_jpg.rf.4e20edcd1de0e7cb05db2fc829589677.npz,True,unreviewed_kept,0,,,,
train,17_209_102_11_31_jpg.rf.a2b6d9c702c00c369df8a97e350c5091.jpg,17_209_102_11_31_jpg.rf.a2b6d9c702c00c369df8a97e350c5091.npz,True,unreviewed_kept,0,,,,
train,17_209_102_11_32_jpg.rf.a23535c6f73ed4d1cc9e1156cf05cc68.jpg,17_209_102_11_32_jpg.rf.a23535c6f73ed4d1cc9e1156cf05cc68.npz,True,unreviewed_kept,0,,,,
train,17_209_102_14_26_jpg.rf.2fc2f333e18179bde2ec7113cd72b968.jpg,17_209_102_14_26_jpg.rf.2fc2f333e18179bde2ec7113cd72b968.npz,True,unreviewed_kept,0,,,,
train,17_209_102_6_25_jpg.rf.f74fd7fdb1624c26c69303b1d0002bf9.jpg,17_209_102_6_25_jpg.rf.f74fd7fdb1624c26c69303b1d0002bf9.npz,True,unreviewed_kept,0,,,,
train,17_209_102_6_26_jpg.rf.8474901f98f2d28915a3bcf1363dfac2.jpg,17_209_102_6_26_jpg.rf.8474901f98f2d28915a3bcf1363dfac2.npz,False,excluded_label_problem,2,A,N,Y,炎症区域不典型
train,17_209_102_6_30_jpg.rf.ec7a893c9423a9fe8922f3e4ec021293.jpg,17_209_102_6_30_jpg.rf.ec7a893c9423a9fe8922f3e4ec021293.npz,False,excluded_label_problem,2,A,N,Y,炎症区域不典型
train,17_209_102_6_31_jpg.rf.f3800f072f1698c92c09f0b9f0542210.jpg,17_209_102_6_31_jpg.rf.f3800f072f1698c92c09f0b9f0542210.npz,True,unreviewed_kept,0,,,,
train,17_209_102_6_34_jpg.rf.ff43fb6ab8d5d07d2c0da93187cd692b.jpg,17_209_102_6_34_jpg.rf.ff43fb6ab8d5d07d2c0da93187cd692b.npz,True,unreviewed_kept,0,,,,
train,17_209_102_6_35_jpg.rf.b0d7131c73174f88596e2f47f18452c5.jpg,17_209_102_6_35_jpg.rf.b0d7131c73174f88596e2f47f18452c5.npz,True,unreviewed_kept,0,,,,
train,17_209_102_7_15_jpg.rf.19b24fd62d04394946aa9b9784392c75.jpg,17_209_102_7_15_jpg.rf.19b24fd62d04394946aa9b9784392c75.npz,True,unreviewed_kept,0,,,,
train,17_209_102_7_16_jpg.rf.903490f030bff325aa9d574a95c3a77f.jpg,17_209_102_7_16_jpg.rf.903490f030bff325aa9d574a95c3a77f.npz,True,unreviewed_kept,0,,,,
train,17_209_102_7_17_jpg.rf.8fb18b99f5b874a51ea48d3b804ff252.jpg,17_209_102_7_17_jpg.rf.8fb18b99f5b874a51ea48d3b804ff252.npz,True,unreviewed_kept,0,,,,
train,17_209_102_7_18_jpg.rf.44daf61d276907ff4a39cdbf9889f24f.jpg,17_209_102_7_18_jpg.rf.44daf61d276907ff4a39cdbf9889f24f.npz,True,unreviewed_kept,0,,,,
train,17_209_102_7_19_jpg.rf.fb8bc5876429d4912ceb4cd26d9195e9.jpg,17_209_102_7_19_jpg.rf.fb8bc5876429d4912ceb4cd26d9195e9.npz,True,unreviewed_kept,0,,,,
train,17_209_102_7_20_jpg.rf.4a5f66fe8e059247765f7a15a2c05d1a.jpg,17_209_102_7_20_jpg.rf.4a5f66fe8e059247765f7a15a2c05d1a.npz,False,excluded_label_problem,3,A,N,Y,炎症区域不典型
train,17_209_102_7_24_jpg.rf.fc5a0ad861d7da1220d816a5772ccc7d.jpg,17_209_102_7_24_jpg.rf.fc5a0ad861d7da1220d816a5772ccc7d.npz,True,unreviewed_kept,0,,,,
train,17_209_102_7_25_jpg.rf.fd2b1e8b388dd71a7a262d38160f68c3.jpg,17_209_102_7_25_jpg.rf.fd2b1e8b388dd71a7a262d38160f68c3.npz,True,unreviewed_kept,0,,,,
train,17_209_102_7_27_jpg.rf.44de5e82755c977e76111be36b4c4d75.jpg,17_209_102_7_27_jpg.rf.44de5e82755c977e76111be36b4c4d75.npz,True,unreviewed_kept,0,,,,
train,17_209_102_7_30_jpg.rf.f2ff11c5ef06eaebbcd2213ee136fafc.jpg,17_209_102_7_30_jpg.rf.f2ff11c5ef06eaebbcd2213ee136fafc.npz,True,unreviewed_kept,0,,,,
train,17_209_102_7_31_jpg.rf.7b09c746532863a2045769b2304d91d6.jpg,17_209_102_7_31_jpg.rf.7b09c746532863a2045769b2304d91d6.npz,True,unreviewed_kept,0,,,,
train,17_209_102_7_32_jpg.rf.72a26d665bd30d74ad3e2575fe50bf9d.jpg,17_209_102_7_32_jpg.rf.72a26d665bd30d74ad3e2575fe50bf9d.npz,True,unreviewed_kept,0,,,,
train,17_209_102_7_35_jpg.rf.69a83de66af09f7563247b4cf4b05350.jpg,17_209_102_7_35_jpg.rf.69a83de66af09f7563247b4cf4b05350.npz,True,unreviewed_kept,0,,,,
train,17_209_102_8_15_jpg.rf.c6c66f365bbe6637fbad2c38beaeb94e.jpg,17_209_102_8_15_jpg.rf.c6c66f365bbe6637fbad2c38beaeb94e.npz,True,unreviewed_kept,0,,,,
train,17_209_102_8_19_jpg.rf.9f1fbdc694f68b31284ed561134dad58.jpg,17_209_102_8_19_jpg.rf.9f1fbdc694f68b31284ed561134dad58.npz,True,unreviewed_kept,0,,,,
train,17_209_102_8_20_jpg.rf.513e7a778b8369a5256828394df6afad.jpg,17_209_102_8_20_jpg.rf.513e7a778b8369a5256828394df6afad.npz,True,unreviewed_kept,0,,,,
train,17_209_102_8_21_jpg.rf.5132b5feef8aec9422bcd373fbd299b6.jpg,17_209_102_8_21_jpg.rf.5132b5feef8aec9422bcd373fbd299b6.npz,True,unreviewed_kept,0,,,,
train,17_209_102_8_22_jpg.rf.476fe141138ff70ffd43e85ee7100fbc.jpg,17_209_102_8_22_jpg.rf.476fe141138ff70ffd43e85ee7100fbc.npz,True,unreviewed_kept,0,,,,
train,17_209_102_8_23_jpg.rf.c333a5cf1b9c71a0ca712f6cbb0c4f87.jpg,17_209_102_8_23_jpg.rf.c333a5cf1b9c71a0ca712f6cbb0c4f87.npz,True,unreviewed_kept,0,,,,
train,17_209_102_8_24_jpg.rf.e6555938fcfadf1a2594d896206d99c3.jpg,17_209_102_8_24_jpg.rf.e6555938fcfadf1a2594d896206d99c3.npz,True,unreviewed_kept,0,,,,
train,17_209_102_8_27_jpg.rf.b459ee6dbc765975790794d75472523d.jpg,17_209_102_8_27_jpg.rf.b459ee6dbc765975790794d75472523d.npz,True,unreviewed_kept,0,,,,
train,17_209_102_8_30_jpg.rf.9c80115f3f29c961a42338ac85d26056.jpg,17_209_102_8_30_jpg.rf.9c80115f3f29c961a42338ac85d26056.npz,True,unreviewed_kept,0,,,,
train,17_209_102_8_34_jpg.rf.054f9b49c1d91becdb3734be627121f2.jpg,17_209_102_8_34_jpg.rf.054f9b49c1d91becdb3734be627121f2.npz,True,unreviewed_kept,0,,,,
train,17_209_102_8_35_jpg.rf.a5bde476ed702d286ee82e4db4c482a4.jpg,17_209_102_8_35_jpg.rf.a5bde476ed702d286ee82e4db4c482a4.npz,True,unreviewed_kept,0,,,,
train,17_209_102_9_13_jpg.rf.4584d2086120917fe03ba5e224decf94.jpg,17_209_102_9_13_jpg.rf.4584d2086120917fe03ba5e224decf94.npz,True,unreviewed_kept,0,,,,
train,17_209_102_9_14_jpg.rf.910149f3d5a72d226035c7575714daa5.jpg,17_209_102_9_14_jpg.rf.910149f3d5a72d226035c7575714daa5.npz,True,unreviewed_kept,0,,,,
train,17_209_102_9_16_jpg.rf.4305b177429d3977d1b82d6a0bc994f2.jpg,17_209_102_9_16_jpg.rf.4305b177429d3977d1b82d6a0bc994f2.npz,True,unreviewed_kept,0,,,,
train,17_209_102_9_17_jpg.rf.988236f25cdb2814b72f026ac29a806c.jpg,17_209_102_9_17_jpg.rf.988236f25cdb2814b72f026ac29a806c.npz,True,unreviewed_kept,0,,,,
train,17_209_102_9_18_jpg.rf.2e873e4de432402a3014274775240c2d.jpg,17_209_102_9_18_jpg.rf.2e873e4de432402a3014274775240c2d.npz,True,unreviewed_kept,0,,,,
train,17_209_102_9_22_jpg.rf.3521e05f431ba20d9a29885e09f5227b.jpg,17_209_102_9_22_jpg.rf.3521e05f431ba20d9a29885e09f5227b.npz,True,unreviewed_kept,0,,,,
train,17_209_102_9_23_jpg.rf.79d567ed1be5c18398d618d489410f9c.jpg,17_209_102_9_23_jpg.rf.79d567ed1be5c18398d618d489410f9c.npz,True,unreviewed_kept,0,,,,
train,17_209_102_9_26_jpg.rf.92063e49c7b18267924f6b2f9b3e05be.jpg,17_209_102_9_26_jpg.rf.92063e49c7b18267924f6b2f9b3e05be.npz,True,unreviewed_kept,0,,,,
train,17_209_102_9_28_jpg.rf.dfc9c1fb19e175ef47a8433f70128ed6.jpg,17_209_102_9_28_jpg.rf.dfc9c1fb19e175ef47a8433f70128ed6.npz,True,unreviewed_kept,0,,,,
train,17_209_102_9_29_jpg.rf.80d4fca88c7b2ec8cc1f6c14191a4968.jpg,17_209_102_9_29_jpg.rf.80d4fca88c7b2ec8cc1f6c14191a4968.npz,True,unreviewed_kept,0,,,,
train,17_209_102_9_31_jpg.rf.5fdf6da33d63559363adc504f9adce6a.jpg,17_209_102_9_31_jpg.rf.5fdf6da33d63559363adc504f9adce6a.npz,True,unreviewed_kept,0,,,,
train,17_209_102_9_34_jpg.rf.baa8ee94a0537dde489d5f3670955960.jpg,17_209_102_9_34_jpg.rf.baa8ee94a0537dde489d5f3670955960.npz,True,unreviewed_kept,0,,,,
train,17_209_102_9_36_jpg.rf.dc99c7f997ac3951f151743214bb5b0d.jpg,17_209_102_9_36_jpg.rf.dc99c7f997ac3951f151743214bb5b0d.npz,True,unreviewed_kept,0,,,,
train,17_228_102_93_26_jpg.rf.2ed91a5d9b7eed061548efc97bed43b9.jpg,17_228_102_93_26_jpg.rf.2ed91a5d9b7eed061548efc97bed43b9.npz,True,unreviewed_kept,0,,,,
train,17_228_608_91_40_jpg.rf.d7fe6970c7a261dda374f6e7a5a2c2e0.jpg,17_228_608_91_40_jpg.rf.d7fe6970c7a261dda374f6e7a5a2c2e0.npz,True,unreviewed_kept,0,,,,
train,17_228_608_92_36_jpg.rf.28c83eba1bc96f1cb59331f291f57598.jpg,17_228_608_92_36_jpg.rf.28c83eba1bc96f1cb59331f291f57598.npz,True,unreviewed_kept,0,,,,
train,17_228_608_92_37_jpg.rf.82fa0e94678d0a2c463f174c00ce2319.jpg,17_228_608_92_37_jpg.rf.82fa0e94678d0a2c463f174c00ce2319.npz,True,unreviewed_kept,0,,,,
train,17_228_608_92_38_jpg.rf.4be13c7e83848c2a29d4f184520d639b.jpg,17_228_608_92_38_jpg.rf.4be13c7e83848c2a29d4f184520d639b.npz,True,unreviewed_kept,0,,,,
train,17_228_608_93_10_jpg.rf.caff70220075c8e36f01605e57fd5d48.jpg,17_228_608_93_10_jpg.rf.caff70220075c8e36f01605e57fd5d48.npz,True,unreviewed_kept,0,,,,
train,17_228_608_93_37_jpg.rf.b8e9e2a572b43e3a5ae1a34557b938a1.jpg,17_228_608_93_37_jpg.rf.b8e9e2a572b43e3a5ae1a34557b938a1.npz,True,unreviewed_kept,0,,,,
train,17_228_608_93_8_jpg.rf.105e011b6bd68a3d999e3267b1b13c6c.jpg,17_228_608_93_8_jpg.rf.105e011b6bd68a3d999e3267b1b13c6c.npz,True,unreviewed_kept,0,,,,
train,17_228_608_93_9_jpg.rf.37b29ec8b91425352ac025d687d5007e.jpg,17_228_608_93_9_jpg.rf.37b29ec8b91425352ac025d687d5007e.npz,True,unreviewed_kept,0,,,,
train,17_228_608_94_10_jpg.rf.651d1af1daf8d7e87c1667a28209c8b1.jpg,17_228_608_94_10_jpg.rf.651d1af1daf8d7e87c1667a28209c8b1.npz,True,unreviewed_kept,0,,,,
train,17_228_608_95_15_jpg.rf.e49f240ae114c1b43de51e01c3119248.jpg,17_228_608_95_15_jpg.rf.e49f240ae114c1b43de51e01c3119248.npz,True,unreviewed_kept,0,,,,
train,17_228_801_65_49_jpg.rf.20c1a7fed944dbc17bea3072eb531e6d.jpg,17_228_801_65_49_jpg.rf.20c1a7fed944dbc17bea3072eb531e6d.npz,True,unreviewed_kept,0,,,,
train,17_228_801_66_21_jpg.rf.4bfbf47db6c5e1551a4dcbbf1cf9e3c4.jpg,17_228_801_66_21_jpg.rf.4bfbf47db6c5e1551a4dcbbf1cf9e3c4.npz,True,unreviewed_kept,0,,,,
train,17_228_801_66_58_jpg.rf.4834ec9f135377a480fdc92d70a712d1.jpg,17_228_801_66_58_jpg.rf.4834ec9f135377a480fdc92d70a712d1.npz,True,unreviewed_kept,0,,,,
train,17_228_801_68_53_jpg.rf.49b524065eb9c6ac478ed529d55984cc.jpg,17_228_801_68_53_jpg.rf.49b524065eb9c6ac478ed529d55984cc.npz,True,unreviewed_kept,0,,,,
train,17_228_801_70_48_jpg.rf.4ab6c88e915066cd3069266e76af776e.jpg,17_228_801_70_48_jpg.rf.4ab6c88e915066cd3069266e76af776e.npz,True,unreviewed_kept,0,,,,
train,17_228_801_70_62_jpg.rf.fe798a2ccefa9dd7d284550e08740227.jpg,17_228_801_70_62_jpg.rf.fe798a2ccefa9dd7d284550e08740227.npz,True,unreviewed_kept,0,,,,
train,17_228_801_71_45_jpg.rf.319f84eed9c51d34c5d5e197835cf0bc.jpg,17_228_801_71_45_jpg.rf.319f84eed9c51d34c5d5e197835cf0bc.npz,True,unreviewed_kept,0,,,,
train,17_228_801_72_22_jpg.rf.8fa3cd9a85b0b93af1ec52d516133306.jpg,17_228_801_72_22_jpg.rf.8fa3cd9a85b0b93af1ec52d516133306.npz,True,unreviewed_kept,0,,,,
train,17_228_801_72_64_jpg.rf.137e5c1f3e7e80cd0b70302624bbebfa.jpg,17_228_801_72_64_jpg.rf.137e5c1f3e7e80cd0b70302624bbebfa.npz,True,unreviewed_kept,0,,,,
train,17_228_801_74_52_jpg.rf.86018f355d29e69d1816eb4e505aa1cb.jpg,17_228_801_74_52_jpg.rf.86018f355d29e69d1816eb4e505aa1cb.npz,True,unreviewed_kept,0,,,,
train,17_228_801_75_37_jpg.rf.77386e7077ba0f3e5faedf16963d99f7.jpg,17_228_801_75_37_jpg.rf.77386e7077ba0f3e5faedf16963d99f7.npz,True,unreviewed_kept,0,,,,
train,17_228_801_92_39_jpg.rf.72d28916f76dc73170afc885f59f0786.jpg,17_228_801_92_39_jpg.rf.72d28916f76dc73170afc885f59f0786.npz,False,excluded_label_problem,1,A,N,Y,模型判断正确，人工标注错误
train,17_228_801_93_14_jpg.rf.468857ee987270b71330b23d71377e7e.jpg,17_228_801_93_14_jpg.rf.468857ee987270b71330b23d71377e7e.npz,True,unreviewed_kept,0,,,,
train,17_228_801_93_50_jpg.rf.1417dce0f87192ccb4c348cdd5df7031.jpg,17_228_801_93_50_jpg.rf.1417dce0f87192ccb4c348cdd5df7031.npz,True,unreviewed_kept,0,,,,
train,17_228_801_94_24_jpg.rf.e0542d318be9100d90d7ada68ff04141.jpg,17_228_801_94_24_jpg.rf.e0542d318be9100d90d7ada68ff04141.npz,True,unreviewed_kept,0,,,,
train,17_228_801_94_27_jpg.rf.7ca8b67617f430387f324d63c800771d.jpg,17_228_801_94_27_jpg.rf.7ca8b67617f430387f324d63c800771d.npz,True,unreviewed_kept,0,,,,
train,17_228_801_95_25_jpg.rf.c8663783c14b2d353e043bd00f47fb63.jpg,17_228_801_95_25_jpg.rf.c8663783c14b2d353e043bd00f47fb63.npz,True,unreviewed_kept,0,,,,
train,17_228_801_96_49_jpg.rf.1b1a90bb9e3950400258937bf4010c8e.jpg,17_228_801_96_49_jpg.rf.1b1a90bb9e3950400258937bf4010c8e.npz,True,unreviewed_kept,0,,,,
train,17_228_801_98_16_jpg.rf.94e042d6ec46f2c8fa82f6b65cc8caeb.jpg,17_228_801_98_16_jpg.rf.94e042d6ec46f2c8fa82f6b65cc8caeb.npz,True,unreviewed_kept,0,,,,
train,17_228_801_98_54_jpg.rf.8ebe0185f05300a712afcec4033fed36.jpg,17_228_801_98_54_jpg.rf.8ebe0185f05300a712afcec4033fed36.npz,False,excluded_label_problem,1,A,,,
train,17_228_801_99_12_jpg.rf.c3270f772a39922d65139a333bed05c8.jpg,17_228_801_99_12_jpg.rf.c3270f772a39922d65139a333bed05c8.npz,True,unreviewed_kept,0,,,,
train,17_228_802_13_37_jpg.rf.619bac2fe837c6c9e25362c1d63ee913.jpg,17_228_802_13_37_jpg.rf.619bac2fe837c6c9e25362c1d63ee913.npz,True,unreviewed_kept,0,,,,
train,17_228_803_192_14_jpg.rf.f23b68987f8ccc0330bba7e303a9f24d.jpg,17_228_803_192_14_jpg.rf.f23b68987f8ccc0330bba7e303a9f24d.npz,False,excluded_label_problem,1,A,N,Y,漏标结构
train,17_234_102_10_8_jpg.rf.80778c214529aec4580843b2e19ffc95.jpg,17_234_102_10_8_jpg.rf.80778c214529aec4580843b2e19ffc95.npz,True,unreviewed_kept,0,,,,
train,17_234_102_15_8_jpg.rf.c71ce29cf43b4ecf70ca740a7ea28c73.jpg,17_234_102_15_8_jpg.rf.c71ce29cf43b4ecf70ca740a7ea28c73.npz,True,unreviewed_kept,0,,,,
train,17_234_102_21_8_jpg.rf.02dc5631c3148ddbdd55b1c47369b798.jpg,17_234_102_21_8_jpg.rf.02dc5631c3148ddbdd55b1c47369b798.npz,True,unreviewed_kept,0,,,,
train,17_234_102_9_8_jpg.rf.2790f3c97a4dd01e71d7db0d70d44282.jpg,17_234_102_9_8_jpg.rf.2790f3c97a4dd01e71d7db0d70d44282.npz,True,unreviewed_kept,0,,,,
train,17_234_212_75_19_jpg.rf.3ec7abbeebb55f55f50e2e50bdabd6a9.jpg,17_234_212_75_19_jpg.rf.3ec7abbeebb55f55f50e2e50bdabd6a9.npz,True,unreviewed_kept,0,,,,
train,17_234_212_75_20_jpg.rf.3239bbdaf6fba6d9454a3ee76326a432.jpg,17_234_212_75_20_jpg.rf.3239bbdaf6fba6d9454a3ee76326a432.npz,True,unreviewed_kept,0,,,,
train,17_234_212_75_23_jpg.rf.7ce61c357d7a653205dc620105af0334.jpg,17_234_212_75_23_jpg.rf.7ce61c357d7a653205dc620105af0334.npz,True,unreviewed_kept,0,,,,
train,17_234_212_75_24_jpg.rf.d7b606b22503b718e0bce7bc24ccc481.jpg,17_234_212_75_24_jpg.rf.d7b606b22503b718e0bce7bc24ccc481.npz,True,unreviewed_kept,0,,,,
train,17_234_212_75_25_jpg.rf.149e6d7ce56ad3e2b439e517eae09966.jpg,17_234_212_75_25_jpg.rf.149e6d7ce56ad3e2b439e517eae09966.npz,True,unreviewed_kept,0,,,,
train,17_234_212_75_26_jpg.rf.7d9659dd6fd4216881762bd4892e7bd2.jpg,17_234_212_75_26_jpg.rf.7d9659dd6fd4216881762bd4892e7bd2.npz,True,unreviewed_kept,0,,,,
train,17_234_212_75_28_jpg.rf.ebd8a909b80b24fce05f7196e30597ad.jpg,17_234_212_75_28_jpg.rf.ebd8a909b80b24fce05f7196e30597ad.npz,True,unreviewed_kept,0,,,,
train,17_234_212_75_31_jpg.rf.62e03eaf5f076ace0b403a06d6adf55f.jpg,17_234_212_75_31_jpg.rf.62e03eaf5f076ace0b403a06d6adf55f.npz,True,unreviewed_kept,0,,,,
train,17_234_212_75_33_jpg.rf.08265506f333a0e729c7fbd2370fe0e6.jpg,17_234_212_75_33_jpg.rf.08265506f333a0e729c7fbd2370fe0e6.npz,True,unreviewed_kept,0,,,,
train,17_234_212_76_16_jpg.rf.27b4265e3d3b650c76cde63c6c711c4a.jpg,17_234_212_76_16_jpg.rf.27b4265e3d3b650c76cde63c6c711c4a.npz,True,unreviewed_kept,0,,,,
train,17_234_212_76_17_jpg.rf.8474a578b4a1704acaafa392b80725f7.jpg,17_234_212_76_17_jpg.rf.8474a578b4a1704acaafa392b80725f7.npz,True,unreviewed_kept,0,,,,
train,17_234_212_76_18_jpg.rf.4afb0cde5c0016ce401dec4d305d6c95.jpg,17_234_212_76_18_jpg.rf.4afb0cde5c0016ce401dec4d305d6c95.npz,True,unreviewed_kept,0,,,,
train,17_234_212_76_21_jpg.rf.c188dd7c768136f8afe82eea799a8458.jpg,17_234_212_76_21_jpg.rf.c188dd7c768136f8afe82eea799a8458.npz,True,unreviewed_kept,0,,,,
train,17_234_212_76_22_jpg.rf.250fcb23269f015f6acc60f0c2b0f1e6.jpg,17_234_212_76_22_jpg.rf.250fcb23269f015f6acc60f0c2b0f1e6.npz,True,unreviewed_kept,0,,,,
train,17_234_212_76_23_jpg.rf.95032679b40c42a913c82242c7b34fb7.jpg,17_234_212_76_23_jpg.rf.95032679b40c42a913c82242c7b34fb7.npz,True,unreviewed_kept,0,,,,
train,17_234_212_76_25_jpg.rf.b4a9673d12aea0a33809c07366f7de4e.jpg,17_234_212_76_25_jpg.rf.b4a9673d12aea0a33809c07366f7de4e.npz,True,unreviewed_kept,0,,,,
train,17_234_212_76_26_jpg.rf.13d093ee64ea211f0ee2daedd8cfc212.jpg,17_234_212_76_26_jpg.rf.13d093ee64ea211f0ee2daedd8cfc212.npz,True,unreviewed_kept,0,,,,
train,17_234_212_76_27_jpg.rf.f926267f1f326878c33a49737e5308c3.jpg,17_234_212_76_27_jpg.rf.f926267f1f326878c33a49737e5308c3.npz,True,unreviewed_kept,0,,,,
train,18_211_205_2_12_jpg.rf.bac83a057e5523634c7798ce3556c5f5.jpg,18_211_205_2_12_jpg.rf.bac83a057e5523634c7798ce3556c5f5.npz,True,unreviewed_kept,0,,,,
train,18_211_205_2_13_jpg.rf.a2cbe5a5f1d1eae0a7a776f37c77bc05.jpg,18_211_205_2_13_jpg.rf.a2cbe5a5f1d1eae0a7a776f37c77bc05.npz,True,unreviewed_kept,0,,,,
train,18_211_205_2_8_jpg.rf.ccc0442f43de8279aa5e9fc4d9588708.jpg,18_211_205_2_8_jpg.rf.ccc0442f43de8279aa5e9fc4d9588708.npz,True,unreviewed_kept,0,,,,
train,18_211_205_3_12_jpg.rf.b685d989770c61407804cf5aecff7703.jpg,18_211_205_3_12_jpg.rf.b685d989770c61407804cf5aecff7703.npz,True,unreviewed_kept,0,,,,
train,18_211_205_3_17_jpg.rf.59784e41fc9bc0accdec35d903364d6a.jpg,18_211_205_3_17_jpg.rf.59784e41fc9bc0accdec35d903364d6a.npz,True,unreviewed_kept,0,,,,
train,18_211_205_3_20_jpg.rf.3663260febc6d9857aa6974fefe3939f.jpg,18_211_205_3_20_jpg.rf.3663260febc6d9857aa6974fefe3939f.npz,True,unreviewed_kept,0,,,,
train,18_211_205_3_8_jpg.rf.173c82ac9834f84e5e2a89bee1ad401e.jpg,18_211_205_3_8_jpg.rf.173c82ac9834f84e5e2a89bee1ad401e.npz,True,unreviewed_kept,0,,,,
train,18_211_205_4_10_jpg.rf.537c1306411028a418be88662362c8df.jpg,18_211_205_4_10_jpg.rf.537c1306411028a418be88662362c8df.npz,True,unreviewed_kept,0,,,,
train,18_211_205_4_11_jpg.rf.8f55c1409a801d014c79a3b077d7605c.jpg,18_211_205_4_11_jpg.rf.8f55c1409a801d014c79a3b077d7605c.npz,True,unreviewed_kept,0,,,,
train,18_211_205_4_14_jpg.rf.a92abab5bd3a0e5b56e24b7a51e809be.jpg,18_211_205_4_14_jpg.rf.a92abab5bd3a0e5b56e24b7a51e809be.npz,True,unreviewed_kept,0,,,,
train,18_211_205_4_19_jpg.rf.d184c5ca03fa4f112665021871d7e153.jpg,18_211_205_4_19_jpg.rf.d184c5ca03fa4f112665021871d7e153.npz,True,unreviewed_kept,0,,,,
train,18_211_205_4_9_jpg.rf.610b04faae117774ac69bc081725ecd0.jpg,18_211_205_4_9_jpg.rf.610b04faae117774ac69bc081725ecd0.npz,True,unreviewed_kept,0,,,,
train,18_211_205_5_14_jpg.rf.487524865d653c625fef9dd6a7d3335f.jpg,18_211_205_5_14_jpg.rf.487524865d653c625fef9dd6a7d3335f.npz,True,unreviewed_kept,0,,,,
train,18_211_205_5_22_jpg.rf.84700979388b0aa6e547bf2de207f9ab.jpg,18_211_205_5_22_jpg.rf.84700979388b0aa6e547bf2de207f9ab.npz,True,unreviewed_kept,0,,,,
train,18_211_205_6_12_jpg.rf.a69fe03724bc7a694f16869296d771c8.jpg,18_211_205_6_12_jpg.rf.a69fe03724bc7a694f16869296d771c8.npz,True,unreviewed_kept,0,,,,
train,18_211_205_6_14_jpg.rf.3ad73b3aafce7e1e87235c28f1c4ddf2.jpg,18_211_205_6_14_jpg.rf.3ad73b3aafce7e1e87235c28f1c4ddf2.npz,True,unreviewed_kept,0,,,,
train,18_211_205_6_15_jpg.rf.537f45cc11c8485a5597bf95c8a72dae.jpg,18_211_205_6_15_jpg.rf.537f45cc11c8485a5597bf95c8a72dae.npz,True,reviewed_kept,1,B,Y,N,模型检出能力不足
train,18_211_205_6_18_jpg.rf.30f3613730a5fcf8a4af6283cc260a6c.jpg,18_211_205_6_18_jpg.rf.30f3613730a5fcf8a4af6283cc260a6c.npz,True,unreviewed_kept,0,,,,
train,18_211_205_7_14_jpg.rf.bfc4c5aae6936727cf650d28611f8976.jpg,18_211_205_7_14_jpg.rf.bfc4c5aae6936727cf650d28611f8976.npz,True,unreviewed_kept,0,,,,
train,18_211_205_7_17_jpg.rf.00d5a20312f795cdd405bcd4386fb4b0.jpg,18_211_205_7_17_jpg.rf.00d5a20312f795cdd405bcd4386fb4b0.npz,True,unreviewed_kept,0,,,,
train,18_211_205_7_18_jpg.rf.56d12253fef0b26cb3fb4ad29ff3da3c.jpg,18_211_205_7_18_jpg.rf.56d12253fef0b26cb3fb4ad29ff3da3c.npz,True,unreviewed_kept,0,,,,
train,18_211_205_7_19_jpg.rf.51d8e02b15fbd147e026b93171203714.jpg,18_211_205_7_19_jpg.rf.51d8e02b15fbd147e026b93171203714.npz,True,unreviewed_kept,0,,,,
train,18_211_205_7_20_jpg.rf.02cca6a95b7f7e8260e6e8b96f6c8dbd.jpg,18_211_205_7_20_jpg.rf.02cca6a95b7f7e8260e6e8b96f6c8dbd.npz,True,unreviewed_kept,0,,,,
train,18_211_206_18_18_jpg.rf.8ba6169d95fd6e40f6f58e161c05883f.jpg,18_211_206_18_18_jpg.rf.8ba6169d95fd6e40f6f58e161c05883f.npz,True,unreviewed_kept,0,,,,
train,18_211_206_19_11_jpg.rf.61de16035a6434b17b79c85cc9d73196.jpg,18_211_206_19_11_jpg.rf.61de16035a6434b17b79c85cc9d73196.npz,True,unreviewed_kept,0,,,,
train,18_211_206_19_4_jpg.rf.48d8197a146898f058f122d72c9f6deb.jpg,18_211_206_19_4_jpg.rf.48d8197a146898f058f122d72c9f6deb.npz,True,unreviewed_kept,0,,,,
train,18_211_206_19_5_jpg.rf.9f0b4bc642f406d86f7352c2f4c8cc82.jpg,18_211_206_19_5_jpg.rf.9f0b4bc642f406d86f7352c2f4c8cc82.npz,True,unreviewed_kept,0,,,,
train,18_211_206_19_6_jpg.rf.8ba02f62e92249f68949427acdc92b74.jpg,18_211_206_19_6_jpg.rf.8ba02f62e92249f68949427acdc92b74.npz,True,unreviewed_kept,0,,,,
train,18_211_206_19_8_jpg.rf.4b56579b4734376865fbd5ab787fb086.jpg,18_211_206_19_8_jpg.rf.4b56579b4734376865fbd5ab787fb086.npz,True,unreviewed_kept,0,,,,
train,18_211_206_20_11_jpg.rf.7e6806662f33d7a38165d298a23aa2d7.jpg,18_211_206_20_11_jpg.rf.7e6806662f33d7a38165d298a23aa2d7.npz,True,unreviewed_kept,0,,,,
train,18_211_206_20_7_jpg.rf.bc4e98f1282ea1a061554db52ddd5f7c.jpg,18_211_206_20_7_jpg.rf.bc4e98f1282ea1a061554db52ddd5f7c.npz,True,unreviewed_kept,0,,,,
train,18_211_Masson_205_110_68_jpg.rf.ecb6f88322792cd9c2cfe06f01e55b44.jpg,18_211_Masson_205_110_68_jpg.rf.ecb6f88322792cd9c2cfe06f01e55b44.npz,True,unreviewed_kept,0,,,,
train,18_211_Masson_205_110_74_jpg.rf.e6246622cdeb66fa674aec104becf622.jpg,18_211_Masson_205_110_74_jpg.rf.e6246622cdeb66fa674aec104becf622.npz,True,unreviewed_kept,0,,,,
train,18_211_Masson_205_111_10_jpg.rf.b949ccac2e631fec0830554faabbe4c6.jpg,18_211_Masson_205_111_10_jpg.rf.b949ccac2e631fec0830554faabbe4c6.npz,True,unreviewed_kept,0,,,,
train,18_211_Masson_205_111_17_jpg.rf.cf4684c8ae56a7ad48e17aaa4c5dd907.jpg,18_211_Masson_205_111_17_jpg.rf.cf4684c8ae56a7ad48e17aaa4c5dd907.npz,True,unreviewed_kept,0,,,,
train,18_211_Masson_205_111_25_jpg.rf.9c7e2123028b1f3a5c4076c114285f7e.jpg,18_211_Masson_205_111_25_jpg.rf.9c7e2123028b1f3a5c4076c114285f7e.npz,True,unreviewed_kept,0,,,,
train,18_211_Masson_205_111_26_jpg.rf.14c063774731129e510be6894e093a26.jpg,18_211_Masson_205_111_26_jpg.rf.14c063774731129e510be6894e093a26.npz,True,unreviewed_kept,0,,,,
train,18_211_Masson_205_111_35_jpg.rf.99ccb032588165835275ec00fb89b1fc.jpg,18_211_Masson_205_111_35_jpg.rf.99ccb032588165835275ec00fb89b1fc.npz,True,unreviewed_kept,0,,,,
train,18_211_Masson_205_111_36_jpg.rf.d62c6e2af96f59e423b0de39c8d8922e.jpg,18_211_Masson_205_111_36_jpg.rf.d62c6e2af96f59e423b0de39c8d8922e.npz,True,unreviewed_kept,0,,,,
train,18_211_Masson_205_111_37_jpg.rf.1696a4e19a6cd3d3cb59c913d332fcab.jpg,18_211_Masson_205_111_37_jpg.rf.1696a4e19a6cd3d3cb59c913d332fcab.npz,True,unreviewed_kept,0,,,,
train,18_211_Masson_205_111_43_jpg.rf.a4ce84dbbe8850d03aa9b768fcd32fe2.jpg,18_211_Masson_205_111_43_jpg.rf.a4ce84dbbe8850d03aa9b768fcd32fe2.npz,True,unreviewed_kept,0,,,,
train,18_211_Masson_205_111_48_jpg.rf.869a7ab1595b323b4187c1ecc37ef028.jpg,18_211_Masson_205_111_48_jpg.rf.869a7ab1595b323b4187c1ecc37ef028.npz,True,unreviewed_kept,0,,,,
train,18_211_Masson_205_111_60_jpg.rf.e782938fcf1c6e1b850e827c57faee01.jpg,18_211_Masson_205_111_60_jpg.rf.e782938fcf1c6e1b850e827c57faee01.npz,True,unreviewed_kept,0,,,,
train,18_211_Masson_205_111_66_jpg.rf.3688dad20af814dc6a6a34b2144dfbb5.jpg,18_211_Masson_205_111_66_jpg.rf.3688dad20af814dc6a6a34b2144dfbb5.npz,True,unreviewed_kept,0,,,,
train,18_211_Masson_205_111_67_jpg.rf.90a7c37c208cd26b5cb0ec842b314c44.jpg,18_211_Masson_205_111_67_jpg.rf.90a7c37c208cd26b5cb0ec842b314c44.npz,True,unreviewed_kept,0,,,,
train,18_211_Masson_205_111_79_jpg.rf.60d26b588cf4ee38d7f2a3c733b0c62b.jpg,18_211_Masson_205_111_79_jpg.rf.60d26b588cf4ee38d7f2a3c733b0c62b.npz,True,unreviewed_kept,0,,,,
train,18_211_Masson_205_111_81_jpg.rf.66558655db5ab1739518efa093dfe8f1.jpg,18_211_Masson_205_111_81_jpg.rf.66558655db5ab1739518efa093dfe8f1.npz,True,unreviewed_kept,0,,,,
train,18_211_Masson_205_38_81_jpg.rf.be379a2dd02c8b9f03c2957f97e4d896.jpg,18_211_Masson_205_38_81_jpg.rf.be379a2dd02c8b9f03c2957f97e4d896.npz,True,unreviewed_kept,0,,,,
train,18_211_Masson_205_38_82_jpg.rf.54a88a3f9de7ef32dee1ccaeb6003d14.jpg,18_211_Masson_205_38_82_jpg.rf.54a88a3f9de7ef32dee1ccaeb6003d14.npz,True,unreviewed_kept,0,,,,
train,18_211_Masson_205_39_48_jpg.rf.9dfeda07792fb3a398cfff451cfc017d.jpg,18_211_Masson_205_39_48_jpg.rf.9dfeda07792fb3a398cfff451cfc017d.npz,True,unreviewed_kept,0,,,,
train,18_211_Masson_205_39_55_jpg.rf.64993600555241b39334475f58d953af.jpg,18_211_Masson_205_39_55_jpg.rf.64993600555241b39334475f58d953af.npz,True,unreviewed_kept,0,,,,
train,18_211_Masson_207_117_41_jpg.rf.3d72c9741490e337cff7c91979bf119d.jpg,18_211_Masson_207_117_41_jpg.rf.3d72c9741490e337cff7c91979bf119d.npz,True,unreviewed_kept,0,,,,
train,18_211_Masson_207_119_31_jpg.rf.d5b3d1c542788ea75abd901678675a64.jpg,18_211_Masson_207_119_31_jpg.rf.d5b3d1c542788ea75abd901678675a64.npz,True,unreviewed_kept,0,,,,
train,18_211_Masson_207_120_52_jpg.rf.75e313fafba313de4710a0b573ae7fe6.jpg,18_211_Masson_207_120_52_jpg.rf.75e313fafba313de4710a0b573ae7fe6.npz,True,unreviewed_kept,0,,,,
train,18_211_Masson_207_122_14_jpg.rf.3b6b4952427f78ebc273539e9e846eb2.jpg,18_211_Masson_207_122_14_jpg.rf.3b6b4952427f78ebc273539e9e846eb2.npz,True,unreviewed_kept,0,,,,
train,18_211_Masson_207_122_26_jpg.rf.5f8f1a3cfd363b9b49ae70c177b3df84.jpg,18_211_Masson_207_122_26_jpg.rf.5f8f1a3cfd363b9b49ae70c177b3df84.npz,True,unreviewed_kept,0,,,,
train,18_211_Masson_207_122_51_jpg.rf.bc23fa0d06d538b6b7db8e205c06e663.jpg,18_211_Masson_207_122_51_jpg.rf.bc23fa0d06d538b6b7db8e205c06e663.npz,True,unreviewed_kept,0,,,,
train,18_211_Masson_207_122_9_jpg.rf.d50e2d6e010eddf5c659e1dfe79c1e35.jpg,18_211_Masson_207_122_9_jpg.rf.d50e2d6e010eddf5c659e1dfe79c1e35.npz,True,unreviewed_kept,0,,,,
train,18_217_210_42_41_jpg.rf.34baa8f176a5821176d0d3f309c7f261.jpg,18_217_210_42_41_jpg.rf.34baa8f176a5821176d0d3f309c7f261.npz,True,unreviewed_kept,0,,,,
train,18_217_211_51_17_jpg.rf.50744490a4a288a6be2698a63690c46a.jpg,18_217_211_51_17_jpg.rf.50744490a4a288a6be2698a63690c46a.npz,True,unreviewed_kept,0,,,,
train,18_217_211_66_6_jpg.rf.0af511e6940a31b9e0a4066c688b500c.jpg,18_217_211_66_6_jpg.rf.0af511e6940a31b9e0a4066c688b500c.npz,True,unreviewed_kept,0,,,,
train,18_217_212_49_11_jpg.rf.d6a06d687f0cadff760d8b5dcd330206.jpg,18_217_212_49_11_jpg.rf.d6a06d687f0cadff760d8b5dcd330206.npz,True,unreviewed_kept,0,,,,
train,18_217_212_49_15_jpg.rf.50f938d0cf150a69a64eb42e2ebcb49a.jpg,18_217_212_49_15_jpg.rf.50f938d0cf150a69a64eb42e2ebcb49a.npz,True,unreviewed_kept,0,,,,
train,18_217_212_49_7_jpg.rf.23981c15099e23c873747b609ae23086.jpg,18_217_212_49_7_jpg.rf.23981c15099e23c873747b609ae23086.npz,True,unreviewed_kept,0,,,,
train,18_217_212_49_9_jpg.rf.72cf88d6447686cbf319107531d86548.jpg,18_217_212_49_9_jpg.rf.72cf88d6447686cbf319107531d86548.npz,True,unreviewed_kept,0,,,,
train,18_217_212_50_14_jpg.rf.0c8defd665e0920dcf6498a81992935b.jpg,18_217_212_50_14_jpg.rf.0c8defd665e0920dcf6498a81992935b.npz,True,unreviewed_kept,0,,,,
train,18_217_212_50_17_jpg.rf.ffa95b8f4742d79ef6ff6f3517dce4ed.jpg,18_217_212_50_17_jpg.rf.ffa95b8f4742d79ef6ff6f3517dce4ed.npz,True,unreviewed_kept,0,,,,
train,18_217_212_50_22_jpg.rf.396b1930d138e16beb5d6af8ccc0f12c.jpg,18_217_212_50_22_jpg.rf.396b1930d138e16beb5d6af8ccc0f12c.npz,True,unreviewed_kept,0,,,,
train,18_217_212_50_23_jpg.rf.742d49bc8068515066ffb55a74a1a37e.jpg,18_217_212_50_23_jpg.rf.742d49bc8068515066ffb55a74a1a37e.npz,True,unreviewed_kept,0,,,,
train,18_217_212_50_25_jpg.rf.e33cd29e9d64f34e9ed96d327ceb232d.jpg,18_217_212_50_25_jpg.rf.e33cd29e9d64f34e9ed96d327ceb232d.npz,True,unreviewed_kept,0,,,,
train,18_217_212_50_8_jpg.rf.d90540a6eb00ad45f4ddbaf8d169c9d9.jpg,18_217_212_50_8_jpg.rf.d90540a6eb00ad45f4ddbaf8d169c9d9.npz,True,unreviewed_kept,0,,,,
train,18_217_212_50_9_jpg.rf.5087b648fc41778b4d6b88029a48570c.jpg,18_217_212_50_9_jpg.rf.5087b648fc41778b4d6b88029a48570c.npz,True,unreviewed_kept,0,,,,
train,18_217_212_51_19_jpg.rf.4c37a96fdfc3fa9cfb9c8c668183c0f8.jpg,18_217_212_51_19_jpg.rf.4c37a96fdfc3fa9cfb9c8c668183c0f8.npz,True,unreviewed_kept,0,,,,
train,18_217_212_51_20_jpg.rf.0a42a5ffb3e26007ecb7c64541c664b6.jpg,18_217_212_51_20_jpg.rf.0a42a5ffb3e26007ecb7c64541c664b6.npz,True,unreviewed_kept,0,,,,
train,18_217_212_51_25_jpg.rf.bd7e9005baead8114a3c5763afd4d22e.jpg,18_217_212_51_25_jpg.rf.bd7e9005baead8114a3c5763afd4d22e.npz,True,unreviewed_kept,0,,,,
train,18_217_212_51_4_jpg.rf.9fc662dc419575aefceeb01aa731bec9.jpg,18_217_212_51_4_jpg.rf.9fc662dc419575aefceeb01aa731bec9.npz,True,unreviewed_kept,0,,,,
train,18_217_212_51_8_jpg.rf.9527827914bb4a559e22c33b01178be7.jpg,18_217_212_51_8_jpg.rf.9527827914bb4a559e22c33b01178be7.npz,True,unreviewed_kept,0,,,,
train,18_217_212_52_22_jpg.rf.b5063f61d84c11903f60356721a6d254.jpg,18_217_212_52_22_jpg.rf.b5063f61d84c11903f60356721a6d254.npz,True,unreviewed_kept,0,,,,
train,18_217_212_52_2_jpg.rf.2571555b167c6194f6cc8eebf7c746c8.jpg,18_217_212_52_2_jpg.rf.2571555b167c6194f6cc8eebf7c746c8.npz,True,unreviewed_kept,0,,,,
train,18_217_212_52_7_jpg.rf.c7510ae6e87688f68847f96807705a5c.jpg,18_217_212_52_7_jpg.rf.c7510ae6e87688f68847f96807705a5c.npz,True,unreviewed_kept,0,,,,
train,18_217_212_53_13_jpg.rf.6d216c468cf2417b3b87b09148407151.jpg,18_217_212_53_13_jpg.rf.6d216c468cf2417b3b87b09148407151.npz,True,unreviewed_kept,0,,,,
train,18_217_212_53_14_jpg.rf.6e5e3af29d16292b82b565e4af8c7ffc.jpg,18_217_212_53_14_jpg.rf.6e5e3af29d16292b82b565e4af8c7ffc.npz,True,unreviewed_kept,0,,,,
train,18_217_212_53_16_jpg.rf.b09e92a88f0ec84091ce8069dd2b2703.jpg,18_217_212_53_16_jpg.rf.b09e92a88f0ec84091ce8069dd2b2703.npz,True,unreviewed_kept,0,,,,
train,18_217_212_53_22_jpg.rf.235506becafa7e605657a1786f379bad.jpg,18_217_212_53_22_jpg.rf.235506becafa7e605657a1786f379bad.npz,True,unreviewed_kept,0,,,,
train,18_217_212_53_7_jpg.rf.0b5972537dd4e9800e9ddd5d585f11cb.jpg,18_217_212_53_7_jpg.rf.0b5972537dd4e9800e9ddd5d585f11cb.npz,True,unreviewed_kept,0,,,,
train,18_217_212_54_10_jpg.rf.f8b5c7925c12a49073a47abc219ad9ab.jpg,18_217_212_54_10_jpg.rf.f8b5c7925c12a49073a47abc219ad9ab.npz,True,unreviewed_kept,0,,,,
train,18_217_212_54_11_jpg.rf.8e81a11c4f5fe8adf2ff83bfa95965f7.jpg,18_217_212_54_11_jpg.rf.8e81a11c4f5fe8adf2ff83bfa95965f7.npz,True,unreviewed_kept,0,,,,
train,18_217_212_54_18_jpg.rf.fcf60f06f597c55e4cc93157e970d8ec.jpg,18_217_212_54_18_jpg.rf.fcf60f06f597c55e4cc93157e970d8ec.npz,True,unreviewed_kept,0,,,,
train,18_217_212_54_21_jpg.rf.7e91a8ffd9e99d0687a8b8fe97c693db.jpg,18_217_212_54_21_jpg.rf.7e91a8ffd9e99d0687a8b8fe97c693db.npz,True,unreviewed_kept,0,,,,
train,18_217_212_54_2_jpg.rf.c547aca4c7ab59d4f27888d3371bc2c6.jpg,18_217_212_54_2_jpg.rf.c547aca4c7ab59d4f27888d3371bc2c6.npz,True,unreviewed_kept,0,,,,
train,18_217_212_55_12_jpg.rf.7ca793a798937f8a4b1a89be276a33c1.jpg,18_217_212_55_12_jpg.rf.7ca793a798937f8a4b1a89be276a33c1.npz,True,unreviewed_kept,0,,,,
train,18_217_212_55_14_jpg.rf.1ccdf4e838c2f0e0bdc782e95444f0dd.jpg,18_217_212_55_14_jpg.rf.1ccdf4e838c2f0e0bdc782e95444f0dd.npz,True,unreviewed_kept,0,,,,
train,18_217_212_55_17_jpg.rf.9517b2f8383bb9cdb03a064f44cdedff.jpg,18_217_212_55_17_jpg.rf.9517b2f8383bb9cdb03a064f44cdedff.npz,True,unreviewed_kept,0,,,,
train,18_217_212_55_19_jpg.rf.96e5681803c6bf72b0f48c83e59b8be8.jpg,18_217_212_55_19_jpg.rf.96e5681803c6bf72b0f48c83e59b8be8.npz,True,unreviewed_kept,0,,,,
train,18_217_212_55_20_jpg.rf.6e882e8e68743c1abff0e03f246aa06c.jpg,18_217_212_55_20_jpg.rf.6e882e8e68743c1abff0e03f246aa06c.npz,True,unreviewed_kept,0,,,,
train,18_217_212_55_2_jpg.rf.429e1a907d4fd09b0516c0cf959f6785.jpg,18_217_212_55_2_jpg.rf.429e1a907d4fd09b0516c0cf959f6785.npz,False,excluded_label_problem,2,A,N,Y,炎症区域不典型
train,18_217_212_55_7_jpg.rf.2d703bc1743807607fa3256a6d96a3eb.jpg,18_217_212_55_7_jpg.rf.2d703bc1743807607fa3256a6d96a3eb.npz,True,unreviewed_kept,0,,,,
train,18_217_212_56_10_jpg.rf.116155b12bc0609ddc0558a19b44c690.jpg,18_217_212_56_10_jpg.rf.116155b12bc0609ddc0558a19b44c690.npz,True,unreviewed_kept,0,,,,
train,18_217_212_56_13_jpg.rf.f4fd9a1248e39b755571e68b2625d68a.jpg,18_217_212_56_13_jpg.rf.f4fd9a1248e39b755571e68b2625d68a.npz,True,unreviewed_kept,0,,,,
train,18_217_212_56_16_jpg.rf.7d0b983b3c33b900711b51d0801a7a83.jpg,18_217_212_56_16_jpg.rf.7d0b983b3c33b900711b51d0801a7a83.npz,True,unreviewed_kept,0,,,,
train,18_217_212_56_17_jpg.rf.60f9a5614770bd266db014d505c02fdc.jpg,18_217_212_56_17_jpg.rf.60f9a5614770bd266db014d505c02fdc.npz,True,unreviewed_kept,0,,,,
train,18_217_212_56_6_jpg.rf.fb9e0c89f731a9a5c127cfc580568e8b.jpg,18_217_212_56_6_jpg.rf.fb9e0c89f731a9a5c127cfc580568e8b.npz,True,unreviewed_kept,0,,,,
train,18_217_212_57_2_jpg.rf.9b88024bcd670b06c74fcc5fb0016001.jpg,18_217_212_57_2_jpg.rf.9b88024bcd670b06c74fcc5fb0016001.npz,True,unreviewed_kept,0,,,,
train,18_217_212_57_3_jpg.rf.f016c189785df804cf393f4ff871a710.jpg,18_217_212_57_3_jpg.rf.f016c189785df804cf393f4ff871a710.npz,True,unreviewed_kept,0,,,,
train,18_217_213_22_13_jpg.rf.d7a8042fddd074db00a97604b1245473.jpg,18_217_213_22_13_jpg.rf.d7a8042fddd074db00a97604b1245473.npz,True,unreviewed_kept,0,,,,
train,18_217_216_68_33_jpg.rf.5ab8a575acbad6092dc4f47a6a71632d.jpg,18_217_216_68_33_jpg.rf.5ab8a575acbad6092dc4f47a6a71632d.npz,True,unreviewed_kept,0,,,,
train,18_217_217_33_31_jpg.rf.897d745680d17c877505e6e60131de39.jpg,18_217_217_33_31_jpg.rf.897d745680d17c877505e6e60131de39.npz,True,unreviewed_kept,0,,,,
train,18_217_217_42_26_jpg.rf.9d9cb2d5af45d576a78fff346a985207.jpg,18_217_217_42_26_jpg.rf.9d9cb2d5af45d576a78fff346a985207.npz,True,unreviewed_kept,0,,,,
train,18_217_217_42_28_jpg.rf.dcfe93ddc8e458c34b2a17c7b1d29d9a.jpg,18_217_217_42_28_jpg.rf.dcfe93ddc8e458c34b2a17c7b1d29d9a.npz,True,unreviewed_kept,0,,,,
train,18_217_217_42_33_jpg.rf.5583ecc652e17faa6f065eb0fa17519e.jpg,18_217_217_42_33_jpg.rf.5583ecc652e17faa6f065eb0fa17519e.npz,True,unreviewed_kept,0,,,,
train,18_217_217_42_34_jpg.rf.7faa206deec00698e52db5ad9a2a8058.jpg,18_217_217_42_34_jpg.rf.7faa206deec00698e52db5ad9a2a8058.npz,True,unreviewed_kept,0,,,,
train,18_217_217_43_16_jpg.rf.fd08f262d2fa51e760b6788a46f1a536.jpg,18_217_217_43_16_jpg.rf.fd08f262d2fa51e760b6788a46f1a536.npz,True,unreviewed_kept,0,,,,
train,18_217_217_43_17_jpg.rf.33aa90795fb7c06e5a5e41d06ce5962f.jpg,18_217_217_43_17_jpg.rf.33aa90795fb7c06e5a5e41d06ce5962f.npz,True,unreviewed_kept,0,,,,
train,18_217_217_43_18_jpg.rf.27f5a64243e5841b4e14f11d50a1eeb1.jpg,18_217_217_43_18_jpg.rf.27f5a64243e5841b4e14f11d50a1eeb1.npz,True,unreviewed_kept,0,,,,
train,18_217_217_43_19_jpg.rf.e157e7fa2e8ef826a94d9076ceb36583.jpg,18_217_217_43_19_jpg.rf.e157e7fa2e8ef826a94d9076ceb36583.npz,True,unreviewed_kept,0,,,,
train,18_217_217_43_20_jpg.rf.40d93937e9236e39cb9326dc6907364d.jpg,18_217_217_43_20_jpg.rf.40d93937e9236e39cb9326dc6907364d.npz,True,unreviewed_kept,0,,,,
train,18_217_217_43_23_jpg.rf.f3c7995cfedae35dee2b5942c66c81b6.jpg,18_217_217_43_23_jpg.rf.f3c7995cfedae35dee2b5942c66c81b6.npz,True,unreviewed_kept,0,,,,
train,18_217_217_43_35_jpg.rf.fb74b0c2541c6ef1cc031ea84ea1b2c6.jpg,18_217_217_43_35_jpg.rf.fb74b0c2541c6ef1cc031ea84ea1b2c6.npz,True,unreviewed_kept,0,,,,
train,18_217_217_44_10_jpg.rf.664cfa298b34928b27d7c5ebf341055c.jpg,18_217_217_44_10_jpg.rf.664cfa298b34928b27d7c5ebf341055c.npz,True,unreviewed_kept,0,,,,
train,18_217_217_44_11_jpg.rf.82ad531a029ff0e9457bcaeb0ce085bb.jpg,18_217_217_44_11_jpg.rf.82ad531a029ff0e9457bcaeb0ce085bb.npz,True,unreviewed_kept,0,,,,
train,18_217_217_44_15_jpg.rf.d276b309863d659055eccac9faab25e1.jpg,18_217_217_44_15_jpg.rf.d276b309863d659055eccac9faab25e1.npz,True,unreviewed_kept,0,,,,
train,18_217_217_44_16_jpg.rf.1db17e2b5bafcc20c4a929245b649b92.jpg,18_217_217_44_16_jpg.rf.1db17e2b5bafcc20c4a929245b649b92.npz,True,unreviewed_kept,0,,,,
train,18_217_217_44_17_jpg.rf.7500cdf80f6579836dcd36b8b93f867f.jpg,18_217_217_44_17_jpg.rf.7500cdf80f6579836dcd36b8b93f867f.npz,True,unreviewed_kept,0,,,,
train,18_217_217_44_20_jpg.rf.de5a2ce54f254dad6022d418d9c6275a.jpg,18_217_217_44_20_jpg.rf.de5a2ce54f254dad6022d418d9c6275a.npz,True,unreviewed_kept,0,,,,
train,18_217_217_44_21_jpg.rf.8f1835a7b7ef353367fa013f00280d0c.jpg,18_217_217_44_21_jpg.rf.8f1835a7b7ef353367fa013f00280d0c.npz,True,unreviewed_kept,0,,,,
train,18_217_217_44_24_jpg.rf.61b0407dd8e62f56cb0eb74723888988.jpg,18_217_217_44_24_jpg.rf.61b0407dd8e62f56cb0eb74723888988.npz,True,unreviewed_kept,0,,,,
train,18_217_217_44_25_jpg.rf.d483031aa2528d923328c024ed1c65e7.jpg,18_217_217_44_25_jpg.rf.d483031aa2528d923328c024ed1c65e7.npz,True,unreviewed_kept,0,,,,
train,18_217_217_44_31_jpg.rf.e2b81c5438da1b648583885fabcf29cd.jpg,18_217_217_44_31_jpg.rf.e2b81c5438da1b648583885fabcf29cd.npz,True,unreviewed_kept,0,,,,
train,18_217_217_44_33_jpg.rf.8b12d30b58ccd956be0415e9675ff3a4.jpg,18_217_217_44_33_jpg.rf.8b12d30b58ccd956be0415e9675ff3a4.npz,True,unreviewed_kept,0,,,,
train,18_217_217_45_11_jpg.rf.f1352555c431f823ac5d3cb2c3e8d06d.jpg,18_217_217_45_11_jpg.rf.f1352555c431f823ac5d3cb2c3e8d06d.npz,True,unreviewed_kept,0,,,,
train,18_217_217_45_13_jpg.rf.e35b2e71b246eb7c77b90a4e98baa4b5.jpg,18_217_217_45_13_jpg.rf.e35b2e71b246eb7c77b90a4e98baa4b5.npz,True,unreviewed_kept,0,,,,
train,18_217_217_45_14_jpg.rf.557274afa3caf13c3f2c96f28d0898aa.jpg,18_217_217_45_14_jpg.rf.557274afa3caf13c3f2c96f28d0898aa.npz,True,unreviewed_kept,0,,,,
train,18_217_217_45_15_jpg.rf.153801c4863664815af9c748fce8f527.jpg,18_217_217_45_15_jpg.rf.153801c4863664815af9c748fce8f527.npz,True,unreviewed_kept,0,,,,
train,18_217_217_45_17_jpg.rf.a8ec2a0e732332104aa0bbce2bc9bf7c.jpg,18_217_217_45_17_jpg.rf.a8ec2a0e732332104aa0bbce2bc9bf7c.npz,True,unreviewed_kept,0,,,,
train,18_217_217_45_28_jpg.rf.34111e51c3d5bc7861419e300144a177.jpg,18_217_217_45_28_jpg.rf.34111e51c3d5bc7861419e300144a177.npz,True,unreviewed_kept,0,,,,
train,18_217_217_45_29_jpg.rf.6b5abd81b6c9fa3df9f39bf1be3e6796.jpg,18_217_217_45_29_jpg.rf.6b5abd81b6c9fa3df9f39bf1be3e6796.npz,True,unreviewed_kept,0,,,,
train,18_217_217_45_31_jpg.rf.d0df46ff73218b7fcab90c54682f896c.jpg,18_217_217_45_31_jpg.rf.d0df46ff73218b7fcab90c54682f896c.npz,True,unreviewed_kept,0,,,,
train,18_217_217_45_33_jpg.rf.b4b58e282e2271ed05c68d065a97c1d1.jpg,18_217_217_45_33_jpg.rf.b4b58e282e2271ed05c68d065a97c1d1.npz,True,unreviewed_kept,0,,,,
train,18_217_217_45_35_jpg.rf.4d01bf68912fc49bc10a839668c08b36.jpg,18_217_217_45_35_jpg.rf.4d01bf68912fc49bc10a839668c08b36.npz,True,unreviewed_kept,0,,,,
train,18_217_217_45_8_jpg.rf.7f39d6128717dbee89ce10f2b430e666.jpg,18_217_217_45_8_jpg.rf.7f39d6128717dbee89ce10f2b430e666.npz,True,unreviewed_kept,0,,,,
train,18_217_217_46_12_jpg.rf.2d5f684f39fc9370031f4dd96de45f80.jpg,18_217_217_46_12_jpg.rf.2d5f684f39fc9370031f4dd96de45f80.npz,True,unreviewed_kept,0,,,,
train,18_217_217_46_17_jpg.rf.12ae2dadce3d303259397faf6756ed23.jpg,18_217_217_46_17_jpg.rf.12ae2dadce3d303259397faf6756ed23.npz,True,unreviewed_kept,0,,,,
train,18_217_217_46_20_jpg.rf.29837a9850f09059eb1c08e8ca2541de.jpg,18_217_217_46_20_jpg.rf.29837a9850f09059eb1c08e8ca2541de.npz,True,unreviewed_kept,0,,,,
train,18_217_217_46_23_jpg.rf.038f2603d0aeeda5e530c49d3002f02d.jpg,18_217_217_46_23_jpg.rf.038f2603d0aeeda5e530c49d3002f02d.npz,True,unreviewed_kept,0,,,,
train,18_217_217_46_24_jpg.rf.ebfde498e67f8beaac62de4ed5b86992.jpg,18_217_217_46_24_jpg.rf.ebfde498e67f8beaac62de4ed5b86992.npz,True,unreviewed_kept,0,,,,
train,18_217_217_46_25_jpg.rf.44eb44f9a37d4a0e5a2a0f1c53f1e442.jpg,18_217_217_46_25_jpg.rf.44eb44f9a37d4a0e5a2a0f1c53f1e442.npz,True,unreviewed_kept,0,,,,
train,18_217_217_46_28_jpg.rf.e62c55882d9a20df8a9aab6baa5015b7.jpg,18_217_217_46_28_jpg.rf.e62c55882d9a20df8a9aab6baa5015b7.npz,True,unreviewed_kept,0,,,,
train,18_217_217_46_30_jpg.rf.1d238f038314b4f7d6aa25f763f689c4.jpg,18_217_217_46_30_jpg.rf.1d238f038314b4f7d6aa25f763f689c4.npz,True,unreviewed_kept,0,,,,
train,18_217_217_46_31_jpg.rf.d85147337118514ec6f4951832220e65.jpg,18_217_217_46_31_jpg.rf.d85147337118514ec6f4951832220e65.npz,True,unreviewed_kept,0,,,,
train,18_217_217_46_34_jpg.rf.10e820b686fa28bce060922527b76669.jpg,18_217_217_46_34_jpg.rf.10e820b686fa28bce060922527b76669.npz,True,unreviewed_kept,0,,,,
train,18_217_217_46_6_jpg.rf.1217298f60a0f62b9eaf3498b6f8b3b1.jpg,18_217_217_46_6_jpg.rf.1217298f60a0f62b9eaf3498b6f8b3b1.npz,True,unreviewed_kept,0,,,,
train,18_217_217_46_9_jpg.rf.ea7010c434699d50ebb1e66377d229ed.jpg,18_217_217_46_9_jpg.rf.ea7010c434699d50ebb1e66377d229ed.npz,True,unreviewed_kept,0,,,,
train,18_217_217_47_13_jpg.rf.9f6c878a41b103e62a7f23006c3f0432.jpg,18_217_217_47_13_jpg.rf.9f6c878a41b103e62a7f23006c3f0432.npz,True,unreviewed_kept,0,,,,
train,18_217_217_47_17_jpg.rf.2881fbd82aff147618007b588440d6ae.jpg,18_217_217_47_17_jpg.rf.2881fbd82aff147618007b588440d6ae.npz,True,unreviewed_kept,0,,,,
train,18_217_217_47_20_jpg.rf.471dad52bd9ff36c9ef4c754e0a0e10e.jpg,18_217_217_47_20_jpg.rf.471dad52bd9ff36c9ef4c754e0a0e10e.npz,True,unreviewed_kept,0,,,,
train,18_217_217_47_23_jpg.rf.23fce6cc1045bd52da7cf1531726bca1.jpg,18_217_217_47_23_jpg.rf.23fce6cc1045bd52da7cf1531726bca1.npz,True,unreviewed_kept,0,,,,
train,18_217_217_47_25_jpg.rf.e5981a0c96c70ed95a97e489345fef67.jpg,18_217_217_47_25_jpg.rf.e5981a0c96c70ed95a97e489345fef67.npz,True,unreviewed_kept,0,,,,
train,18_217_217_47_26_jpg.rf.175bfd679ae6caad167f93b88f883c03.jpg,18_217_217_47_26_jpg.rf.175bfd679ae6caad167f93b88f883c03.npz,True,unreviewed_kept,0,,,,
train,18_217_217_47_31_jpg.rf.0b16e2861830d7f19972ef1b7e527d43.jpg,18_217_217_47_31_jpg.rf.0b16e2861830d7f19972ef1b7e527d43.npz,True,unreviewed_kept,0,,,,
train,18_217_217_47_34_jpg.rf.81c4d989b9dabc93a3c849669d84a703.jpg,18_217_217_47_34_jpg.rf.81c4d989b9dabc93a3c849669d84a703.npz,True,unreviewed_kept,0,,,,
train,18_217_217_47_7_jpg.rf.249f19ab7267c79a57aa657c16a4e226.jpg,18_217_217_47_7_jpg.rf.249f19ab7267c79a57aa657c16a4e226.npz,True,unreviewed_kept,0,,,,
train,18_217_217_47_8_jpg.rf.c26b7ad251bf7794e1e6cab637d5c30e.jpg,18_217_217_47_8_jpg.rf.c26b7ad251bf7794e1e6cab637d5c30e.npz,True,unreviewed_kept,0,,,,
train,18_217_217_47_9_jpg.rf.2d7f56614b89dfc568a9a3abf835cffb.jpg,18_217_217_47_9_jpg.rf.2d7f56614b89dfc568a9a3abf835cffb.npz,True,unreviewed_kept,0,,,,
train,18_217_217_48_11_jpg.rf.0598bd0b87e483f65dea32e49eb11288.jpg,18_217_217_48_11_jpg.rf.0598bd0b87e483f65dea32e49eb11288.npz,True,unreviewed_kept,0,,,,
train,18_217_217_48_13_jpg.rf.1b399c4da18e84cc2d6df554c1c6c8a7.jpg,18_217_217_48_13_jpg.rf.1b399c4da18e84cc2d6df554c1c6c8a7.npz,True,unreviewed_kept,0,,,,
train,18_217_217_48_14_jpg.rf.72f98395823c4e9dc5233ab8b78e8d10.jpg,18_217_217_48_14_jpg.rf.72f98395823c4e9dc5233ab8b78e8d10.npz,True,unreviewed_kept,0,,,,
train,18_217_217_48_18_jpg.rf.c78dfd4511583a01c8ebd35de988734f.jpg,18_217_217_48_18_jpg.rf.c78dfd4511583a01c8ebd35de988734f.npz,True,unreviewed_kept,0,,,,
train,18_217_217_48_19_jpg.rf.cd9969769c588274ce11669d396d956a.jpg,18_217_217_48_19_jpg.rf.cd9969769c588274ce11669d396d956a.npz,True,unreviewed_kept,0,,,,
train,18_217_217_48_24_jpg.rf.06cb89538f28a803cd603b58b106c089.jpg,18_217_217_48_24_jpg.rf.06cb89538f28a803cd603b58b106c089.npz,True,unreviewed_kept,0,,,,
train,18_217_217_48_26_jpg.rf.0599d567bc4b9f172aeb4e3a03a7b2cf.jpg,18_217_217_48_26_jpg.rf.0599d567bc4b9f172aeb4e3a03a7b2cf.npz,True,unreviewed_kept,0,,,,
train,18_217_217_48_31_jpg.rf.e482ffa68c220497d3e8614e59b765ff.jpg,18_217_217_48_31_jpg.rf.e482ffa68c220497d3e8614e59b765ff.npz,True,unreviewed_kept,0,,,,
train,18_217_217_48_33_jpg.rf.48bfff07967a879fbb98100666ea34a9.jpg,18_217_217_48_33_jpg.rf.48bfff07967a879fbb98100666ea34a9.npz,True,unreviewed_kept,0,,,,
train,18_217_217_48_34_jpg.rf.fe4fbc1ecfc5c5025ed76796b9bcc593.jpg,18_217_217_48_34_jpg.rf.fe4fbc1ecfc5c5025ed76796b9bcc593.npz,True,unreviewed_kept,0,,,,
train,18_217_217_49_12_jpg.rf.52b9dc2b4318f72339d5c9b848358606.jpg,18_217_217_49_12_jpg.rf.52b9dc2b4318f72339d5c9b848358606.npz,True,unreviewed_kept,0,,,,
train,18_217_217_49_17_jpg.rf.c852de57907d4526262a53dea8427203.jpg,18_217_217_49_17_jpg.rf.c852de57907d4526262a53dea8427203.npz,True,unreviewed_kept,0,,,,
train,18_217_217_49_19_jpg.rf.21dc7f19e10b24248d41ac54dc8e8241.jpg,18_217_217_49_19_jpg.rf.21dc7f19e10b24248d41ac54dc8e8241.npz,True,unreviewed_kept,0,,,,
train,18_217_217_49_23_jpg.rf.e2ecc181c7f6db19cb08399173a32e8b.jpg,18_217_217_49_23_jpg.rf.e2ecc181c7f6db19cb08399173a32e8b.npz,True,unreviewed_kept,0,,,,
train,18_217_217_49_24_jpg.rf.352ee307cc10d079e2f9bd4ff1a42880.jpg,18_217_217_49_24_jpg.rf.352ee307cc10d079e2f9bd4ff1a42880.npz,True,unreviewed_kept,0,,,,
train,18_217_217_49_26_jpg.rf.49832cfacc31b4d94833a159ab0946e9.jpg,18_217_217_49_26_jpg.rf.49832cfacc31b4d94833a159ab0946e9.npz,True,unreviewed_kept,0,,,,
train,18_217_217_49_29_jpg.rf.1b7a4841c9de72873bd9d6ab5360c34d.jpg,18_217_217_49_29_jpg.rf.1b7a4841c9de72873bd9d6ab5360c34d.npz,True,unreviewed_kept,0,,,,
train,18_217_217_49_30_jpg.rf.873c6fbe0ba6b04495027956ddf9fd6b.jpg,18_217_217_49_30_jpg.rf.873c6fbe0ba6b04495027956ddf9fd6b.npz,True,unreviewed_kept,0,,,,
train,18_217_217_49_32_jpg.rf.5a88b3dd4c591e4a393db5de71f6ab38.jpg,18_217_217_49_32_jpg.rf.5a88b3dd4c591e4a393db5de71f6ab38.npz,True,unreviewed_kept,0,,,,
train,18_217_217_49_33_jpg.rf.d0cb0a1661f223984f003f5090c3360d.jpg,18_217_217_49_33_jpg.rf.d0cb0a1661f223984f003f5090c3360d.npz,True,unreviewed_kept,0,,,,
train,18_217_217_49_34_jpg.rf.d3b8e6ee1e1747695387d888b139d94a.jpg,18_217_217_49_34_jpg.rf.d3b8e6ee1e1747695387d888b139d94a.npz,True,unreviewed_kept,0,,,,
train,18_217_217_49_6_jpg.rf.050428e6e5fb6e11fa2c41f2a022e120.jpg,18_217_217_49_6_jpg.rf.050428e6e5fb6e11fa2c41f2a022e120.npz,True,unreviewed_kept,0,,,,
train,18_217_217_49_7_jpg.rf.4bbd5ee8a7b4dce0ad06e89f7cea95d3.jpg,18_217_217_49_7_jpg.rf.4bbd5ee8a7b4dce0ad06e89f7cea95d3.npz,True,unreviewed_kept,0,,,,
train,18_217_217_49_8_jpg.rf.f72d4f80929741535af307c9065a5e72.jpg,18_217_217_49_8_jpg.rf.f72d4f80929741535af307c9065a5e72.npz,True,unreviewed_kept,0,,,,
train,18_217_217_49_9_jpg.rf.d0a5df747168ea4406fbb44440743166.jpg,18_217_217_49_9_jpg.rf.d0a5df747168ea4406fbb44440743166.npz,True,unreviewed_kept,0,,,,
train,18_217_217_50_18_jpg.rf.dc8307d3fb7cda292e2052c4a2f7e5d8.jpg,18_217_217_50_18_jpg.rf.dc8307d3fb7cda292e2052c4a2f7e5d8.npz,True,unreviewed_kept,0,,,,
train,18_217_217_50_19_jpg.rf.b22f6a9d0436666fe48b572e417ddcd3.jpg,18_217_217_50_19_jpg.rf.b22f6a9d0436666fe48b572e417ddcd3.npz,True,unreviewed_kept,0,,,,
train,18_217_217_50_23_jpg.rf.a0f1c38439154b384257eceaa8f85932.jpg,18_217_217_50_23_jpg.rf.a0f1c38439154b384257eceaa8f85932.npz,True,unreviewed_kept,0,,,,
train,18_217_217_50_24_jpg.rf.92537f200e4af6478e2cdebae66db512.jpg,18_217_217_50_24_jpg.rf.92537f200e4af6478e2cdebae66db512.npz,True,unreviewed_kept,0,,,,
train,18_217_217_50_30_jpg.rf.96f25e890e5d8cff12e0795728f7ac28.jpg,18_217_217_50_30_jpg.rf.96f25e890e5d8cff12e0795728f7ac28.npz,True,unreviewed_kept,0,,,,
train,18_217_217_50_31_jpg.rf.34d2ce2b71110fff003c3089d666f188.jpg,18_217_217_50_31_jpg.rf.34d2ce2b71110fff003c3089d666f188.npz,True,unreviewed_kept,0,,,,
train,18_217_217_50_5_jpg.rf.835bb664e1f1b7d7cbec8fa9b2d3e1e9.jpg,18_217_217_50_5_jpg.rf.835bb664e1f1b7d7cbec8fa9b2d3e1e9.npz,True,unreviewed_kept,0,,,,
train,18_217_217_50_6_jpg.rf.950b8de4c3a353350d807eeb5aab3c0c.jpg,18_217_217_50_6_jpg.rf.950b8de4c3a353350d807eeb5aab3c0c.npz,True,unreviewed_kept,0,,,,
train,18_217_217_50_8_jpg.rf.551712c3015c7b8f41c4e4cc8733bde3.jpg,18_217_217_50_8_jpg.rf.551712c3015c7b8f41c4e4cc8733bde3.npz,True,unreviewed_kept,0,,,,
train,18_217_217_50_9_jpg.rf.570339a1165a3d65830affdad401c08a.jpg,18_217_217_50_9_jpg.rf.570339a1165a3d65830affdad401c08a.npz,True,unreviewed_kept,0,,,,
train,18_217_217_51_10_jpg.rf.3110a149c8c02d9c81aa967d480e966d.jpg,18_217_217_51_10_jpg.rf.3110a149c8c02d9c81aa967d480e966d.npz,True,unreviewed_kept,0,,,,
train,18_217_217_51_12_jpg.rf.dcf35d772a2dd1d55f16b65d8c2707e8.jpg,18_217_217_51_12_jpg.rf.dcf35d772a2dd1d55f16b65d8c2707e8.npz,True,unreviewed_kept,0,,,,
train,18_217_217_51_15_jpg.rf.aead17df5e7bf8e7075e0da3818b0e63.jpg,18_217_217_51_15_jpg.rf.aead17df5e7bf8e7075e0da3818b0e63.npz,True,unreviewed_kept,0,,,,
train,18_217_217_51_18_jpg.rf.9bbe051b5e7d79e35d71342a9572b896.jpg,18_217_217_51_18_jpg.rf.9bbe051b5e7d79e35d71342a9572b896.npz,True,unreviewed_kept,0,,,,
train,18_217_217_51_21_jpg.rf.40a49efb66208bc03302ae81553e38f4.jpg,18_217_217_51_21_jpg.rf.40a49efb66208bc03302ae81553e38f4.npz,True,unreviewed_kept,0,,,,
train,18_217_217_51_22_jpg.rf.9261df9b727cb7f5222f0cd2639255bb.jpg,18_217_217_51_22_jpg.rf.9261df9b727cb7f5222f0cd2639255bb.npz,True,unreviewed_kept,0,,,,
train,18_217_217_51_23_jpg.rf.650345d568a3fb5dd8812323681a0b9c.jpg,18_217_217_51_23_jpg.rf.650345d568a3fb5dd8812323681a0b9c.npz,True,unreviewed_kept,0,,,,
train,18_217_217_51_25_jpg.rf.c5535efb9baa42c61a5aba7f25890ca9.jpg,18_217_217_51_25_jpg.rf.c5535efb9baa42c61a5aba7f25890ca9.npz,True,unreviewed_kept,0,,,,
train,18_217_217_51_28_jpg.rf.5b7fbe55b5f60199f5aa4564eff4f18e.jpg,18_217_217_51_28_jpg.rf.5b7fbe55b5f60199f5aa4564eff4f18e.npz,True,unreviewed_kept,0,,,,
train,18_217_217_51_6_jpg.rf.cbf35fe70230dbd98b899f57b71253c0.jpg,18_217_217_51_6_jpg.rf.cbf35fe70230dbd98b899f57b71253c0.npz,False,excluded_label_problem,3,A,N,Y,炎症不典型
train,18_217_217_51_8_jpg.rf.546713438145878d4c13b8db95eac253.jpg,18_217_217_51_8_jpg.rf.546713438145878d4c13b8db95eac253.npz,True,unreviewed_kept,0,,,,
train,18_217_217_52_10_jpg.rf.6f2f6f1369da5be6084e1a94d71af27b.jpg,18_217_217_52_10_jpg.rf.6f2f6f1369da5be6084e1a94d71af27b.npz,True,unreviewed_kept,0,,,,
train,18_217_217_52_11_jpg.rf.05ce2d239c995b6fd6c72318cfd6b9d6.jpg,18_217_217_52_11_jpg.rf.05ce2d239c995b6fd6c72318cfd6b9d6.npz,True,unreviewed_kept,0,,,,
train,18_217_217_52_16_jpg.rf.92c46783a300f8a90391ab9b6a257224.jpg,18_217_217_52_16_jpg.rf.92c46783a300f8a90391ab9b6a257224.npz,True,unreviewed_kept,0,,,,
train,18_217_217_52_18_jpg.rf.b8d319b5a8f32855dc903a8ee4452dbe.jpg,18_217_217_52_18_jpg.rf.b8d319b5a8f32855dc903a8ee4452dbe.npz,True,unreviewed_kept,0,,,,
train,18_217_217_52_20_jpg.rf.a67014c0b4ab0b00d394482ef02f1419.jpg,18_217_217_52_20_jpg.rf.a67014c0b4ab0b00d394482ef02f1419.npz,True,unreviewed_kept,0,,,,
train,18_217_217_52_21_jpg.rf.e687d9a0ac24f65dd6607eae1c9aacf9.jpg,18_217_217_52_21_jpg.rf.e687d9a0ac24f65dd6607eae1c9aacf9.npz,True,unreviewed_kept,0,,,,
train,18_217_217_52_27_jpg.rf.856911820238dc7f347dcdbacf5051b1.jpg,18_217_217_52_27_jpg.rf.856911820238dc7f347dcdbacf5051b1.npz,True,unreviewed_kept,0,,,,
train,18_217_217_52_28_jpg.rf.1ce674dffd00bae84746d3d3695d49e5.jpg,18_217_217_52_28_jpg.rf.1ce674dffd00bae84746d3d3695d49e5.npz,True,unreviewed_kept,0,,,,
train,18_217_217_52_29_jpg.rf.6b7ce35a089ba7199c9d8b5b34a2cff5.jpg,18_217_217_52_29_jpg.rf.6b7ce35a089ba7199c9d8b5b34a2cff5.npz,True,unreviewed_kept,0,,,,
train,18_217_217_52_30_jpg.rf.abcad7b9a5f0df70e3f27b887023230c.jpg,18_217_217_52_30_jpg.rf.abcad7b9a5f0df70e3f27b887023230c.npz,True,unreviewed_kept,0,,,,
train,18_217_217_52_6_jpg.rf.6fdfdbf4eb9c6df6fa401c4c870fd886.jpg,18_217_217_52_6_jpg.rf.6fdfdbf4eb9c6df6fa401c4c870fd886.npz,True,unreviewed_kept,0,,,,
train,18_217_217_52_8_jpg.rf.eac27fc47f6609b60854801b31a0d64e.jpg,18_217_217_52_8_jpg.rf.eac27fc47f6609b60854801b31a0d64e.npz,True,unreviewed_kept,0,,,,
train,18_217_217_52_9_jpg.rf.1f7b9d6398cfca6881aa0c61cb8f9b33.jpg,18_217_217_52_9_jpg.rf.1f7b9d6398cfca6881aa0c61cb8f9b33.npz,True,unreviewed_kept,0,,,,
train,18_217_217_53_11_jpg.rf.c8e93653216c590d3d4323b0a2533fb4.jpg,18_217_217_53_11_jpg.rf.c8e93653216c590d3d4323b0a2533fb4.npz,True,unreviewed_kept,0,,,,
train,18_217_217_53_12_jpg.rf.3e4909afffabf78922a41264d2c9a7ce.jpg,18_217_217_53_12_jpg.rf.3e4909afffabf78922a41264d2c9a7ce.npz,True,unreviewed_kept,0,,,,
train,18_217_217_53_15_jpg.rf.c1e3250457e6e89f20116adea3cf5a82.jpg,18_217_217_53_15_jpg.rf.c1e3250457e6e89f20116adea3cf5a82.npz,True,unreviewed_kept,0,,,,
train,18_217_217_53_17_jpg.rf.116c8b12e1e840e42f446a4d079c4284.jpg,18_217_217_53_17_jpg.rf.116c8b12e1e840e42f446a4d079c4284.npz,True,unreviewed_kept,0,,,,
train,18_217_217_53_19_jpg.rf.8e93f4fe98567006a5b49948150b2d9c.jpg,18_217_217_53_19_jpg.rf.8e93f4fe98567006a5b49948150b2d9c.npz,True,unreviewed_kept,0,,,,
train,18_217_217_53_24_jpg.rf.0b6a240f3c80fd33da4cb931ec275e11.jpg,18_217_217_53_24_jpg.rf.0b6a240f3c80fd33da4cb931ec275e11.npz,True,unreviewed_kept,0,,,,
train,18_217_217_53_25_jpg.rf.ac9fed9c6cf459afd1d6400b176081a7.jpg,18_217_217_53_25_jpg.rf.ac9fed9c6cf459afd1d6400b176081a7.npz,True,unreviewed_kept,0,,,,
train,18_217_217_53_26_jpg.rf.3dbfc377350852922d4663c10ce85777.jpg,18_217_217_53_26_jpg.rf.3dbfc377350852922d4663c10ce85777.npz,True,unreviewed_kept,0,,,,
train,18_217_217_53_27_jpg.rf.fc78b3e29ddd74a9b7791673595e5aec.jpg,18_217_217_53_27_jpg.rf.fc78b3e29ddd74a9b7791673595e5aec.npz,True,unreviewed_kept,0,,,,
train,18_217_217_53_29_jpg.rf.905a569703bae4dd28f2fed5fd604e84.jpg,18_217_217_53_29_jpg.rf.905a569703bae4dd28f2fed5fd604e84.npz,True,unreviewed_kept,0,,,,
train,18_217_217_53_30_jpg.rf.26e3eb6b74c007d4e20cb4d12ad18f88.jpg,18_217_217_53_30_jpg.rf.26e3eb6b74c007d4e20cb4d12ad18f88.npz,True,unreviewed_kept,0,,,,
train,18_217_217_53_32_jpg.rf.9975458b2a3873cc7007b3d4140dd36d.jpg,18_217_217_53_32_jpg.rf.9975458b2a3873cc7007b3d4140dd36d.npz,True,unreviewed_kept,0,,,,
train,18_217_217_53_33_jpg.rf.147bf4105036cce5625ebd9d9bb4e05d.jpg,18_217_217_53_33_jpg.rf.147bf4105036cce5625ebd9d9bb4e05d.npz,True,unreviewed_kept,0,,,,
train,18_217_217_53_3_jpg.rf.504e95fb275982c96ac929e8e7b7878f.jpg,18_217_217_53_3_jpg.rf.504e95fb275982c96ac929e8e7b7878f.npz,True,unreviewed_kept,0,,,,
train,18_217_217_54_10_jpg.rf.98718a5ca2a4b3c078af8824ea429728.jpg,18_217_217_54_10_jpg.rf.98718a5ca2a4b3c078af8824ea429728.npz,True,unreviewed_kept,0,,,,
train,18_217_217_54_12_jpg.rf.f4157bfd33d8c67a2d83558e71eb1eff.jpg,18_217_217_54_12_jpg.rf.f4157bfd33d8c67a2d83558e71eb1eff.npz,True,unreviewed_kept,0,,,,
train,18_217_217_54_20_jpg.rf.3f4d3f9f91f7daf897ec06a6f03c4cd0.jpg,18_217_217_54_20_jpg.rf.3f4d3f9f91f7daf897ec06a6f03c4cd0.npz,True,unreviewed_kept,0,,,,
train,18_217_217_54_23_jpg.rf.52cda3497f98eb62736b40e3f4225b7f.jpg,18_217_217_54_23_jpg.rf.52cda3497f98eb62736b40e3f4225b7f.npz,True,unreviewed_kept,0,,,,
train,18_217_217_54_24_jpg.rf.e862b00710c103ea5fa3afc76191d2ba.jpg,18_217_217_54_24_jpg.rf.e862b00710c103ea5fa3afc76191d2ba.npz,True,unreviewed_kept,0,,,,
train,18_217_217_54_25_jpg.rf.cae71faaff423a5db41c83a846e84d6b.jpg,18_217_217_54_25_jpg.rf.cae71faaff423a5db41c83a846e84d6b.npz,True,unreviewed_kept,0,,,,
train,18_217_217_54_26_jpg.rf.2c5fc6dff4fb87ede4a4d89f5a4d2ec6.jpg,18_217_217_54_26_jpg.rf.2c5fc6dff4fb87ede4a4d89f5a4d2ec6.npz,True,unreviewed_kept,0,,,,
train,18_217_217_54_28_jpg.rf.0bab07c1b797d9218e898c2fcc75a477.jpg,18_217_217_54_28_jpg.rf.0bab07c1b797d9218e898c2fcc75a477.npz,True,unreviewed_kept,0,,,,
train,18_217_217_54_30_jpg.rf.4c86d09f511728c2984af81f6eda0a28.jpg,18_217_217_54_30_jpg.rf.4c86d09f511728c2984af81f6eda0a28.npz,True,unreviewed_kept,0,,,,
train,18_217_217_54_31_jpg.rf.f3f2a4023245a1ffde8b5e51c6c74241.jpg,18_217_217_54_31_jpg.rf.f3f2a4023245a1ffde8b5e51c6c74241.npz,True,unreviewed_kept,0,,,,
train,18_217_217_54_32_jpg.rf.26f0f3d544b2316ed303633bf33995f4.jpg,18_217_217_54_32_jpg.rf.26f0f3d544b2316ed303633bf33995f4.npz,True,unreviewed_kept,0,,,,
train,18_217_217_55_16_jpg.rf.679b5bb607fea1674b2cab62038bff24.jpg,18_217_217_55_16_jpg.rf.679b5bb607fea1674b2cab62038bff24.npz,True,unreviewed_kept,0,,,,
train,18_217_217_55_25_jpg.rf.7fb4dadedb8de375a22d1abf1895f03f.jpg,18_217_217_55_25_jpg.rf.7fb4dadedb8de375a22d1abf1895f03f.npz,True,unreviewed_kept,0,,,,
train,18_217_217_55_26_jpg.rf.6188d00874f42ef15051647bdc02e67b.jpg,18_217_217_55_26_jpg.rf.6188d00874f42ef15051647bdc02e67b.npz,True,unreviewed_kept,0,,,,
train,18_217_217_55_27_jpg.rf.c8c6793df4c6cec985c6a6d41de79679.jpg,18_217_217_55_27_jpg.rf.c8c6793df4c6cec985c6a6d41de79679.npz,False,excluded_label_problem,3,A,N,Y,炎症区域不典型
train,18_217_217_55_29_jpg.rf.2de93a9fe9f782372f332c2461900f8b.jpg,18_217_217_55_29_jpg.rf.2de93a9fe9f782372f332c2461900f8b.npz,True,unreviewed_kept,0,,,,
train,18_217_217_55_32_jpg.rf.9abc919b9991e48c072e6139e8f2b07f.jpg,18_217_217_55_32_jpg.rf.9abc919b9991e48c072e6139e8f2b07f.npz,True,unreviewed_kept,0,,,,
train,18_217_217_55_4_jpg.rf.25cb39fa5bbb60304b06cba807a39d14.jpg,18_217_217_55_4_jpg.rf.25cb39fa5bbb60304b06cba807a39d14.npz,True,unreviewed_kept,0,,,,
train,18_217_217_55_6_jpg.rf.8a653732d022a5a60bf99e9218f79421.jpg,18_217_217_55_6_jpg.rf.8a653732d022a5a60bf99e9218f79421.npz,True,unreviewed_kept,0,,,,
train,18_217_217_55_8_jpg.rf.b65bcab5c65feb24561fd992692b9711.jpg,18_217_217_55_8_jpg.rf.b65bcab5c65feb24561fd992692b9711.npz,True,unreviewed_kept,0,,,,
train,18_217_217_56_10_jpg.rf.ed15d2b96fb5408584a861fc0f2c94ac.jpg,18_217_217_56_10_jpg.rf.ed15d2b96fb5408584a861fc0f2c94ac.npz,True,unreviewed_kept,0,,,,
train,18_217_217_56_12_jpg.rf.c1ce6b58a5696898c9ba789bcc0e96f4.jpg,18_217_217_56_12_jpg.rf.c1ce6b58a5696898c9ba789bcc0e96f4.npz,True,unreviewed_kept,0,,,,
train,18_217_217_56_13_jpg.rf.484f31fb9396bc1bb409fe1e81566b6d.jpg,18_217_217_56_13_jpg.rf.484f31fb9396bc1bb409fe1e81566b6d.npz,True,unreviewed_kept,0,,,,
train,18_217_217_56_14_jpg.rf.f637c8a6fa3bbbec8d3095eee89a7e07.jpg,18_217_217_56_14_jpg.rf.f637c8a6fa3bbbec8d3095eee89a7e07.npz,True,unreviewed_kept,0,,,,
train,18_217_217_56_16_jpg.rf.67cd6ad2a4fb74a633c18ca14afac98f.jpg,18_217_217_56_16_jpg.rf.67cd6ad2a4fb74a633c18ca14afac98f.npz,True,unreviewed_kept,0,,,,
train,18_217_217_56_20_jpg.rf.ef25ce295d55a4b895e70fc71b5bfb20.jpg,18_217_217_56_20_jpg.rf.ef25ce295d55a4b895e70fc71b5bfb20.npz,True,unreviewed_kept,0,,,,
train,18_217_217_56_22_jpg.rf.5bc8266162b7aff8b32ab67b78f86167.jpg,18_217_217_56_22_jpg.rf.5bc8266162b7aff8b32ab67b78f86167.npz,True,unreviewed_kept,0,,,,
train,18_217_217_56_23_jpg.rf.ade1daa6e8fa62e7cf1b4fc9a4d5af00.jpg,18_217_217_56_23_jpg.rf.ade1daa6e8fa62e7cf1b4fc9a4d5af00.npz,True,unreviewed_kept,0,,,,
train,18_217_217_56_25_jpg.rf.dd8f11f8de0c0975b35477fb0a2fd197.jpg,18_217_217_56_25_jpg.rf.dd8f11f8de0c0975b35477fb0a2fd197.npz,True,unreviewed_kept,0,,,,
train,18_217_217_56_26_jpg.rf.6a2dde460f95d491f12c0ad856d71d68.jpg,18_217_217_56_26_jpg.rf.6a2dde460f95d491f12c0ad856d71d68.npz,True,unreviewed_kept,0,,,,
train,18_217_217_56_27_jpg.rf.1940f32bf947c9af791086104b734478.jpg,18_217_217_56_27_jpg.rf.1940f32bf947c9af791086104b734478.npz,True,unreviewed_kept,0,,,,
train,18_217_217_56_29_jpg.rf.ad2a7d7a41420c6cf1e92b8b5653d100.jpg,18_217_217_56_29_jpg.rf.ad2a7d7a41420c6cf1e92b8b5653d100.npz,True,unreviewed_kept,0,,,,
train,18_217_217_56_2_jpg.rf.97a737d7434b58b72561f69966eee610.jpg,18_217_217_56_2_jpg.rf.97a737d7434b58b72561f69966eee610.npz,True,unreviewed_kept,0,,,,
train,18_217_217_56_31_jpg.rf.b468eb1240dfe5f603a95a8510f7e13b.jpg,18_217_217_56_31_jpg.rf.b468eb1240dfe5f603a95a8510f7e13b.npz,True,unreviewed_kept,0,,,,
train,18_217_217_56_5_jpg.rf.e82118772050106f11c7e6da0027a156.jpg,18_217_217_56_5_jpg.rf.e82118772050106f11c7e6da0027a156.npz,True,unreviewed_kept,0,,,,
train,18_217_217_56_6_jpg.rf.8ba749e0b66aff9409fa40ce0516d5d4.jpg,18_217_217_56_6_jpg.rf.8ba749e0b66aff9409fa40ce0516d5d4.npz,True,unreviewed_kept,0,,,,
train,18_217_217_57_10_jpg.rf.795072cb37701fe4eb0c279b0e407a22.jpg,18_217_217_57_10_jpg.rf.795072cb37701fe4eb0c279b0e407a22.npz,True,unreviewed_kept,0,,,,
train,18_217_217_57_11_jpg.rf.259fc367b92b9ff9c8ecd1b1bb13d505.jpg,18_217_217_57_11_jpg.rf.259fc367b92b9ff9c8ecd1b1bb13d505.npz,True,unreviewed_kept,0,,,,
train,18_217_217_57_13_jpg.rf.9289c891171f91b5ec3eff0e97d605ed.jpg,18_217_217_57_13_jpg.rf.9289c891171f91b5ec3eff0e97d605ed.npz,True,unreviewed_kept,0,,,,
train,18_217_217_57_16_jpg.rf.84d6d0323e086d419e83d73141d7bd62.jpg,18_217_217_57_16_jpg.rf.84d6d0323e086d419e83d73141d7bd62.npz,True,unreviewed_kept,0,,,,
train,18_217_217_57_20_jpg.rf.3cfa39f4de6ac1229ad4f7a1bcf8caa6.jpg,18_217_217_57_20_jpg.rf.3cfa39f4de6ac1229ad4f7a1bcf8caa6.npz,True,unreviewed_kept,0,,,,
train,18_217_217_57_22_jpg.rf.82a1d72bfb6062c3cd3dd1379b3be94c.jpg,18_217_217_57_22_jpg.rf.82a1d72bfb6062c3cd3dd1379b3be94c.npz,True,unreviewed_kept,0,,,,
train,18_217_217_57_25_jpg.rf.bcd26ab27349e7ad015c078ff486b306.jpg,18_217_217_57_25_jpg.rf.bcd26ab27349e7ad015c078ff486b306.npz,True,unreviewed_kept,0,,,,
train,18_217_217_57_26_jpg.rf.66567b39f80f58777b973ac453b9ef10.jpg,18_217_217_57_26_jpg.rf.66567b39f80f58777b973ac453b9ef10.npz,True,unreviewed_kept,0,,,,
train,18_217_217_57_27_jpg.rf.8e5cf6e41877416c74fd57d6872baf48.jpg,18_217_217_57_27_jpg.rf.8e5cf6e41877416c74fd57d6872baf48.npz,True,unreviewed_kept,0,,,,
train,18_217_217_57_28_jpg.rf.4d3cd24d1e02b5d336af4b323541315c.jpg,18_217_217_57_28_jpg.rf.4d3cd24d1e02b5d336af4b323541315c.npz,True,unreviewed_kept,0,,,,
train,18_217_217_57_29_jpg.rf.962c5277e3196f19095a329b0d0a2f78.jpg,18_217_217_57_29_jpg.rf.962c5277e3196f19095a329b0d0a2f78.npz,True,unreviewed_kept,0,,,,
train,18_217_217_57_3_jpg.rf.af6e9aefbcf8f43af0913559790a3a81.jpg,18_217_217_57_3_jpg.rf.af6e9aefbcf8f43af0913559790a3a81.npz,True,unreviewed_kept,0,,,,
train,18_217_217_57_5_jpg.rf.f2edeb06b56ccc11afd1a255e80385a3.jpg,18_217_217_57_5_jpg.rf.f2edeb06b56ccc11afd1a255e80385a3.npz,True,unreviewed_kept,0,,,,
train,18_217_217_58_10_jpg.rf.6a1ac5631d1abe3dd13e936368e4dde0.jpg,18_217_217_58_10_jpg.rf.6a1ac5631d1abe3dd13e936368e4dde0.npz,True,unreviewed_kept,0,,,,
train,18_217_217_58_15_jpg.rf.762f27acdbd224f429a80f568a181f5c.jpg,18_217_217_58_15_jpg.rf.762f27acdbd224f429a80f568a181f5c.npz,True,unreviewed_kept,0,,,,
train,18_217_217_58_16_jpg.rf.bc8ddccbf9fe3757c0d4484bef6d01e4.jpg,18_217_217_58_16_jpg.rf.bc8ddccbf9fe3757c0d4484bef6d01e4.npz,True,unreviewed_kept,0,,,,
train,18_217_217_58_19_jpg.rf.b56cc7f4b79d2aa6f0c58a704e32b9be.jpg,18_217_217_58_19_jpg.rf.b56cc7f4b79d2aa6f0c58a704e32b9be.npz,True,unreviewed_kept,0,,,,
train,18_217_217_58_20_jpg.rf.4b0bdc118500d59d62d155d0f65fea1c.jpg,18_217_217_58_20_jpg.rf.4b0bdc118500d59d62d155d0f65fea1c.npz,True,unreviewed_kept,0,,,,
train,18_217_217_58_21_jpg.rf.1810c690fdcd83d4743c8d7858c46256.jpg,18_217_217_58_21_jpg.rf.1810c690fdcd83d4743c8d7858c46256.npz,True,unreviewed_kept,0,,,,
train,18_217_217_58_22_jpg.rf.f57164078d9af34e1848fe4bacc1318c.jpg,18_217_217_58_22_jpg.rf.f57164078d9af34e1848fe4bacc1318c.npz,True,unreviewed_kept,0,,,,
train,18_217_217_58_23_jpg.rf.e87414a33e789c49e5a9c0eb0b772969.jpg,18_217_217_58_23_jpg.rf.e87414a33e789c49e5a9c0eb0b772969.npz,True,unreviewed_kept,0,,,,
train,18_217_217_58_8_jpg.rf.1e2eb5a3471a30956f1f804972cc31f4.jpg,18_217_217_58_8_jpg.rf.1e2eb5a3471a30956f1f804972cc31f4.npz,True,unreviewed_kept,0,,,,
train,18_217_217_58_9_jpg.rf.9507c8926344f284e3b2e02ba39d0276.jpg,18_217_217_58_9_jpg.rf.9507c8926344f284e3b2e02ba39d0276.npz,True,unreviewed_kept,0,,,,
train,18_217_217_59_15_jpg.rf.afee68552116bd1f41495628954f6fb2.jpg,18_217_217_59_15_jpg.rf.afee68552116bd1f41495628954f6fb2.npz,True,unreviewed_kept,0,,,,
train,18_217_217_59_20_jpg.rf.c294e144481a08d76c673fba6a1cb2d5.jpg,18_217_217_59_20_jpg.rf.c294e144481a08d76c673fba6a1cb2d5.npz,True,unreviewed_kept,0,,,,
train,18_217_217_59_22_jpg.rf.d377fecdc2d161e821c24bdfe3b8f77b.jpg,18_217_217_59_22_jpg.rf.d377fecdc2d161e821c24bdfe3b8f77b.npz,True,unreviewed_kept,0,,,,
train,18_217_217_59_23_jpg.rf.1ac573c55ab6e0038dedc0d082a9576f.jpg,18_217_217_59_23_jpg.rf.1ac573c55ab6e0038dedc0d082a9576f.npz,True,unreviewed_kept,0,,,,
train,18_217_217_59_25_jpg.rf.9eb0993574e32a5273715a3d71afd5e9.jpg,18_217_217_59_25_jpg.rf.9eb0993574e32a5273715a3d71afd5e9.npz,True,unreviewed_kept,0,,,,
train,18_217_217_59_6_jpg.rf.55c4ccae11666e0c40fa1a2247b4c928.jpg,18_217_217_59_6_jpg.rf.55c4ccae11666e0c40fa1a2247b4c928.npz,True,unreviewed_kept,0,,,,
train,18_217_217_59_8_jpg.rf.d9e2574a7b290d0fb2663aa02b524fad.jpg,18_217_217_59_8_jpg.rf.d9e2574a7b290d0fb2663aa02b524fad.npz,True,unreviewed_kept,0,,,,
train,18_217_217_60_13_jpg.rf.072257fe37f278f7ac0a58bfa1c1f2be.jpg,18_217_217_60_13_jpg.rf.072257fe37f278f7ac0a58bfa1c1f2be.npz,True,unreviewed_kept,0,,,,
train,18_217_217_60_19_jpg.rf.77d2185ce2350becfaa577db3b822aa7.jpg,18_217_217_60_19_jpg.rf.77d2185ce2350becfaa577db3b822aa7.npz,True,unreviewed_kept,0,,,,
train,18_217_217_60_20_jpg.rf.7fdd8df75639706993d2cd8592a1e528.jpg,18_217_217_60_20_jpg.rf.7fdd8df75639706993d2cd8592a1e528.npz,True,unreviewed_kept,0,,,,
train,18_217_217_60_22_jpg.rf.1f244fd85400d746a6635e101133b6fe.jpg,18_217_217_60_22_jpg.rf.1f244fd85400d746a6635e101133b6fe.npz,True,unreviewed_kept,0,,,,
train,18_217_217_60_25_jpg.rf.885dcebefa2d1d39a365fdbdbb65bff6.jpg,18_217_217_60_25_jpg.rf.885dcebefa2d1d39a365fdbdbb65bff6.npz,True,unreviewed_kept,0,,,,
train,18_217_217_60_27_jpg.rf.e895a80e3440be6c8a8a1a6cba666629.jpg,18_217_217_60_27_jpg.rf.e895a80e3440be6c8a8a1a6cba666629.npz,True,unreviewed_kept,0,,,,
train,18_217_217_60_28_jpg.rf.112641f57580dfcd33425504fd23e118.jpg,18_217_217_60_28_jpg.rf.112641f57580dfcd33425504fd23e118.npz,True,unreviewed_kept,0,,,,
train,18_217_217_60_2_jpg.rf.8c073ada07b24769958baf80ef647f52.jpg,18_217_217_60_2_jpg.rf.8c073ada07b24769958baf80ef647f52.npz,True,unreviewed_kept,0,,,,
train,18_217_217_60_3_jpg.rf.353dc06ed12a07208a2d6247bcd3f698.jpg,18_217_217_60_3_jpg.rf.353dc06ed12a07208a2d6247bcd3f698.npz,True,unreviewed_kept,0,,,,
train,18_217_217_60_4_jpg.rf.0ee670a657266bf70029789719350b9d.jpg,18_217_217_60_4_jpg.rf.0ee670a657266bf70029789719350b9d.npz,True,unreviewed_kept,0,,,,
train,18_217_217_60_7_jpg.rf.1ff32ef005e93184786710018aacb0a5.jpg,18_217_217_60_7_jpg.rf.1ff32ef005e93184786710018aacb0a5.npz,True,unreviewed_kept,0,,,,
train,18_217_217_60_9_jpg.rf.3c887af017b08fa9084c70312cb507ad.jpg,18_217_217_60_9_jpg.rf.3c887af017b08fa9084c70312cb507ad.npz,True,unreviewed_kept,0,,,,
train,18_217_217_61_15_jpg.rf.1208a242c2062e1eafff382be09fac48.jpg,18_217_217_61_15_jpg.rf.1208a242c2062e1eafff382be09fac48.npz,True,unreviewed_kept,0,,,,
train,18_217_217_61_20_jpg.rf.d1251d48acf0bf4821c67c8b87897c1e.jpg,18_217_217_61_20_jpg.rf.d1251d48acf0bf4821c67c8b87897c1e.npz,True,unreviewed_kept,0,,,,
train,18_217_217_61_25_jpg.rf.18bacb34d907dab694426f7938e278a2.jpg,18_217_217_61_25_jpg.rf.18bacb34d907dab694426f7938e278a2.npz,True,unreviewed_kept,0,,,,
train,18_217_217_61_26_jpg.rf.62088f91caba38de8f45150b272dc280.jpg,18_217_217_61_26_jpg.rf.62088f91caba38de8f45150b272dc280.npz,True,unreviewed_kept,0,,,,
train,18_217_217_61_2_jpg.rf.0f170802b098ea233234690027c73e56.jpg,18_217_217_61_2_jpg.rf.0f170802b098ea233234690027c73e56.npz,True,unreviewed_kept,0,,,,
train,18_217_217_61_3_jpg.rf.796a92d7705456e2df5f25fd30371603.jpg,18_217_217_61_3_jpg.rf.796a92d7705456e2df5f25fd30371603.npz,True,reviewed_kept,1,,,,
train,18_217_217_61_6_jpg.rf.b4f0d43975395fc425043f26cae1a534.jpg,18_217_217_61_6_jpg.rf.b4f0d43975395fc425043f26cae1a534.npz,True,unreviewed_kept,0,,,,
train,18_217_217_61_7_jpg.rf.dc39c4a9eece704a4efcf4c1594faae4.jpg,18_217_217_61_7_jpg.rf.dc39c4a9eece704a4efcf4c1594faae4.npz,True,unreviewed_kept,0,,,,
train,18_217_217_62_11_jpg.rf.12f5d16edee07d64867e050fd279c201.jpg,18_217_217_62_11_jpg.rf.12f5d16edee07d64867e050fd279c201.npz,True,unreviewed_kept,0,,,,
train,18_217_217_62_12_jpg.rf.2462b3e5d64fa491902d7259904cd2d3.jpg,18_217_217_62_12_jpg.rf.2462b3e5d64fa491902d7259904cd2d3.npz,True,unreviewed_kept,0,,,,
train,18_217_217_62_16_jpg.rf.9295c8c1fdc52d017e672b84a14bdb56.jpg,18_217_217_62_16_jpg.rf.9295c8c1fdc52d017e672b84a14bdb56.npz,True,unreviewed_kept,0,,,,
train,18_217_217_62_17_jpg.rf.c4eb41895cc3aeb5ab6f9be6e64841ca.jpg,18_217_217_62_17_jpg.rf.c4eb41895cc3aeb5ab6f9be6e64841ca.npz,True,unreviewed_kept,0,,,,
train,18_217_217_62_1_jpg.rf.f3d0b4b397bdf2eefd02e85a512e50b4.jpg,18_217_217_62_1_jpg.rf.f3d0b4b397bdf2eefd02e85a512e50b4.npz,False,excluded_label_problem,2,A,N,Y,Gt漏标，模型未检出
train,18_217_217_62_23_jpg.rf.2f200e5bb7e88b43bbedcc1bd3a2ee61.jpg,18_217_217_62_23_jpg.rf.2f200e5bb7e88b43bbedcc1bd3a2ee61.npz,True,unreviewed_kept,0,,,,
train,18_217_217_62_3_jpg.rf.57e7056e74f422449113647d60d78113.jpg,18_217_217_62_3_jpg.rf.57e7056e74f422449113647d60d78113.npz,True,unreviewed_kept,0,,,,
train,18_217_217_62_4_jpg.rf.12c4442874027886cc30b6ca2f1d5c84.jpg,18_217_217_62_4_jpg.rf.12c4442874027886cc30b6ca2f1d5c84.npz,True,unreviewed_kept,0,,,,
train,18_217_217_62_6_jpg.rf.dd40d309dbb000f607302c82566a2827.jpg,18_217_217_62_6_jpg.rf.dd40d309dbb000f607302c82566a2827.npz,True,reviewed_kept,1,,,,
train,18_217_217_62_7_jpg.rf.752404dc4dfb6697ff7ccf7263a420d6.jpg,18_217_217_62_7_jpg.rf.752404dc4dfb6697ff7ccf7263a420d6.npz,True,unreviewed_kept,0,,,,
train,18_217_217_62_9_jpg.rf.73ee008e83f5bbb1d17e0c50715e4b9d.jpg,18_217_217_62_9_jpg.rf.73ee008e83f5bbb1d17e0c50715e4b9d.npz,True,unreviewed_kept,0,,,,
train,18_217_217_63_15_jpg.rf.97777f4a9bf74e88b019234fac52c5b2.jpg,18_217_217_63_15_jpg.rf.97777f4a9bf74e88b019234fac52c5b2.npz,True,unreviewed_kept,0,,,,
train,18_217_217_63_19_jpg.rf.30220b0dff8c58ff92bbab1bfc57bceb.jpg,18_217_217_63_19_jpg.rf.30220b0dff8c58ff92bbab1bfc57bceb.npz,True,unreviewed_kept,0,,,,
train,18_217_217_63_1_jpg.rf.2258dd6d75806b82667d29c352dc28c3.jpg,18_217_217_63_1_jpg.rf.2258dd6d75806b82667d29c352dc28c3.npz,True,unreviewed_kept,0,,,,
train,18_217_217_63_20_jpg.rf.6bbb9c4fc6a6633d33a78bed2020e092.jpg,18_217_217_63_20_jpg.rf.6bbb9c4fc6a6633d33a78bed2020e092.npz,True,unreviewed_kept,0,,,,
train,18_217_217_63_21_jpg.rf.948e798864f965b2259ae2206e90b3d3.jpg,18_217_217_63_21_jpg.rf.948e798864f965b2259ae2206e90b3d3.npz,True,unreviewed_kept,0,,,,
train,18_217_217_63_22_jpg.rf.c84591ca4f2369bd87f2ef8eef79787f.jpg,18_217_217_63_22_jpg.rf.c84591ca4f2369bd87f2ef8eef79787f.npz,True,unreviewed_kept,0,,,,
train,18_217_217_63_24_jpg.rf.c9b8cbfe4d628546b16c4feed0a70207.jpg,18_217_217_63_24_jpg.rf.c9b8cbfe4d628546b16c4feed0a70207.npz,True,unreviewed_kept,0,,,,
train,18_217_217_63_5_jpg.rf.2835e0d90336cfaae8431ad976be0e3e.jpg,18_217_217_63_5_jpg.rf.2835e0d90336cfaae8431ad976be0e3e.npz,True,unreviewed_kept,0,,,,
train,18_217_217_63_6_jpg.rf.5be69db1619c88787488beeb23824301.jpg,18_217_217_63_6_jpg.rf.5be69db1619c88787488beeb23824301.npz,True,unreviewed_kept,0,,,,
train,18_217_217_63_9_jpg.rf.5794585c13c260703db92f97a6514c33.jpg,18_217_217_63_9_jpg.rf.5794585c13c260703db92f97a6514c33.npz,True,unreviewed_kept,0,,,,
train,18_217_217_64_12_jpg.rf.657fa1cbe573e7e8fc41f06caad98aea.jpg,18_217_217_64_12_jpg.rf.657fa1cbe573e7e8fc41f06caad98aea.npz,True,unreviewed_kept,0,,,,
train,18_217_217_64_13_jpg.rf.82685feca7e4eb890d5cd2c58ce894af.jpg,18_217_217_64_13_jpg.rf.82685feca7e4eb890d5cd2c58ce894af.npz,True,unreviewed_kept,0,,,,
train,18_217_217_64_14_jpg.rf.cd486d0f4d3dba1c76c0b85902f65c75.jpg,18_217_217_64_14_jpg.rf.cd486d0f4d3dba1c76c0b85902f65c75.npz,True,unreviewed_kept,0,,,,
train,18_217_217_64_15_jpg.rf.2644b858d31704306fa8b4ce1918d0ae.jpg,18_217_217_64_15_jpg.rf.2644b858d31704306fa8b4ce1918d0ae.npz,True,unreviewed_kept,0,,,,
train,18_217_217_64_16_jpg.rf.742a2a2c07b1a6a5b39e30c34293bded.jpg,18_217_217_64_16_jpg.rf.742a2a2c07b1a6a5b39e30c34293bded.npz,True,unreviewed_kept,0,,,,
train,18_217_217_64_19_jpg.rf.b30eb07e58bfb15da99fd63feacc9451.jpg,18_217_217_64_19_jpg.rf.b30eb07e58bfb15da99fd63feacc9451.npz,True,unreviewed_kept,0,,,,
train,18_217_217_64_1_jpg.rf.71bab9ccdecc7ef3d9b427426f2adda5.jpg,18_217_217_64_1_jpg.rf.71bab9ccdecc7ef3d9b427426f2adda5.npz,True,unreviewed_kept,0,,,,
train,18_217_217_64_21_jpg.rf.8519e636c5f9b24706990235f170e332.jpg,18_217_217_64_21_jpg.rf.8519e636c5f9b24706990235f170e332.npz,True,unreviewed_kept,0,,,,
train,18_217_217_64_23_jpg.rf.f719b993024ad8ab816629426b394ba6.jpg,18_217_217_64_23_jpg.rf.f719b993024ad8ab816629426b394ba6.npz,False,excluded_label_problem,3,A,N,Y,炎症不典型，纤维化典型
train,18_217_217_64_3_jpg.rf.7a7a89e30e3adc7e9ca1e09e07f9c692.jpg,18_217_217_64_3_jpg.rf.7a7a89e30e3adc7e9ca1e09e07f9c692.npz,True,unreviewed_kept,0,,,,
train,18_217_217_64_4_jpg.rf.61ddb8bce58f777938f80c4f0d6b697a.jpg,18_217_217_64_4_jpg.rf.61ddb8bce58f777938f80c4f0d6b697a.npz,True,unreviewed_kept,0,,,,
train,18_217_217_64_5_jpg.rf.70ea9c1e5ea6b7e0c564fa9f6c18eb6c.jpg,18_217_217_64_5_jpg.rf.70ea9c1e5ea6b7e0c564fa9f6c18eb6c.npz,True,unreviewed_kept,0,,,,
train,18_217_217_64_6_jpg.rf.2fd670f9826e545dd5c0178449a09a13.jpg,18_217_217_64_6_jpg.rf.2fd670f9826e545dd5c0178449a09a13.npz,True,unreviewed_kept,0,,,,
train,18_217_217_65_13_jpg.rf.7d85f666abcd5e9061ab99ee26d390a5.jpg,18_217_217_65_13_jpg.rf.7d85f666abcd5e9061ab99ee26d390a5.npz,True,unreviewed_kept,0,,,,
train,18_217_217_65_14_jpg.rf.5994c1db0fae46790995dedae7b4c762.jpg,18_217_217_65_14_jpg.rf.5994c1db0fae46790995dedae7b4c762.npz,True,unreviewed_kept,0,,,,
train,18_217_217_65_16_jpg.rf.96c7b92ec644f73a8a6091c41ff1ea57.jpg,18_217_217_65_16_jpg.rf.96c7b92ec644f73a8a6091c41ff1ea57.npz,True,unreviewed_kept,0,,,,
train,18_217_217_65_17_jpg.rf.eeb757ec39d4d4fc37eed7f92a4cd693.jpg,18_217_217_65_17_jpg.rf.eeb757ec39d4d4fc37eed7f92a4cd693.npz,True,unreviewed_kept,0,,,,
train,18_217_217_65_19_jpg.rf.3f47a47e635179aaef2009aebc62b9ee.jpg,18_217_217_65_19_jpg.rf.3f47a47e635179aaef2009aebc62b9ee.npz,True,unreviewed_kept,0,,,,
train,18_217_217_65_20_jpg.rf.597d9c3ca27d0e82c45c896ba6f4627e.jpg,18_217_217_65_20_jpg.rf.597d9c3ca27d0e82c45c896ba6f4627e.npz,True,unreviewed_kept,0,,,,
train,18_217_217_65_5_jpg.rf.4b2ac498a426e5de269d765da26079a6.jpg,18_217_217_65_5_jpg.rf.4b2ac498a426e5de269d765da26079a6.npz,True,unreviewed_kept,0,,,,
train,18_217_217_66_1_jpg.rf.6b7927e753e53bc9bc45fe0420b0704a.jpg,18_217_217_66_1_jpg.rf.6b7927e753e53bc9bc45fe0420b0704a.npz,True,unreviewed_kept,0,,,,
train,18_217_218_32_43_jpg.rf.f80a3931b0830f4f5de724353e87131a.jpg,18_217_218_32_43_jpg.rf.f80a3931b0830f4f5de724353e87131a.npz,True,unreviewed_kept,0,,,,
train,18_217_218_48_7_jpg.rf.ceb969ba28e2e3062480fab08045b3cc.jpg,18_217_218_48_7_jpg.rf.ceb969ba28e2e3062480fab08045b3cc.npz,True,unreviewed_kept,0,,,,
train,18_217_218_52_19_jpg.rf.da1105a5715869b41a541300b146a345.jpg,18_217_218_52_19_jpg.rf.da1105a5715869b41a541300b146a345.npz,True,reviewed_kept,2,,,,
train,18_217_218_52_25_jpg.rf.c3ff6918cd019a0ff590984e9046068d.jpg,18_217_218_52_25_jpg.rf.c3ff6918cd019a0ff590984e9046068d.npz,True,unreviewed_kept,0,,,,
train,18_217_218_52_26_jpg.rf.75fae5f7d4c0aa82f4c5d7a783ef2159.jpg,18_217_218_52_26_jpg.rf.75fae5f7d4c0aa82f4c5d7a783ef2159.npz,True,unreviewed_kept,0,,,,
train,18_217_218_52_28_jpg.rf.e264348e72524fd9bfbeb64db1f3e1d1.jpg,18_217_218_52_28_jpg.rf.e264348e72524fd9bfbeb64db1f3e1d1.npz,False,excluded_label_problem,2,A,N,Y,炎症区域不典型
train,18_217_218_52_29_jpg.rf.2b57d6eefbbf9fb0178b6de36de10892.jpg,18_217_218_52_29_jpg.rf.2b57d6eefbbf9fb0178b6de36de10892.npz,True,unreviewed_kept,0,,,,
train,18_217_218_52_30_jpg.rf.22a7ec6f3e79d7d3fea479776b044bb0.jpg,18_217_218_52_30_jpg.rf.22a7ec6f3e79d7d3fea479776b044bb0.npz,True,unreviewed_kept,0,,,,
train,18_217_218_52_34_jpg.rf.a68a3262dd25f79a342b9ee3e8f88ffa.jpg,18_217_218_52_34_jpg.rf.a68a3262dd25f79a342b9ee3e8f88ffa.npz,True,unreviewed_kept,0,,,,
train,18_217_218_53_10_jpg.rf.568271c79a84fc809458eec1fced66ca.jpg,18_217_218_53_10_jpg.rf.568271c79a84fc809458eec1fced66ca.npz,True,unreviewed_kept,0,,,,
train,18_217_218_53_19_jpg.rf.21a1f977c8654fbf431c7f3e405599fa.jpg,18_217_218_53_19_jpg.rf.21a1f977c8654fbf431c7f3e405599fa.npz,True,unreviewed_kept,0,,,,
train,18_217_218_53_22_jpg.rf.1fdb287e81797bcba3f2d6e51efca7f8.jpg,18_217_218_53_22_jpg.rf.1fdb287e81797bcba3f2d6e51efca7f8.npz,True,unreviewed_kept,0,,,,
train,18_217_218_53_24_jpg.rf.df5b4ce87cae213b67abe2d953c4e0e3.jpg,18_217_218_53_24_jpg.rf.df5b4ce87cae213b67abe2d953c4e0e3.npz,True,unreviewed_kept,0,,,,
train,18_217_218_53_29_jpg.rf.e9c6b159d8331a9a083cc25ce36f9a58.jpg,18_217_218_53_29_jpg.rf.e9c6b159d8331a9a083cc25ce36f9a58.npz,True,unreviewed_kept,0,,,,
train,18_217_218_53_30_jpg.rf.2682f8d739dd2dccb88bb11068540503.jpg,18_217_218_53_30_jpg.rf.2682f8d739dd2dccb88bb11068540503.npz,True,unreviewed_kept,0,,,,
train,18_217_218_53_32_jpg.rf.341a074c6365e63d0b5c2861b8dbed43.jpg,18_217_218_53_32_jpg.rf.341a074c6365e63d0b5c2861b8dbed43.npz,True,unreviewed_kept,0,,,,
train,18_217_218_53_34_jpg.rf.b1d87539886b9b5e422176393834248e.jpg,18_217_218_53_34_jpg.rf.b1d87539886b9b5e422176393834248e.npz,True,unreviewed_kept,0,,,,
train,18_217_218_53_35_jpg.rf.fb345f4f1eaf51cf81d4cf261fdb14a0.jpg,18_217_218_53_35_jpg.rf.fb345f4f1eaf51cf81d4cf261fdb14a0.npz,True,unreviewed_kept,0,,,,
train,18_217_218_53_3_jpg.rf.9fcdcf9a320fbe4e806a34537b75e241.jpg,18_217_218_53_3_jpg.rf.9fcdcf9a320fbe4e806a34537b75e241.npz,True,unreviewed_kept,0,,,,
train,18_217_218_53_4_jpg.rf.58ea5816478e1c1df6affeac5529b7dd.jpg,18_217_218_53_4_jpg.rf.58ea5816478e1c1df6affeac5529b7dd.npz,True,unreviewed_kept,0,,,,
train,18_217_218_53_8_jpg.rf.0c1f59e277e13419ad37b1817ec80e90.jpg,18_217_218_53_8_jpg.rf.0c1f59e277e13419ad37b1817ec80e90.npz,True,unreviewed_kept,0,,,,
train,18_217_218_53_9_jpg.rf.aab1a41990579905b5cdb596c9e30302.jpg,18_217_218_53_9_jpg.rf.aab1a41990579905b5cdb596c9e30302.npz,True,unreviewed_kept,0,,,,
train,18_217_218_54_11_jpg.rf.07eeee0922876b792e2faad8ee73b793.jpg,18_217_218_54_11_jpg.rf.07eeee0922876b792e2faad8ee73b793.npz,True,unreviewed_kept,0,,,,
train,18_217_218_54_17_jpg.rf.7e434c78dcd77a2c0e2a62f153e9efdb.jpg,18_217_218_54_17_jpg.rf.7e434c78dcd77a2c0e2a62f153e9efdb.npz,True,unreviewed_kept,0,,,,
train,18_217_218_54_19_jpg.rf.13b7941131b88f505e326f47a5fa468e.jpg,18_217_218_54_19_jpg.rf.13b7941131b88f505e326f47a5fa468e.npz,True,unreviewed_kept,0,,,,
train,18_217_218_54_21_jpg.rf.eb3b593c49f5ddaee07c5a29ba1f9077.jpg,18_217_218_54_21_jpg.rf.eb3b593c49f5ddaee07c5a29ba1f9077.npz,True,unreviewed_kept,0,,,,
train,18_217_218_54_22_jpg.rf.5317b45b2825f45463bcf0b45ef0c9a6.jpg,18_217_218_54_22_jpg.rf.5317b45b2825f45463bcf0b45ef0c9a6.npz,False,excluded_label_problem,2,A,N,Y,炎症不典型
train,18_217_218_54_24_jpg.rf.793299cf6744d5c05827f08cfc57ab30.jpg,18_217_218_54_24_jpg.rf.793299cf6744d5c05827f08cfc57ab30.npz,True,unreviewed_kept,0,,,,
train,18_217_218_54_25_jpg.rf.3f29d0376d007368360b9641f733e01b.jpg,18_217_218_54_25_jpg.rf.3f29d0376d007368360b9641f733e01b.npz,True,unreviewed_kept,0,,,,
train,18_217_218_54_30_jpg.rf.106b2be136fe621c40db5efbfa9b9fbe.jpg,18_217_218_54_30_jpg.rf.106b2be136fe621c40db5efbfa9b9fbe.npz,True,unreviewed_kept,0,,,,
train,18_217_218_54_31_jpg.rf.a7ec2a2326665505431b66389d5d4fcc.jpg,18_217_218_54_31_jpg.rf.a7ec2a2326665505431b66389d5d4fcc.npz,True,unreviewed_kept,0,,,,
train,18_217_218_54_34_jpg.rf.a3cc3d8e82d9f327a5370f8f9ef70ec3.jpg,18_217_218_54_34_jpg.rf.a3cc3d8e82d9f327a5370f8f9ef70ec3.npz,True,unreviewed_kept,0,,,,
train,18_217_218_54_35_jpg.rf.3d95bea2a318d12593dc74f129225941.jpg,18_217_218_54_35_jpg.rf.3d95bea2a318d12593dc74f129225941.npz,True,unreviewed_kept,0,,,,
train,18_217_218_54_5_jpg.rf.9b1ca348c7797ed222bcd9586eca116a.jpg,18_217_218_54_5_jpg.rf.9b1ca348c7797ed222bcd9586eca116a.npz,True,unreviewed_kept,0,,,,
train,18_217_218_54_6_jpg.rf.8cbce1107e801572cb3c5d88ec0d612d.jpg,18_217_218_54_6_jpg.rf.8cbce1107e801572cb3c5d88ec0d612d.npz,True,unreviewed_kept,0,,,,
train,18_217_218_54_8_jpg.rf.c63eb45e6f0eb5abc4892b22710c9ec2.jpg,18_217_218_54_8_jpg.rf.c63eb45e6f0eb5abc4892b22710c9ec2.npz,True,unreviewed_kept,0,,,,
train,18_217_218_54_9_jpg.rf.0d73d0d4cd5d6651c047ad3a6fe25f46.jpg,18_217_218_54_9_jpg.rf.0d73d0d4cd5d6651c047ad3a6fe25f46.npz,True,unreviewed_kept,0,,,,
train,18_217_218_55_15_jpg.rf.bce6852925b6e02204f6639c0d148774.jpg,18_217_218_55_15_jpg.rf.bce6852925b6e02204f6639c0d148774.npz,True,unreviewed_kept,0,,,,
train,18_217_218_55_22_jpg.rf.799a8ce560a882a0b3a940ad290ef4c9.jpg,18_217_218_55_22_jpg.rf.799a8ce560a882a0b3a940ad290ef4c9.npz,True,unreviewed_kept,0,,,,
train,18_217_218_55_23_jpg.rf.38c06c43b82cdaad07508ea91a2dda7f.jpg,18_217_218_55_23_jpg.rf.38c06c43b82cdaad07508ea91a2dda7f.npz,True,unreviewed_kept,0,,,,
train,18_217_218_55_28_jpg.rf.80d66b773ad0a8a5741ef849c9454b55.jpg,18_217_218_55_28_jpg.rf.80d66b773ad0a8a5741ef849c9454b55.npz,True,unreviewed_kept,0,,,,
train,18_217_218_55_29_jpg.rf.4a498b30e077078f1aaab8dc303c44a4.jpg,18_217_218_55_29_jpg.rf.4a498b30e077078f1aaab8dc303c44a4.npz,True,unreviewed_kept,0,,,,
train,18_217_218_55_30_jpg.rf.7185ca9d49f7240e6d9a8ad8d818fb17.jpg,18_217_218_55_30_jpg.rf.7185ca9d49f7240e6d9a8ad8d818fb17.npz,True,unreviewed_kept,0,,,,
train,18_217_218_55_31_jpg.rf.ecec8a0d567f3daf66b857ea4731e51b.jpg,18_217_218_55_31_jpg.rf.ecec8a0d567f3daf66b857ea4731e51b.npz,True,unreviewed_kept,0,,,,
train,18_217_218_55_34_jpg.rf.c6e49af0f5d32f9ed5086dbf0331ec86.jpg,18_217_218_55_34_jpg.rf.c6e49af0f5d32f9ed5086dbf0331ec86.npz,True,unreviewed_kept,0,,,,
train,18_217_218_55_9_jpg.rf.ee45dd6b675528b510650c6c2bb1877f.jpg,18_217_218_55_9_jpg.rf.ee45dd6b675528b510650c6c2bb1877f.npz,True,unreviewed_kept,0,,,,
train,18_217_218_56_10_jpg.rf.4f332fc40038feeb11c87105279bd97f.jpg,18_217_218_56_10_jpg.rf.4f332fc40038feeb11c87105279bd97f.npz,True,unreviewed_kept,0,,,,
train,18_217_218_56_11_jpg.rf.9357b1188ae89a1792f9e0280676b60d.jpg,18_217_218_56_11_jpg.rf.9357b1188ae89a1792f9e0280676b60d.npz,True,unreviewed_kept,0,,,,
train,18_217_218_56_17_jpg.rf.2638b664d0a875456b047700997ea931.jpg,18_217_218_56_17_jpg.rf.2638b664d0a875456b047700997ea931.npz,True,unreviewed_kept,0,,,,
train,18_217_218_56_21_jpg.rf.70983055ecab07148202231861245915.jpg,18_217_218_56_21_jpg.rf.70983055ecab07148202231861245915.npz,True,unreviewed_kept,0,,,,
train,18_217_218_56_26_jpg.rf.0ed96a62e0980f13dd022414d7c19002.jpg,18_217_218_56_26_jpg.rf.0ed96a62e0980f13dd022414d7c19002.npz,True,unreviewed_kept,0,,,,
train,18_217_218_56_27_jpg.rf.7b62e57b559fa1b4c5130ea81cd430a3.jpg,18_217_218_56_27_jpg.rf.7b62e57b559fa1b4c5130ea81cd430a3.npz,True,unreviewed_kept,0,,,,
train,18_217_218_56_28_jpg.rf.63eecc1098397c6586ac6915907118ed.jpg,18_217_218_56_28_jpg.rf.63eecc1098397c6586ac6915907118ed.npz,True,unreviewed_kept,0,,,,
train,18_217_218_56_29_jpg.rf.96f2207edcc233ee6e3b547a1cd0889c.jpg,18_217_218_56_29_jpg.rf.96f2207edcc233ee6e3b547a1cd0889c.npz,True,unreviewed_kept,0,,,,
train,18_217_218_56_30_jpg.rf.511a85f74672b439fd30a19be52a2d21.jpg,18_217_218_56_30_jpg.rf.511a85f74672b439fd30a19be52a2d21.npz,True,unreviewed_kept,0,,,,
train,18_217_218_56_31_jpg.rf.989bafb007c8f1cd3ca40e0bd0640fab.jpg,18_217_218_56_31_jpg.rf.989bafb007c8f1cd3ca40e0bd0640fab.npz,True,unreviewed_kept,0,,,,
train,18_217_218_56_6_jpg.rf.dc9a10ed84509d9d67a7aa85be376803.jpg,18_217_218_56_6_jpg.rf.dc9a10ed84509d9d67a7aa85be376803.npz,True,unreviewed_kept,0,,,,
train,18_217_218_56_9_jpg.rf.114d3c528c981b79debcffcfba265f55.jpg,18_217_218_56_9_jpg.rf.114d3c528c981b79debcffcfba265f55.npz,True,reviewed_kept,1,,,,
train,18_217_218_57_11_jpg.rf.2552e8a337c2f11e1e3faf3e5b2fe867.jpg,18_217_218_57_11_jpg.rf.2552e8a337c2f11e1e3faf3e5b2fe867.npz,True,unreviewed_kept,0,,,,
train,18_217_218_57_14_jpg.rf.2a71bf661f03bd4ace7481c22e3c45b0.jpg,18_217_218_57_14_jpg.rf.2a71bf661f03bd4ace7481c22e3c45b0.npz,True,unreviewed_kept,0,,,,
train,18_217_218_57_16_jpg.rf.8453040828a61285544f80ab328be522.jpg,18_217_218_57_16_jpg.rf.8453040828a61285544f80ab328be522.npz,True,reviewed_kept,1,,,,
train,18_217_218_57_17_jpg.rf.ab604925e01608cbae7024e365fd5c76.jpg,18_217_218_57_17_jpg.rf.ab604925e01608cbae7024e365fd5c76.npz,True,unreviewed_kept,0,,,,
train,18_217_218_57_19_jpg.rf.27d13c0d6ba11e3b21f4a9af212313cb.jpg,18_217_218_57_19_jpg.rf.27d13c0d6ba11e3b21f4a9af212313cb.npz,True,unreviewed_kept,0,,,,
train,18_217_218_57_25_jpg.rf.65586e4f84e632dd17069f7350c85e58.jpg,18_217_218_57_25_jpg.rf.65586e4f84e632dd17069f7350c85e58.npz,True,unreviewed_kept,0,,,,
train,18_217_218_57_29_jpg.rf.d5dd6f4c954357a744f4d18470856922.jpg,18_217_218_57_29_jpg.rf.d5dd6f4c954357a744f4d18470856922.npz,True,unreviewed_kept,0,,,,
train,18_217_218_57_30_jpg.rf.588947f3d0609d9ab08e6444684b7ed9.jpg,18_217_218_57_30_jpg.rf.588947f3d0609d9ab08e6444684b7ed9.npz,True,unreviewed_kept,0,,,,
train,18_217_218_57_31_jpg.rf.e6e270ea3bebc838c1662335f42a5c61.jpg,18_217_218_57_31_jpg.rf.e6e270ea3bebc838c1662335f42a5c61.npz,True,unreviewed_kept,0,,,,
train,18_217_218_58_14_jpg.rf.d7b2b176e8eaf772d53c8a6da6d66088.jpg,18_217_218_58_14_jpg.rf.d7b2b176e8eaf772d53c8a6da6d66088.npz,True,unreviewed_kept,0,,,,
train,18_217_218_58_17_jpg.rf.333d51457fbd580addd5afcda49a0b81.jpg,18_217_218_58_17_jpg.rf.333d51457fbd580addd5afcda49a0b81.npz,True,unreviewed_kept,0,,,,
train,18_217_218_58_8_jpg.rf.ebc45a96bfa72ffaac9bef942912116f.jpg,18_217_218_58_8_jpg.rf.ebc45a96bfa72ffaac9bef942912116f.npz,True,unreviewed_kept,0,,,,
train,18_217_218_58_9_jpg.rf.8cfd29f4d7eb8e7af2c778269f461643.jpg,18_217_218_58_9_jpg.rf.8cfd29f4d7eb8e7af2c778269f461643.npz,True,unreviewed_kept,0,,,,
train,18_217_219_18_2_jpg.rf.326d3168ae92f065f1e98fa6fad7a853.jpg,18_217_219_18_2_jpg.rf.326d3168ae92f065f1e98fa6fad7a853.npz,True,unreviewed_kept,0,,,,
train,18_217_219_18_3_jpg.rf.156ab873c03ba64f28b686bd48eaf9b6.jpg,18_217_219_18_3_jpg.rf.156ab873c03ba64f28b686bd48eaf9b6.npz,True,unreviewed_kept,0,,,,
train,18_217_219_18_4_jpg.rf.a874caa16a90e165da0682676dc5d5a9.jpg,18_217_219_18_4_jpg.rf.a874caa16a90e165da0682676dc5d5a9.npz,True,unreviewed_kept,0,,,,
train,18_217_219_70_18_jpg.rf.6265ff039c98209fd4a3ec951b206e71.jpg,18_217_219_70_18_jpg.rf.6265ff039c98209fd4a3ec951b206e71.npz,True,unreviewed_kept,0,,,,
train,18_217_219_70_3_jpg.rf.930aed3c2598c2b37352d5b88dffee17.jpg,18_217_219_70_3_jpg.rf.930aed3c2598c2b37352d5b88dffee17.npz,True,unreviewed_kept,0,,,,
train,18_217_219_71_14_jpg.rf.186953a91c5591e090ed7c0ed8fb8668.jpg,18_217_219_71_14_jpg.rf.186953a91c5591e090ed7c0ed8fb8668.npz,True,unreviewed_kept,0,,,,
train,18_217_219_71_15_jpg.rf.bb902faf5b8d4c92a0324d116bcaa7ba.jpg,18_217_219_71_15_jpg.rf.bb902faf5b8d4c92a0324d116bcaa7ba.npz,True,unreviewed_kept,0,,,,
train,18_217_219_71_16_jpg.rf.510d37165d8be60c3de5c81c133258d0.jpg,18_217_219_71_16_jpg.rf.510d37165d8be60c3de5c81c133258d0.npz,True,unreviewed_kept,0,,,,
train,18_217_219_71_19_jpg.rf.b6f568d2a012ad17c970039f779636b2.jpg,18_217_219_71_19_jpg.rf.b6f568d2a012ad17c970039f779636b2.npz,True,unreviewed_kept,0,,,,
train,18_217_219_71_3_jpg.rf.68f38c777ec40923d84c54399d662be0.jpg,18_217_219_71_3_jpg.rf.68f38c777ec40923d84c54399d662be0.npz,True,unreviewed_kept,0,,,,
train,18_217_219_72_10_jpg.rf.7bb6f54ba4c8fad750334ca811fe8fb1.jpg,18_217_219_72_10_jpg.rf.7bb6f54ba4c8fad750334ca811fe8fb1.npz,True,unreviewed_kept,0,,,,
train,18_217_219_73_18_jpg.rf.db42defafad04f491b4502665dc57f46.jpg,18_217_219_73_18_jpg.rf.db42defafad04f491b4502665dc57f46.npz,True,unreviewed_kept,0,,,,
train,18_217_219_74_13_jpg.rf.9e4b754b508d762839fe7f3a1bb0e8a5.jpg,18_217_219_74_13_jpg.rf.9e4b754b508d762839fe7f3a1bb0e8a5.npz,True,unreviewed_kept,0,,,,
train,18_217_219_74_3_jpg.rf.09cf25c12e1a2ee38714ef19b902c931.jpg,18_217_219_74_3_jpg.rf.09cf25c12e1a2ee38714ef19b902c931.npz,True,unreviewed_kept,0,,,,
train,18_217_219_74_8_jpg.rf.94c3ee2beed3b14daa616efe9b8c85ca.jpg,18_217_219_74_8_jpg.rf.94c3ee2beed3b14daa616efe9b8c85ca.npz,True,unreviewed_kept,0,,,,
train,18_217_219_75_11_jpg.rf.fa6f3ca5fc6cfe273a64c8b23ebfec73.jpg,18_217_219_75_11_jpg.rf.fa6f3ca5fc6cfe273a64c8b23ebfec73.npz,True,unreviewed_kept,0,,,,
train,18_217_219_75_13_jpg.rf.cabf9dba39991e4b8ba3d5026c187cd5.jpg,18_217_219_75_13_jpg.rf.cabf9dba39991e4b8ba3d5026c187cd5.npz,True,unreviewed_kept,0,,,,
train,18_217_219_75_14_jpg.rf.544ee3ded68f59d1163f1d904f00a1c9.jpg,18_217_219_75_14_jpg.rf.544ee3ded68f59d1163f1d904f00a1c9.npz,True,unreviewed_kept,0,,,,
train,18_217_219_75_15_jpg.rf.736ee13f1b982b58e9e2049006876eab.jpg,18_217_219_75_15_jpg.rf.736ee13f1b982b58e9e2049006876eab.npz,True,unreviewed_kept,0,,,,
train,18_217_219_76_8_jpg.rf.75edf577eaf3aea6499e4107c99b1268.jpg,18_217_219_76_8_jpg.rf.75edf577eaf3aea6499e4107c99b1268.npz,True,unreviewed_kept,0,,,,
train,18_217_219_80_3_jpg.rf.a32cb4619009c9c9a82f2c8e6e02b5ad.jpg,18_217_219_80_3_jpg.rf.a32cb4619009c9c9a82f2c8e6e02b5ad.npz,True,unreviewed_kept,0,,,,
train,18_219_201_14_4_jpg.rf.bdbc47d057b40137b77d96acf3005035.jpg,18_219_201_14_4_jpg.rf.bdbc47d057b40137b77d96acf3005035.npz,True,unreviewed_kept,0,,,,
train,18_219_201_14_6_jpg.rf.b811bc2a798e5d43982c192d339897bc.jpg,18_219_201_14_6_jpg.rf.b811bc2a798e5d43982c192d339897bc.npz,True,unreviewed_kept,0,,,,
train,18_219_201_16_9_jpg.rf.6462ec121b3b37a4cbbf3d5e07350ade.jpg,18_219_201_16_9_jpg.rf.6462ec121b3b37a4cbbf3d5e07350ade.npz,True,unreviewed_kept,0,,,,
train,18_219_201_58_4_jpg.rf.0ac17f167a966bc93529d7906d5366d2.jpg,18_219_201_58_4_jpg.rf.0ac17f167a966bc93529d7906d5366d2.npz,True,unreviewed_kept,0,,,,
train,18_219_203_14_13_jpg.rf.1de6aa16bd724849f3dfd370faf05a7e.jpg,18_219_203_14_13_jpg.rf.1de6aa16bd724849f3dfd370faf05a7e.npz,True,unreviewed_kept,0,,,,
train,18_219_203_15_8_jpg.rf.1035a45a5b4efb041e68fc9263a4cf79.jpg,18_219_203_15_8_jpg.rf.1035a45a5b4efb041e68fc9263a4cf79.npz,True,unreviewed_kept,0,,,,
train,18_219_205_20_5_jpg.rf.7bee19b9cc7ec2ea1b31e1b3fa061c0a.jpg,18_219_205_20_5_jpg.rf.7bee19b9cc7ec2ea1b31e1b3fa061c0a.npz,True,unreviewed_kept,0,,,,
train,18_219_205_23_7_jpg.rf.660fb2c82c1bf3908787c3fed107de79.jpg,18_219_205_23_7_jpg.rf.660fb2c82c1bf3908787c3fed107de79.npz,True,unreviewed_kept,0,,,,
train,18_219_205_25_4_jpg.rf.ccce1599590bac8e686842ddcbf3726e.jpg,18_219_205_25_4_jpg.rf.ccce1599590bac8e686842ddcbf3726e.npz,True,unreviewed_kept,0,,,,
train,18_219_205_27_4_jpg.rf.c26c69e970b548771d1eb88b0d51a86c.jpg,18_219_205_27_4_jpg.rf.c26c69e970b548771d1eb88b0d51a86c.npz,True,unreviewed_kept,0,,,,
train,18_219_206_12_5_jpg.rf.96c713d50651e2b6a5d3efad68b46b21.jpg,18_219_206_12_5_jpg.rf.96c713d50651e2b6a5d3efad68b46b21.npz,True,unreviewed_kept,0,,,,
train,18_219_206_13_6_jpg.rf.9420fd4e45fa6fb9a8c16285d19e90b2.jpg,18_219_206_13_6_jpg.rf.9420fd4e45fa6fb9a8c16285d19e90b2.npz,True,unreviewed_kept,0,,,,
train,18_219_206_47_11_jpg.rf.8579f1db5fdbf16323f63367e7fdef60.jpg,18_219_206_47_11_jpg.rf.8579f1db5fdbf16323f63367e7fdef60.npz,False,excluded_label_problem,2,A,N,N,模型检出能力不足&漏标
train,18_219_206_48_23_jpg.rf.93b370221ae5a74a7409d274c57cb181.jpg,18_219_206_48_23_jpg.rf.93b370221ae5a74a7409d274c57cb181.npz,True,unreviewed_kept,0,,,,
train,18_219_206_49_14_jpg.rf.d8571300376ef46d27c6b5d0f67ce91b.jpg,18_219_206_49_14_jpg.rf.d8571300376ef46d27c6b5d0f67ce91b.npz,True,unreviewed_kept,0,,,,
train,18_219_206_49_28_jpg.rf.8c322b7b402a453d07669c5f89b13335.jpg,18_219_206_49_28_jpg.rf.8c322b7b402a453d07669c5f89b13335.npz,True,unreviewed_kept,0,,,,
train,18_219_206_49_29_jpg.rf.8fb45142d0e4d30eb892b40e9f0e046b.jpg,18_219_206_49_29_jpg.rf.8fb45142d0e4d30eb892b40e9f0e046b.npz,True,unreviewed_kept,0,,,,
train,18_219_206_49_4_jpg.rf.3bd085db8a564c14d619dcc3c0344196.jpg,18_219_206_49_4_jpg.rf.3bd085db8a564c14d619dcc3c0344196.npz,True,unreviewed_kept,0,,,,
train,18_219_206_53_22_jpg.rf.6d1b853b53e60118fd7955662ce2e4d8.jpg,18_219_206_53_22_jpg.rf.6d1b853b53e60118fd7955662ce2e4d8.npz,True,unreviewed_kept,0,,,,
train,18_219_206_56_18_jpg.rf.75750d488dfe4b68ee4d339cd1fd7c59.jpg,18_219_206_56_18_jpg.rf.75750d488dfe4b68ee4d339cd1fd7c59.npz,True,unreviewed_kept,0,,,,
train,18_219_206_57_19_jpg.rf.7fce05ca55a51e4fe2d17dc5ee0d9cc2.jpg,18_219_206_57_19_jpg.rf.7fce05ca55a51e4fe2d17dc5ee0d9cc2.npz,True,unreviewed_kept,0,,,,
train,18_219_208_47_16_jpg.rf.e857356c36a6603f6f811aae9360fa8a.jpg,18_219_208_47_16_jpg.rf.e857356c36a6603f6f811aae9360fa8a.npz,True,unreviewed_kept,0,,,,
train,18_219_208_47_23_jpg.rf.d810af158793a9a6def617ab06576dd3.jpg,18_219_208_47_23_jpg.rf.d810af158793a9a6def617ab06576dd3.npz,False,excluded_label_problem,2,A,N,Y,炎症不典型，纤维化典型
train,18_219_208_48_22_jpg.rf.6571129b55226a819108160e56cb0f6a.jpg,18_219_208_48_22_jpg.rf.6571129b55226a819108160e56cb0f6a.npz,True,unreviewed_kept,0,,,,
train,18_219_208_48_24_jpg.rf.09ecb1530a57cda2bebc9255735900dd.jpg,18_219_208_48_24_jpg.rf.09ecb1530a57cda2bebc9255735900dd.npz,True,unreviewed_kept,0,,,,
train,18_219_208_49_21_jpg.rf.758f8a1ddb3ed57e97a0f14e9d262981.jpg,18_219_208_49_21_jpg.rf.758f8a1ddb3ed57e97a0f14e9d262981.npz,False,excluded_label_problem,2,A,N,Y,炎症区域不典型
train,18_219_208_49_25_jpg.rf.4bafc0d07c6d94e793cd94e21735a17b.jpg,18_219_208_49_25_jpg.rf.4bafc0d07c6d94e793cd94e21735a17b.npz,True,unreviewed_kept,0,,,,
train,18_219_208_49_8_jpg.rf.26a93d179bb3294982c01ce7e7a41dcd.jpg,18_219_208_49_8_jpg.rf.26a93d179bb3294982c01ce7e7a41dcd.npz,False,excluded_label_problem,2,A,N,Y,炎症区域不典型
train,18_219_208_50_18_jpg.rf.f4c43f0f57a0811cfef9edd49c931f7d.jpg,18_219_208_50_18_jpg.rf.f4c43f0f57a0811cfef9edd49c931f7d.npz,True,unreviewed_kept,0,,,,
train,18_219_208_50_20_jpg.rf.74093fe106f6335d4e1ed3a7161a931e.jpg,18_219_208_50_20_jpg.rf.74093fe106f6335d4e1ed3a7161a931e.npz,True,unreviewed_kept,0,,,,
train,18_219_208_50_21_jpg.rf.1a6de3bbf47d0bc5860a6ba4aa53fe55.jpg,18_219_208_50_21_jpg.rf.1a6de3bbf47d0bc5860a6ba4aa53fe55.npz,True,unreviewed_kept,0,,,,
train,18_219_208_50_25_jpg.rf.fdba1fed7d34a3c07f26a0c712f97773.jpg,18_219_208_50_25_jpg.rf.fdba1fed7d34a3c07f26a0c712f97773.npz,True,unreviewed_kept,0,,,,
train,18_219_208_50_27_jpg.rf.597d8c227864b3fe77579028140d71f4.jpg,18_219_208_50_27_jpg.rf.597d8c227864b3fe77579028140d71f4.npz,True,unreviewed_kept,0,,,,
train,18_219_208_50_28_jpg.rf.0206db34c39e40a70e695d6eefcabaa9.jpg,18_219_208_50_28_jpg.rf.0206db34c39e40a70e695d6eefcabaa9.npz,True,unreviewed_kept,0,,,,
train,18_219_208_50_5_jpg.rf.fcf6197f82f25ef94e97dc7d39212c18.jpg,18_219_208_50_5_jpg.rf.fcf6197f82f25ef94e97dc7d39212c18.npz,True,unreviewed_kept,0,,,,
train,18_219_208_50_7_jpg.rf.9c206cc9c51976566adb31964a912234.jpg,18_219_208_50_7_jpg.rf.9c206cc9c51976566adb31964a912234.npz,True,reviewed_kept,2,B,Y,N,模型检出能力不足
train,18_219_208_51_18_jpg.rf.5dfb915e6a34eb13d119ab624fa2fdab.jpg,18_219_208_51_18_jpg.rf.5dfb915e6a34eb13d119ab624fa2fdab.npz,True,unreviewed_kept,0,,,,
train,18_219_208_51_20_jpg.rf.38f3c16bec0fed6f0f7e7f5d02ab406f.jpg,18_219_208_51_20_jpg.rf.38f3c16bec0fed6f0f7e7f5d02ab406f.npz,True,unreviewed_kept,0,,,,
train,18_219_208_51_25_jpg.rf.e06c42d03243ac12ba1852c812cf972f.jpg,18_219_208_51_25_jpg.rf.e06c42d03243ac12ba1852c812cf972f.npz,True,unreviewed_kept,0,,,,
train,18_219_208_51_26_jpg.rf.f3ede5c7c8630e1d6b6ce34fbc6cd86f.jpg,18_219_208_51_26_jpg.rf.f3ede5c7c8630e1d6b6ce34fbc6cd86f.npz,True,unreviewed_kept,0,,,,
train,18_219_208_51_6_jpg.rf.2103940cdd4474c2d0c86df27cc89006.jpg,18_219_208_51_6_jpg.rf.2103940cdd4474c2d0c86df27cc89006.npz,True,unreviewed_kept,0,,,,
train,18_219_208_52_19_jpg.rf.bee0393b9b4ec224f5ac35be7497a914.jpg,18_219_208_52_19_jpg.rf.bee0393b9b4ec224f5ac35be7497a914.npz,True,unreviewed_kept,0,,,,
train,18_219_208_52_25_jpg.rf.01e9383a1102c9e384ce0e013dfcd7ab.jpg,18_219_208_52_25_jpg.rf.01e9383a1102c9e384ce0e013dfcd7ab.npz,False,excluded_label_problem,2,A,N,Y,炎症区域不典型
train,18_219_208_52_6_jpg.rf.c100e68c91ad3cf85007a52e577e16a8.jpg,18_219_208_52_6_jpg.rf.c100e68c91ad3cf85007a52e577e16a8.npz,True,unreviewed_kept,0,,,,
train,18_219_208_53_6_jpg.rf.01f5fe902c365477654f362b589521f2.jpg,18_219_208_53_6_jpg.rf.01f5fe902c365477654f362b589521f2.npz,True,unreviewed_kept,0,,,,
train,18_219_212_46_21_jpg.rf.1e0b58a5f764a3b43706914e9322997d.jpg,18_219_212_46_21_jpg.rf.1e0b58a5f764a3b43706914e9322997d.npz,True,unreviewed_kept,0,,,,
train,18_228_Masson_207_33_21_jpg.rf.fa459fb908f502b94970b1867b4321fd.jpg,18_228_Masson_207_33_21_jpg.rf.fa459fb908f502b94970b1867b4321fd.npz,False,excluded_label_problem,2,A,N,Y,炎症不典型，炎细胞？存疑
train,18_228_Masson_207_33_34_jpg.rf.f9b5e467346ed8ecc9d2a944ce7c9237.jpg,18_228_Masson_207_33_34_jpg.rf.f9b5e467346ed8ecc9d2a944ce7c9237.npz,True,unreviewed_kept,0,,,,
train,18_228_Masson_207_35_34_jpg.rf.339e94420ca52f2e432ffc96d08896a4.jpg,18_228_Masson_207_35_34_jpg.rf.339e94420ca52f2e432ffc96d08896a4.npz,True,unreviewed_kept,0,,,,
train,18_228_Masson_207_36_25_jpg.rf.4e5be75eb57c8125e599b83a144adc57.jpg,18_228_Masson_207_36_25_jpg.rf.4e5be75eb57c8125e599b83a144adc57.npz,True,unreviewed_kept,0,,,,
train,18_228_Masson_207_36_29_jpg.rf.d24615410984731bea7fbaa9a5647bab.jpg,18_228_Masson_207_36_29_jpg.rf.d24615410984731bea7fbaa9a5647bab.npz,True,unreviewed_kept,0,,,,
train,18_228_Masson_207_36_36_jpg.rf.d1fb25a38bbc2d995d52bd40c0b87236.jpg,18_228_Masson_207_36_36_jpg.rf.d1fb25a38bbc2d995d52bd40c0b87236.npz,True,unreviewed_kept,0,,,,
train,18_228_Masson_208_47_14_jpg.rf.240c57ee1fb8e196aee8fbe900a78be5.jpg,18_228_Masson_208_47_14_jpg.rf.240c57ee1fb8e196aee8fbe900a78be5.npz,True,unreviewed_kept,0,,,,
train,18_228_Masson_208_65_39_jpg.rf.e43fdd5e41dbbbf67a9c0aaf5f82c789.jpg,18_228_Masson_208_65_39_jpg.rf.e43fdd5e41dbbbf67a9c0aaf5f82c789.npz,True,unreviewed_kept,0,,,,
train,18_228_Masson_208_65_49_jpg.rf.614ae9d62bf9a79dca2cfcdc97346f60.jpg,18_228_Masson_208_65_49_jpg.rf.614ae9d62bf9a79dca2cfcdc97346f60.npz,True,unreviewed_kept,0,,,,
train,18_228_Masson_208_66_14_jpg.rf.5e0c0e0d05b2a9d263fd544fe0eb2390.jpg,18_228_Masson_208_66_14_jpg.rf.5e0c0e0d05b2a9d263fd544fe0eb2390.npz,True,unreviewed_kept,0,,,,
train,18_228_Masson_208_66_17_jpg.rf.ef9ff8b7ad2920ac1e0af93a54e22963.jpg,18_228_Masson_208_66_17_jpg.rf.ef9ff8b7ad2920ac1e0af93a54e22963.npz,True,unreviewed_kept,0,,,,
train,18_228_Masson_208_66_33_jpg.rf.b9da12b1a892cbaf94a831e8bf807648.jpg,18_228_Masson_208_66_33_jpg.rf.b9da12b1a892cbaf94a831e8bf807648.npz,True,unreviewed_kept,0,,,,
train,18_228_Masson_208_66_48_jpg.rf.c16cc3044688494fbda8f30d09974b64.jpg,18_228_Masson_208_66_48_jpg.rf.c16cc3044688494fbda8f30d09974b64.npz,True,unreviewed_kept,0,,,,
train,18_228_Masson_208_66_49_jpg.rf.e29c0743e8f243aec1e9c2c4e8c86fff.jpg,18_228_Masson_208_66_49_jpg.rf.e29c0743e8f243aec1e9c2c4e8c86fff.npz,True,unreviewed_kept,0,,,,
train,18_228_Masson_208_67_33_jpg.rf.b39c309a7306800595724b2717380f3b.jpg,18_228_Masson_208_67_33_jpg.rf.b39c309a7306800595724b2717380f3b.npz,True,unreviewed_kept,0,,,,
train,18_228_Masson_208_67_43_jpg.rf.4636da365156fb1d0b00fcc1b0062039.jpg,18_228_Masson_208_67_43_jpg.rf.4636da365156fb1d0b00fcc1b0062039.npz,True,unreviewed_kept,0,,,,
train,18_228_Masson_208_67_48_jpg.rf.53a7825b8aad97fbeae226023bdf6967.jpg,18_228_Masson_208_67_48_jpg.rf.53a7825b8aad97fbeae226023bdf6967.npz,True,unreviewed_kept,0,,,,
train,18_228_Masson_208_68_36_jpg.rf.19b86d5db7e123086c7d8fb2621b5ea4.jpg,18_228_Masson_208_68_36_jpg.rf.19b86d5db7e123086c7d8fb2621b5ea4.npz,True,unreviewed_kept,0,,,,
train,18_228_Masson_208_68_40_jpg.rf.bc304d0ac63820fdc32b8d6ec6caaf72.jpg,18_228_Masson_208_68_40_jpg.rf.bc304d0ac63820fdc32b8d6ec6caaf72.npz,True,unreviewed_kept,0,,,,
train,18_228_Masson_208_68_43_jpg.rf.d571057af5913d8aae3878bd58021096.jpg,18_228_Masson_208_68_43_jpg.rf.d571057af5913d8aae3878bd58021096.npz,True,unreviewed_kept,0,,,,
train,18_228_Masson_208_68_44_jpg.rf.3439159a1ced51047381ef5c72ebdc42.jpg,18_228_Masson_208_68_44_jpg.rf.3439159a1ced51047381ef5c72ebdc42.npz,True,unreviewed_kept,0,,,,
train,18_228_Masson_208_68_46_jpg.rf.375ee4a1586f1793c30c733eda46eabc.jpg,18_228_Masson_208_68_46_jpg.rf.375ee4a1586f1793c30c733eda46eabc.npz,True,unreviewed_kept,0,,,,
train,18_228_Masson_208_69_39_jpg.rf.a8e6d5e188e80bc5b1028522fd056dd8.jpg,18_228_Masson_208_69_39_jpg.rf.a8e6d5e188e80bc5b1028522fd056dd8.npz,True,unreviewed_kept,0,,,,
train,18_228_Masson_208_69_40_jpg.rf.c7b8246268cfaa3e1d31e2519a189de5.jpg,18_228_Masson_208_69_40_jpg.rf.c7b8246268cfaa3e1d31e2519a189de5.npz,True,unreviewed_kept,0,,,,
train,18_228_Masson_208_69_45_jpg.rf.f8f58fc20fe9006c8df5c9f02691351c.jpg,18_228_Masson_208_69_45_jpg.rf.f8f58fc20fe9006c8df5c9f02691351c.npz,True,unreviewed_kept,0,,,,
train,18_228_Masson_208_70_15_jpg.rf.56b0b1eec23b9f3298fe9441569d8b24.jpg,18_228_Masson_208_70_15_jpg.rf.56b0b1eec23b9f3298fe9441569d8b24.npz,True,unreviewed_kept,0,,,,
train,18_228_Masson_208_74_29_jpg.rf.6d5b52e499204e305cb4e9f832a8b696.jpg,18_228_Masson_208_74_29_jpg.rf.6d5b52e499204e305cb4e9f832a8b696.npz,True,reviewed_kept,1,,,,
train,18_228_Masson_208_74_31_jpg.rf.ae9585e523ee596c9847ac4c4ed89950.jpg,18_228_Masson_208_74_31_jpg.rf.ae9585e523ee596c9847ac4c4ed89950.npz,True,unreviewed_kept,0,,,,
train,18_228_Masson_403_61_25_jpg.rf.33d2873666a9385c2cb750be2417313f.jpg,18_228_Masson_403_61_25_jpg.rf.33d2873666a9385c2cb750be2417313f.npz,True,unreviewed_kept,0,,,,
train,18_228_Masson_403_78_43_jpg.rf.6e38130e341a33085ed9ad20ca45f3e7.jpg,18_228_Masson_403_78_43_jpg.rf.6e38130e341a33085ed9ad20ca45f3e7.npz,True,unreviewed_kept,0,,,,
train,18_228_Masson_504_59_31_jpg.rf.a794e88e96a409bece372283c7e7a955.jpg,18_228_Masson_504_59_31_jpg.rf.a794e88e96a409bece372283c7e7a955.npz,True,unreviewed_kept,0,,,,
train,18_228_Masson_505_100_28_jpg.rf.ba7650957872b1c8e4df990c5282912d.jpg,18_228_Masson_505_100_28_jpg.rf.ba7650957872b1c8e4df990c5282912d.npz,True,unreviewed_kept,0,,,,
train,18_228_Masson_505_100_30_jpg.rf.3c6c4699b59a2d101302d72859b699d9.jpg,18_228_Masson_505_100_30_jpg.rf.3c6c4699b59a2d101302d72859b699d9.npz,True,unreviewed_kept,0,,,,
train,18_228_Masson_505_100_32_jpg.rf.b1983d589c2ec564746c1a7ace253ac6.jpg,18_228_Masson_505_100_32_jpg.rf.b1983d589c2ec564746c1a7ace253ac6.npz,True,unreviewed_kept,0,,,,
train,18_228_Masson_505_100_36_jpg.rf.d93a2eb243d2eaa8d0358857a6885d97.jpg,18_228_Masson_505_100_36_jpg.rf.d93a2eb243d2eaa8d0358857a6885d97.npz,True,unreviewed_kept,0,,,,
train,18_228_Masson_505_101_30_jpg.rf.deea712248d61b3d47deed48fc8adbec.jpg,18_228_Masson_505_101_30_jpg.rf.deea712248d61b3d47deed48fc8adbec.npz,True,unreviewed_kept,0,,,,
train,18_228_Masson_505_101_31_jpg.rf.d967deaa0a1a6b73359eeb5c0611f8f6.jpg,18_228_Masson_505_101_31_jpg.rf.d967deaa0a1a6b73359eeb5c0611f8f6.npz,True,unreviewed_kept,0,,,,
train,18_228_Masson_505_101_32_jpg.rf.123ffb7733d1efbe63f03b914d9c9e00.jpg,18_228_Masson_505_101_32_jpg.rf.123ffb7733d1efbe63f03b914d9c9e00.npz,True,unreviewed_kept,0,,,,
train,18_228_Masson_505_101_36_jpg.rf.58a83a3e6780a13bd6842f4a0baf837f.jpg,18_228_Masson_505_101_36_jpg.rf.58a83a3e6780a13bd6842f4a0baf837f.npz,True,unreviewed_kept,0,,,,
train,18_228_Masson_505_102_37_jpg.rf.57c8d83c4123611602eff7b070fbf6d7.jpg,18_228_Masson_505_102_37_jpg.rf.57c8d83c4123611602eff7b070fbf6d7.npz,True,unreviewed_kept,0,,,,
train,18_228_Masson_505_102_38_jpg.rf.d09872dcdcef53dbb5da758eab65e19c.jpg,18_228_Masson_505_102_38_jpg.rf.d09872dcdcef53dbb5da758eab65e19c.npz,True,unreviewed_kept,0,,,,
train,18_228_Masson_505_103_27_jpg.rf.e76387275cafbdb83644373f8a4a35f5.jpg,18_228_Masson_505_103_27_jpg.rf.e76387275cafbdb83644373f8a4a35f5.npz,True,unreviewed_kept,0,,,,
train,18_228_Masson_505_103_30_jpg.rf.a47c3694726b8d4e459aed12f613c984.jpg,18_228_Masson_505_103_30_jpg.rf.a47c3694726b8d4e459aed12f613c984.npz,True,unreviewed_kept,0,,,,
train,18_228_Masson_505_103_32_jpg.rf.104234a8048fc779b93d0ab808963b5e.jpg,18_228_Masson_505_103_32_jpg.rf.104234a8048fc779b93d0ab808963b5e.npz,True,unreviewed_kept,0,,,,
train,18_228_Masson_505_103_34_jpg.rf.3eae949b5b352193bc103f1ccd85ae4b.jpg,18_228_Masson_505_103_34_jpg.rf.3eae949b5b352193bc103f1ccd85ae4b.npz,True,unreviewed_kept,0,,,,
train,18_228_Masson_505_103_37_jpg.rf.529907de8962f5f484cb5292ce83c58b.jpg,18_228_Masson_505_103_37_jpg.rf.529907de8962f5f484cb5292ce83c58b.npz,True,unreviewed_kept,0,,,,
train,18_228_Masson_505_103_39_jpg.rf.4248a3afe12005c03aebd434a9df97b9.jpg,18_228_Masson_505_103_39_jpg.rf.4248a3afe12005c03aebd434a9df97b9.npz,True,unreviewed_kept,0,,,,
train,18_228_Masson_505_104_29_jpg.rf.a7ed82134e24d2a724bd736dbf852990.jpg,18_228_Masson_505_104_29_jpg.rf.a7ed82134e24d2a724bd736dbf852990.npz,True,unreviewed_kept,0,,,,
train,18_228_Masson_505_80_22_jpg.rf.c71ec874ff04e4478ba53e6f0f4171ef.jpg,18_228_Masson_505_80_22_jpg.rf.c71ec874ff04e4478ba53e6f0f4171ef.npz,True,unreviewed_kept,0,,,,
train,18_228_Masson_505_80_23_jpg.rf.d29ab443a280e730098a0a7cc4885b3d.jpg,18_228_Masson_505_80_23_jpg.rf.d29ab443a280e730098a0a7cc4885b3d.npz,True,unreviewed_kept,0,,,,
train,18_228_Masson_505_81_21_jpg.rf.ea40035707719d5251ffd3e1687568ad.jpg,18_228_Masson_505_81_21_jpg.rf.ea40035707719d5251ffd3e1687568ad.npz,True,unreviewed_kept,0,,,,
train,18_228_Masson_505_81_22_jpg.rf.a75ee40299b4b9225899761791648e2e.jpg,18_228_Masson_505_81_22_jpg.rf.a75ee40299b4b9225899761791648e2e.npz,True,unreviewed_kept,0,,,,
train,18_228_Masson_505_81_25_jpg.rf.408b1083950e80cf1fc626375353f6ad.jpg,18_228_Masson_505_81_25_jpg.rf.408b1083950e80cf1fc626375353f6ad.npz,True,unreviewed_kept,0,,,,
train,18_228_Masson_505_82_19_jpg.rf.d06d36bdc345c4c18e79910e70bf62a3.jpg,18_228_Masson_505_82_19_jpg.rf.d06d36bdc345c4c18e79910e70bf62a3.npz,True,unreviewed_kept,0,,,,
train,18_228_Masson_505_82_23_jpg.rf.c4da08c62870350ec3fdda653b92f8a2.jpg,18_228_Masson_505_82_23_jpg.rf.c4da08c62870350ec3fdda653b92f8a2.npz,True,unreviewed_kept,0,,,,
train,18_228_Masson_505_82_24_jpg.rf.59a6e77a656246891066cebe9c8d5a44.jpg,18_228_Masson_505_82_24_jpg.rf.59a6e77a656246891066cebe9c8d5a44.npz,True,unreviewed_kept,0,,,,
train,18_228_Masson_505_82_27_jpg.rf.977a2508051bce6ab945a5edd26244bd.jpg,18_228_Masson_505_82_27_jpg.rf.977a2508051bce6ab945a5edd26244bd.npz,True,unreviewed_kept,0,,,,
train,18_228_Masson_505_82_30_jpg.rf.36e509e0c3383b321eba4a310bcff7ba.jpg,18_228_Masson_505_82_30_jpg.rf.36e509e0c3383b321eba4a310bcff7ba.npz,True,unreviewed_kept,0,,,,
train,18_228_Masson_505_82_32_jpg.rf.e9b7ce95d94bdd51ccb7954c1c641600.jpg,18_228_Masson_505_82_32_jpg.rf.e9b7ce95d94bdd51ccb7954c1c641600.npz,True,unreviewed_kept,0,,,,
train,18_228_Masson_505_82_37_jpg.rf.bccbe54f2949ec7ada4517889642ceb7.jpg,18_228_Masson_505_82_37_jpg.rf.bccbe54f2949ec7ada4517889642ceb7.npz,True,unreviewed_kept,0,,,,
train,18_228_Masson_505_83_19_jpg.rf.7e938e4bf92c53ed7d4a17b891ba63ea.jpg,18_228_Masson_505_83_19_jpg.rf.7e938e4bf92c53ed7d4a17b891ba63ea.npz,True,unreviewed_kept,0,,,,
train,18_228_Masson_505_83_26_jpg.rf.3c1e4000000cedfa862181a29f80a766.jpg,18_228_Masson_505_83_26_jpg.rf.3c1e4000000cedfa862181a29f80a766.npz,True,unreviewed_kept,0,,,,
train,18_228_Masson_505_83_30_jpg.rf.35ff1e8d7e059e4c981fed1acc96fd56.jpg,18_228_Masson_505_83_30_jpg.rf.35ff1e8d7e059e4c981fed1acc96fd56.npz,True,unreviewed_kept,0,,,,
train,18_228_Masson_505_83_32_jpg.rf.367cf3c9a30e0a8a45034e81167c2cb5.jpg,18_228_Masson_505_83_32_jpg.rf.367cf3c9a30e0a8a45034e81167c2cb5.npz,True,unreviewed_kept,0,,,,
train,18_228_Masson_505_84_18_jpg.rf.9f700c94f4f57e998d49131bf4803081.jpg,18_228_Masson_505_84_18_jpg.rf.9f700c94f4f57e998d49131bf4803081.npz,True,unreviewed_kept,0,,,,
train,18_228_Masson_505_84_19_jpg.rf.4e8a4c0efd588ebd70600432de9446ed.jpg,18_228_Masson_505_84_19_jpg.rf.4e8a4c0efd588ebd70600432de9446ed.npz,True,unreviewed_kept,0,,,,
train,18_228_Masson_505_84_24_jpg.rf.10ca33f45573a7514270d47feaf13495.jpg,18_228_Masson_505_84_24_jpg.rf.10ca33f45573a7514270d47feaf13495.npz,True,unreviewed_kept,0,,,,
train,18_228_Masson_505_84_32_jpg.rf.1fa1375c1d1c5be68cd6e25a3add4707.jpg,18_228_Masson_505_84_32_jpg.rf.1fa1375c1d1c5be68cd6e25a3add4707.npz,True,unreviewed_kept,0,,,,
train,18_228_Masson_505_85_19_jpg.rf.15a9418a0d0afc6fe7bab957af80a368.jpg,18_228_Masson_505_85_19_jpg.rf.15a9418a0d0afc6fe7bab957af80a368.npz,True,unreviewed_kept,0,,,,
train,18_228_Masson_505_85_20_jpg.rf.c5453e00ec5c049415599764c28c4dbe.jpg,18_228_Masson_505_85_20_jpg.rf.c5453e00ec5c049415599764c28c4dbe.npz,True,unreviewed_kept,0,,,,
train,18_228_Masson_505_85_21_jpg.rf.eb920fe2baecd743d6369f79fc502d0a.jpg,18_228_Masson_505_85_21_jpg.rf.eb920fe2baecd743d6369f79fc502d0a.npz,True,unreviewed_kept,0,,,,
train,18_228_Masson_505_85_22_jpg.rf.3776ab54156dd03696df6031873b7463.jpg,18_228_Masson_505_85_22_jpg.rf.3776ab54156dd03696df6031873b7463.npz,True,unreviewed_kept,0,,,,
train,18_228_Masson_505_85_24_jpg.rf.7722a55fcef25fe020ec2d459472cd01.jpg,18_228_Masson_505_85_24_jpg.rf.7722a55fcef25fe020ec2d459472cd01.npz,True,unreviewed_kept,0,,,,
train,18_228_Masson_505_85_28_jpg.rf.a4c161f71e32bcc86cc746b1d8439273.jpg,18_228_Masson_505_85_28_jpg.rf.a4c161f71e32bcc86cc746b1d8439273.npz,True,unreviewed_kept,0,,,,
train,18_228_Masson_505_85_32_jpg.rf.56a1dfe56ae8391d9d82448731b794fc.jpg,18_228_Masson_505_85_32_jpg.rf.56a1dfe56ae8391d9d82448731b794fc.npz,True,unreviewed_kept,0,,,,
train,18_228_Masson_505_85_33_jpg.rf.edfe880384e255849b65ca01f92ae59a.jpg,18_228_Masson_505_85_33_jpg.rf.edfe880384e255849b65ca01f92ae59a.npz,True,unreviewed_kept,0,,,,
train,18_228_Masson_505_86_17_jpg.rf.63f6f1f835ac633951fb85aae68e1c30.jpg,18_228_Masson_505_86_17_jpg.rf.63f6f1f835ac633951fb85aae68e1c30.npz,True,unreviewed_kept,0,,,,
train,18_228_Masson_505_86_19_jpg.rf.55e3e2a84e3c44cacc258699f134136d.jpg,18_228_Masson_505_86_19_jpg.rf.55e3e2a84e3c44cacc258699f134136d.npz,True,unreviewed_kept,0,,,,
train,18_228_Masson_505_86_20_jpg.rf.4dc4deeee9499bd136a10a1cc15f5879.jpg,18_228_Masson_505_86_20_jpg.rf.4dc4deeee9499bd136a10a1cc15f5879.npz,True,unreviewed_kept,0,,,,
train,18_228_Masson_505_86_21_jpg.rf.0feefc9d8ab0ad61ebe7b39485d6d64a.jpg,18_228_Masson_505_86_21_jpg.rf.0feefc9d8ab0ad61ebe7b39485d6d64a.npz,True,unreviewed_kept,0,,,,
train,18_228_Masson_505_86_22_jpg.rf.f29a5ac17ca43351a1cd94bc45c0316a.jpg,18_228_Masson_505_86_22_jpg.rf.f29a5ac17ca43351a1cd94bc45c0316a.npz,True,unreviewed_kept,0,,,,
train,18_228_Masson_505_86_28_jpg.rf.6ffb97a550c807c7b2c3d6bc7a138191.jpg,18_228_Masson_505_86_28_jpg.rf.6ffb97a550c807c7b2c3d6bc7a138191.npz,True,unreviewed_kept,0,,,,
train,18_228_Masson_505_86_31_jpg.rf.69934bae2cc0b8dbc966319cd567c7e7.jpg,18_228_Masson_505_86_31_jpg.rf.69934bae2cc0b8dbc966319cd567c7e7.npz,True,unreviewed_kept,0,,,,
train,18_228_Masson_505_86_32_jpg.rf.419fbae12bab8b7d86e5afe7fe06db34.jpg,18_228_Masson_505_86_32_jpg.rf.419fbae12bab8b7d86e5afe7fe06db34.npz,True,unreviewed_kept,0,,,,
train,18_228_Masson_505_87_19_jpg.rf.3c938b041a39d2fe4793e6e144f7146e.jpg,18_228_Masson_505_87_19_jpg.rf.3c938b041a39d2fe4793e6e144f7146e.npz,True,unreviewed_kept,0,,,,
train,18_228_Masson_505_87_20_jpg.rf.52d88a88ae43295446283e58b9c6081e.jpg,18_228_Masson_505_87_20_jpg.rf.52d88a88ae43295446283e58b9c6081e.npz,True,unreviewed_kept,0,,,,
train,18_228_Masson_505_87_21_jpg.rf.6ef546df68c753f93a6115c6b6d37ef0.jpg,18_228_Masson_505_87_21_jpg.rf.6ef546df68c753f93a6115c6b6d37ef0.npz,True,unreviewed_kept,0,,,,
train,18_228_Masson_505_87_22_jpg.rf.89520d651bb7047476ba7e6cde14a6c6.jpg,18_228_Masson_505_87_22_jpg.rf.89520d651bb7047476ba7e6cde14a6c6.npz,True,unreviewed_kept,0,,,,
train,18_228_Masson_505_87_24_jpg.rf.d157f2abb8e7f8738902058342321110.jpg,18_228_Masson_505_87_24_jpg.rf.d157f2abb8e7f8738902058342321110.npz,True,unreviewed_kept,0,,,,
train,18_228_Masson_505_87_25_jpg.rf.211c2f5d0489988e7c0210c6b18050ff.jpg,18_228_Masson_505_87_25_jpg.rf.211c2f5d0489988e7c0210c6b18050ff.npz,True,unreviewed_kept,0,,,,
train,18_228_Masson_505_87_29_jpg.rf.104ed15f39ae1bcf16bd42294bebbe1e.jpg,18_228_Masson_505_87_29_jpg.rf.104ed15f39ae1bcf16bd42294bebbe1e.npz,True,unreviewed_kept,0,,,,
train,18_228_Masson_505_87_31_jpg.rf.5a95b76a3dd6cea50294711f8dc1ee02.jpg,18_228_Masson_505_87_31_jpg.rf.5a95b76a3dd6cea50294711f8dc1ee02.npz,True,unreviewed_kept,0,,,,
train,18_228_Masson_505_87_32_jpg.rf.6a29a36fa4fa1adbb852363f598d3d13.jpg,18_228_Masson_505_87_32_jpg.rf.6a29a36fa4fa1adbb852363f598d3d13.npz,True,unreviewed_kept,0,,,,
train,18_228_Masson_505_87_33_jpg.rf.b2097a7f40948a84bb3952fae42efadc.jpg,18_228_Masson_505_87_33_jpg.rf.b2097a7f40948a84bb3952fae42efadc.npz,True,unreviewed_kept,0,,,,
train,18_228_Masson_505_88_29_jpg.rf.49f34fb7a571abac3910b72b46a32c79.jpg,18_228_Masson_505_88_29_jpg.rf.49f34fb7a571abac3910b72b46a32c79.npz,True,unreviewed_kept,0,,,,
train,18_228_Masson_505_88_32_jpg.rf.481107a8e353430932a51f15004d27a3.jpg,18_228_Masson_505_88_32_jpg.rf.481107a8e353430932a51f15004d27a3.npz,True,unreviewed_kept,0,,,,
train,18_228_Masson_505_88_35_jpg.rf.63a577fb22bc175d02bd832ee7c78662.jpg,18_228_Masson_505_88_35_jpg.rf.63a577fb22bc175d02bd832ee7c78662.npz,True,unreviewed_kept,0,,,,
train,18_228_Masson_505_88_36_jpg.rf.eb1ff1ac1ca22ec13ec85ff071e045b6.jpg,18_228_Masson_505_88_36_jpg.rf.eb1ff1ac1ca22ec13ec85ff071e045b6.npz,True,unreviewed_kept,0,,,,
train,18_228_Masson_505_88_37_jpg.rf.a9ce9e5097028329b7b37eef8a3d1a11.jpg,18_228_Masson_505_88_37_jpg.rf.a9ce9e5097028329b7b37eef8a3d1a11.npz,True,unreviewed_kept,0,,,,
train,18_228_Masson_505_89_25_jpg.rf.5525b84e51c86eca2d736a496c1bca49.jpg,18_228_Masson_505_89_25_jpg.rf.5525b84e51c86eca2d736a496c1bca49.npz,True,unreviewed_kept,0,,,,
train,18_228_Masson_505_89_26_jpg.rf.fba6d086032cf9db2fc3c12f84263fd7.jpg,18_228_Masson_505_89_26_jpg.rf.fba6d086032cf9db2fc3c12f84263fd7.npz,True,unreviewed_kept,0,,,,
train,18_228_Masson_505_89_27_jpg.rf.bb9e3acd8bacd2f55865d92c0b351883.jpg,18_228_Masson_505_89_27_jpg.rf.bb9e3acd8bacd2f55865d92c0b351883.npz,True,unreviewed_kept,0,,,,
train,18_228_Masson_505_89_29_jpg.rf.0e7c13701659acb7b92b7cc8dea52f8f.jpg,18_228_Masson_505_89_29_jpg.rf.0e7c13701659acb7b92b7cc8dea52f8f.npz,True,unreviewed_kept,0,,,,
train,18_228_Masson_505_89_31_jpg.rf.86719cc21fba0bcfb812735bf7f5b9bd.jpg,18_228_Masson_505_89_31_jpg.rf.86719cc21fba0bcfb812735bf7f5b9bd.npz,True,unreviewed_kept,0,,,,
train,18_228_Masson_505_89_32_jpg.rf.7ed23469411f25198951a22144ce74c8.jpg,18_228_Masson_505_89_32_jpg.rf.7ed23469411f25198951a22144ce74c8.npz,True,unreviewed_kept,0,,,,
train,18_228_Masson_505_89_34_jpg.rf.81b08fca9cebf26f6e1108748a40c5d0.jpg,18_228_Masson_505_89_34_jpg.rf.81b08fca9cebf26f6e1108748a40c5d0.npz,True,unreviewed_kept,0,,,,
train,18_228_Masson_505_89_35_jpg.rf.92a62aae586786b0acabb3029e4327c1.jpg,18_228_Masson_505_89_35_jpg.rf.92a62aae586786b0acabb3029e4327c1.npz,True,unreviewed_kept,0,,,,
train,18_228_Masson_505_90_25_jpg.rf.2c9e0489f3d3102d2c507030807f4b3c.jpg,18_228_Masson_505_90_25_jpg.rf.2c9e0489f3d3102d2c507030807f4b3c.npz,True,unreviewed_kept,0,,,,
train,18_228_Masson_505_90_26_jpg.rf.8fc1af910254432d540113103e8599df.jpg,18_228_Masson_505_90_26_jpg.rf.8fc1af910254432d540113103e8599df.npz,True,unreviewed_kept,0,,,,
train,18_228_Masson_505_90_27_jpg.rf.547ce27948662272130245eff4f09e10.jpg,18_228_Masson_505_90_27_jpg.rf.547ce27948662272130245eff4f09e10.npz,True,unreviewed_kept,0,,,,
train,18_228_Masson_505_90_31_jpg.rf.be590cb18cfdd6ca13f97f61b0a8057b.jpg,18_228_Masson_505_90_31_jpg.rf.be590cb18cfdd6ca13f97f61b0a8057b.npz,True,unreviewed_kept,0,,,,
train,18_228_Masson_505_90_32_jpg.rf.17d2789ac5d31ac9651a1dafb7a84688.jpg,18_228_Masson_505_90_32_jpg.rf.17d2789ac5d31ac9651a1dafb7a84688.npz,True,unreviewed_kept,0,,,,
train,18_228_Masson_505_90_34_jpg.rf.5dc405858e8f5faab0bc5ec7c663b940.jpg,18_228_Masson_505_90_34_jpg.rf.5dc405858e8f5faab0bc5ec7c663b940.npz,True,unreviewed_kept,0,,,,
train,18_228_Masson_505_90_35_jpg.rf.cced4a16750df5198715e7bdedf22635.jpg,18_228_Masson_505_90_35_jpg.rf.cced4a16750df5198715e7bdedf22635.npz,True,unreviewed_kept,0,,,,
train,18_228_Masson_505_90_36_jpg.rf.b80ebe950503e9f91eccfb500f9422f0.jpg,18_228_Masson_505_90_36_jpg.rf.b80ebe950503e9f91eccfb500f9422f0.npz,True,unreviewed_kept,0,,,,
train,18_228_Masson_505_91_26_jpg.rf.7e28e1ea0b43ac22b58fe454545ba8c5.jpg,18_228_Masson_505_91_26_jpg.rf.7e28e1ea0b43ac22b58fe454545ba8c5.npz,True,unreviewed_kept,0,,,,
train,18_228_Masson_505_91_27_jpg.rf.14fbf7c1bb04fde5d0742f14370558ee.jpg,18_228_Masson_505_91_27_jpg.rf.14fbf7c1bb04fde5d0742f14370558ee.npz,True,unreviewed_kept,0,,,,
train,18_228_Masson_505_91_28_jpg.rf.0a93984a2110e6fd439472ae50a6f1c6.jpg,18_228_Masson_505_91_28_jpg.rf.0a93984a2110e6fd439472ae50a6f1c6.npz,True,unreviewed_kept,0,,,,
train,18_228_Masson_505_91_29_jpg.rf.2aa980807414b4149ec5bfad5c60db0d.jpg,18_228_Masson_505_91_29_jpg.rf.2aa980807414b4149ec5bfad5c60db0d.npz,True,unreviewed_kept,0,,,,
train,18_228_Masson_505_91_33_jpg.rf.f550f9b92e39545a81c989c2156cc69a.jpg,18_228_Masson_505_91_33_jpg.rf.f550f9b92e39545a81c989c2156cc69a.npz,True,unreviewed_kept,0,,,,
train,18_228_Masson_505_91_34_jpg.rf.fad05de1a4596ae1b89c43dfd3530ad9.jpg,18_228_Masson_505_91_34_jpg.rf.fad05de1a4596ae1b89c43dfd3530ad9.npz,True,unreviewed_kept,0,,,,
train,18_228_Masson_505_91_36_jpg.rf.6adbc4f8a2596eb000235ad7c6405591.jpg,18_228_Masson_505_91_36_jpg.rf.6adbc4f8a2596eb000235ad7c6405591.npz,True,unreviewed_kept,0,,,,
train,18_228_Masson_505_92_23_jpg.rf.e8897dbb3a216d4f59566fe81806672f.jpg,18_228_Masson_505_92_23_jpg.rf.e8897dbb3a216d4f59566fe81806672f.npz,True,unreviewed_kept,0,,,,
train,18_228_Masson_505_92_24_jpg.rf.791bd3ab6c139d40417df25979c2a240.jpg,18_228_Masson_505_92_24_jpg.rf.791bd3ab6c139d40417df25979c2a240.npz,True,unreviewed_kept,0,,,,
train,18_228_Masson_505_92_25_jpg.rf.d3cd2f5dacee0d44babf96ebdaca656c.jpg,18_228_Masson_505_92_25_jpg.rf.d3cd2f5dacee0d44babf96ebdaca656c.npz,True,unreviewed_kept,0,,,,
train,18_228_Masson_505_92_26_jpg.rf.8320522f113eca9c052c98892419efe6.jpg,18_228_Masson_505_92_26_jpg.rf.8320522f113eca9c052c98892419efe6.npz,True,unreviewed_kept,0,,,,
train,18_228_Masson_505_92_28_jpg.rf.4618eee9e9a0370eb57cad950a4d90b4.jpg,18_228_Masson_505_92_28_jpg.rf.4618eee9e9a0370eb57cad950a4d90b4.npz,True,unreviewed_kept,0,,,,
train,18_228_Masson_505_92_29_jpg.rf.bfc31aaabd635ff3ef220ea1a7225486.jpg,18_228_Masson_505_92_29_jpg.rf.bfc31aaabd635ff3ef220ea1a7225486.npz,True,unreviewed_kept,0,,,,
train,18_228_Masson_505_92_30_jpg.rf.d309fdd8ad7f274854d0f1e96ba3b301.jpg,18_228_Masson_505_92_30_jpg.rf.d309fdd8ad7f274854d0f1e96ba3b301.npz,True,unreviewed_kept,0,,,,
train,18_228_Masson_505_92_37_jpg.rf.225d331a85cec79fbfae21f455d4dfef.jpg,18_228_Masson_505_92_37_jpg.rf.225d331a85cec79fbfae21f455d4dfef.npz,True,unreviewed_kept,0,,,,
train,18_228_Masson_505_93_21_jpg.rf.8d7583edde146e0bc15d68959140fd57.jpg,18_228_Masson_505_93_21_jpg.rf.8d7583edde146e0bc15d68959140fd57.npz,True,unreviewed_kept,0,,,,
train,18_228_Masson_505_93_22_jpg.rf.b1dcf64085553250387e0ac3e0b15f14.jpg,18_228_Masson_505_93_22_jpg.rf.b1dcf64085553250387e0ac3e0b15f14.npz,True,unreviewed_kept,0,,,,
train,18_228_Masson_505_93_24_jpg.rf.18f90f97ccaf587140e3ab05fae5c6e2.jpg,18_228_Masson_505_93_24_jpg.rf.18f90f97ccaf587140e3ab05fae5c6e2.npz,True,unreviewed_kept,0,,,,
train,18_228_Masson_505_93_25_jpg.rf.c9560d5ea034f6e03c927f7e3d7b2e40.jpg,18_228_Masson_505_93_25_jpg.rf.c9560d5ea034f6e03c927f7e3d7b2e40.npz,True,unreviewed_kept,0,,,,
train,18_228_Masson_505_93_28_jpg.rf.0d279da8cb534e2dfffc27fe09b990a1.jpg,18_228_Masson_505_93_28_jpg.rf.0d279da8cb534e2dfffc27fe09b990a1.npz,True,unreviewed_kept,0,,,,
train,18_228_Masson_505_93_31_jpg.rf.7c813653e01ce9a923376adc622e8ff4.jpg,18_228_Masson_505_93_31_jpg.rf.7c813653e01ce9a923376adc622e8ff4.npz,True,unreviewed_kept,0,,,,
train,18_228_Masson_505_93_38_jpg.rf.9ab88321d0beb450ff563e9451e6e8da.jpg,18_228_Masson_505_93_38_jpg.rf.9ab88321d0beb450ff563e9451e6e8da.npz,True,unreviewed_kept,0,,,,
train,18_228_Masson_505_94_22_jpg.rf.05e36cd78a6182d97a7150bb7140e9cd.jpg,18_228_Masson_505_94_22_jpg.rf.05e36cd78a6182d97a7150bb7140e9cd.npz,True,unreviewed_kept,0,,,,
train,18_228_Masson_505_94_24_jpg.rf.954cdf2e555c72a9e932e55eb0571ca7.jpg,18_228_Masson_505_94_24_jpg.rf.954cdf2e555c72a9e932e55eb0571ca7.npz,True,unreviewed_kept,0,,,,
train,18_228_Masson_505_94_25_jpg.rf.9f0e67cf09f5d49734caaf0ea9079848.jpg,18_228_Masson_505_94_25_jpg.rf.9f0e67cf09f5d49734caaf0ea9079848.npz,True,unreviewed_kept,0,,,,
train,18_228_Masson_505_94_27_jpg.rf.f447d542269714c9d15f751ce9f5120d.jpg,18_228_Masson_505_94_27_jpg.rf.f447d542269714c9d15f751ce9f5120d.npz,True,unreviewed_kept,0,,,,
train,18_228_Masson_505_94_28_jpg.rf.a4a3e409479a17d9c7f0c898c568ce11.jpg,18_228_Masson_505_94_28_jpg.rf.a4a3e409479a17d9c7f0c898c568ce11.npz,True,unreviewed_kept,0,,,,
train,18_228_Masson_505_94_32_jpg.rf.d7fc51adaa8918cefea33375781e1faf.jpg,18_228_Masson_505_94_32_jpg.rf.d7fc51adaa8918cefea33375781e1faf.npz,True,unreviewed_kept,0,,,,
train,18_228_Masson_505_94_33_jpg.rf.dd5d299a6cdb9419d9a10e97609bfc5f.jpg,18_228_Masson_505_94_33_jpg.rf.dd5d299a6cdb9419d9a10e97609bfc5f.npz,True,unreviewed_kept,0,,,,
train,18_228_Masson_505_94_34_jpg.rf.a9cab4d50de97bae493842f950d7b2c2.jpg,18_228_Masson_505_94_34_jpg.rf.a9cab4d50de97bae493842f950d7b2c2.npz,True,unreviewed_kept,0,,,,
train,18_228_Masson_505_94_36_jpg.rf.f06947326c9ab42a5899c20865d3e250.jpg,18_228_Masson_505_94_36_jpg.rf.f06947326c9ab42a5899c20865d3e250.npz,True,unreviewed_kept,0,,,,
train,18_228_Masson_505_95_26_jpg.rf.6da817b9909a25fe136f19cd2362c160.jpg,18_228_Masson_505_95_26_jpg.rf.6da817b9909a25fe136f19cd2362c160.npz,True,unreviewed_kept,0,,,,
train,18_228_Masson_505_95_32_jpg.rf.9dd076da866b64303ef33932f2efac5a.jpg,18_228_Masson_505_95_32_jpg.rf.9dd076da866b64303ef33932f2efac5a.npz,True,unreviewed_kept,0,,,,
train,18_228_Masson_505_95_33_jpg.rf.98004612f6d375d747cbd67677db0720.jpg,18_228_Masson_505_95_33_jpg.rf.98004612f6d375d747cbd67677db0720.npz,True,unreviewed_kept,0,,,,
train,18_228_Masson_505_95_34_jpg.rf.a791dc2cfbd54568397f2d89e7633a48.jpg,18_228_Masson_505_95_34_jpg.rf.a791dc2cfbd54568397f2d89e7633a48.npz,True,unreviewed_kept,0,,,,
train,18_228_Masson_505_96_32_jpg.rf.6895165851ba7788f371ead40133e0ab.jpg,18_228_Masson_505_96_32_jpg.rf.6895165851ba7788f371ead40133e0ab.npz,True,unreviewed_kept,0,,,,
train,18_228_Masson_505_96_37_jpg.rf.bf9ede65393fc636a3194e948540ae9d.jpg,18_228_Masson_505_96_37_jpg.rf.bf9ede65393fc636a3194e948540ae9d.npz,True,unreviewed_kept,0,,,,
train,18_228_Masson_505_96_38_jpg.rf.a1ea47dfc2e94cf1b35602b5eaae31c3.jpg,18_228_Masson_505_96_38_jpg.rf.a1ea47dfc2e94cf1b35602b5eaae31c3.npz,True,unreviewed_kept,0,,,,
train,18_228_Masson_505_97_23_jpg.rf.fe33c9be8e226fbdc0597ccb135d0644.jpg,18_228_Masson_505_97_23_jpg.rf.fe33c9be8e226fbdc0597ccb135d0644.npz,True,unreviewed_kept,0,,,,
train,18_228_Masson_505_97_28_jpg.rf.11f14f62e658128c32f3864842b1a23b.jpg,18_228_Masson_505_97_28_jpg.rf.11f14f62e658128c32f3864842b1a23b.npz,True,unreviewed_kept,0,,,,
train,18_228_Masson_505_97_29_jpg.rf.24523720d8a1df1f6bed382c7ea8afdd.jpg,18_228_Masson_505_97_29_jpg.rf.24523720d8a1df1f6bed382c7ea8afdd.npz,True,unreviewed_kept,0,,,,
train,18_228_Masson_505_97_37_jpg.rf.64e12092a331e9c938e081d0f73c4101.jpg,18_228_Masson_505_97_37_jpg.rf.64e12092a331e9c938e081d0f73c4101.npz,True,unreviewed_kept,0,,,,
train,18_228_Masson_505_98_26_jpg.rf.8c2e8dd023717139a3ffbf5abf8be661.jpg,18_228_Masson_505_98_26_jpg.rf.8c2e8dd023717139a3ffbf5abf8be661.npz,True,unreviewed_kept,0,,,,
train,18_228_Masson_505_98_27_jpg.rf.df215b31f0ecf8c2683ca83e60255b75.jpg,18_228_Masson_505_98_27_jpg.rf.df215b31f0ecf8c2683ca83e60255b75.npz,True,unreviewed_kept,0,,,,
train,18_228_Masson_505_98_28_jpg.rf.1a33b227071f7a934ddca77fa4501a03.jpg,18_228_Masson_505_98_28_jpg.rf.1a33b227071f7a934ddca77fa4501a03.npz,True,unreviewed_kept,0,,,,
train,18_228_Masson_505_98_37_jpg.rf.36539e59952a3a32aa7986445250bc2f.jpg,18_228_Masson_505_98_37_jpg.rf.36539e59952a3a32aa7986445250bc2f.npz,True,unreviewed_kept,0,,,,
train,18_229_302_34_8_jpg.rf.5845c1152a6c7a1c2172c5da54f0d5ff.jpg,18_229_302_34_8_jpg.rf.5845c1152a6c7a1c2172c5da54f0d5ff.npz,True,unreviewed_kept,0,,,,
train,18_229_Masson_201_103_38_jpg.rf.2541291472e708af331da970e11a5e98.jpg,18_229_Masson_201_103_38_jpg.rf.2541291472e708af331da970e11a5e98.npz,True,unreviewed_kept,0,,,,
train,18_229_Masson_201_104_22_jpg.rf.0dff85fd2692f1fdc3b22c3dd1fde0f1.jpg,18_229_Masson_201_104_22_jpg.rf.0dff85fd2692f1fdc3b22c3dd1fde0f1.npz,True,unreviewed_kept,0,,,,
train,18_229_Masson_201_105_50_jpg.rf.75c64a25baaeeb8c248e0baf059b7f88.jpg,18_229_Masson_201_105_50_jpg.rf.75c64a25baaeeb8c248e0baf059b7f88.npz,True,unreviewed_kept,0,,,,
train,18_229_Masson_201_106_50_jpg.rf.3ff874a195650a44e2b77dcd0e33c565.jpg,18_229_Masson_201_106_50_jpg.rf.3ff874a195650a44e2b77dcd0e33c565.npz,True,unreviewed_kept,0,,,,
train,18_229_Masson_201_108_28_jpg.rf.410cade08fa5472ad05b619a396e972a.jpg,18_229_Masson_201_108_28_jpg.rf.410cade08fa5472ad05b619a396e972a.npz,True,unreviewed_kept,0,,,,
train,18_229_Masson_201_110_16_jpg.rf.9ac5662220571b4e017db581acc21a6d.jpg,18_229_Masson_201_110_16_jpg.rf.9ac5662220571b4e017db581acc21a6d.npz,True,unreviewed_kept,0,,,,
train,18_229_Masson_201_111_44_jpg.rf.219c1e18940df1c4e57b56881ad77312.jpg,18_229_Masson_201_111_44_jpg.rf.219c1e18940df1c4e57b56881ad77312.npz,True,unreviewed_kept,0,,,,
train,18_229_Masson_201_111_47_jpg.rf.02f78398825179b7aeb836a945813659.jpg,18_229_Masson_201_111_47_jpg.rf.02f78398825179b7aeb836a945813659.npz,True,unreviewed_kept,0,,,,
train,18_229_Masson_201_112_1_jpg.rf.e66111f14270a275dc10d131e6c1fa05.jpg,18_229_Masson_201_112_1_jpg.rf.e66111f14270a275dc10d131e6c1fa05.npz,True,unreviewed_kept,0,,,,
train,18_229_Masson_201_115_15_jpg.rf.e74b132a0e399d72ed70b1ad99730276.jpg,18_229_Masson_201_115_15_jpg.rf.e74b132a0e399d72ed70b1ad99730276.npz,True,unreviewed_kept,0,,,,
train,18_229_Masson_201_116_43_jpg.rf.5c98230aa43e1944e026c78fd710deb1.jpg,18_229_Masson_201_116_43_jpg.rf.5c98230aa43e1944e026c78fd710deb1.npz,True,unreviewed_kept,0,,,,
train,18_229_Masson_201_117_31_jpg.rf.e0b6197ad43eee7975acb9b1b3799497.jpg,18_229_Masson_201_117_31_jpg.rf.e0b6197ad43eee7975acb9b1b3799497.npz,True,unreviewed_kept,0,,,,
train,18_229_Masson_201_117_33_jpg.rf.22f7e13b4ffe560bafe4d9ffb957b1f6.jpg,18_229_Masson_201_117_33_jpg.rf.22f7e13b4ffe560bafe4d9ffb957b1f6.npz,True,unreviewed_kept,0,,,,
train,18_229_Masson_201_117_44_jpg.rf.8fe84970dce00489e9888feedc95e446.jpg,18_229_Masson_201_117_44_jpg.rf.8fe84970dce00489e9888feedc95e446.npz,True,unreviewed_kept,0,,,,
train,18_229_Masson_201_121_39_jpg.rf.9cbff5b3c875cda0820442041386125c.jpg,18_229_Masson_201_121_39_jpg.rf.9cbff5b3c875cda0820442041386125c.npz,True,unreviewed_kept,0,,,,
train,18_229_Masson_201_122_26_jpg.rf.32a09ed64d2824c6c15ac35d01a78f76.jpg,18_229_Masson_201_122_26_jpg.rf.32a09ed64d2824c6c15ac35d01a78f76.npz,True,unreviewed_kept,0,,,,
train,18_229_Masson_201_122_37_jpg.rf.7e0c39f48333cf96403672ea6161914d.jpg,18_229_Masson_201_122_37_jpg.rf.7e0c39f48333cf96403672ea6161914d.npz,True,unreviewed_kept,0,,,,
train,18_229_Masson_201_128_35_jpg.rf.8961510bb8e2a6781e3e9d35bc822a26.jpg,18_229_Masson_201_128_35_jpg.rf.8961510bb8e2a6781e3e9d35bc822a26.npz,True,unreviewed_kept,0,,,,
train,18_229_Masson_201_129_33_jpg.rf.6c310b689211472db20297d8f36cd993.jpg,18_229_Masson_201_129_33_jpg.rf.6c310b689211472db20297d8f36cd993.npz,True,unreviewed_kept,0,,,,
train,18_229_Masson_201_12_17_jpg.rf.daa5bff1f6d1c52538e6fed2b06e47f3.jpg,18_229_Masson_201_12_17_jpg.rf.daa5bff1f6d1c52538e6fed2b06e47f3.npz,True,unreviewed_kept,0,,,,
train,18_229_Masson_201_12_19_jpg.rf.1cdc6154688d1ad69bafebe44e0784d4.jpg,18_229_Masson_201_12_19_jpg.rf.1cdc6154688d1ad69bafebe44e0784d4.npz,True,unreviewed_kept,0,,,,
train,18_229_Masson_201_12_21_jpg.rf.bc451466c7ebdff144ae592c2cb80000.jpg,18_229_Masson_201_12_21_jpg.rf.bc451466c7ebdff144ae592c2cb80000.npz,True,unreviewed_kept,0,,,,
train,18_229_Masson_201_132_13_jpg.rf.bb366e2857f43703dec9cdefdd8548ec.jpg,18_229_Masson_201_132_13_jpg.rf.bb366e2857f43703dec9cdefdd8548ec.npz,True,unreviewed_kept,0,,,,
train,18_229_Masson_201_132_18_jpg.rf.cd3dcd7ecc7ea683ee0e488fb36a3851.jpg,18_229_Masson_201_132_18_jpg.rf.cd3dcd7ecc7ea683ee0e488fb36a3851.npz,True,unreviewed_kept,0,,,,
train,18_229_Masson_201_133_28_jpg.rf.b89183f3f241a17b611cc7d189d89004.jpg,18_229_Masson_201_133_28_jpg.rf.b89183f3f241a17b611cc7d189d89004.npz,True,unreviewed_kept,0,,,,
train,18_229_Masson_201_136_31_jpg.rf.9558d20f7206e2b01320a4692b7edc2b.jpg,18_229_Masson_201_136_31_jpg.rf.9558d20f7206e2b01320a4692b7edc2b.npz,True,unreviewed_kept,0,,,,
train,18_229_Masson_201_137_27_jpg.rf.6db6369e05bfc7fc1ed9902e05dc76aa.jpg,18_229_Masson_201_137_27_jpg.rf.6db6369e05bfc7fc1ed9902e05dc76aa.npz,True,unreviewed_kept,0,,,,
train,18_229_Masson_201_137_30_jpg.rf.6365b85d50809610e2c76dfa96e974c4.jpg,18_229_Masson_201_137_30_jpg.rf.6365b85d50809610e2c76dfa96e974c4.npz,True,unreviewed_kept,0,,,,
train,18_229_Masson_201_13_15_jpg.rf.3aa3a74cdf02987e7f2f6bbb8cfc5735.jpg,18_229_Masson_201_13_15_jpg.rf.3aa3a74cdf02987e7f2f6bbb8cfc5735.npz,True,unreviewed_kept,0,,,,
train,18_229_Masson_201_13_21_jpg.rf.7a73671bdcf033669bc720d7aa01ce0a.jpg,18_229_Masson_201_13_21_jpg.rf.7a73671bdcf033669bc720d7aa01ce0a.npz,True,unreviewed_kept,0,,,,
train,18_229_Masson_201_13_22_jpg.rf.642a2f74bb7d86820ed3c2ee57ff37f2.jpg,18_229_Masson_201_13_22_jpg.rf.642a2f74bb7d86820ed3c2ee57ff37f2.npz,True,unreviewed_kept,0,,,,
train,18_229_Masson_201_144_16_jpg.rf.8e8ce6a62d36735cd42c2872a68a710e.jpg,18_229_Masson_201_144_16_jpg.rf.8e8ce6a62d36735cd42c2872a68a710e.npz,True,unreviewed_kept,0,,,,
train,18_229_Masson_201_14_22_jpg.rf.843309254fc2d3fdcaaa05001c7e427e.jpg,18_229_Masson_201_14_22_jpg.rf.843309254fc2d3fdcaaa05001c7e427e.npz,True,unreviewed_kept,0,,,,
train,18_229_Masson_201_14_28_jpg.rf.3aca51ed038af377a378e14e81284283.jpg,18_229_Masson_201_14_28_jpg.rf.3aca51ed038af377a378e14e81284283.npz,True,unreviewed_kept,0,,,,
train,18_229_Masson_201_153_18_jpg.rf.84b96725f13a6a9878a822b7f6b13603.jpg,18_229_Masson_201_153_18_jpg.rf.84b96725f13a6a9878a822b7f6b13603.npz,True,unreviewed_kept,0,,,,
train,18_229_Masson_201_15_14_jpg.rf.d61cde9f945169262f4b1175da5f4ac1.jpg,18_229_Masson_201_15_14_jpg.rf.d61cde9f945169262f4b1175da5f4ac1.npz,True,unreviewed_kept,0,,,,
train,18_229_Masson_201_15_21_jpg.rf.88cfeca00735aeac1caf2b3ab0b0cdf2.jpg,18_229_Masson_201_15_21_jpg.rf.88cfeca00735aeac1caf2b3ab0b0cdf2.npz,True,unreviewed_kept,0,,,,
train,18_229_Masson_201_15_27_jpg.rf.cf54c72c40914c8c86ebff488e93a22d.jpg,18_229_Masson_201_15_27_jpg.rf.cf54c72c40914c8c86ebff488e93a22d.npz,True,unreviewed_kept,0,,,,
train,18_229_Masson_201_15_29_jpg.rf.18a07d68b83d70e5786bb34b48c94a9a.jpg,18_229_Masson_201_15_29_jpg.rf.18a07d68b83d70e5786bb34b48c94a9a.npz,True,unreviewed_kept,0,,,,
train,18_229_Masson_201_16_16_jpg.rf.07d9950ca3f6bdc07e855b08aea2350a.jpg,18_229_Masson_201_16_16_jpg.rf.07d9950ca3f6bdc07e855b08aea2350a.npz,True,unreviewed_kept,0,,,,
train,18_229_Masson_201_16_17_jpg.rf.a31f2e0fe519321fc6c8a2b6e1bd9b62.jpg,18_229_Masson_201_16_17_jpg.rf.a31f2e0fe519321fc6c8a2b6e1bd9b62.npz,True,unreviewed_kept,0,,,,
train,18_229_Masson_201_16_20_jpg.rf.936cb06495217823f2e283aa416f51ca.jpg,18_229_Masson_201_16_20_jpg.rf.936cb06495217823f2e283aa416f51ca.npz,True,unreviewed_kept,0,,,,
train,18_229_Masson_201_16_22_jpg.rf.150b003a5f1370bbcfed56fbfb0709a7.jpg,18_229_Masson_201_16_22_jpg.rf.150b003a5f1370bbcfed56fbfb0709a7.npz,True,unreviewed_kept,0,,,,
train,18_229_Masson_201_16_23_jpg.rf.614a18f8fa05106755961f52cf305d3f.jpg,18_229_Masson_201_16_23_jpg.rf.614a18f8fa05106755961f52cf305d3f.npz,True,unreviewed_kept,0,,,,
train,18_229_Masson_201_16_25_jpg.rf.32f738c96e47347bb46c9c2c1d2677d3.jpg,18_229_Masson_201_16_25_jpg.rf.32f738c96e47347bb46c9c2c1d2677d3.npz,True,unreviewed_kept,0,,,,
train,18_229_Masson_201_16_26_jpg.rf.c4d153e0f38e6abd5de3886e96dca1d9.jpg,18_229_Masson_201_16_26_jpg.rf.c4d153e0f38e6abd5de3886e96dca1d9.npz,True,unreviewed_kept,0,,,,
train,18_229_Masson_201_16_28_jpg.rf.45ee7699bb72e77afc37f5dcec9f9447.jpg,18_229_Masson_201_16_28_jpg.rf.45ee7699bb72e77afc37f5dcec9f9447.npz,True,unreviewed_kept,0,,,,
train,18_229_Masson_201_17_15_jpg.rf.c3ec3de6dbb29794d6fe9ae838559d53.jpg,18_229_Masson_201_17_15_jpg.rf.c3ec3de6dbb29794d6fe9ae838559d53.npz,True,unreviewed_kept,0,,,,
train,18_229_Masson_201_17_18_jpg.rf.44e311df939e50adce173198ae66c6f9.jpg,18_229_Masson_201_17_18_jpg.rf.44e311df939e50adce173198ae66c6f9.npz,True,unreviewed_kept,0,,,,
train,18_229_Masson_201_17_24_jpg.rf.152c03198b4877bf7f3a99c2501e4644.jpg,18_229_Masson_201_17_24_jpg.rf.152c03198b4877bf7f3a99c2501e4644.npz,True,unreviewed_kept,0,,,,
train,18_229_Masson_201_17_25_jpg.rf.20364ece14d8057b7f68535b11cfe355.jpg,18_229_Masson_201_17_25_jpg.rf.20364ece14d8057b7f68535b11cfe355.npz,True,unreviewed_kept,0,,,,
train,18_229_Masson_201_18_16_jpg.rf.5cd10be4f4bb88642f0a421455b206f2.jpg,18_229_Masson_201_18_16_jpg.rf.5cd10be4f4bb88642f0a421455b206f2.npz,True,unreviewed_kept,0,,,,
train,18_229_Masson_201_18_20_jpg.rf.be2304e63d3a945d73c4a6fb920e67f9.jpg,18_229_Masson_201_18_20_jpg.rf.be2304e63d3a945d73c4a6fb920e67f9.npz,True,unreviewed_kept,0,,,,
train,18_229_Masson_201_18_21_jpg.rf.75fd02ad7396d5182901445b6634cec7.jpg,18_229_Masson_201_18_21_jpg.rf.75fd02ad7396d5182901445b6634cec7.npz,True,unreviewed_kept,0,,,,
train,18_229_Masson_201_19_26_jpg.rf.9b205316c7118bdc6e86af89f1cc356b.jpg,18_229_Masson_201_19_26_jpg.rf.9b205316c7118bdc6e86af89f1cc356b.npz,True,unreviewed_kept,0,,,,
train,18_229_Masson_201_19_33_jpg.rf.2a251c851ec24e102eb4a7990b5e0339.jpg,18_229_Masson_201_19_33_jpg.rf.2a251c851ec24e102eb4a7990b5e0339.npz,True,unreviewed_kept,0,,,,
train,18_229_Masson_201_20_25_jpg.rf.7d845a05bb767ad17e6744110df809b7.jpg,18_229_Masson_201_20_25_jpg.rf.7d845a05bb767ad17e6744110df809b7.npz,True,unreviewed_kept,0,,,,
train,18_229_Masson_201_20_26_jpg.rf.fcdf814e84ee0caf68361f30d56d351a.jpg,18_229_Masson_201_20_26_jpg.rf.fcdf814e84ee0caf68361f30d56d351a.npz,True,unreviewed_kept,0,,,,
train,18_229_Masson_201_20_38_jpg.rf.cc1053beb495dc42a0d7c558cc79169a.jpg,18_229_Masson_201_20_38_jpg.rf.cc1053beb495dc42a0d7c558cc79169a.npz,True,unreviewed_kept,0,,,,
train,18_229_Masson_201_31_15_jpg.rf.e7a39eb4d10d4959fc955006489468a4.jpg,18_229_Masson_201_31_15_jpg.rf.e7a39eb4d10d4959fc955006489468a4.npz,True,unreviewed_kept,0,,,,
train,18_229_Masson_201_33_28_jpg.rf.6b58b4dc4d3b8a399f5ff6e615ce356b.jpg,18_229_Masson_201_33_28_jpg.rf.6b58b4dc4d3b8a399f5ff6e615ce356b.npz,True,unreviewed_kept,0,,,,
train,18_229_Masson_201_37_28_jpg.rf.c2fbfb5ed6c7ca4c3f2735557669442a.jpg,18_229_Masson_201_37_28_jpg.rf.c2fbfb5ed6c7ca4c3f2735557669442a.npz,True,unreviewed_kept,0,,,,
train,18_229_Masson_201_37_40_jpg.rf.ec14c4bfe711fed093c65cf1349364f6.jpg,18_229_Masson_201_37_40_jpg.rf.ec14c4bfe711fed093c65cf1349364f6.npz,True,unreviewed_kept,0,,,,
train,18_229_Masson_201_38_41_jpg.rf.95f852760639e796b360817fa22ad698.jpg,18_229_Masson_201_38_41_jpg.rf.95f852760639e796b360817fa22ad698.npz,True,unreviewed_kept,0,,,,
train,18_229_Masson_201_39_15_jpg.rf.a15566eace7d526eb684f8776dc14549.jpg,18_229_Masson_201_39_15_jpg.rf.a15566eace7d526eb684f8776dc14549.npz,True,unreviewed_kept,0,,,,
train,18_229_Masson_201_39_29_jpg.rf.4c2b0937dde8c3897dd0a52db6afefca.jpg,18_229_Masson_201_39_29_jpg.rf.4c2b0937dde8c3897dd0a52db6afefca.npz,True,unreviewed_kept,0,,,,
train,18_229_Masson_201_39_52_jpg.rf.8f583edfd9017eb65e1bc208cdfb7517.jpg,18_229_Masson_201_39_52_jpg.rf.8f583edfd9017eb65e1bc208cdfb7517.npz,True,unreviewed_kept,0,,,,
train,18_229_Masson_201_40_14_jpg.rf.a57ac3b1097df7b949a230e73e5b5c2d.jpg,18_229_Masson_201_40_14_jpg.rf.a57ac3b1097df7b949a230e73e5b5c2d.npz,True,unreviewed_kept,0,,,,
train,18_229_Masson_201_42_38_jpg.rf.e82386487dab72a1d70106303e99f0ed.jpg,18_229_Masson_201_42_38_jpg.rf.e82386487dab72a1d70106303e99f0ed.npz,True,unreviewed_kept,0,,,,
train,18_229_Masson_201_47_46_jpg.rf.638eaf8d8b0fb8136501db7a4a488814.jpg,18_229_Masson_201_47_46_jpg.rf.638eaf8d8b0fb8136501db7a4a488814.npz,True,unreviewed_kept,0,,,,
train,18_229_Masson_201_49_20_jpg.rf.eca4dc9af66a64305b7a672155df04b0.jpg,18_229_Masson_201_49_20_jpg.rf.eca4dc9af66a64305b7a672155df04b0.npz,True,unreviewed_kept,0,,,,
train,18_229_Masson_201_50_28_jpg.rf.cac20364abb26244e3efc8044409e70f.jpg,18_229_Masson_201_50_28_jpg.rf.cac20364abb26244e3efc8044409e70f.npz,True,unreviewed_kept,0,,,,
train,18_229_Masson_201_50_41_jpg.rf.ecf2e93d03929ba90fcb75a89a9348f0.jpg,18_229_Masson_201_50_41_jpg.rf.ecf2e93d03929ba90fcb75a89a9348f0.npz,True,unreviewed_kept,0,,,,
train,18_229_Masson_201_50_50_jpg.rf.e917e4324bd06e2f6198c82dfcf616ac.jpg,18_229_Masson_201_50_50_jpg.rf.e917e4324bd06e2f6198c82dfcf616ac.npz,True,unreviewed_kept,0,,,,
train,18_229_Masson_201_52_14_jpg.rf.01535678617dada06121d4e93d4b7c2a.jpg,18_229_Masson_201_52_14_jpg.rf.01535678617dada06121d4e93d4b7c2a.npz,True,unreviewed_kept,0,,,,
train,18_229_Masson_201_52_29_jpg.rf.88e926fde2a15a769c7548091a125c8f.jpg,18_229_Masson_201_52_29_jpg.rf.88e926fde2a15a769c7548091a125c8f.npz,True,unreviewed_kept,0,,,,
train,18_229_Masson_201_53_31_jpg.rf.c670cac43ff63eb3930b2ab551049a46.jpg,18_229_Masson_201_53_31_jpg.rf.c670cac43ff63eb3930b2ab551049a46.npz,True,unreviewed_kept,0,,,,
train,18_229_Masson_201_53_33_jpg.rf.6847ca3bc395405e4abbdcc2a9963472.jpg,18_229_Masson_201_53_33_jpg.rf.6847ca3bc395405e4abbdcc2a9963472.npz,True,unreviewed_kept,0,,,,
train,18_229_Masson_201_56_35_jpg.rf.973e91bf4eb87dd9360694b6b0d2372e.jpg,18_229_Masson_201_56_35_jpg.rf.973e91bf4eb87dd9360694b6b0d2372e.npz,True,unreviewed_kept,0,,,,
train,18_229_Masson_201_56_52_jpg.rf.cde84e0c0ac9be6b3610c06fc700f5f1.jpg,18_229_Masson_201_56_52_jpg.rf.cde84e0c0ac9be6b3610c06fc700f5f1.npz,True,unreviewed_kept,0,,,,
train,18_229_Masson_201_57_20_jpg.rf.8c4ca200964fd63690c0e3fd518ee7ab.jpg,18_229_Masson_201_57_20_jpg.rf.8c4ca200964fd63690c0e3fd518ee7ab.npz,True,unreviewed_kept,0,,,,
train,18_229_Masson_201_57_32_jpg.rf.ac0eeb619b981c5627e3bab537aca718.jpg,18_229_Masson_201_57_32_jpg.rf.ac0eeb619b981c5627e3bab537aca718.npz,True,unreviewed_kept,0,,,,
train,18_229_Masson_201_57_33_jpg.rf.caef4e21656f194b6ca5126af079ef2b.jpg,18_229_Masson_201_57_33_jpg.rf.caef4e21656f194b6ca5126af079ef2b.npz,True,unreviewed_kept,0,,,,
train,18_229_Masson_201_57_48_jpg.rf.e41fbfa4beeba7ac242fa84ce882e6bc.jpg,18_229_Masson_201_57_48_jpg.rf.e41fbfa4beeba7ac242fa84ce882e6bc.npz,True,unreviewed_kept,0,,,,
train,18_229_Masson_201_59_11_jpg.rf.585dd31351a56be9fdba2fbe42ba209f.jpg,18_229_Masson_201_59_11_jpg.rf.585dd31351a56be9fdba2fbe42ba209f.npz,True,unreviewed_kept,0,,,,
train,18_229_Masson_201_61_11_jpg.rf.ccf24ad431b1c86036c979150467111f.jpg,18_229_Masson_201_61_11_jpg.rf.ccf24ad431b1c86036c979150467111f.npz,True,unreviewed_kept,0,,,,
train,18_229_Masson_201_64_26_jpg.rf.5aac7e2fd5eb3d4008243c46b2b67281.jpg,18_229_Masson_201_64_26_jpg.rf.5aac7e2fd5eb3d4008243c46b2b67281.npz,True,unreviewed_kept,0,,,,
train,18_229_Masson_201_64_41_jpg.rf.1f5e3f66c665136d2bdd4ec7aaa48fe2.jpg,18_229_Masson_201_64_41_jpg.rf.1f5e3f66c665136d2bdd4ec7aaa48fe2.npz,True,unreviewed_kept,0,,,,
train,18_229_Masson_201_69_60_jpg.rf.dde4cc06239f7937804b83f8c4c59b9b.jpg,18_229_Masson_201_69_60_jpg.rf.dde4cc06239f7937804b83f8c4c59b9b.npz,True,unreviewed_kept,0,,,,
train,18_229_Masson_201_71_15_jpg.rf.1cf9e1dde32990e524673fdb5c8e7116.jpg,18_229_Masson_201_71_15_jpg.rf.1cf9e1dde32990e524673fdb5c8e7116.npz,True,unreviewed_kept,0,,,,
train,18_229_Masson_201_71_26_jpg.rf.a4e6cc1f6671061f33979d183cbc596e.jpg,18_229_Masson_201_71_26_jpg.rf.a4e6cc1f6671061f33979d183cbc596e.npz,True,unreviewed_kept,0,,,,
train,18_229_Masson_201_76_55_jpg.rf.e97fbe99245ba1647d58e78b3f24858c.jpg,18_229_Masson_201_76_55_jpg.rf.e97fbe99245ba1647d58e78b3f24858c.npz,True,unreviewed_kept,0,,,,
train,18_229_Masson_201_76_8_jpg.rf.04e08b278d2ae645f01cdd752ccfa80d.jpg,18_229_Masson_201_76_8_jpg.rf.04e08b278d2ae645f01cdd752ccfa80d.npz,True,unreviewed_kept,0,,,,
train,18_229_Masson_201_76_9_jpg.rf.38e448b1a26af0ab56e47d3d07a4de07.jpg,18_229_Masson_201_76_9_jpg.rf.38e448b1a26af0ab56e47d3d07a4de07.npz,True,unreviewed_kept,0,,,,
train,18_229_Masson_201_7_10_jpg.rf.5bb3a033b686eaf8615acca5423b8476.jpg,18_229_Masson_201_7_10_jpg.rf.5bb3a033b686eaf8615acca5423b8476.npz,True,unreviewed_kept,0,,,,
train,18_229_Masson_201_81_36_jpg.rf.bada2dd38ad01086604e6d988b1de903.jpg,18_229_Masson_201_81_36_jpg.rf.bada2dd38ad01086604e6d988b1de903.npz,True,unreviewed_kept,0,,,,
train,18_229_Masson_201_81_57_jpg.rf.50faa93e4f574ae34011f908822f4cdb.jpg,18_229_Masson_201_81_57_jpg.rf.50faa93e4f574ae34011f908822f4cdb.npz,True,unreviewed_kept,0,,,,
train,18_229_Masson_201_81_59_jpg.rf.b360261bd5807f3096912705c364af3d.jpg,18_229_Masson_201_81_59_jpg.rf.b360261bd5807f3096912705c364af3d.npz,True,unreviewed_kept,0,,,,
train,18_229_Masson_201_81_7_jpg.rf.61f746812fb101c96bac5f8e68516dea.jpg,18_229_Masson_201_81_7_jpg.rf.61f746812fb101c96bac5f8e68516dea.npz,True,unreviewed_kept,0,,,,
train,18_229_Masson_201_82_55_jpg.rf.4b6a884fc0da9c91616525f27990ee4b.jpg,18_229_Masson_201_82_55_jpg.rf.4b6a884fc0da9c91616525f27990ee4b.npz,True,unreviewed_kept,0,,,,
train,18_229_Masson_201_82_58_jpg.rf.9d82e0bfa47bb545b1bd0b5b785422de.jpg,18_229_Masson_201_82_58_jpg.rf.9d82e0bfa47bb545b1bd0b5b785422de.npz,True,unreviewed_kept,0,,,,
train,18_229_Masson_201_83_33_jpg.rf.6a0f4b4440d929880d3414b6a2eb04cc.jpg,18_229_Masson_201_83_33_jpg.rf.6a0f4b4440d929880d3414b6a2eb04cc.npz,True,unreviewed_kept,0,,,,
train,18_229_Masson_201_83_49_jpg.rf.c5cece6db13ada897cc2610cb370dfe2.jpg,18_229_Masson_201_83_49_jpg.rf.c5cece6db13ada897cc2610cb370dfe2.npz,True,unreviewed_kept,0,,,,
train,18_229_Masson_201_84_48_jpg.rf.676ee1b5c6edfddf34cd6d3cb8d42db2.jpg,18_229_Masson_201_84_48_jpg.rf.676ee1b5c6edfddf34cd6d3cb8d42db2.npz,True,unreviewed_kept,0,,,,
train,18_229_Masson_201_84_51_jpg.rf.287eb9b0869c7e05d5bcc02494d63897.jpg,18_229_Masson_201_84_51_jpg.rf.287eb9b0869c7e05d5bcc02494d63897.npz,True,unreviewed_kept,0,,,,
train,18_229_Masson_201_84_58_jpg.rf.7dec928fc8c295b1efd587859d9cd9a5.jpg,18_229_Masson_201_84_58_jpg.rf.7dec928fc8c295b1efd587859d9cd9a5.npz,True,unreviewed_kept,0,,,,
train,18_229_Masson_201_8_10_jpg.rf.0de53801a31addd7baab0b4adbbd7c8d.jpg,18_229_Masson_201_8_10_jpg.rf.0de53801a31addd7baab0b4adbbd7c8d.npz,True,unreviewed_kept,0,,,,
train,18_229_Masson_201_8_11_jpg.rf.03d77a759c258c82646c2f558c864fc7.jpg,18_229_Masson_201_8_11_jpg.rf.03d77a759c258c82646c2f558c864fc7.npz,True,unreviewed_kept,0,,,,
train,18_229_Masson_201_8_20_jpg.rf.9ac6de380caba5697ce64a9536ab0324.jpg,18_229_Masson_201_8_20_jpg.rf.9ac6de380caba5697ce64a9536ab0324.npz,True,unreviewed_kept,0,,,,
train,18_229_Masson_201_90_24_jpg.rf.c8018e68d84c62ef8b1edd5b069fcdbd.jpg,18_229_Masson_201_90_24_jpg.rf.c8018e68d84c62ef8b1edd5b069fcdbd.npz,True,unreviewed_kept,0,,,,
train,18_229_Masson_201_90_56_jpg.rf.13d8f19552431e80ebd4f5b30d07120f.jpg,18_229_Masson_201_90_56_jpg.rf.13d8f19552431e80ebd4f5b30d07120f.npz,True,unreviewed_kept,0,,,,
train,18_229_Masson_201_91_33_jpg.rf.0b0f3fa68d742bd961d10268fed36357.jpg,18_229_Masson_201_91_33_jpg.rf.0b0f3fa68d742bd961d10268fed36357.npz,True,unreviewed_kept,0,,,,
train,18_229_Masson_201_91_36_jpg.rf.82efa9ca9f3c06461490a376ea9bfd70.jpg,18_229_Masson_201_91_36_jpg.rf.82efa9ca9f3c06461490a376ea9bfd70.npz,True,unreviewed_kept,0,,,,
train,18_229_Masson_201_91_54_jpg.rf.b17d94368ed72ff83d16ea2500e3800e.jpg,18_229_Masson_201_91_54_jpg.rf.b17d94368ed72ff83d16ea2500e3800e.npz,True,unreviewed_kept,0,,,,
train,18_229_Masson_201_92_14_jpg.rf.32dba4fccb10d23e9a316cd57508e367.jpg,18_229_Masson_201_92_14_jpg.rf.32dba4fccb10d23e9a316cd57508e367.npz,True,unreviewed_kept,0,,,,
train,18_229_Masson_201_92_56_jpg.rf.7c52a58c17eba5578f9ceb2bfb6eb4e4.jpg,18_229_Masson_201_92_56_jpg.rf.7c52a58c17eba5578f9ceb2bfb6eb4e4.npz,True,unreviewed_kept,0,,,,
train,18_229_Masson_201_93_32_jpg.rf.6fce89d888240d138d18312ea8e034f6.jpg,18_229_Masson_201_93_32_jpg.rf.6fce89d888240d138d18312ea8e034f6.npz,True,unreviewed_kept,0,,,,
train,18_229_Masson_201_93_35_jpg.rf.490f1b2400475050cb223c4c53920949.jpg,18_229_Masson_201_93_35_jpg.rf.490f1b2400475050cb223c4c53920949.npz,True,unreviewed_kept,0,,,,
train,18_229_Masson_201_96_19_jpg.rf.5ccd411e5c8a06f5e9d743f5307d1f35.jpg,18_229_Masson_201_96_19_jpg.rf.5ccd411e5c8a06f5e9d743f5307d1f35.npz,True,unreviewed_kept,0,,,,
train,18_229_Masson_201_96_4_jpg.rf.08dfce68bd84cdcd39ee1430b0814859.jpg,18_229_Masson_201_96_4_jpg.rf.08dfce68bd84cdcd39ee1430b0814859.npz,True,unreviewed_kept,0,,,,
train,18_229_Masson_201_97_44_jpg.rf.1f854930cc59f869aa2d615deae81e05.jpg,18_229_Masson_201_97_44_jpg.rf.1f854930cc59f869aa2d615deae81e05.npz,True,unreviewed_kept,0,,,,
train,18_229_Masson_201_97_53_jpg.rf.37c8b08998efdfcccd79df34063a116a.jpg,18_229_Masson_201_97_53_jpg.rf.37c8b08998efdfcccd79df34063a116a.npz,True,unreviewed_kept,0,,,,
train,18_229_Masson_202_101_18_jpg.rf.c9e5c1dec555a0b44664d807b1f07c3c.jpg,18_229_Masson_202_101_18_jpg.rf.c9e5c1dec555a0b44664d807b1f07c3c.npz,True,unreviewed_kept,0,,,,
train,18_229_Masson_202_101_21_jpg.rf.a375ae589c4a8b266ef2d2ba11c26282.jpg,18_229_Masson_202_101_21_jpg.rf.a375ae589c4a8b266ef2d2ba11c26282.npz,True,unreviewed_kept,0,,,,
train,18_229_Masson_202_101_39_jpg.rf.e29549d448af50e445f0047973f83ab0.jpg,18_229_Masson_202_101_39_jpg.rf.e29549d448af50e445f0047973f83ab0.npz,True,unreviewed_kept,0,,,,
train,18_229_Masson_202_101_3_jpg.rf.6f99f20ac18e1233e41f0a1c12236e87.jpg,18_229_Masson_202_101_3_jpg.rf.6f99f20ac18e1233e41f0a1c12236e87.npz,True,unreviewed_kept,0,,,,
train,18_229_Masson_202_101_64_jpg.rf.59ccb0adc098972e928ec7e76287070b.jpg,18_229_Masson_202_101_64_jpg.rf.59ccb0adc098972e928ec7e76287070b.npz,True,unreviewed_kept,0,,,,
train,18_229_Masson_202_102_14_jpg.rf.ec4cc2599e896407adc0b3fd479b76a1.jpg,18_229_Masson_202_102_14_jpg.rf.ec4cc2599e896407adc0b3fd479b76a1.npz,True,unreviewed_kept,0,,,,
train,18_229_Masson_202_102_3_jpg.rf.ac7a806751b1697b48f4706942b88af2.jpg,18_229_Masson_202_102_3_jpg.rf.ac7a806751b1697b48f4706942b88af2.npz,True,unreviewed_kept,0,,,,
train,18_229_Masson_202_103_20_jpg.rf.bffbea440582aba54fa888521f16e66f.jpg,18_229_Masson_202_103_20_jpg.rf.bffbea440582aba54fa888521f16e66f.npz,True,unreviewed_kept,0,,,,
train,18_229_Masson_202_103_35_jpg.rf.2a30866386cd2c5507249833455993cd.jpg,18_229_Masson_202_103_35_jpg.rf.2a30866386cd2c5507249833455993cd.npz,True,unreviewed_kept,0,,,,
train,18_229_Masson_202_106_30_jpg.rf.4ea63567cecf36fd8c95f82524e2ca35.jpg,18_229_Masson_202_106_30_jpg.rf.4ea63567cecf36fd8c95f82524e2ca35.npz,True,unreviewed_kept,0,,,,
train,18_229_Masson_202_107_19_jpg.rf.968940834fb9d01b4e9b690f767ca09a.jpg,18_229_Masson_202_107_19_jpg.rf.968940834fb9d01b4e9b690f767ca09a.npz,True,unreviewed_kept,0,,,,
train,18_229_Masson_202_107_57_jpg.rf.6d6c0509c245898b836611b018a8483f.jpg,18_229_Masson_202_107_57_jpg.rf.6d6c0509c245898b836611b018a8483f.npz,True,unreviewed_kept,0,,,,
train,18_229_Masson_202_109_17_jpg.rf.b6fe8fe35a8695d2928acbe07d27e1a9.jpg,18_229_Masson_202_109_17_jpg.rf.b6fe8fe35a8695d2928acbe07d27e1a9.npz,True,unreviewed_kept,0,,,,
train,18_229_Masson_202_109_19_jpg.rf.effb1cc5a9c70250b250de0f86eaf538.jpg,18_229_Masson_202_109_19_jpg.rf.effb1cc5a9c70250b250de0f86eaf538.npz,True,unreviewed_kept,0,,,,
train,18_229_Masson_202_110_42_jpg.rf.be64065415c924ecf0df21eeb0e3f665.jpg,18_229_Masson_202_110_42_jpg.rf.be64065415c924ecf0df21eeb0e3f665.npz,True,unreviewed_kept,0,,,,
train,18_229_Masson_202_110_57_jpg.rf.69e0f9464bfa66a179154073cc35ac84.jpg,18_229_Masson_202_110_57_jpg.rf.69e0f9464bfa66a179154073cc35ac84.npz,True,unreviewed_kept,0,,,,
train,18_229_Masson_202_111_16_jpg.rf.d8797c8348672eb64f011eddbb3dd9fb.jpg,18_229_Masson_202_111_16_jpg.rf.d8797c8348672eb64f011eddbb3dd9fb.npz,True,unreviewed_kept,0,,,,
train,18_229_Masson_202_111_32_jpg.rf.a52968afa043dab607532a4bc24148e7.jpg,18_229_Masson_202_111_32_jpg.rf.a52968afa043dab607532a4bc24148e7.npz,True,unreviewed_kept,0,,,,
train,18_229_Masson_202_112_44_jpg.rf.30fd9016d8fd31cac10e091dbb671b24.jpg,18_229_Masson_202_112_44_jpg.rf.30fd9016d8fd31cac10e091dbb671b24.npz,True,unreviewed_kept,0,,,,
train,18_229_Masson_202_114_21_jpg.rf.872a5ff476a33cc073e82272cb705d77.jpg,18_229_Masson_202_114_21_jpg.rf.872a5ff476a33cc073e82272cb705d77.npz,True,reviewed_kept,1,,,,
train,18_229_Masson_202_115_26_jpg.rf.57a435b8f9a6a4a3e6959ab251da052a.jpg,18_229_Masson_202_115_26_jpg.rf.57a435b8f9a6a4a3e6959ab251da052a.npz,True,unreviewed_kept,0,,,,
train,18_229_Masson_202_118_10_jpg.rf.abc9d7fdcdef2e6872ec2744d1c26820.jpg,18_229_Masson_202_118_10_jpg.rf.abc9d7fdcdef2e6872ec2744d1c26820.npz,True,unreviewed_kept,0,,,,
train,18_229_Masson_202_118_40_jpg.rf.57bafc431cef137b4b92a5233efbf30c.jpg,18_229_Masson_202_118_40_jpg.rf.57bafc431cef137b4b92a5233efbf30c.npz,True,unreviewed_kept,0,,,,
train,18_229_Masson_202_119_11_jpg.rf.bd132c6d96e30dff1eb236955ac11295.jpg,18_229_Masson_202_119_11_jpg.rf.bd132c6d96e30dff1eb236955ac11295.npz,True,unreviewed_kept,0,,,,
train,18_229_Masson_202_11_23_jpg.rf.96f5c769b04b7c0f43d53099eb153dfc.jpg,18_229_Masson_202_11_23_jpg.rf.96f5c769b04b7c0f43d53099eb153dfc.npz,True,unreviewed_kept,0,,,,
train,18_229_Masson_202_11_25_jpg.rf.53ca3ad9d45e566aba2672c734026858.jpg,18_229_Masson_202_11_25_jpg.rf.53ca3ad9d45e566aba2672c734026858.npz,True,unreviewed_kept,0,,,,
train,18_229_Masson_202_121_24_jpg.rf.fe1a311a5a6d4855c94146c1e8e03c9d.jpg,18_229_Masson_202_121_24_jpg.rf.fe1a311a5a6d4855c94146c1e8e03c9d.npz,True,unreviewed_kept,0,,,,
train,18_229_Masson_202_121_3_jpg.rf.744fc9565b95c07575b0b73321408388.jpg,18_229_Masson_202_121_3_jpg.rf.744fc9565b95c07575b0b73321408388.npz,True,unreviewed_kept,0,,,,
train,18_229_Masson_202_121_48_jpg.rf.9bd444fcb41cb430fc7c26d32d0689a6.jpg,18_229_Masson_202_121_48_jpg.rf.9bd444fcb41cb430fc7c26d32d0689a6.npz,True,unreviewed_kept,0,,,,
train,18_229_Masson_202_121_9_jpg.rf.f8b63a97883bb84788a9a8e9fc9020d4.jpg,18_229_Masson_202_121_9_jpg.rf.f8b63a97883bb84788a9a8e9fc9020d4.npz,True,unreviewed_kept,0,,,,
train,18_229_Masson_202_122_40_jpg.rf.4daccbb9abae3986ea26e0d74c6fa17b.jpg,18_229_Masson_202_122_40_jpg.rf.4daccbb9abae3986ea26e0d74c6fa17b.npz,True,unreviewed_kept,0,,,,
train,18_229_Masson_202_123_36_jpg.rf.9a150df2d8de08a989b75a6b46687b07.jpg,18_229_Masson_202_123_36_jpg.rf.9a150df2d8de08a989b75a6b46687b07.npz,True,unreviewed_kept,0,,,,
train,18_229_Masson_202_123_44_jpg.rf.a4cc1bb39a47714c470e659b0ee08dc8.jpg,18_229_Masson_202_123_44_jpg.rf.a4cc1bb39a47714c470e659b0ee08dc8.npz,True,unreviewed_kept,0,,,,
train,18_229_Masson_202_123_4_jpg.rf.7ad7ccc69502d7bb6bfc2cd916868e0f.jpg,18_229_Masson_202_123_4_jpg.rf.7ad7ccc69502d7bb6bfc2cd916868e0f.npz,True,unreviewed_kept,0,,,,
train,18_229_Masson_202_125_13_jpg.rf.3b60ff9ac9493b127334058ce473abb6.jpg,18_229_Masson_202_125_13_jpg.rf.3b60ff9ac9493b127334058ce473abb6.npz,True,unreviewed_kept,0,,,,
train,18_229_Masson_202_127_14_jpg.rf.c8c82aa6a5d54bb4cd7128c9f2b7b99c.jpg,18_229_Masson_202_127_14_jpg.rf.c8c82aa6a5d54bb4cd7128c9f2b7b99c.npz,True,unreviewed_kept,0,,,,
train,18_229_Masson_202_128_20_jpg.rf.fd924fce34a8a4109f357a7d5c7219a3.jpg,18_229_Masson_202_128_20_jpg.rf.fd924fce34a8a4109f357a7d5c7219a3.npz,True,unreviewed_kept,0,,,,
train,18_229_Masson_202_128_37_jpg.rf.f381308370369df08a299190ae9553f6.jpg,18_229_Masson_202_128_37_jpg.rf.f381308370369df08a299190ae9553f6.npz,True,unreviewed_kept,0,,,,
train,18_229_Masson_202_12_25_jpg.rf.47b79c3a664c6a4e35e48ab0d189ff4e.jpg,18_229_Masson_202_12_25_jpg.rf.47b79c3a664c6a4e35e48ab0d189ff4e.npz,True,unreviewed_kept,0,,,,
train,18_229_Masson_202_130_32_jpg.rf.d6460f17629b4ea2a703664064c1deb0.jpg,18_229_Masson_202_130_32_jpg.rf.d6460f17629b4ea2a703664064c1deb0.npz,True,unreviewed_kept,0,,,,
train,18_229_Masson_202_134_10_jpg.rf.aa66f4e7d22c9ece395fdb0151b69237.jpg,18_229_Masson_202_134_10_jpg.rf.aa66f4e7d22c9ece395fdb0151b69237.npz,True,unreviewed_kept,0,,,,
train,18_229_Masson_202_137_12_jpg.rf.3a4deb7aea61e293eb82f3d0816366b0.jpg,18_229_Masson_202_137_12_jpg.rf.3a4deb7aea61e293eb82f3d0816366b0.npz,True,unreviewed_kept,0,,,,
train,18_229_Masson_202_137_15_jpg.rf.6a2fd6443cc7ee9e8da1644287cf34e2.jpg,18_229_Masson_202_137_15_jpg.rf.6a2fd6443cc7ee9e8da1644287cf34e2.npz,True,unreviewed_kept,0,,,,
train,18_229_Masson_202_13_19_jpg.rf.7bd172bbf86c69da98de4eff1c684fda.jpg,18_229_Masson_202_13_19_jpg.rf.7bd172bbf86c69da98de4eff1c684fda.npz,True,unreviewed_kept,0,,,,
train,18_229_Masson_202_13_29_jpg.rf.823cfc1f143df30a178dee3b3072d410.jpg,18_229_Masson_202_13_29_jpg.rf.823cfc1f143df30a178dee3b3072d410.npz,True,unreviewed_kept,0,,,,
train,18_229_Masson_202_143_20_jpg.rf.1bf9aacb7e84b32d5553a9cec2ea19df.jpg,18_229_Masson_202_143_20_jpg.rf.1bf9aacb7e84b32d5553a9cec2ea19df.npz,True,unreviewed_kept,0,,,,
train,18_229_Masson_202_143_26_jpg.rf.21f9b1c8cbc55dc088be7e3ffb489669.jpg,18_229_Masson_202_143_26_jpg.rf.21f9b1c8cbc55dc088be7e3ffb489669.npz,True,unreviewed_kept,0,,,,
train,18_229_Masson_202_144_22_jpg.rf.5207cc41ab6e09f7bb386c3518284909.jpg,18_229_Masson_202_144_22_jpg.rf.5207cc41ab6e09f7bb386c3518284909.npz,True,unreviewed_kept,0,,,,
train,18_229_Masson_202_146_19_jpg.rf.4a0f66f0d2bba68a8c5c5969ce5e110e.jpg,18_229_Masson_202_146_19_jpg.rf.4a0f66f0d2bba68a8c5c5969ce5e110e.npz,True,reviewed_kept,1,,,,
train,18_229_Masson_202_14_28_jpg.rf.c2f2b41460184b5e251feff46552497d.jpg,18_229_Masson_202_14_28_jpg.rf.c2f2b41460184b5e251feff46552497d.npz,True,unreviewed_kept,0,,,,
train,18_229_Masson_202_14_31_jpg.rf.64044e681c1ed372088cc70af5209fac.jpg,18_229_Masson_202_14_31_jpg.rf.64044e681c1ed372088cc70af5209fac.npz,True,unreviewed_kept,0,,,,
train,18_229_Masson_202_15_30_jpg.rf.9b759a5a2fb1e2b7986376671f3a8cf9.jpg,18_229_Masson_202_15_30_jpg.rf.9b759a5a2fb1e2b7986376671f3a8cf9.npz,True,unreviewed_kept,0,,,,
train,18_229_Masson_202_15_32_jpg.rf.6e4ac6bb3174b52fe3c6cf684d528288.jpg,18_229_Masson_202_15_32_jpg.rf.6e4ac6bb3174b52fe3c6cf684d528288.npz,True,unreviewed_kept,0,,,,
train,18_229_Masson_202_16_17_jpg.rf.2c8e41e83301f23a8cca655cc5c07ba4.jpg,18_229_Masson_202_16_17_jpg.rf.2c8e41e83301f23a8cca655cc5c07ba4.npz,True,unreviewed_kept,0,,,,
train,18_229_Masson_202_16_18_jpg.rf.4f07804daf15d0e8324bdb3ed63e6e68.jpg,18_229_Masson_202_16_18_jpg.rf.4f07804daf15d0e8324bdb3ed63e6e68.npz,True,unreviewed_kept,0,,,,
train,18_229_Masson_202_17_29_jpg.rf.7b66a4cc49f6c99ec00ab63a068f04dd.jpg,18_229_Masson_202_17_29_jpg.rf.7b66a4cc49f6c99ec00ab63a068f04dd.npz,True,unreviewed_kept,0,,,,
train,18_229_Masson_202_18_23_jpg.rf.a6342c6b4dce1e9053f0cd5cd2b389f6.jpg,18_229_Masson_202_18_23_jpg.rf.a6342c6b4dce1e9053f0cd5cd2b389f6.npz,True,unreviewed_kept,0,,,,
train,18_229_Masson_202_20_26_jpg.rf.2639ba66fe05521c577f52d2661bb50c.jpg,18_229_Masson_202_20_26_jpg.rf.2639ba66fe05521c577f52d2661bb50c.npz,True,unreviewed_kept,0,,,,
train,18_229_Masson_202_23_29_jpg.rf.62a8d5e74a09a3080372f657c70669c9.jpg,18_229_Masson_202_23_29_jpg.rf.62a8d5e74a09a3080372f657c70669c9.npz,True,unreviewed_kept,0,,,,
train,18_229_Masson_202_25_29_jpg.rf.40dee15cb073184efacdbb631eb8b773.jpg,18_229_Masson_202_25_29_jpg.rf.40dee15cb073184efacdbb631eb8b773.npz,True,unreviewed_kept,0,,,,
train,18_229_Masson_202_27_35_jpg.rf.4fbffec4bd2b5633b2c6e76cddcb9c28.jpg,18_229_Masson_202_27_35_jpg.rf.4fbffec4bd2b5633b2c6e76cddcb9c28.npz,True,unreviewed_kept,0,,,,
train,18_229_Masson_202_32_32_jpg.rf.3fc55e1f982a84bb7042618cf3ecff07.jpg,18_229_Masson_202_32_32_jpg.rf.3fc55e1f982a84bb7042618cf3ecff07.npz,True,unreviewed_kept,0,,,,
train,18_229_Masson_202_33_38_jpg.rf.916a30eaed3be93196b8fa838673c234.jpg,18_229_Masson_202_33_38_jpg.rf.916a30eaed3be93196b8fa838673c234.npz,True,unreviewed_kept,0,,,,
train,18_229_Masson_202_34_37_jpg.rf.47cba2d89d9b2bf0f76efaefd23fb3e5.jpg,18_229_Masson_202_34_37_jpg.rf.47cba2d89d9b2bf0f76efaefd23fb3e5.npz,True,unreviewed_kept,0,,,,
train,18_229_Masson_202_34_39_jpg.rf.0ea3969a1876621acd1f4b7a993ff9fe.jpg,18_229_Masson_202_34_39_jpg.rf.0ea3969a1876621acd1f4b7a993ff9fe.npz,True,unreviewed_kept,0,,,,
train,18_229_Masson_202_35_55_jpg.rf.918c1872a440a0c976959b45a181423f.jpg,18_229_Masson_202_35_55_jpg.rf.918c1872a440a0c976959b45a181423f.npz,True,unreviewed_kept,0,,,,
train,18_229_Masson_202_36_19_jpg.rf.a23bdf388b2b72425f4b7a070a61fb33.jpg,18_229_Masson_202_36_19_jpg.rf.a23bdf388b2b72425f4b7a070a61fb33.npz,True,unreviewed_kept,0,,,,
train,18_229_Masson_202_37_20_jpg.rf.ea5277f99a70f74f66ed1d96a5de2209.jpg,18_229_Masson_202_37_20_jpg.rf.ea5277f99a70f74f66ed1d96a5de2209.npz,True,unreviewed_kept,0,,,,
train,18_229_Masson_202_3_13_jpg.rf.33d2f6f020bbbcf86f1e38c72578fe7d.jpg,18_229_Masson_202_3_13_jpg.rf.33d2f6f020bbbcf86f1e38c72578fe7d.npz,True,unreviewed_kept,0,,,,
train,18_229_Masson_202_40_37_jpg.rf.0008b68cf7ee9b3cf4daa9869a606a16.jpg,18_229_Masson_202_40_37_jpg.rf.0008b68cf7ee9b3cf4daa9869a606a16.npz,True,unreviewed_kept,0,,,,
train,18_229_Masson_202_41_41_jpg.rf.805572edc275941db95ddc226fcaf048.jpg,18_229_Masson_202_41_41_jpg.rf.805572edc275941db95ddc226fcaf048.npz,True,unreviewed_kept,0,,,,
train,18_229_Masson_202_45_49_jpg.rf.b6ba86b4529e1cceaebf50d26be30332.jpg,18_229_Masson_202_45_49_jpg.rf.b6ba86b4529e1cceaebf50d26be30332.npz,True,unreviewed_kept,0,,,,
train,18_229_Masson_202_46_32_jpg.rf.8b95b0b380716c288c1b83b2a40e0a9a.jpg,18_229_Masson_202_46_32_jpg.rf.8b95b0b380716c288c1b83b2a40e0a9a.npz,True,unreviewed_kept,0,,,,
train,18_229_Masson_202_47_21_jpg.rf.494fda881a6223d2e471a409ed652359.jpg,18_229_Masson_202_47_21_jpg.rf.494fda881a6223d2e471a409ed652359.npz,True,unreviewed_kept,0,,,,
train,18_229_Masson_202_47_44_jpg.rf.bbb41d0685a1dcd4ff03cc5df07a84d6.jpg,18_229_Masson_202_47_44_jpg.rf.bbb41d0685a1dcd4ff03cc5df07a84d6.npz,True,unreviewed_kept,0,,,,
train,18_229_Masson_202_47_46_jpg.rf.0dfa530492029333fb6c828fce04f3e2.jpg,18_229_Masson_202_47_46_jpg.rf.0dfa530492029333fb6c828fce04f3e2.npz,True,unreviewed_kept,0,,,,
train,18_229_Masson_202_47_64_jpg.rf.c09e6d9c0eb7063041b82042008ef822.jpg,18_229_Masson_202_47_64_jpg.rf.c09e6d9c0eb7063041b82042008ef822.npz,True,unreviewed_kept,0,,,,
train,18_229_Masson_202_48_22_jpg.rf.b621c819cd44ef211dc7bd44f4b2d342.jpg,18_229_Masson_202_48_22_jpg.rf.b621c819cd44ef211dc7bd44f4b2d342.npz,True,unreviewed_kept,0,,,,
train,18_229_Masson_202_48_29_jpg.rf.b23fd27270ca3cab80dd3c1a062aebc8.jpg,18_229_Masson_202_48_29_jpg.rf.b23fd27270ca3cab80dd3c1a062aebc8.npz,True,unreviewed_kept,0,,,,
train,18_229_Masson_202_48_50_jpg.rf.acbc73f8373ca408bd0b321adb06f1b5.jpg,18_229_Masson_202_48_50_jpg.rf.acbc73f8373ca408bd0b321adb06f1b5.npz,True,unreviewed_kept,0,,,,
train,18_229_Masson_202_48_54_jpg.rf.72b863acdd994012f7c9da7d9ebe984b.jpg,18_229_Masson_202_48_54_jpg.rf.72b863acdd994012f7c9da7d9ebe984b.npz,True,unreviewed_kept,0,,,,
train,18_229_Masson_202_49_33_jpg.rf.dcfd913a9c7a7b31f57ab98ca24a8108.jpg,18_229_Masson_202_49_33_jpg.rf.dcfd913a9c7a7b31f57ab98ca24a8108.npz,True,unreviewed_kept,0,,,,
train,18_229_Masson_202_4_16_jpg.rf.36166993c2e78c08ed9cecc3d1f30f63.jpg,18_229_Masson_202_4_16_jpg.rf.36166993c2e78c08ed9cecc3d1f30f63.npz,True,unreviewed_kept,0,,,,
train,18_229_Masson_202_51_25_jpg.rf.476d38b4c8f2d74ffa45e2bf91a3094f.jpg,18_229_Masson_202_51_25_jpg.rf.476d38b4c8f2d74ffa45e2bf91a3094f.npz,True,unreviewed_kept,0,,,,
train,18_229_Masson_202_52_63_jpg.rf.8bff9a3029110ba41fe1501d964237d4.jpg,18_229_Masson_202_52_63_jpg.rf.8bff9a3029110ba41fe1501d964237d4.npz,True,unreviewed_kept,0,,,,
train,18_229_Masson_202_53_50_jpg.rf.7658e6c8a8e1469762d0f68e28dfe1c6.jpg,18_229_Masson_202_53_50_jpg.rf.7658e6c8a8e1469762d0f68e28dfe1c6.npz,True,unreviewed_kept,0,,,,
train,18_229_Masson_202_54_44_jpg.rf.63734ebcc9a2e04f8dc3a71e208e6207.jpg,18_229_Masson_202_54_44_jpg.rf.63734ebcc9a2e04f8dc3a71e208e6207.npz,True,unreviewed_kept,0,,,,
train,18_229_Masson_202_54_58_jpg.rf.030943828c86670638f0c51599f5b26c.jpg,18_229_Masson_202_54_58_jpg.rf.030943828c86670638f0c51599f5b26c.npz,True,unreviewed_kept,0,,,,
train,18_229_Masson_202_55_30_jpg.rf.7cdffde6108fefe3cf54a7f2387dbfe5.jpg,18_229_Masson_202_55_30_jpg.rf.7cdffde6108fefe3cf54a7f2387dbfe5.npz,True,unreviewed_kept,0,,,,
train,18_229_Masson_202_55_38_jpg.rf.ee0b7fa4ffa5a9a0010dd115cce62a6e.jpg,18_229_Masson_202_55_38_jpg.rf.ee0b7fa4ffa5a9a0010dd115cce62a6e.npz,True,unreviewed_kept,0,,,,
train,18_229_Masson_202_55_52_jpg.rf.3fb41b802cb5070e1fd3810edf647232.jpg,18_229_Masson_202_55_52_jpg.rf.3fb41b802cb5070e1fd3810edf647232.npz,True,unreviewed_kept,0,,,,
train,18_229_Masson_202_55_61_jpg.rf.adefd9d1dde35331950e89e351ff8814.jpg,18_229_Masson_202_55_61_jpg.rf.adefd9d1dde35331950e89e351ff8814.npz,True,unreviewed_kept,0,,,,
train,18_229_Masson_202_56_24_jpg.rf.8acf493062d0ecdbfac63a5ed1511844.jpg,18_229_Masson_202_56_24_jpg.rf.8acf493062d0ecdbfac63a5ed1511844.npz,True,unreviewed_kept,0,,,,
train,18_229_Masson_202_56_39_jpg.rf.1480920c517c6b271823d7ebcefa10bd.jpg,18_229_Masson_202_56_39_jpg.rf.1480920c517c6b271823d7ebcefa10bd.npz,True,unreviewed_kept,0,,,,
train,18_229_Masson_202_58_37_jpg.rf.b397656d29dadc2d28a5cd0eb4eef869.jpg,18_229_Masson_202_58_37_jpg.rf.b397656d29dadc2d28a5cd0eb4eef869.npz,True,unreviewed_kept,0,,,,
train,18_229_Masson_202_59_49_jpg.rf.fe45768e6513a358b59caaa685648786.jpg,18_229_Masson_202_59_49_jpg.rf.fe45768e6513a358b59caaa685648786.npz,True,unreviewed_kept,0,,,,
train,18_229_Masson_202_5_18_jpg.rf.ef7945227cc22fdb49eb6204b9f2bc27.jpg,18_229_Masson_202_5_18_jpg.rf.ef7945227cc22fdb49eb6204b9f2bc27.npz,True,unreviewed_kept,0,,,,
train,18_229_Masson_202_60_65_jpg.rf.c4381e9fedb5b37dacb92cee34274dec.jpg,18_229_Masson_202_60_65_jpg.rf.c4381e9fedb5b37dacb92cee34274dec.npz,True,unreviewed_kept,0,,,,
train,18_229_Masson_202_60_69_jpg.rf.751821ccc97d13318aba4f90aa1c4c32.jpg,18_229_Masson_202_60_69_jpg.rf.751821ccc97d13318aba4f90aa1c4c32.npz,True,unreviewed_kept,0,,,,
train,18_229_Masson_202_61_37_jpg.rf.a7095f8012ca6092fea1e60eb80ab025.jpg,18_229_Masson_202_61_37_jpg.rf.a7095f8012ca6092fea1e60eb80ab025.npz,True,unreviewed_kept,0,,,,
train,18_229_Masson_202_64_28_jpg.rf.8c236dd86d0148875100dfd7e41cbb01.jpg,18_229_Masson_202_64_28_jpg.rf.8c236dd86d0148875100dfd7e41cbb01.npz,True,unreviewed_kept,0,,,,
train,18_229_Masson_202_65_35_jpg.rf.db8e51ddf19ea62cda79e5b3e54874d2.jpg,18_229_Masson_202_65_35_jpg.rf.db8e51ddf19ea62cda79e5b3e54874d2.npz,True,unreviewed_kept,0,,,,
train,18_229_Masson_202_67_25_jpg.rf.659820c6b56d026e657f9564b213cb6d.jpg,18_229_Masson_202_67_25_jpg.rf.659820c6b56d026e657f9564b213cb6d.npz,True,unreviewed_kept,0,,,,
train,18_229_Masson_202_68_17_jpg.rf.4560632ddefb3eb9da48b77e874ec55e.jpg,18_229_Masson_202_68_17_jpg.rf.4560632ddefb3eb9da48b77e874ec55e.npz,True,unreviewed_kept,0,,,,
train,18_229_Masson_202_68_24_jpg.rf.b32fa5414fcd95ef826d9de3a832105b.jpg,18_229_Masson_202_68_24_jpg.rf.b32fa5414fcd95ef826d9de3a832105b.npz,True,unreviewed_kept,0,,,,
train,18_229_Masson_202_68_36_jpg.rf.617f73ac21736a3584904d31df66a851.jpg,18_229_Masson_202_68_36_jpg.rf.617f73ac21736a3584904d31df66a851.npz,True,unreviewed_kept,0,,,,
train,18_229_Masson_202_68_40_jpg.rf.e9db1951a3f62e8d905b32f5fabf77a5.jpg,18_229_Masson_202_68_40_jpg.rf.e9db1951a3f62e8d905b32f5fabf77a5.npz,True,unreviewed_kept,0,,,,
train,18_229_Masson_202_68_44_jpg.rf.bf76a2a0ad4e747e3b17703499c227c0.jpg,18_229_Masson_202_68_44_jpg.rf.bf76a2a0ad4e747e3b17703499c227c0.npz,True,reviewed_kept,1,,,,
train,18_229_Masson_202_68_46_jpg.rf.dab84e0f141a4edce37a8b4c87b5c2b1.jpg,18_229_Masson_202_68_46_jpg.rf.dab84e0f141a4edce37a8b4c87b5c2b1.npz,True,unreviewed_kept,0,,,,
train,18_229_Masson_202_68_50_jpg.rf.85c7d74502df60052da9b7587b30a89a.jpg,18_229_Masson_202_68_50_jpg.rf.85c7d74502df60052da9b7587b30a89a.npz,True,unreviewed_kept,0,,,,
train,18_229_Masson_202_69_29_jpg.rf.e7e3f4dedcec09f5f5b8fa0c1f713e9b.jpg,18_229_Masson_202_69_29_jpg.rf.e7e3f4dedcec09f5f5b8fa0c1f713e9b.npz,True,unreviewed_kept,0,,,,
train,18_229_Masson_202_69_30_jpg.rf.a0fa2ec7b94bdbff421c9369e2beb778.jpg,18_229_Masson_202_69_30_jpg.rf.a0fa2ec7b94bdbff421c9369e2beb778.npz,True,unreviewed_kept,0,,,,
train,18_229_Masson_202_70_14_jpg.rf.0dee65e3f350beac5e89d89e48501682.jpg,18_229_Masson_202_70_14_jpg.rf.0dee65e3f350beac5e89d89e48501682.npz,True,unreviewed_kept,0,,,,
train,18_229_Masson_202_70_15_jpg.rf.c39d74e39716c29a3b5892cf022338b6.jpg,18_229_Masson_202_70_15_jpg.rf.c39d74e39716c29a3b5892cf022338b6.npz,True,unreviewed_kept,0,,,,
train,18_229_Masson_202_70_57_jpg.rf.62232700835d984fb6a3d854af9292be.jpg,18_229_Masson_202_70_57_jpg.rf.62232700835d984fb6a3d854af9292be.npz,True,unreviewed_kept,0,,,,
train,18_229_Masson_202_70_73_jpg.rf.0afec49945fecaf89c8f23039289c5d4.jpg,18_229_Masson_202_70_73_jpg.rf.0afec49945fecaf89c8f23039289c5d4.npz,True,unreviewed_kept,0,,,,
train,18_229_Masson_202_71_18_jpg.rf.d468991998cacf6d5e662054e7f12270.jpg,18_229_Masson_202_71_18_jpg.rf.d468991998cacf6d5e662054e7f12270.npz,True,unreviewed_kept,0,,,,
train,18_229_Masson_202_71_21_jpg.rf.576d4c71ec8c3c80f2965762ad42cab1.jpg,18_229_Masson_202_71_21_jpg.rf.576d4c71ec8c3c80f2965762ad42cab1.npz,True,unreviewed_kept,0,,,,
train,18_229_Masson_202_71_38_jpg.rf.48abfdd8fbf18779ed45c08c44225d83.jpg,18_229_Masson_202_71_38_jpg.rf.48abfdd8fbf18779ed45c08c44225d83.npz,True,unreviewed_kept,0,,,,
train,18_229_Masson_202_73_21_jpg.rf.13d849cd10fc596cc0bb89178df626a8.jpg,18_229_Masson_202_73_21_jpg.rf.13d849cd10fc596cc0bb89178df626a8.npz,True,unreviewed_kept,0,,,,
train,18_229_Masson_202_73_29_jpg.rf.9f01180b8c7efb4297d65a5075d87807.jpg,18_229_Masson_202_73_29_jpg.rf.9f01180b8c7efb4297d65a5075d87807.npz,True,unreviewed_kept,0,,,,
train,18_229_Masson_202_73_58_jpg.rf.790f8254f934979e3cb30b179c1b696e.jpg,18_229_Masson_202_73_58_jpg.rf.790f8254f934979e3cb30b179c1b696e.npz,True,unreviewed_kept,0,,,,
train,18_229_Masson_202_74_18_jpg.rf.6975f372c2d5ee03adeb2e3a8fc39a0b.jpg,18_229_Masson_202_74_18_jpg.rf.6975f372c2d5ee03adeb2e3a8fc39a0b.npz,True,unreviewed_kept,0,,,,
train,18_229_Masson_202_74_39_jpg.rf.a326c3c288a2555db315b422945e313a.jpg,18_229_Masson_202_74_39_jpg.rf.a326c3c288a2555db315b422945e313a.npz,True,unreviewed_kept,0,,,,
train,18_229_Masson_202_74_60_jpg.rf.ce90fc2103e72dc6eb6bb4724f3fbb66.jpg,18_229_Masson_202_74_60_jpg.rf.ce90fc2103e72dc6eb6bb4724f3fbb66.npz,True,unreviewed_kept,0,,,,
train,18_229_Masson_202_76_23_jpg.rf.abdb8d18e87a287262eeaa564ae2fc19.jpg,18_229_Masson_202_76_23_jpg.rf.abdb8d18e87a287262eeaa564ae2fc19.npz,True,unreviewed_kept,0,,,,
train,18_229_Masson_202_76_40_jpg.rf.3cadaaa62d96461226f359584daf923a.jpg,18_229_Masson_202_76_40_jpg.rf.3cadaaa62d96461226f359584daf923a.npz,True,unreviewed_kept,0,,,,
train,18_229_Masson_202_76_46_jpg.rf.ea7bf920d2e397294bd4c3a8e574dbd8.jpg,18_229_Masson_202_76_46_jpg.rf.ea7bf920d2e397294bd4c3a8e574dbd8.npz,True,unreviewed_kept,0,,,,
train,18_229_Masson_202_77_40_jpg.rf.c02d614d3918879e96210f4fd6ae2ac3.jpg,18_229_Masson_202_77_40_jpg.rf.c02d614d3918879e96210f4fd6ae2ac3.npz,True,unreviewed_kept,0,,,,
train,18_229_Masson_202_78_61_jpg.rf.7d9962df60ada7ecc740ef6e42e6957a.jpg,18_229_Masson_202_78_61_jpg.rf.7d9962df60ada7ecc740ef6e42e6957a.npz,True,unreviewed_kept,0,,,,
train,18_229_Masson_202_79_32_jpg.rf.813f2e6dbd11b4cc858acbb568ff5e76.jpg,18_229_Masson_202_79_32_jpg.rf.813f2e6dbd11b4cc858acbb568ff5e76.npz,True,unreviewed_kept,0,,,,
train,18_229_Masson_202_7_17_jpg.rf.ab4b88cc3ac700f689f6a0d8ddf4bcd1.jpg,18_229_Masson_202_7_17_jpg.rf.ab4b88cc3ac700f689f6a0d8ddf4bcd1.npz,True,unreviewed_kept,0,,,,
train,18_229_Masson_202_7_22_jpg.rf.294e8af80356a9ed275090efa6e1b212.jpg,18_229_Masson_202_7_22_jpg.rf.294e8af80356a9ed275090efa6e1b212.npz,True,unreviewed_kept,0,,,,
train,18_229_Masson_202_80_51_jpg.rf.8382ead3bbbffbdc7008481ca71800b5.jpg,18_229_Masson_202_80_51_jpg.rf.8382ead3bbbffbdc7008481ca71800b5.npz,True,unreviewed_kept,0,,,,
train,18_229_Masson_202_80_60_jpg.rf.583e7940c9d801a16089a496add6bf82.jpg,18_229_Masson_202_80_60_jpg.rf.583e7940c9d801a16089a496add6bf82.npz,True,unreviewed_kept,0,,,,
train,18_229_Masson_202_81_17_jpg.rf.ce4aac0e06ce5cf2d569bff745ef0c58.jpg,18_229_Masson_202_81_17_jpg.rf.ce4aac0e06ce5cf2d569bff745ef0c58.npz,True,unreviewed_kept,0,,,,
train,18_229_Masson_202_81_64_jpg.rf.ee050a31c0c888a8a820797805c45c2d.jpg,18_229_Masson_202_81_64_jpg.rf.ee050a31c0c888a8a820797805c45c2d.npz,True,unreviewed_kept,0,,,,
train,18_229_Masson_202_83_54_jpg.rf.95485a6274bd87a0c92df041f4a3d4bc.jpg,18_229_Masson_202_83_54_jpg.rf.95485a6274bd87a0c92df041f4a3d4bc.npz,True,unreviewed_kept,0,,,,
train,18_229_Masson_202_84_41_jpg.rf.5d828530b2da1f733e4cbfcdccaa6188.jpg,18_229_Masson_202_84_41_jpg.rf.5d828530b2da1f733e4cbfcdccaa6188.npz,True,unreviewed_kept,0,,,,
train,18_229_Masson_202_84_56_jpg.rf.7f15557936b5c822d44a772114e28d4f.jpg,18_229_Masson_202_84_56_jpg.rf.7f15557936b5c822d44a772114e28d4f.npz,True,unreviewed_kept,0,,,,
train,18_229_Masson_202_85_14_jpg.rf.d7de7f6116da442b0df0221f66aad2c9.jpg,18_229_Masson_202_85_14_jpg.rf.d7de7f6116da442b0df0221f66aad2c9.npz,True,unreviewed_kept,0,,,,
train,18_229_Masson_202_86_9_jpg.rf.e7fd37b4c52e348ae390fc23e2c2ede3.jpg,18_229_Masson_202_86_9_jpg.rf.e7fd37b4c52e348ae390fc23e2c2ede3.npz,True,unreviewed_kept,0,,,,
train,18_229_Masson_202_87_70_jpg.rf.83389d2d910383c957d0bc625df6cebf.jpg,18_229_Masson_202_87_70_jpg.rf.83389d2d910383c957d0bc625df6cebf.npz,True,unreviewed_kept,0,,,,
train,18_229_Masson_202_88_19_jpg.rf.93f8bef452ee5c3403c0c853f53685b1.jpg,18_229_Masson_202_88_19_jpg.rf.93f8bef452ee5c3403c0c853f53685b1.npz,True,unreviewed_kept,0,,,,
train,18_229_Masson_202_89_28_jpg.rf.3da09fb859d8a25007c2849f8e0fc1bc.jpg,18_229_Masson_202_89_28_jpg.rf.3da09fb859d8a25007c2849f8e0fc1bc.npz,True,unreviewed_kept,0,,,,
train,18_229_Masson_202_89_66_jpg.rf.c32135d7777c275d71b08be73c14c8c2.jpg,18_229_Masson_202_89_66_jpg.rf.c32135d7777c275d71b08be73c14c8c2.npz,True,unreviewed_kept,0,,,,
train,18_229_Masson_202_8_14_jpg.rf.7e5f9d5b415e24a6c2ff0100df88561d.jpg,18_229_Masson_202_8_14_jpg.rf.7e5f9d5b415e24a6c2ff0100df88561d.npz,True,unreviewed_kept,0,,,,
train,18_229_Masson_202_8_15_jpg.rf.4ee96aad6cafff82b5e5c85ddafc4d38.jpg,18_229_Masson_202_8_15_jpg.rf.4ee96aad6cafff82b5e5c85ddafc4d38.npz,True,unreviewed_kept,0,,,,
train,18_229_Masson_202_8_21_jpg.rf.35b309fd0c942d48095124417529ea09.jpg,18_229_Masson_202_8_21_jpg.rf.35b309fd0c942d48095124417529ea09.npz,True,unreviewed_kept,0,,,,
train,18_229_Masson_202_90_9_jpg.rf.5fabaf5128ff008544fdf928309b690f.jpg,18_229_Masson_202_90_9_jpg.rf.5fabaf5128ff008544fdf928309b690f.npz,True,unreviewed_kept,0,,,,
train,18_229_Masson_202_91_64_jpg.rf.c86c791e42244021c0ef90100208f37e.jpg,18_229_Masson_202_91_64_jpg.rf.c86c791e42244021c0ef90100208f37e.npz,True,unreviewed_kept,0,,,,
train,18_229_Masson_202_92_17_jpg.rf.05d11ea3eb6a4250f88a4f8e5ce9fd51.jpg,18_229_Masson_202_92_17_jpg.rf.05d11ea3eb6a4250f88a4f8e5ce9fd51.npz,True,unreviewed_kept,0,,,,
train,18_229_Masson_202_92_67_jpg.rf.12573ec6429c63c1e1bee1bf61d97701.jpg,18_229_Masson_202_92_67_jpg.rf.12573ec6429c63c1e1bee1bf61d97701.npz,True,unreviewed_kept,0,,,,
train,18_229_Masson_202_95_24_jpg.rf.ff1797b11cda1454974de786b6f001b2.jpg,18_229_Masson_202_95_24_jpg.rf.ff1797b11cda1454974de786b6f001b2.npz,True,unreviewed_kept,0,,,,
train,18_229_Masson_202_95_33_jpg.rf.4e77fba9f9d14d2287613d62336cfd03.jpg,18_229_Masson_202_95_33_jpg.rf.4e77fba9f9d14d2287613d62336cfd03.npz,True,unreviewed_kept,0,,,,
train,18_229_Masson_202_95_35_jpg.rf.75a4c632e5b285c79c86446ef48214cc.jpg,18_229_Masson_202_95_35_jpg.rf.75a4c632e5b285c79c86446ef48214cc.npz,True,unreviewed_kept,0,,,,
train,18_229_Masson_202_97_42_jpg.rf.e440205fed577deb9d182e626bb1c3cf.jpg,18_229_Masson_202_97_42_jpg.rf.e440205fed577deb9d182e626bb1c3cf.npz,True,unreviewed_kept,0,,,,
train,18_229_Masson_202_97_8_jpg.rf.2b0469792113a30315f215aab863f406.jpg,18_229_Masson_202_97_8_jpg.rf.2b0469792113a30315f215aab863f406.npz,True,unreviewed_kept,0,,,,
train,18_229_Masson_202_98_4_jpg.rf.d7a50578f189b66783c40ef18a013fbe.jpg,18_229_Masson_202_98_4_jpg.rf.d7a50578f189b66783c40ef18a013fbe.npz,True,unreviewed_kept,0,,,,
train,18_229_Masson_202_99_26_jpg.rf.89890e6de9984404845b5d114dd90dc9.jpg,18_229_Masson_202_99_26_jpg.rf.89890e6de9984404845b5d114dd90dc9.npz,True,unreviewed_kept,0,,,,
train,18_229_Masson_202_99_27_jpg.rf.bc1d8fbaae8c511674ff95f3a63a2b60.jpg,18_229_Masson_202_99_27_jpg.rf.bc1d8fbaae8c511674ff95f3a63a2b60.npz,True,unreviewed_kept,0,,,,
train,18_229_Masson_202_99_4_jpg.rf.b338a5aabae674eccd07de6793b0b041.jpg,18_229_Masson_202_99_4_jpg.rf.b338a5aabae674eccd07de6793b0b041.npz,True,unreviewed_kept,0,,,,
train,18_229_Masson_202_99_8_jpg.rf.f3c97d5a19270a42e492cd233ec0d727.jpg,18_229_Masson_202_99_8_jpg.rf.f3c97d5a19270a42e492cd233ec0d727.npz,True,unreviewed_kept,0,,,,
train,18_229_Masson_202_9_22_jpg.rf.084960cbfcd71f03af595ec9c070d25b.jpg,18_229_Masson_202_9_22_jpg.rf.084960cbfcd71f03af595ec9c070d25b.npz,True,unreviewed_kept,0,,,,
train,18_229_Masson_202_9_28_jpg.rf.689f7f84ef2b68b8f72cafb81e5ab44e.jpg,18_229_Masson_202_9_28_jpg.rf.689f7f84ef2b68b8f72cafb81e5ab44e.npz,True,unreviewed_kept,0,,,,
train,18_229_Masson_203_123_9_jpg.rf.54f1361d81ac1608a2085ae81bb547d5.jpg,18_229_Masson_203_123_9_jpg.rf.54f1361d81ac1608a2085ae81bb547d5.npz,True,unreviewed_kept,0,,,,
train,18_229_Masson_203_91_12_jpg.rf.c78181d1df148499e576e8b921ac7f0d.jpg,18_229_Masson_203_91_12_jpg.rf.c78181d1df148499e576e8b921ac7f0d.npz,True,unreviewed_kept,0,,,,
train,18_229_Masson_203_91_7_jpg.rf.0777c7919f65ec9d3264d3ca829ebf45.jpg,18_229_Masson_203_91_7_jpg.rf.0777c7919f65ec9d3264d3ca829ebf45.npz,True,unreviewed_kept,0,,,,
train,18_229_Masson_301_124_22_jpg.rf.b75d75a1561b1ab2d78ebe96e01d682f.jpg,18_229_Masson_301_124_22_jpg.rf.b75d75a1561b1ab2d78ebe96e01d682f.npz,True,unreviewed_kept,0,,,,
train,18_229_Masson_302_25_13_jpg.rf.9049b6d650462e335b1f903479e6128e.jpg,18_229_Masson_302_25_13_jpg.rf.9049b6d650462e335b1f903479e6128e.npz,True,unreviewed_kept,0,,,,
train,18_229_Masson_302_26_12_jpg.rf.a2241e10e5fe05f1e07c1f593e958be1.jpg,18_229_Masson_302_26_12_jpg.rf.a2241e10e5fe05f1e07c1f593e958be1.npz,True,unreviewed_kept,0,,,,
train,18_229_Masson_302_26_18_jpg.rf.4213cfa5d05c7e84d9e2cd54952189ab.jpg,18_229_Masson_302_26_18_jpg.rf.4213cfa5d05c7e84d9e2cd54952189ab.npz,True,unreviewed_kept,0,,,,
train,18_229_Masson_302_26_25_jpg.rf.64f1e2faef4f4ce4ea6dc02178041596.jpg,18_229_Masson_302_26_25_jpg.rf.64f1e2faef4f4ce4ea6dc02178041596.npz,True,unreviewed_kept,0,,,,
train,18_229_Masson_302_26_28_jpg.rf.40b4aebde0d9828c4eda15ecb389408f.jpg,18_229_Masson_302_26_28_jpg.rf.40b4aebde0d9828c4eda15ecb389408f.npz,True,unreviewed_kept,0,,,,
train,18_229_Masson_302_26_29_jpg.rf.bd81744b3130f737431542f256f6d7aa.jpg,18_229_Masson_302_26_29_jpg.rf.bd81744b3130f737431542f256f6d7aa.npz,True,unreviewed_kept,0,,,,
train,18_229_Masson_302_36_21_jpg.rf.85793a9e0f74ade81eb1b51707206a14.jpg,18_229_Masson_302_36_21_jpg.rf.85793a9e0f74ade81eb1b51707206a14.npz,True,unreviewed_kept,0,,,,
train,18_229_Masson_302_36_26_jpg.rf.433928568b41046db9e28a1db4282ab0.jpg,18_229_Masson_302_36_26_jpg.rf.433928568b41046db9e28a1db4282ab0.npz,True,unreviewed_kept,0,,,,
train,18_229_Masson_302_36_27_jpg.rf.1f9f59a89e315e1467a8053ff3875eab.jpg,18_229_Masson_302_36_27_jpg.rf.1f9f59a89e315e1467a8053ff3875eab.npz,True,unreviewed_kept,0,,,,
train,18_229_Masson_302_36_30_jpg.rf.501012b27900fbd4eb1628dab56efff9.jpg,18_229_Masson_302_36_30_jpg.rf.501012b27900fbd4eb1628dab56efff9.npz,True,unreviewed_kept,0,,,,
train,18_229_Masson_302_36_32_jpg.rf.8dc7a5334b16d2ffe730c9799d41c56d.jpg,18_229_Masson_302_36_32_jpg.rf.8dc7a5334b16d2ffe730c9799d41c56d.npz,True,unreviewed_kept,0,,,,
train,18_229_Masson_302_36_33_jpg.rf.89e633ad85a50855696d4c98a3a3b099.jpg,18_229_Masson_302_36_33_jpg.rf.89e633ad85a50855696d4c98a3a3b099.npz,True,unreviewed_kept,0,,,,
train,18_229_Masson_302_37_20_jpg.rf.6377843ee235836f74bc135f2468fbd5.jpg,18_229_Masson_302_37_20_jpg.rf.6377843ee235836f74bc135f2468fbd5.npz,True,unreviewed_kept,0,,,,
train,18_229_Masson_302_37_21_jpg.rf.d95b9635c38396d60bfd0a5058008b87.jpg,18_229_Masson_302_37_21_jpg.rf.d95b9635c38396d60bfd0a5058008b87.npz,True,unreviewed_kept,0,,,,
train,18_229_Masson_302_37_27_jpg.rf.e31beb018ed5c6cffca8f8c80ae57836.jpg,18_229_Masson_302_37_27_jpg.rf.e31beb018ed5c6cffca8f8c80ae57836.npz,True,unreviewed_kept,0,,,,
train,18_229_Masson_302_38_26_jpg.rf.4e56904cdf0954c9d3d4cbefbf2c0a4c.jpg,18_229_Masson_302_38_26_jpg.rf.4e56904cdf0954c9d3d4cbefbf2c0a4c.npz,True,unreviewed_kept,0,,,,
train,18_229_Masson_302_41_23_jpg.rf.9c6103a12df952b9e927b0a09e7eebe7.jpg,18_229_Masson_302_41_23_jpg.rf.9c6103a12df952b9e927b0a09e7eebe7.npz,True,unreviewed_kept,0,,,,
train,18_229_Masson_302_41_28_jpg.rf.b9a915bc5fd54858f471597231f69d55.jpg,18_229_Masson_302_41_28_jpg.rf.b9a915bc5fd54858f471597231f69d55.npz,True,unreviewed_kept,0,,,,
train,18_229_Masson_302_41_35_jpg.rf.785dcbc5868c10333727734a26186eda.jpg,18_229_Masson_302_41_35_jpg.rf.785dcbc5868c10333727734a26186eda.npz,True,unreviewed_kept,0,,,,
train,18_229_Masson_302_41_36_jpg.rf.f0795e5c8213c4a8b1702bae3c84fc4e.jpg,18_229_Masson_302_41_36_jpg.rf.f0795e5c8213c4a8b1702bae3c84fc4e.npz,True,unreviewed_kept,0,,,,
train,18_229_Masson_302_41_45_jpg.rf.6151aeb112f9a7296e63b1e3394bff14.jpg,18_229_Masson_302_41_45_jpg.rf.6151aeb112f9a7296e63b1e3394bff14.npz,True,unreviewed_kept,0,,,,
train,18_229_Masson_302_49_35_jpg.rf.aea00d4dba2a49258764dd82325c5ac3.jpg,18_229_Masson_302_49_35_jpg.rf.aea00d4dba2a49258764dd82325c5ac3.npz,True,unreviewed_kept,0,,,,
train,18_229_Masson_302_49_40_jpg.rf.66870e88440760ba83b96c0a75884f85.jpg,18_229_Masson_302_49_40_jpg.rf.66870e88440760ba83b96c0a75884f85.npz,True,unreviewed_kept,0,,,,
train,18_229_Masson_306_136_32_jpg.rf.2bc34d41652d8112404d8d6ee9917844.jpg,18_229_Masson_306_136_32_jpg.rf.2bc34d41652d8112404d8d6ee9917844.npz,True,unreviewed_kept,0,,,,
train,18_229_Masson_306_136_34_jpg.rf.1aad05e1ec372fa014bed605a698c62d.jpg,18_229_Masson_306_136_34_jpg.rf.1aad05e1ec372fa014bed605a698c62d.npz,True,unreviewed_kept,0,,,,
train,18_229_Masson_307_13_23_jpg.rf.cbf2c2e612ce696d7e2162ac2d55ff36.jpg,18_229_Masson_307_13_23_jpg.rf.cbf2c2e612ce696d7e2162ac2d55ff36.npz,True,unreviewed_kept,0,,,,
train,18_236_202_36_22_jpg.rf.8a8c900a03c072587dd4ea671b56e2bf.jpg,18_236_202_36_22_jpg.rf.8a8c900a03c072587dd4ea671b56e2bf.npz,True,unreviewed_kept,0,,,,
train,18_236_202_36_8_jpg.rf.94f8e0407d02bd1415281a0331e4a883.jpg,18_236_202_36_8_jpg.rf.94f8e0407d02bd1415281a0331e4a883.npz,True,unreviewed_kept,0,,,,
train,18_236_202_37_12_jpg.rf.3e543a72c8458a47ae99f15ef1f6d80c.jpg,18_236_202_37_12_jpg.rf.3e543a72c8458a47ae99f15ef1f6d80c.npz,True,unreviewed_kept,0,,,,
train,18_236_202_37_9_jpg.rf.610ca1a8da04acc1d917923ee69642e7.jpg,18_236_202_37_9_jpg.rf.610ca1a8da04acc1d917923ee69642e7.npz,True,unreviewed_kept,0,,,,
train,18_236_202_38_15_jpg.rf.d04e42d4f8177535a4ed046edc092738.jpg,18_236_202_38_15_jpg.rf.d04e42d4f8177535a4ed046edc092738.npz,True,unreviewed_kept,0,,,,
train,18_236_202_38_21_jpg.rf.0614e94c1faf204addde552b40eb8c89.jpg,18_236_202_38_21_jpg.rf.0614e94c1faf204addde552b40eb8c89.npz,True,unreviewed_kept,0,,,,
train,18_236_202_38_29_jpg.rf.cba4104fef0c568539228730b1999d18.jpg,18_236_202_38_29_jpg.rf.cba4104fef0c568539228730b1999d18.npz,True,unreviewed_kept,0,,,,
train,18_236_202_39_11_jpg.rf.0c7637911e4cff6dd30c1c0cfee34a60.jpg,18_236_202_39_11_jpg.rf.0c7637911e4cff6dd30c1c0cfee34a60.npz,True,unreviewed_kept,0,,,,
train,18_236_202_39_12_jpg.rf.3409441f65fa0a060ec2b23da8e139e9.jpg,18_236_202_39_12_jpg.rf.3409441f65fa0a060ec2b23da8e139e9.npz,True,unreviewed_kept,0,,,,
train,18_236_202_39_18_jpg.rf.2e772470db1044d3e9795dbe75363d9f.jpg,18_236_202_39_18_jpg.rf.2e772470db1044d3e9795dbe75363d9f.npz,True,unreviewed_kept,0,,,,
train,18_236_202_39_20_jpg.rf.866e0c3a709ad28b553a106e77b9e9c9.jpg,18_236_202_39_20_jpg.rf.866e0c3a709ad28b553a106e77b9e9c9.npz,True,unreviewed_kept,0,,,,
train,18_236_202_39_24_jpg.rf.56e97f4ef916dd79f8b1685aab6edba3.jpg,18_236_202_39_24_jpg.rf.56e97f4ef916dd79f8b1685aab6edba3.npz,True,unreviewed_kept,0,,,,
train,18_236_202_39_9_jpg.rf.7a825403fbe4b9dc1308df7e4466f602.jpg,18_236_202_39_9_jpg.rf.7a825403fbe4b9dc1308df7e4466f602.npz,True,unreviewed_kept,0,,,,
train,18_236_202_40_18_jpg.rf.0c163c2d5f924b91366f60d283e926b4.jpg,18_236_202_40_18_jpg.rf.0c163c2d5f924b91366f60d283e926b4.npz,True,unreviewed_kept,0,,,,
train,18_236_202_40_39_jpg.rf.baa70dc4e8f411b0bd1652a66e5bcd03.jpg,18_236_202_40_39_jpg.rf.baa70dc4e8f411b0bd1652a66e5bcd03.npz,True,unreviewed_kept,0,,,,
train,18_236_202_41_17_jpg.rf.23b71208a1554bb46f59e308debc80e0.jpg,18_236_202_41_17_jpg.rf.23b71208a1554bb46f59e308debc80e0.npz,True,unreviewed_kept,0,,,,
train,18_236_202_41_20_jpg.rf.678c209719e39e5e98e06d920947b01e.jpg,18_236_202_41_20_jpg.rf.678c209719e39e5e98e06d920947b01e.npz,True,unreviewed_kept,0,,,,
train,18_236_202_41_23_jpg.rf.b7496304df04d9b0108a3bd5919f9bb9.jpg,18_236_202_41_23_jpg.rf.b7496304df04d9b0108a3bd5919f9bb9.npz,True,unreviewed_kept,0,,,,
train,18_236_202_41_28_jpg.rf.c6223cb1aeeb9f9767da7538ac50867f.jpg,18_236_202_41_28_jpg.rf.c6223cb1aeeb9f9767da7538ac50867f.npz,True,unreviewed_kept,0,,,,
train,18_236_202_41_29_jpg.rf.6786b3f307c0abf72f5bd69b80a434d6.jpg,18_236_202_41_29_jpg.rf.6786b3f307c0abf72f5bd69b80a434d6.npz,True,unreviewed_kept,0,,,,
train,18_236_202_41_30_jpg.rf.8cca863c039e987ee0585196e3b67584.jpg,18_236_202_41_30_jpg.rf.8cca863c039e987ee0585196e3b67584.npz,True,unreviewed_kept,0,,,,
train,18_236_202_41_37_jpg.rf.a886231683a4d28556016ebdbcbbdfc2.jpg,18_236_202_41_37_jpg.rf.a886231683a4d28556016ebdbcbbdfc2.npz,True,unreviewed_kept,0,,,,
train,18_236_202_41_39_jpg.rf.40bbae73b467156368faf05a03606c32.jpg,18_236_202_41_39_jpg.rf.40bbae73b467156368faf05a03606c32.npz,True,unreviewed_kept,0,,,,
train,18_236_202_41_3_jpg.rf.ceb7941323525db7dd0fe870eba0a76b.jpg,18_236_202_41_3_jpg.rf.ceb7941323525db7dd0fe870eba0a76b.npz,True,unreviewed_kept,0,,,,
train,18_236_202_41_40_jpg.rf.08b3e4c2b723912d41ada6ca5f4ebbcd.jpg,18_236_202_41_40_jpg.rf.08b3e4c2b723912d41ada6ca5f4ebbcd.npz,True,unreviewed_kept,0,,,,
train,18_236_202_43_10_jpg.rf.1ea620decb85c0bc9bc4f166f145b64b.jpg,18_236_202_43_10_jpg.rf.1ea620decb85c0bc9bc4f166f145b64b.npz,True,unreviewed_kept,0,,,,
train,18_236_202_43_11_jpg.rf.6c1f24ba4da3429c3f6c80b43d4730b4.jpg,18_236_202_43_11_jpg.rf.6c1f24ba4da3429c3f6c80b43d4730b4.npz,True,unreviewed_kept,0,,,,
train,18_236_203_73_25_jpg.rf.0f1ec2fbe24148b646b7b55bc1d2acb0.jpg,18_236_203_73_25_jpg.rf.0f1ec2fbe24148b646b7b55bc1d2acb0.npz,True,unreviewed_kept,0,,,,
train,18_236_203_73_32_jpg.rf.bc45d534f58b7d5f0a61f8872ade73c8.jpg,18_236_203_73_32_jpg.rf.bc45d534f58b7d5f0a61f8872ade73c8.npz,True,unreviewed_kept,0,,,,
train,18_236_203_75_23_jpg.rf.ed0a7b49b2fd5752c78e30877554534f.jpg,18_236_203_75_23_jpg.rf.ed0a7b49b2fd5752c78e30877554534f.npz,True,unreviewed_kept,0,,,,
train,18_236_203_75_24_jpg.rf.9e3e4a80e036a774a43cac0b72ff2523.jpg,18_236_203_75_24_jpg.rf.9e3e4a80e036a774a43cac0b72ff2523.npz,True,unreviewed_kept,0,,,,
train,18_236_203_75_26_jpg.rf.61d9c9b45a40a7bbd824abfb15f2834d.jpg,18_236_203_75_26_jpg.rf.61d9c9b45a40a7bbd824abfb15f2834d.npz,True,unreviewed_kept,0,,,,
train,18_236_203_75_29_jpg.rf.d61907186c4f7e789e70c91589b8a9d3.jpg,18_236_203_75_29_jpg.rf.d61907186c4f7e789e70c91589b8a9d3.npz,True,unreviewed_kept,0,,,,
train,18_236_203_75_43_jpg.rf.14a8ff144d0564b9ebc5013c5d7fca21.jpg,18_236_203_75_43_jpg.rf.14a8ff144d0564b9ebc5013c5d7fca21.npz,True,unreviewed_kept,0,,,,
train,18_236_203_75_44_jpg.rf.0111c3cf729fead849889500052f8454.jpg,18_236_203_75_44_jpg.rf.0111c3cf729fead849889500052f8454.npz,True,unreviewed_kept,0,,,,
train,18_236_203_75_45_jpg.rf.3bf47dc53a046d6831addb604e6e4b57.jpg,18_236_203_75_45_jpg.rf.3bf47dc53a046d6831addb604e6e4b57.npz,True,unreviewed_kept,0,,,,
train,18_236_203_76_10_jpg.rf.de57c2a2f95f1011b4e4ef2861459e8e.jpg,18_236_203_76_10_jpg.rf.de57c2a2f95f1011b4e4ef2861459e8e.npz,True,unreviewed_kept,0,,,,
train,18_236_203_76_11_jpg.rf.c78771d4fcddb064e62c16e239895398.jpg,18_236_203_76_11_jpg.rf.c78771d4fcddb064e62c16e239895398.npz,True,unreviewed_kept,0,,,,
train,18_236_203_76_12_jpg.rf.e4801d88c82beb19467ae7a59fd30149.jpg,18_236_203_76_12_jpg.rf.e4801d88c82beb19467ae7a59fd30149.npz,True,unreviewed_kept,0,,,,
train,18_236_203_76_14_jpg.rf.142bf0f44faf0d47cccb34960c28c3de.jpg,18_236_203_76_14_jpg.rf.142bf0f44faf0d47cccb34960c28c3de.npz,True,unreviewed_kept,0,,,,
train,18_236_203_76_18_jpg.rf.965e6dce96efd5ddbbe09266b4cfcf90.jpg,18_236_203_76_18_jpg.rf.965e6dce96efd5ddbbe09266b4cfcf90.npz,True,unreviewed_kept,0,,,,
train,18_236_203_76_20_jpg.rf.364e14da60cd3fa699d78be1c891d045.jpg,18_236_203_76_20_jpg.rf.364e14da60cd3fa699d78be1c891d045.npz,True,unreviewed_kept,0,,,,
train,18_236_203_76_31_jpg.rf.73500552076421758fdae9a4a634a6ec.jpg,18_236_203_76_31_jpg.rf.73500552076421758fdae9a4a634a6ec.npz,True,unreviewed_kept,0,,,,
train,18_236_203_76_32_jpg.rf.33a7d6c26f1bd429702ed0eac98f309d.jpg,18_236_203_76_32_jpg.rf.33a7d6c26f1bd429702ed0eac98f309d.npz,True,unreviewed_kept,0,,,,
train,18_236_203_76_8_jpg.rf.b9b17ae5e22f113670b028e4639490b1.jpg,18_236_203_76_8_jpg.rf.b9b17ae5e22f113670b028e4639490b1.npz,True,unreviewed_kept,0,,,,
train,18_236_203_76_9_jpg.rf.6040074cb1d8c0d4119bd075d0c0f709.jpg,18_236_203_76_9_jpg.rf.6040074cb1d8c0d4119bd075d0c0f709.npz,True,unreviewed_kept,0,,,,
train,18_236_203_77_10_jpg.rf.48d09e67de5a4c01371f53b001303d39.jpg,18_236_203_77_10_jpg.rf.48d09e67de5a4c01371f53b001303d39.npz,True,unreviewed_kept,0,,,,
train,18_236_203_77_12_jpg.rf.8688c3f2fb8805f8c41e7e9f1d8d3fbe.jpg,18_236_203_77_12_jpg.rf.8688c3f2fb8805f8c41e7e9f1d8d3fbe.npz,True,unreviewed_kept,0,,,,
train,18_236_203_77_35_jpg.rf.af366a601337867dd8007ca81642533d.jpg,18_236_203_77_35_jpg.rf.af366a601337867dd8007ca81642533d.npz,True,unreviewed_kept,0,,,,
train,18_236_203_77_37_jpg.rf.a7eb89fce62d516f6d6be84e249d01c0.jpg,18_236_203_77_37_jpg.rf.a7eb89fce62d516f6d6be84e249d01c0.npz,True,unreviewed_kept,0,,,,
train,18_236_203_77_39_jpg.rf.0f9658b1a57e5a6354ad6fb56ad8ef44.jpg,18_236_203_77_39_jpg.rf.0f9658b1a57e5a6354ad6fb56ad8ef44.npz,True,unreviewed_kept,0,,,,
train,18_236_203_78_13_jpg.rf.5a203acd28e32027596062a72c860182.jpg,18_236_203_78_13_jpg.rf.5a203acd28e32027596062a72c860182.npz,True,unreviewed_kept,0,,,,
train,18_236_203_78_14_jpg.rf.9d88d1dadc72c8f5de8f3e6daa625d31.jpg,18_236_203_78_14_jpg.rf.9d88d1dadc72c8f5de8f3e6daa625d31.npz,True,unreviewed_kept,0,,,,
train,18_236_203_78_15_jpg.rf.0cc66963e19adecba159de22caa891b4.jpg,18_236_203_78_15_jpg.rf.0cc66963e19adecba159de22caa891b4.npz,True,unreviewed_kept,0,,,,
train,18_236_203_78_19_jpg.rf.7f00a79a39de2a890c16e684b5715ac2.jpg,18_236_203_78_19_jpg.rf.7f00a79a39de2a890c16e684b5715ac2.npz,True,unreviewed_kept,0,,,,
train,18_236_203_78_31_jpg.rf.8da013abdcec4bf44edd7913cc3efb16.jpg,18_236_203_78_31_jpg.rf.8da013abdcec4bf44edd7913cc3efb16.npz,True,unreviewed_kept,0,,,,
train,18_236_203_78_37_jpg.rf.64db25734b91824ded2c3522cba96eda.jpg,18_236_203_78_37_jpg.rf.64db25734b91824ded2c3522cba96eda.npz,True,unreviewed_kept,0,,,,
train,18_236_203_78_38_jpg.rf.37953943fdadeb7f42fcbacdd0f44d69.jpg,18_236_203_78_38_jpg.rf.37953943fdadeb7f42fcbacdd0f44d69.npz,True,unreviewed_kept,0,,,,
train,18_236_203_78_44_jpg.rf.79faf229e518992fdf140299e07d3e46.jpg,18_236_203_78_44_jpg.rf.79faf229e518992fdf140299e07d3e46.npz,True,unreviewed_kept,0,,,,
train,18_236_203_79_25_jpg.rf.9b56793b1155c7dca6c461f8b54350b4.jpg,18_236_203_79_25_jpg.rf.9b56793b1155c7dca6c461f8b54350b4.npz,True,unreviewed_kept,0,,,,
train,18_236_203_79_42_jpg.rf.433aa15d312af201892a9d49670fc1ba.jpg,18_236_203_79_42_jpg.rf.433aa15d312af201892a9d49670fc1ba.npz,True,unreviewed_kept,0,,,,
train,18_236_203_80_7_jpg.rf.4d24576f2a9c98a96ef9c1d5d18ea67c.jpg,18_236_203_80_7_jpg.rf.4d24576f2a9c98a96ef9c1d5d18ea67c.npz,True,unreviewed_kept,0,,,,
train,18_236_303_48_45_jpg.rf.ed87d4269d9a5a231db5c537223d1aa4.jpg,18_236_303_48_45_jpg.rf.ed87d4269d9a5a231db5c537223d1aa4.npz,True,unreviewed_kept,0,,,,
train,18_236_303_48_52_jpg.rf.0a81b00437e79bcf86625fa714f6016d.jpg,18_236_303_48_52_jpg.rf.0a81b00437e79bcf86625fa714f6016d.npz,True,unreviewed_kept,0,,,,
train,18_236_303_49_17_jpg.rf.e4a6ee754167cae62ad9123b857a3d03.jpg,18_236_303_49_17_jpg.rf.e4a6ee754167cae62ad9123b857a3d03.npz,True,unreviewed_kept,0,,,,
train,18_236_303_49_20_jpg.rf.487fa9d98947b5f5b2936a1d96258d47.jpg,18_236_303_49_20_jpg.rf.487fa9d98947b5f5b2936a1d96258d47.npz,True,unreviewed_kept,0,,,,
train,18_236_303_49_21_jpg.rf.4159d7386ce56099f4e1836c261bd3f4.jpg,18_236_303_49_21_jpg.rf.4159d7386ce56099f4e1836c261bd3f4.npz,True,unreviewed_kept,0,,,,
train,18_236_303_49_27_jpg.rf.20ffaa3d4a92705996777e285f498d9f.jpg,18_236_303_49_27_jpg.rf.20ffaa3d4a92705996777e285f498d9f.npz,True,unreviewed_kept,0,,,,
train,18_236_303_49_46_jpg.rf.f200bc77aaaedd157adbe204205e3e4b.jpg,18_236_303_49_46_jpg.rf.f200bc77aaaedd157adbe204205e3e4b.npz,True,unreviewed_kept,0,,,,
train,18_236_303_50_50_jpg.rf.0597a4b95746ec3a98ca18fee5fcb192.jpg,18_236_303_50_50_jpg.rf.0597a4b95746ec3a98ca18fee5fcb192.npz,True,unreviewed_kept,0,,,,
train,18_236_303_51_14_jpg.rf.48d97d08292c657b03590bf6959cd474.jpg,18_236_303_51_14_jpg.rf.48d97d08292c657b03590bf6959cd474.npz,True,unreviewed_kept,0,,,,
train,18_236_303_51_19_jpg.rf.5e63a999f258511976b89cc5cd46c735.jpg,18_236_303_51_19_jpg.rf.5e63a999f258511976b89cc5cd46c735.npz,True,unreviewed_kept,0,,,,
train,18_236_303_52_15_jpg.rf.6eb37b01e4226897150713941cc39cac.jpg,18_236_303_52_15_jpg.rf.6eb37b01e4226897150713941cc39cac.npz,True,unreviewed_kept,0,,,,
train,18_236_303_52_32_jpg.rf.1c3a1e400b3456df94375fb631f68af5.jpg,18_236_303_52_32_jpg.rf.1c3a1e400b3456df94375fb631f68af5.npz,True,unreviewed_kept,0,,,,
train,18_236_303_52_36_jpg.rf.12d288ad961a370074908b9c785c6c08.jpg,18_236_303_52_36_jpg.rf.12d288ad961a370074908b9c785c6c08.npz,True,unreviewed_kept,0,,,,
train,18_236_303_53_14_jpg.rf.03cafd8cceeb9286ff3633db7ad0b893.jpg,18_236_303_53_14_jpg.rf.03cafd8cceeb9286ff3633db7ad0b893.npz,True,unreviewed_kept,0,,,,
train,18_236_303_53_15_jpg.rf.ef933cff31c0822d934b440e4c5694b3.jpg,18_236_303_53_15_jpg.rf.ef933cff31c0822d934b440e4c5694b3.npz,True,unreviewed_kept,0,,,,
train,18_236_303_53_16_jpg.rf.7c93c89a34b28829b347151814d4332d.jpg,18_236_303_53_16_jpg.rf.7c93c89a34b28829b347151814d4332d.npz,True,unreviewed_kept,0,,,,
train,18_236_303_54_19_jpg.rf.3e9fa5aa6d4516043078ed753e07af8b.jpg,18_236_303_54_19_jpg.rf.3e9fa5aa6d4516043078ed753e07af8b.npz,True,unreviewed_kept,0,,,,
train,18_236_303_54_44_jpg.rf.7829ba23b279b29ff7a5a9ed3b234b51.jpg,18_236_303_54_44_jpg.rf.7829ba23b279b29ff7a5a9ed3b234b51.npz,True,unreviewed_kept,0,,,,
train,18_236_303_55_13_jpg.rf.b7a881d345f1d63290164a00ad725216.jpg,18_236_303_55_13_jpg.rf.b7a881d345f1d63290164a00ad725216.npz,True,unreviewed_kept,0,,,,
train,18_236_303_55_18_jpg.rf.978fb3c6c4f42621cd6b8e42216a9a10.jpg,18_236_303_55_18_jpg.rf.978fb3c6c4f42621cd6b8e42216a9a10.npz,True,unreviewed_kept,0,,,,
train,18_236_303_55_19_jpg.rf.fcaa80ecb0e3b9a5019083a2613c3975.jpg,18_236_303_55_19_jpg.rf.fcaa80ecb0e3b9a5019083a2613c3975.npz,True,unreviewed_kept,0,,,,
train,18_236_303_55_41_jpg.rf.771912f078c09796074faa24b32a2330.jpg,18_236_303_55_41_jpg.rf.771912f078c09796074faa24b32a2330.npz,True,unreviewed_kept,0,,,,
train,18_236_303_55_42_jpg.rf.143f0c94712f2fc30958bd9ebc40a5e1.jpg,18_236_303_55_42_jpg.rf.143f0c94712f2fc30958bd9ebc40a5e1.npz,True,unreviewed_kept,0,,,,
train,18_236_303_56_18_jpg.rf.a0b29770b52e643e246c6561ba228645.jpg,18_236_303_56_18_jpg.rf.a0b29770b52e643e246c6561ba228645.npz,True,unreviewed_kept,0,,,,
train,18_236_303_56_42_jpg.rf.923ce004b544e2b55e4f451747fce55f.jpg,18_236_303_56_42_jpg.rf.923ce004b544e2b55e4f451747fce55f.npz,True,unreviewed_kept,0,,,,
train,18_236_303_57_14_jpg.rf.d91b4c04b8364a71169dc6f01358ac71.jpg,18_236_303_57_14_jpg.rf.d91b4c04b8364a71169dc6f01358ac71.npz,True,unreviewed_kept,0,,,,
train,18_236_303_57_42_jpg.rf.24554c891c8fda03561bf882e3112b4d.jpg,18_236_303_57_42_jpg.rf.24554c891c8fda03561bf882e3112b4d.npz,True,unreviewed_kept,0,,,,
train,18_236_303_57_43_jpg.rf.3a566d2715234fee51459a21c61c8bba.jpg,18_236_303_57_43_jpg.rf.3a566d2715234fee51459a21c61c8bba.npz,True,unreviewed_kept,0,,,,
train,18_236_303_58_12_jpg.rf.505c0192fd3eed392dc686bf3a147f0a.jpg,18_236_303_58_12_jpg.rf.505c0192fd3eed392dc686bf3a147f0a.npz,True,unreviewed_kept,0,,,,
train,18_236_303_58_44_jpg.rf.28d6f3194455acd3ca2cfb52102d6356.jpg,18_236_303_58_44_jpg.rf.28d6f3194455acd3ca2cfb52102d6356.npz,True,unreviewed_kept,0,,,,
train,18_236_303_59_16_jpg.rf.d6cab5c9744156713d12d3422653346c.jpg,18_236_303_59_16_jpg.rf.d6cab5c9744156713d12d3422653346c.npz,True,unreviewed_kept,0,,,,
train,18_236_303_59_18_jpg.rf.185eaa4748e3fb952b225bd77e10ca5c.jpg,18_236_303_59_18_jpg.rf.185eaa4748e3fb952b225bd77e10ca5c.npz,True,unreviewed_kept,0,,,,
train,18_236_303_59_26_jpg.rf.22de9998ad0a07309028c9406067f153.jpg,18_236_303_59_26_jpg.rf.22de9998ad0a07309028c9406067f153.npz,True,unreviewed_kept,0,,,,
train,18_236_303_60_19_jpg.rf.10f5fa02b9d9e0e24fd3e775b34d153d.jpg,18_236_303_60_19_jpg.rf.10f5fa02b9d9e0e24fd3e775b34d153d.npz,True,unreviewed_kept,0,,,,
train,18_236_303_60_26_jpg.rf.ea027fbd567ec7ef342c3cc79228557e.jpg,18_236_303_60_26_jpg.rf.ea027fbd567ec7ef342c3cc79228557e.npz,True,unreviewed_kept,0,,,,
train,18_236_303_61_42_jpg.rf.f69f5b86f459e4eb17ccd6ef27ed88e2.jpg,18_236_303_61_42_jpg.rf.f69f5b86f459e4eb17ccd6ef27ed88e2.npz,True,unreviewed_kept,0,,,,
train,18_236_303_62_15_jpg.rf.a4d421272d88293955b4901ae2437ebe.jpg,18_236_303_62_15_jpg.rf.a4d421272d88293955b4901ae2437ebe.npz,True,unreviewed_kept,0,,,,
train,18_236_303_62_31_jpg.rf.28ece55d30c89fa4a943e758a65369dc.jpg,18_236_303_62_31_jpg.rf.28ece55d30c89fa4a943e758a65369dc.npz,True,unreviewed_kept,0,,,,
train,18_236_303_62_51_jpg.rf.68c67e31367e6145fc5f11aa20476540.jpg,18_236_303_62_51_jpg.rf.68c67e31367e6145fc5f11aa20476540.npz,True,unreviewed_kept,0,,,,
train,18_236_303_64_15_jpg.rf.10e9668bae7763843814d541c9e367e2.jpg,18_236_303_64_15_jpg.rf.10e9668bae7763843814d541c9e367e2.npz,True,unreviewed_kept,0,,,,
train,18_236_303_64_20_jpg.rf.5645234bc96ed1856c6d9ef16b931f49.jpg,18_236_303_64_20_jpg.rf.5645234bc96ed1856c6d9ef16b931f49.npz,True,unreviewed_kept,0,,,,
train,18_236_303_65_17_jpg.rf.4967de1c42ea83784aeccdcee6474db3.jpg,18_236_303_65_17_jpg.rf.4967de1c42ea83784aeccdcee6474db3.npz,True,unreviewed_kept,0,,,,
train,18_236_303_65_42_jpg.rf.c3ce1b105e778a7f0400df5081b4bb0a.jpg,18_236_303_65_42_jpg.rf.c3ce1b105e778a7f0400df5081b4bb0a.npz,True,unreviewed_kept,0,,,,
train,18_236_303_65_48_jpg.rf.5ee6054df69382863ea26e7422910a5a.jpg,18_236_303_65_48_jpg.rf.5ee6054df69382863ea26e7422910a5a.npz,True,unreviewed_kept,0,,,,
train,18_236_303_66_55_jpg.rf.51386594902e39b014db574bdc14b852.jpg,18_236_303_66_55_jpg.rf.51386594902e39b014db574bdc14b852.npz,True,unreviewed_kept,0,,,,
train,18_236_303_67_24_jpg.rf.480cf27590e1f97bc582f2402da3b563.jpg,18_236_303_67_24_jpg.rf.480cf27590e1f97bc582f2402da3b563.npz,True,unreviewed_kept,0,,,,
train,18_236_303_67_50_jpg.rf.846c0497f3486d2a05ecef7a14ebe96c.jpg,18_236_303_67_50_jpg.rf.846c0497f3486d2a05ecef7a14ebe96c.npz,True,unreviewed_kept,0,,,,
train,18_236_303_68_13_jpg.rf.f2ea7616cfe362bb1264ded7c7010f5a.jpg,18_236_303_68_13_jpg.rf.f2ea7616cfe362bb1264ded7c7010f5a.npz,True,unreviewed_kept,0,,,,
train,18_236_303_68_23_jpg.rf.fdf21c39c2e17ba5f938e95d1f03f57d.jpg,18_236_303_68_23_jpg.rf.fdf21c39c2e17ba5f938e95d1f03f57d.npz,True,unreviewed_kept,0,,,,
train,18_236_303_68_26_jpg.rf.6a4ecd4a4745acebabfdce5c709fc9dd.jpg,18_236_303_68_26_jpg.rf.6a4ecd4a4745acebabfdce5c709fc9dd.npz,True,unreviewed_kept,0,,,,
train,18_236_303_68_32_jpg.rf.449d6160f0461562f2bf4fbf6c22ad87.jpg,18_236_303_68_32_jpg.rf.449d6160f0461562f2bf4fbf6c22ad87.npz,True,unreviewed_kept,0,,,,
train,18_236_303_68_54_jpg.rf.e2baa9b3e619430643544e377c03ea7e.jpg,18_236_303_68_54_jpg.rf.e2baa9b3e619430643544e377c03ea7e.npz,True,unreviewed_kept,0,,,,
train,18_236_303_69_10_jpg.rf.35b93ee6d54aa6f41e3fea58eb9cab34.jpg,18_236_303_69_10_jpg.rf.35b93ee6d54aa6f41e3fea58eb9cab34.npz,True,unreviewed_kept,0,,,,
train,18_236_303_69_15_jpg.rf.ab583a93b8951c124315baf014b63ebd.jpg,18_236_303_69_15_jpg.rf.ab583a93b8951c124315baf014b63ebd.npz,True,unreviewed_kept,0,,,,
train,18_236_303_69_32_jpg.rf.91df0bc632c7c7449cb96b501eb796e7.jpg,18_236_303_69_32_jpg.rf.91df0bc632c7c7449cb96b501eb796e7.npz,True,unreviewed_kept,0,,,,
train,18_236_303_69_45_jpg.rf.f4e449950d9a1c9ca66976a4cb634777.jpg,18_236_303_69_45_jpg.rf.f4e449950d9a1c9ca66976a4cb634777.npz,True,unreviewed_kept,0,,,,
train,18_236_401_102_12_jpg.rf.65431e4ac111d58901f4ea15bbfe5f62.jpg,18_236_401_102_12_jpg.rf.65431e4ac111d58901f4ea15bbfe5f62.npz,True,unreviewed_kept,0,,,,
train,18_236_401_97_14_jpg.rf.48c1bb8d6715633912add2b4c5a23f7c.jpg,18_236_401_97_14_jpg.rf.48c1bb8d6715633912add2b4c5a23f7c.npz,True,unreviewed_kept,0,,,,
train,18_236_401_98_15_jpg.rf.b6350fef1f007ee3ba2849356fdb8bf4.jpg,18_236_401_98_15_jpg.rf.b6350fef1f007ee3ba2849356fdb8bf4.npz,True,unreviewed_kept,0,,,,
train,18_236_401_98_27_jpg.rf.17b46924d01f16069b4daf04179df49b.jpg,18_236_401_98_27_jpg.rf.17b46924d01f16069b4daf04179df49b.npz,True,unreviewed_kept,0,,,,
train,18_236_401_98_33_jpg.rf.15758a2b5afae35e9869bf6f441baabe.jpg,18_236_401_98_33_jpg.rf.15758a2b5afae35e9869bf6f441baabe.npz,True,unreviewed_kept,0,,,,
train,18_236_403_32_22_jpg.rf.5c7f229e397f2b7f20f930d1faa8a76e.jpg,18_236_403_32_22_jpg.rf.5c7f229e397f2b7f20f930d1faa8a76e.npz,True,unreviewed_kept,0,,,,
train,18_237_201_45_31_jpg.rf.dcac6f15abd2e1de6274d0a3b4e61de2.jpg,18_237_201_45_31_jpg.rf.dcac6f15abd2e1de6274d0a3b4e61de2.npz,True,unreviewed_kept,0,,,,
train,18_237_201_49_13_jpg.rf.487bc5322ad5403349118c5a92e929fd.jpg,18_237_201_49_13_jpg.rf.487bc5322ad5403349118c5a92e929fd.npz,True,unreviewed_kept,0,,,,
train,18_237_201_54_23_jpg.rf.ea40bdb839fb751855303f63a8799345.jpg,18_237_201_54_23_jpg.rf.ea40bdb839fb751855303f63a8799345.npz,True,reviewed_kept,1,B,Y,N,模型未检出
train,18_237_201_54_24_jpg.rf.cba9fcbf28fa456d5226098ce9de2938.jpg,18_237_201_54_24_jpg.rf.cba9fcbf28fa456d5226098ce9de2938.npz,True,unreviewed_kept,0,,,,
train,18_237_201_89_5_jpg.rf.7631cee8fa314ae7575df1af3fc10a05.jpg,18_237_201_89_5_jpg.rf.7631cee8fa314ae7575df1af3fc10a05.npz,True,unreviewed_kept,0,,,,
train,18_237_205_114_17_jpg.rf.2efb7b1478934b58376aaae8b1c7c9ff.jpg,18_237_205_114_17_jpg.rf.2efb7b1478934b58376aaae8b1c7c9ff.npz,True,unreviewed_kept,0,,,,
train,18_237_205_119_21_jpg.rf.9bfb13ad33405810c207a803ddc4cbb8.jpg,18_237_205_119_21_jpg.rf.9bfb13ad33405810c207a803ddc4cbb8.npz,True,unreviewed_kept,0,,,,
train,18_237_503_62_37_jpg.rf.5f5f042775c2049b3fa6f407c43356fd.jpg,18_237_503_62_37_jpg.rf.5f5f042775c2049b3fa6f407c43356fd.npz,True,unreviewed_kept,0,,,,
train,18_237_503_62_51_jpg.rf.10ea2ba696b017dbeb19fad1c3086c7f.jpg,18_237_503_62_51_jpg.rf.10ea2ba696b017dbeb19fad1c3086c7f.npz,True,unreviewed_kept,0,,,,
train,18_237_504_88_40_jpg.rf.0a11ec6754c77c28f849ba0da90c48ee.jpg,18_237_504_88_40_jpg.rf.0a11ec6754c77c28f849ba0da90c48ee.npz,True,unreviewed_kept,0,,,,
train,19_212_D1208_19_12_jpg.rf.4909bb6f7152a14ac4d8f0eb674fdcae.jpg,19_212_D1208_19_12_jpg.rf.4909bb6f7152a14ac4d8f0eb674fdcae.npz,True,unreviewed_kept,0,,,,
train,19_212_D1208_20_6_jpg.rf.2320f0379e92af32466f0cbe229e423e.jpg,19_212_D1208_20_6_jpg.rf.2320f0379e92af32466f0cbe229e423e.npz,True,unreviewed_kept,0,,,,
train,19_212_D1208_21_3_jpg.rf.b1b810a494fe305a06ddc5b712b89d7d.jpg,19_212_D1208_21_3_jpg.rf.b1b810a494fe305a06ddc5b712b89d7d.npz,True,unreviewed_kept,0,,,,
train,19_212_D1208_21_4_jpg.rf.d49f649b4633763c75ae1ca1b68d172d.jpg,19_212_D1208_21_4_jpg.rf.d49f649b4633763c75ae1ca1b68d172d.npz,True,unreviewed_kept,0,,,,
train,19_212_D1208_22_10_jpg.rf.ef805c51745d216d5b6116ce749468d0.jpg,19_212_D1208_22_10_jpg.rf.ef805c51745d216d5b6116ce749468d0.npz,True,unreviewed_kept,0,,,,
train,19_212_D1208_22_11_jpg.rf.11e7874d24e60a460ac8af12f920fbe0.jpg,19_212_D1208_22_11_jpg.rf.11e7874d24e60a460ac8af12f920fbe0.npz,True,unreviewed_kept,0,,,,
train,19_212_D1208_22_3_jpg.rf.c6648622d1aa7d8d39215f30a8319b19.jpg,19_212_D1208_22_3_jpg.rf.c6648622d1aa7d8d39215f30a8319b19.npz,True,unreviewed_kept,0,,,,
train,19_212_D1208_22_7_jpg.rf.1978679ef3a1b8ccff328142d8472842.jpg,19_212_D1208_22_7_jpg.rf.1978679ef3a1b8ccff328142d8472842.npz,True,unreviewed_kept,0,,,,
train,19_212_D1208_23_4_jpg.rf.4367c402e93d695ee6a4e5a298c71655.jpg,19_212_D1208_23_4_jpg.rf.4367c402e93d695ee6a4e5a298c71655.npz,True,unreviewed_kept,0,,,,
train,19_212_D1208_24_2_jpg.rf.6815ac0103e2e8abd1355854726c75cf.jpg,19_212_D1208_24_2_jpg.rf.6815ac0103e2e8abd1355854726c75cf.npz,True,unreviewed_kept,0,,,,
train,19_212_D1208_24_7_jpg.rf.a7361c27860d3f49397bfce8719f0bf2.jpg,19_212_D1208_24_7_jpg.rf.a7361c27860d3f49397bfce8719f0bf2.npz,True,unreviewed_kept,0,,,,
train,19_212_D1208_24_8_jpg.rf.fd5a5344211c0369bf6958e09f57ef6e.jpg,19_212_D1208_24_8_jpg.rf.fd5a5344211c0369bf6958e09f57ef6e.npz,True,unreviewed_kept,0,,,,
train,19_212_D1208_25_6_jpg.rf.ea3290d5c650a2e5ddd83ab4599ed656.jpg,19_212_D1208_25_6_jpg.rf.ea3290d5c650a2e5ddd83ab4599ed656.npz,True,unreviewed_kept,0,,,,
train,19_212_D1208_25_7_jpg.rf.26edea0eff43e16f29b32237caf439a1.jpg,19_212_D1208_25_7_jpg.rf.26edea0eff43e16f29b32237caf439a1.npz,True,unreviewed_kept,0,,,,
train,19_212_D1208_25_8_jpg.rf.6ae452d4cd3ff1fb9b76c85035876cce.jpg,19_212_D1208_25_8_jpg.rf.6ae452d4cd3ff1fb9b76c85035876cce.npz,True,unreviewed_kept,0,,,,
train,19_212_D1208_25_9_jpg.rf.ca1038d4b567e5e7854207717d8daa94.jpg,19_212_D1208_25_9_jpg.rf.ca1038d4b567e5e7854207717d8daa94.npz,True,unreviewed_kept,0,,,,
train,19_212_D1208_26_4_jpg.rf.400f16ca43f5e9648add5577608a13b4.jpg,19_212_D1208_26_4_jpg.rf.400f16ca43f5e9648add5577608a13b4.npz,True,unreviewed_kept,0,,,,
train,19_212_D1208_26_7_jpg.rf.4f350343b5a648a337ef147288687fb4.jpg,19_212_D1208_26_7_jpg.rf.4f350343b5a648a337ef147288687fb4.npz,True,unreviewed_kept,0,,,,
train,19_212_D1208_27_3_jpg.rf.3c5a543fe25513cb9d93f2413ebb1967.jpg,19_212_D1208_27_3_jpg.rf.3c5a543fe25513cb9d93f2413ebb1967.npz,True,unreviewed_kept,0,,,,
train,19_212_D1208_27_6_jpg.rf.5d673aaa687c925abfccc9716c5563b2.jpg,19_212_D1208_27_6_jpg.rf.5d673aaa687c925abfccc9716c5563b2.npz,True,unreviewed_kept,0,,,,
train,19_212_D1208_27_8_jpg.rf.458b3ab69cd322d387cf5633fdcd9bb4.jpg,19_212_D1208_27_8_jpg.rf.458b3ab69cd322d387cf5633fdcd9bb4.npz,True,unreviewed_kept,0,,,,
train,19_212_D1208_28_3_jpg.rf.3ba1c2de5e05c889727a4e64eda5c9c7.jpg,19_212_D1208_28_3_jpg.rf.3ba1c2de5e05c889727a4e64eda5c9c7.npz,True,unreviewed_kept,0,,,,
train,19_212_D1208_28_6_jpg.rf.4c880fd343263459b6578eab22d4094b.jpg,19_212_D1208_28_6_jpg.rf.4c880fd343263459b6578eab22d4094b.npz,True,unreviewed_kept,0,,,,
train,19_212_D1208_28_7_jpg.rf.b8e7f496afec58f528c2bc5a6340f6ed.jpg,19_212_D1208_28_7_jpg.rf.b8e7f496afec58f528c2bc5a6340f6ed.npz,True,unreviewed_kept,0,,,,
train,19_212_D1208_28_8_jpg.rf.a1bb6ff4ee1c6b4852f23418efd2771d.jpg,19_212_D1208_28_8_jpg.rf.a1bb6ff4ee1c6b4852f23418efd2771d.npz,True,unreviewed_kept,0,,,,
train,19_212_D1208_29_4_jpg.rf.9e8c68bc219da093fb47b4412e8f825e.jpg,19_212_D1208_29_4_jpg.rf.9e8c68bc219da093fb47b4412e8f825e.npz,True,unreviewed_kept,0,,,,
train,19_212_D1208_30_4_jpg.rf.0b666d9352d7a630876f76f4b2b847d5.jpg,19_212_D1208_30_4_jpg.rf.0b666d9352d7a630876f76f4b2b847d5.npz,True,unreviewed_kept,0,,,,
train,19_212_D1208_30_5_jpg.rf.eaa206262d866b0686035b129223aacb.jpg,19_212_D1208_30_5_jpg.rf.eaa206262d866b0686035b129223aacb.npz,True,unreviewed_kept,0,,,,
train,19_212_D1208_31_4_jpg.rf.305c8619392815d28a717cf727ce6818.jpg,19_212_D1208_31_4_jpg.rf.305c8619392815d28a717cf727ce6818.npz,True,unreviewed_kept,0,,,,
train,19_212_D1208_31_5_jpg.rf.57a06a79c5de03af8f33093c4d9f97df.jpg,19_212_D1208_31_5_jpg.rf.57a06a79c5de03af8f33093c4d9f97df.npz,True,unreviewed_kept,0,,,,
train,19_212_E1202_17_10_jpg.rf.5f0c31b10a3626242412df287188a306.jpg,19_212_E1202_17_10_jpg.rf.5f0c31b10a3626242412df287188a306.npz,True,unreviewed_kept,0,,,,
train,19_212_E1202_17_5_jpg.rf.12cd8f81b7e4e9a8a7bce3bfd4e15f4a.jpg,19_212_E1202_17_5_jpg.rf.12cd8f81b7e4e9a8a7bce3bfd4e15f4a.npz,True,unreviewed_kept,0,,,,
train,19_212_E1202_17_8_jpg.rf.9e7b4a760b91e590511affcac37f803d.jpg,19_212_E1202_17_8_jpg.rf.9e7b4a760b91e590511affcac37f803d.npz,False,excluded_label_problem,1,A,N,Y,标注不典型，漏标炎细胞，脂肪变
train,19_212_E1202_18_3_jpg.rf.7223de565978f12f274a5fa46c20af6a.jpg,19_212_E1202_18_3_jpg.rf.7223de565978f12f274a5fa46c20af6a.npz,False,excluded_label_problem,1,A,N,Y,标注纤维化不典型，建议剔除
train,19_212_E1202_18_4_jpg.rf.eeed86ec56a816b7d151c90806d96886.jpg,19_212_E1202_18_4_jpg.rf.eeed86ec56a816b7d151c90806d96886.npz,True,unreviewed_kept,0,,,,
train,19_212_E1202_18_7_jpg.rf.8a1d75273dff10aaa257d68cbe47b683.jpg,19_212_E1202_18_7_jpg.rf.8a1d75273dff10aaa257d68cbe47b683.npz,True,unreviewed_kept,0,,,,
train,19_212_E1202_18_8_jpg.rf.d76226be3203e1c74e2188bd72cad5ad.jpg,19_212_E1202_18_8_jpg.rf.d76226be3203e1c74e2188bd72cad5ad.npz,True,unreviewed_kept,0,,,,
train,19_212_E1202_19_2_jpg.rf.51fa2352272b2020f67c4ccb8e098005.jpg,19_212_E1202_19_2_jpg.rf.51fa2352272b2020f67c4ccb8e098005.npz,False,excluded_label_problem,1,A,N,Y,标注纤维化不典型，建议剔除
train,19_212_E1202_20_3_jpg.rf.291a527581aa38d11fa1bd33646a1b46.jpg,19_212_E1202_20_3_jpg.rf.291a527581aa38d11fa1bd33646a1b46.npz,False,excluded_label_problem,1,A,N,Y,标注纤维化不典型，脂肪变很典型
train,19_212_E1202_20_6_jpg.rf.3e4b7848c688e510b6b7482499c3f9b4.jpg,19_212_E1202_20_6_jpg.rf.3e4b7848c688e510b6b7482499c3f9b4.npz,True,unreviewed_kept,0,,,,
train,19_212_E1202_20_7_jpg.rf.b073e14f4cf088c3af11a59004eec923.jpg,19_212_E1202_20_7_jpg.rf.b073e14f4cf088c3af11a59004eec923.npz,True,unreviewed_kept,0,,,,
train,19_212_E1202_22_4_jpg.rf.822e2bdfeb8af3a2bf37b42093b98264.jpg,19_212_E1202_22_4_jpg.rf.822e2bdfeb8af3a2bf37b42093b98264.npz,True,unreviewed_kept,0,,,,
train,19_212_E1202_23_3_jpg.rf.fa313ab9b46917dd84c9ce4f862c140f.jpg,19_212_E1202_23_3_jpg.rf.fa313ab9b46917dd84c9ce4f862c140f.npz,True,unreviewed_kept,0,,,,
train,19_212_E1202_24_6_jpg.rf.455f3351b3e5303516e3171d51942d8e.jpg,19_212_E1202_24_6_jpg.rf.455f3351b3e5303516e3171d51942d8e.npz,True,unreviewed_kept,0,,,,
train,19_212_E1202_24_7_jpg.rf.3f7194b2e8c59e11e024cb5cad9f71a4.jpg,19_212_E1202_24_7_jpg.rf.3f7194b2e8c59e11e024cb5cad9f71a4.npz,True,unreviewed_kept,0,,,,
train,19_212_E1202_25_4_jpg.rf.e48955bc25f4a6bf01963049398be456.jpg,19_212_E1202_25_4_jpg.rf.e48955bc25f4a6bf01963049398be456.npz,True,unreviewed_kept,0,,,,
train,19_212_E1202_25_5_jpg.rf.770695f032994f2b24d72bc793e05215.jpg,19_212_E1202_25_5_jpg.rf.770695f032994f2b24d72bc793e05215.npz,True,unreviewed_kept,0,,,,
train,19_212_E1202_25_6_jpg.rf.8821e93fb923ad6e51c0884c1b271356.jpg,19_212_E1202_25_6_jpg.rf.8821e93fb923ad6e51c0884c1b271356.npz,True,unreviewed_kept,0,,,,
train,19_212_E1202_26_4_jpg.rf.894f384c68feca00d6d7cdfde329d4fe.jpg,19_212_E1202_26_4_jpg.rf.894f384c68feca00d6d7cdfde329d4fe.npz,True,unreviewed_kept,0,,,,
train,19_212_E1202_26_5_jpg.rf.103283f745b8d2a2f8994949f5ef5007.jpg,19_212_E1202_26_5_jpg.rf.103283f745b8d2a2f8994949f5ef5007.npz,True,unreviewed_kept,0,,,,
train,19_212_E1202_27_2_jpg.rf.1877a62716d88a85a7a4e11704158968.jpg,19_212_E1202_27_2_jpg.rf.1877a62716d88a85a7a4e11704158968.npz,True,unreviewed_kept,0,,,,
train,19_212_E1202_27_4_jpg.rf.ffc4958fbaa316b48f19cefeec8fda53.jpg,19_212_E1202_27_4_jpg.rf.ffc4958fbaa316b48f19cefeec8fda53.npz,True,unreviewed_kept,0,,,,
train,19_212_E1202_27_5_jpg.rf.0aa5e08879cd42c9b4663bef896a42fd.jpg,19_212_E1202_27_5_jpg.rf.0aa5e08879cd42c9b4663bef896a42fd.npz,True,unreviewed_kept,0,,,,
train,201_0_10_28_jpg.rf.6d1a68481005937bd805426a061203a9.jpg,201_0_10_28_jpg.rf.6d1a68481005937bd805426a061203a9.npz,True,unreviewed_kept,0,,,,
train,201_0_10_44_jpg.rf.eb38a6780700d5ac823ec155b6b1c1a3.jpg,201_0_10_44_jpg.rf.eb38a6780700d5ac823ec155b6b1c1a3.npz,True,unreviewed_kept,0,,,,
train,201_0_14_34_jpg.rf.03fb054fe28e0dd5a098e8706df23028.jpg,201_0_14_34_jpg.rf.03fb054fe28e0dd5a098e8706df23028.npz,True,unreviewed_kept,0,,,,
train,201_0_14_43_jpg.rf.c589e2f286d024f23b5d56da6542b391.jpg,201_0_14_43_jpg.rf.c589e2f286d024f23b5d56da6542b391.npz,True,unreviewed_kept,0,,,,
train,201_0_14_48_jpg.rf.447f91f9a976c05d83f6cd5cbcaea1b0.jpg,201_0_14_48_jpg.rf.447f91f9a976c05d83f6cd5cbcaea1b0.npz,True,unreviewed_kept,0,,,,
train,201_0_15_56_jpg.rf.7c7ae5805a6b311646e5809bd02b576e.jpg,201_0_15_56_jpg.rf.7c7ae5805a6b311646e5809bd02b576e.npz,True,unreviewed_kept,0,,,,
train,201_0_9_55_jpg.rf.9aac07d6b5f1decb107f189ed73c7b55.jpg,201_0_9_55_jpg.rf.9aac07d6b5f1decb107f189ed73c7b55.npz,True,unreviewed_kept,0,,,,
train,201_0_9_62_jpg.rf.430496824406e34b036511d54a3ec9c7.jpg,201_0_9_62_jpg.rf.430496824406e34b036511d54a3ec9c7.npz,True,unreviewed_kept,0,,,,
train,201_0_9_63_jpg.rf.74e745f2bd8bfabe5b6e9b1706da7c73.jpg,201_0_9_63_jpg.rf.74e745f2bd8bfabe5b6e9b1706da7c73.npz,True,unreviewed_kept,0,,,,
train,201_10_10_44_jpg.rf.579d5921674c7cc91e4f31dee3c82685.jpg,201_10_10_44_jpg.rf.579d5921674c7cc91e4f31dee3c82685.npz,True,unreviewed_kept,0,,,,
train,201_10_10_51_jpg.rf.e9d755afd23155fecbe16104f7c6800c.jpg,201_10_10_51_jpg.rf.e9d755afd23155fecbe16104f7c6800c.npz,True,unreviewed_kept,0,,,,
train,201_10_10_5_jpg.rf.b942397dd63070a5539c7a6d9fd7e2c1.jpg,201_10_10_5_jpg.rf.b942397dd63070a5539c7a6d9fd7e2c1.npz,True,unreviewed_kept,0,,,,
train,201_10_11_9_jpg.rf.ae4b05e3f6493bde7cf9bfd5f6c461f2.jpg,201_10_11_9_jpg.rf.ae4b05e3f6493bde7cf9bfd5f6c461f2.npz,True,unreviewed_kept,0,,,,
train,201_10_13_20_jpg.rf.06f7e0433e4be325c3ad716fafd85f95.jpg,201_10_13_20_jpg.rf.06f7e0433e4be325c3ad716fafd85f95.npz,True,unreviewed_kept,0,,,,
train,201_10_14_55_jpg.rf.3ec287539a62bb155754a99c24dd9011.jpg,201_10_14_55_jpg.rf.3ec287539a62bb155754a99c24dd9011.npz,True,unreviewed_kept,0,,,,
train,201_10_18_3_jpg.rf.0fc4086e74339059bcd04ab29652e0e3.jpg,201_10_18_3_jpg.rf.0fc4086e74339059bcd04ab29652e0e3.npz,True,unreviewed_kept,0,,,,
train,201_10_4_5_jpg.rf.80439dbd7cee6634076873c7a8c33bbd.jpg,201_10_4_5_jpg.rf.80439dbd7cee6634076873c7a8c33bbd.npz,True,unreviewed_kept,0,,,,
train,201_10_5_28_jpg.rf.3f70c4af7974b0b01477d29d696cb57f.jpg,201_10_5_28_jpg.rf.3f70c4af7974b0b01477d29d696cb57f.npz,True,unreviewed_kept,0,,,,
train,201_10_5_3_jpg.rf.aeb656af8aaa4ab704e6b994fb484a2c.jpg,201_10_5_3_jpg.rf.aeb656af8aaa4ab704e6b994fb484a2c.npz,True,unreviewed_kept,0,,,,
train,201_10_6_42_jpg.rf.b2c09e5b2a74b0accf98ebca6211f6a1.jpg,201_10_6_42_jpg.rf.b2c09e5b2a74b0accf98ebca6211f6a1.npz,True,unreviewed_kept,0,,,,
train,201_10_7_36_jpg.rf.6b0e0637278c56eb99b9e3baa88c9560.jpg,201_10_7_36_jpg.rf.6b0e0637278c56eb99b9e3baa88c9560.npz,True,unreviewed_kept,0,,,,
train,201_10_7_44_jpg.rf.c2d34305f49b6bbb4e600231f8b439ad.jpg,201_10_7_44_jpg.rf.c2d34305f49b6bbb4e600231f8b439ad.npz,True,unreviewed_kept,0,,,,
train,201_10_7_57_jpg.rf.6bc66306f6f805d98729291e6edf3a57.jpg,201_10_7_57_jpg.rf.6bc66306f6f805d98729291e6edf3a57.npz,True,unreviewed_kept,0,,,,
train,201_10_8_29_jpg.rf.830a7a82516cf2d3ce35b3af55ac9d49.jpg,201_10_8_29_jpg.rf.830a7a82516cf2d3ce35b3af55ac9d49.npz,True,unreviewed_kept,0,,,,
train,201_10_8_37_jpg.rf.827cc78a8cc952d8ebce2dee90c30844.jpg,201_10_8_37_jpg.rf.827cc78a8cc952d8ebce2dee90c30844.npz,True,unreviewed_kept,0,,,,
train,201_10_8_39_jpg.rf.28778142be918dfd1f928e5975b54f77.jpg,201_10_8_39_jpg.rf.28778142be918dfd1f928e5975b54f77.npz,True,unreviewed_kept,0,,,,
train,201_10_8_45_jpg.rf.4af2b3bb92a2a3f8471e0ea3406b875b.jpg,201_10_8_45_jpg.rf.4af2b3bb92a2a3f8471e0ea3406b875b.npz,True,unreviewed_kept,0,,,,
train,201_10_8_46_jpg.rf.31aa57ff79a798174557e92e627610c9.jpg,201_10_8_46_jpg.rf.31aa57ff79a798174557e92e627610c9.npz,True,unreviewed_kept,0,,,,
train,201_10_8_53_jpg.rf.cc9c84ff8f11e7b3e62647b9c87f620b.jpg,201_10_8_53_jpg.rf.cc9c84ff8f11e7b3e62647b9c87f620b.npz,True,unreviewed_kept,0,,,,
train,201_10_9_30_jpg.rf.28f022934bba12a941e5f0322f6b02ff.jpg,201_10_9_30_jpg.rf.28f022934bba12a941e5f0322f6b02ff.npz,True,unreviewed_kept,0,,,,
train,201_10_9_58_jpg.rf.3f82418e62e239213cca86e06d8eea02.jpg,201_10_9_58_jpg.rf.3f82418e62e239213cca86e06d8eea02.npz,True,unreviewed_kept,0,,,,
train,201_10_9_60_jpg.rf.ecbb8f70dee5998824c6cdd10ed798b1.jpg,201_10_9_60_jpg.rf.ecbb8f70dee5998824c6cdd10ed798b1.npz,True,unreviewed_kept,0,,,,
train,201_11_11_29_jpg.rf.4a5780a481ffa9a60d2561faab628b41.jpg,201_11_11_29_jpg.rf.4a5780a481ffa9a60d2561faab628b41.npz,True,unreviewed_kept,0,,,,
train,201_11_13_34_jpg.rf.9b27dd0b61ac60e3671ec63ae0525106.jpg,201_11_13_34_jpg.rf.9b27dd0b61ac60e3671ec63ae0525106.npz,True,unreviewed_kept,0,,,,
train,201_11_14_14_jpg.rf.1a40102a4dbc3cb34ee8b3086a52a276.jpg,201_11_14_14_jpg.rf.1a40102a4dbc3cb34ee8b3086a52a276.npz,True,unreviewed_kept,0,,,,
train,201_11_4_27_jpg.rf.749a6ca440d27cb86ead1ad0798b6304.jpg,201_11_4_27_jpg.rf.749a6ca440d27cb86ead1ad0798b6304.npz,True,unreviewed_kept,0,,,,
train,201_11_5_45_jpg.rf.b764c9bd9aa10024042b08f8474ed532.jpg,201_11_5_45_jpg.rf.b764c9bd9aa10024042b08f8474ed532.npz,True,unreviewed_kept,0,,,,
train,201_11_5_46_jpg.rf.a2a0d271373197db51d813ae3052f110.jpg,201_11_5_46_jpg.rf.a2a0d271373197db51d813ae3052f110.npz,True,unreviewed_kept,0,,,,
train,201_11_6_8_jpg.rf.cc9eaa5823c9cddd6b2234a3db0c60d1.jpg,201_11_6_8_jpg.rf.cc9eaa5823c9cddd6b2234a3db0c60d1.npz,True,unreviewed_kept,0,,,,
train,201_11_7_17_jpg.rf.3bde160c2a174ea80ff6bb07e4ca8172.jpg,201_11_7_17_jpg.rf.3bde160c2a174ea80ff6bb07e4ca8172.npz,True,unreviewed_kept,0,,,,
train,201_11_7_24_jpg.rf.86bb2d21856a00e88526d03719cb3705.jpg,201_11_7_24_jpg.rf.86bb2d21856a00e88526d03719cb3705.npz,True,unreviewed_kept,0,,,,
train,201_11_8_50_jpg.rf.b942f72482da2029422117de0ee5f665.jpg,201_11_8_50_jpg.rf.b942f72482da2029422117de0ee5f665.npz,True,unreviewed_kept,0,,,,
train,201_11_9_34_jpg.rf.6bed2d6a85f4cbee7c4dbf7cf6a79ac7.jpg,201_11_9_34_jpg.rf.6bed2d6a85f4cbee7c4dbf7cf6a79ac7.npz,True,unreviewed_kept,0,,,,
train,201_11_9_3_jpg.rf.1e3b8fcbc9fbaff8367f2102e87bfca3.jpg,201_11_9_3_jpg.rf.1e3b8fcbc9fbaff8367f2102e87bfca3.npz,True,unreviewed_kept,0,,,,
train,201_11_9_40_jpg.rf.fd9e276bbdda59a9a75249f21da45fad.jpg,201_11_9_40_jpg.rf.fd9e276bbdda59a9a75249f21da45fad.npz,True,unreviewed_kept,0,,,,
train,201_12_10_51_jpg.rf.6603e2342355292d9de2ceca6e6d70ef.jpg,201_12_10_51_jpg.rf.6603e2342355292d9de2ceca6e6d70ef.npz,True,unreviewed_kept,0,,,,
train,201_12_11_49_jpg.rf.ce4bdaa00f26b3a48d8dad07ecaad52b.jpg,201_12_11_49_jpg.rf.ce4bdaa00f26b3a48d8dad07ecaad52b.npz,True,unreviewed_kept,0,,,,
train,201_12_9_47_jpg.rf.509f49cde5be5f8825ea9672c7eae0a3.jpg,201_12_9_47_jpg.rf.509f49cde5be5f8825ea9672c7eae0a3.npz,True,unreviewed_kept,0,,,,
train,201_13_10_19_jpg.rf.b558fa706deae99ec084e748fd1f05fd.jpg,201_13_10_19_jpg.rf.b558fa706deae99ec084e748fd1f05fd.npz,True,unreviewed_kept,0,,,,
train,201_1_11_55_jpg.rf.44f90196e8dce2eb0f8a00d151ee2bc9.jpg,201_1_11_55_jpg.rf.44f90196e8dce2eb0f8a00d151ee2bc9.npz,True,unreviewed_kept,0,,,,
train,201_1_13_39_jpg.rf.9eab7e01e8f5ffc6b8ad62f466d107ad.jpg,201_1_13_39_jpg.rf.9eab7e01e8f5ffc6b8ad62f466d107ad.npz,True,unreviewed_kept,0,,,,
train,201_1_13_45_jpg.rf.32fe730f211cd26618e7f2cf4a5dd438.jpg,201_1_13_45_jpg.rf.32fe730f211cd26618e7f2cf4a5dd438.npz,True,unreviewed_kept,0,,,,
train,201_1_15_14_jpg.rf.cde4aef442da5cf70bfc420b3cbf8a64.jpg,201_1_15_14_jpg.rf.cde4aef442da5cf70bfc420b3cbf8a64.npz,True,unreviewed_kept,0,,,,
train,201_1_15_27_jpg.rf.3e8b7b12cdf4f543182d0fc6cccb26e4.jpg,201_1_15_27_jpg.rf.3e8b7b12cdf4f543182d0fc6cccb26e4.npz,True,unreviewed_kept,0,,,,
train,201_1_15_57_jpg.rf.a91e0b3d0f9f40833505034b207b6bab.jpg,201_1_15_57_jpg.rf.a91e0b3d0f9f40833505034b207b6bab.npz,True,unreviewed_kept,0,,,,
train,201_1_16_28_jpg.rf.f71629f21f37f91262f61301cf680627.jpg,201_1_16_28_jpg.rf.f71629f21f37f91262f61301cf680627.npz,True,unreviewed_kept,0,,,,
train,201_1_16_41_jpg.rf.828e5b76e7caa184da9f85e02ed223c7.jpg,201_1_16_41_jpg.rf.828e5b76e7caa184da9f85e02ed223c7.npz,True,unreviewed_kept,0,,,,
train,201_1_16_44_jpg.rf.b4e44b8edd8a13daaa3d59c9fe84c38f.jpg,201_1_16_44_jpg.rf.b4e44b8edd8a13daaa3d59c9fe84c38f.npz,True,unreviewed_kept,0,,,,
train,201_1_18_31_jpg.rf.6a77c5f9d82867383e3d20d42534db2c.jpg,201_1_18_31_jpg.rf.6a77c5f9d82867383e3d20d42534db2c.npz,True,unreviewed_kept,0,,,,
train,201_1_18_32_jpg.rf.c962aae3fc81d41b3a45bd8ebe866b1a.jpg,201_1_18_32_jpg.rf.c962aae3fc81d41b3a45bd8ebe866b1a.npz,True,unreviewed_kept,0,,,,
train,201_1_18_46_jpg.rf.ff69a1aba369e90efd82fef03a2fee87.jpg,201_1_18_46_jpg.rf.ff69a1aba369e90efd82fef03a2fee87.npz,True,unreviewed_kept,0,,,,
train,201_1_18_48_jpg.rf.646e2b1f634f16110fb16f9b091568b5.jpg,201_1_18_48_jpg.rf.646e2b1f634f16110fb16f9b091568b5.npz,True,unreviewed_kept,0,,,,
train,201_1_9_17_jpg.rf.e4d9f897d67f1019d99a4a6feb5ff48d.jpg,201_1_9_17_jpg.rf.e4d9f897d67f1019d99a4a6feb5ff48d.npz,True,unreviewed_kept,0,,,,
train,201_1_9_27_jpg.rf.479da10e069463981e5e459fa126d869.jpg,201_1_9_27_jpg.rf.479da10e069463981e5e459fa126d869.npz,True,unreviewed_kept,0,,,,
train,201_1_9_36_jpg.rf.4c593454964bab8da9f373dd32289818.jpg,201_1_9_36_jpg.rf.4c593454964bab8da9f373dd32289818.npz,True,unreviewed_kept,0,,,,
train,201_1_9_61_jpg.rf.dd6fdbd3ff356e06f3aaa0d6a0e569f5.jpg,201_1_9_61_jpg.rf.dd6fdbd3ff356e06f3aaa0d6a0e569f5.npz,True,unreviewed_kept,0,,,,
train,201_1_9_8_jpg.rf.ad381891df7e441fe9b203f47fe0ae62.jpg,201_1_9_8_jpg.rf.ad381891df7e441fe9b203f47fe0ae62.npz,True,unreviewed_kept,0,,,,
train,201_2_10_14_jpg.rf.263d16442c265b2a903e60e8abbccca1.jpg,201_2_10_14_jpg.rf.263d16442c265b2a903e60e8abbccca1.npz,True,unreviewed_kept,0,,,,
train,201_2_10_27_jpg.rf.fd81ab0bc03adf704643508e3d0e42a8.jpg,201_2_10_27_jpg.rf.fd81ab0bc03adf704643508e3d0e42a8.npz,True,unreviewed_kept,0,,,,
train,201_2_10_40_jpg.rf.cc20f45d034f51a1f3cf49efab42ca9f.jpg,201_2_10_40_jpg.rf.cc20f45d034f51a1f3cf49efab42ca9f.npz,True,unreviewed_kept,0,,,,
train,201_2_10_53_jpg.rf.3a68989cc4bf3e17f4dd2dbcb352221d.jpg,201_2_10_53_jpg.rf.3a68989cc4bf3e17f4dd2dbcb352221d.npz,True,unreviewed_kept,0,,,,
train,201_2_10_54_jpg.rf.a231e88929b5b7f939c899353f39b043.jpg,201_2_10_54_jpg.rf.a231e88929b5b7f939c899353f39b043.npz,True,unreviewed_kept,0,,,,
train,201_2_10_5_jpg.rf.212660b2e6074284c0a7fe5e94c9b34a.jpg,201_2_10_5_jpg.rf.212660b2e6074284c0a7fe5e94c9b34a.npz,True,unreviewed_kept,0,,,,
train,201_2_10_60_jpg.rf.8b7f3af9f29c0f0d1ed004081b65276f.jpg,201_2_10_60_jpg.rf.8b7f3af9f29c0f0d1ed004081b65276f.npz,True,unreviewed_kept,0,,,,
train,201_2_11_12_jpg.rf.a05b32638e08469395bd7f890323a444.jpg,201_2_11_12_jpg.rf.a05b32638e08469395bd7f890323a444.npz,True,unreviewed_kept,0,,,,
train,201_2_11_20_jpg.rf.caeec118991e18c3f5be655331788240.jpg,201_2_11_20_jpg.rf.caeec118991e18c3f5be655331788240.npz,True,unreviewed_kept,0,,,,
train,201_2_12_54_jpg.rf.efb591547e0e2faaf1153964524658db.jpg,201_2_12_54_jpg.rf.efb591547e0e2faaf1153964524658db.npz,True,unreviewed_kept,0,,,,
train,201_2_13_41_jpg.rf.605039e364b9735fc15ef55df989fd39.jpg,201_2_13_41_jpg.rf.605039e364b9735fc15ef55df989fd39.npz,True,unreviewed_kept,0,,,,
train,201_2_13_63_jpg.rf.71f92bf8a552903a7138dcb3cea0eaa6.jpg,201_2_13_63_jpg.rf.71f92bf8a552903a7138dcb3cea0eaa6.npz,True,unreviewed_kept,0,,,,
train,201_2_13_6_jpg.rf.69ff2f63e1d07a08355fc75d00324b8b.jpg,201_2_13_6_jpg.rf.69ff2f63e1d07a08355fc75d00324b8b.npz,True,unreviewed_kept,0,,,,
train,201_2_14_16_jpg.rf.7e295615bc7ddecd1bd13002c78ef57c.jpg,201_2_14_16_jpg.rf.7e295615bc7ddecd1bd13002c78ef57c.npz,True,unreviewed_kept,0,,,,
train,201_2_14_211_jpg.rf.c602a7895a491ca4cd57c40fbca0bc8a.jpg,201_2_14_211_jpg.rf.c602a7895a491ca4cd57c40fbca0bc8a.npz,True,unreviewed_kept,0,,,,
train,201_2_14_21_jpg.rf.b276ea159a93f266786c99774ea0d4d3.jpg,201_2_14_21_jpg.rf.b276ea159a93f266786c99774ea0d4d3.npz,True,unreviewed_kept,0,,,,
train,201_2_14_3_jpg.rf.50c11a44c7424ccf1e7ad9100f366d6d.jpg,201_2_14_3_jpg.rf.50c11a44c7424ccf1e7ad9100f366d6d.npz,True,unreviewed_kept,0,,,,
train,201_2_14_4_jpg.rf.98fa32ad38e6f2ddc4a3203d72f958cb.jpg,201_2_14_4_jpg.rf.98fa32ad38e6f2ddc4a3203d72f958cb.npz,True,unreviewed_kept,0,,,,
train,201_2_14_58_jpg.rf.e5ccca72c082588e577483f4056368bc.jpg,201_2_14_58_jpg.rf.e5ccca72c082588e577483f4056368bc.npz,True,unreviewed_kept,0,,,,
train,201_2_14_5_jpg.rf.96562f66d4648d7d673c8f9cada4157a.jpg,201_2_14_5_jpg.rf.96562f66d4648d7d673c8f9cada4157a.npz,True,unreviewed_kept,0,,,,
train,201_2_14_62_jpg.rf.cc79384e3624bd85bcb61d4ecd94ecc2.jpg,201_2_14_62_jpg.rf.cc79384e3624bd85bcb61d4ecd94ecc2.npz,True,unreviewed_kept,0,,,,
train,201_2_14_63_jpg.rf.49ab4f9c045dfeb14f6ffb643da0c61c.jpg,201_2_14_63_jpg.rf.49ab4f9c045dfeb14f6ffb643da0c61c.npz,True,unreviewed_kept,0,,,,
train,201_2_14_8_jpg.rf.62229c9aad8f2b980265f6e9dbafeeaf.jpg,201_2_14_8_jpg.rf.62229c9aad8f2b980265f6e9dbafeeaf.npz,True,unreviewed_kept,0,,,,
train,201_2_16_8_jpg.rf.5a786d0201dbd54e29f595a8af1fa883.jpg,201_2_16_8_jpg.rf.5a786d0201dbd54e29f595a8af1fa883.npz,True,unreviewed_kept,0,,,,
train,201_2_20_54_jpg.rf.4f23c800d310da5cc8037c9e504d20ff.jpg,201_2_20_54_jpg.rf.4f23c800d310da5cc8037c9e504d20ff.npz,True,unreviewed_kept,0,,,,
train,201_2_7_19_jpg.rf.cb769f788051ed51256909e265e8eb63.jpg,201_2_7_19_jpg.rf.cb769f788051ed51256909e265e8eb63.npz,True,unreviewed_kept,0,,,,
train,201_2_7_38_jpg.rf.0178470404f811613eff4eaa6457775a.jpg,201_2_7_38_jpg.rf.0178470404f811613eff4eaa6457775a.npz,True,unreviewed_kept,0,,,,
train,201_2_8_11_jpg.rf.fc72a4afcb79021ef32a10121a887d91.jpg,201_2_8_11_jpg.rf.fc72a4afcb79021ef32a10121a887d91.npz,True,unreviewed_kept,0,,,,
train,201_2_8_34_jpg.rf.1b6f698069d664cc3dda2ba03929b9bf.jpg,201_2_8_34_jpg.rf.1b6f698069d664cc3dda2ba03929b9bf.npz,True,unreviewed_kept,0,,,,
train,201_2_8_47_jpg.rf.05f9b5b0563705c85ff88abfae58cb7e.jpg,201_2_8_47_jpg.rf.05f9b5b0563705c85ff88abfae58cb7e.npz,True,unreviewed_kept,0,,,,
train,201_2_8_52_jpg.rf.491f57f31787f8aa21166d46f55adf53.jpg,201_2_8_52_jpg.rf.491f57f31787f8aa21166d46f55adf53.npz,True,unreviewed_kept,0,,,,
train,201_2_8_62_jpg.rf.9e26e76786ac76a21764d6932393e9a2.jpg,201_2_8_62_jpg.rf.9e26e76786ac76a21764d6932393e9a2.npz,True,unreviewed_kept,0,,,,
train,201_2_9_13_jpg.rf.5931f0f5cb5eb99f982a92a3ba381591.jpg,201_2_9_13_jpg.rf.5931f0f5cb5eb99f982a92a3ba381591.npz,True,unreviewed_kept,0,,,,
train,201_2_9_23_jpg.rf.fd6aa65431170d021cd138096a33edc7.jpg,201_2_9_23_jpg.rf.fd6aa65431170d021cd138096a33edc7.npz,True,unreviewed_kept,0,,,,
train,201_2_9_29_jpg.rf.9d33469d3dde7c5700cbe988f5f89e5e.jpg,201_2_9_29_jpg.rf.9d33469d3dde7c5700cbe988f5f89e5e.npz,True,unreviewed_kept,0,,,,
train,201_3_11_59_jpg.rf.118b95c690a72fdd58fba8328d38d64a.jpg,201_3_11_59_jpg.rf.118b95c690a72fdd58fba8328d38d64a.npz,True,unreviewed_kept,0,,,,
train,201_3_12_21_jpg.rf.780ac5232d7ba8d8792217c2381203e6.jpg,201_3_12_21_jpg.rf.780ac5232d7ba8d8792217c2381203e6.npz,True,unreviewed_kept,0,,,,
train,201_3_12_61_jpg.rf.7c64e646c3cab9e7bb768eff67c53e48.jpg,201_3_12_61_jpg.rf.7c64e646c3cab9e7bb768eff67c53e48.npz,True,unreviewed_kept,0,,,,
train,201_3_13_12_jpg.rf.ed0bba40e2a5328d11887b827b539d2c.jpg,201_3_13_12_jpg.rf.ed0bba40e2a5328d11887b827b539d2c.npz,True,unreviewed_kept,0,,,,
train,201_3_13_52_jpg.rf.f9d6f380f2e52e5ce33a3dbe2f2dd4cf.jpg,201_3_13_52_jpg.rf.f9d6f380f2e52e5ce33a3dbe2f2dd4cf.npz,True,unreviewed_kept,0,,,,
train,201_3_14_13_jpg.rf.0a1398ba09e26251bcaf1a84567b009c.jpg,201_3_14_13_jpg.rf.0a1398ba09e26251bcaf1a84567b009c.npz,True,unreviewed_kept,0,,,,
train,201_3_14_36_jpg.rf.e19e65ed16a35121d140922b13ec0756.jpg,201_3_14_36_jpg.rf.e19e65ed16a35121d140922b13ec0756.npz,True,unreviewed_kept,0,,,,
train,201_3_15_37_jpg.rf.0c59a3c329402175f02de39279be7921.jpg,201_3_15_37_jpg.rf.0c59a3c329402175f02de39279be7921.npz,True,unreviewed_kept,0,,,,
train,201_3_15_5_jpg.rf.235a1893181a311d3fdeb4625be8c54e.jpg,201_3_15_5_jpg.rf.235a1893181a311d3fdeb4625be8c54e.npz,True,unreviewed_kept,0,,,,
train,201_3_16_32_jpg.rf.8146f8dab0d0bbcb5f4de27ab4e5649c.jpg,201_3_16_32_jpg.rf.8146f8dab0d0bbcb5f4de27ab4e5649c.npz,True,unreviewed_kept,0,,,,
train,201_3_17_20_jpg.rf.5b01a3e5c5bcd9a59488626a723b9a51.jpg,201_3_17_20_jpg.rf.5b01a3e5c5bcd9a59488626a723b9a51.npz,True,unreviewed_kept,0,,,,
train,201_3_18_6_jpg.rf.56839253d92a862e52cf3c9cea212361.jpg,201_3_18_6_jpg.rf.56839253d92a862e52cf3c9cea212361.npz,True,unreviewed_kept,0,,,,
train,201_3_19_41_jpg.rf.dbc436e16f1022668b49cafe8f380006.jpg,201_3_19_41_jpg.rf.dbc436e16f1022668b49cafe8f380006.npz,True,unreviewed_kept,0,,,,
train,201_3_22_52_jpg.rf.a0a0484c47c5cf11c5e1d34d2e5da7b8.jpg,201_3_22_52_jpg.rf.a0a0484c47c5cf11c5e1d34d2e5da7b8.npz,False,excluded_label_problem,2,A,N,Y,脂肪变部分空泡漏标
train,201_3_6_26_jpg.rf.11b30d7d4c9b2a3825e1e163a46b8993.jpg,201_3_6_26_jpg.rf.11b30d7d4c9b2a3825e1e163a46b8993.npz,True,unreviewed_kept,0,,,,
train,201_3_6_30_jpg.rf.f95837379589e23e40dd6d80ef806a81.jpg,201_3_6_30_jpg.rf.f95837379589e23e40dd6d80ef806a81.npz,True,unreviewed_kept,0,,,,
train,201_3_6_7_jpg.rf.cd370356aa8ab9e594e7d6ee912a9e22.jpg,201_3_6_7_jpg.rf.cd370356aa8ab9e594e7d6ee912a9e22.npz,True,unreviewed_kept,0,,,,
train,201_3_6_8_jpg.rf.68d15487b0b3bd6e56ba352887b583bc.jpg,201_3_6_8_jpg.rf.68d15487b0b3bd6e56ba352887b583bc.npz,True,unreviewed_kept,0,,,,
train,201_3_7_38_jpg.rf.f1a5d492df1d0f142a9d199e2792d8ac.jpg,201_3_7_38_jpg.rf.f1a5d492df1d0f142a9d199e2792d8ac.npz,True,unreviewed_kept,0,,,,
train,201_3_7_41_jpg.rf.6d3f1840d5606ab65ffc02c78112dabf.jpg,201_3_7_41_jpg.rf.6d3f1840d5606ab65ffc02c78112dabf.npz,True,unreviewed_kept,0,,,,
train,201_3_7_42_jpg.rf.b0bb2ad45cbaddfe8eaa88cd5952eeaa.jpg,201_3_7_42_jpg.rf.b0bb2ad45cbaddfe8eaa88cd5952eeaa.npz,True,unreviewed_kept,0,,,,
train,201_3_7_52_jpg.rf.2391f19d43bd54f1339d513b1a0999d1.jpg,201_3_7_52_jpg.rf.2391f19d43bd54f1339d513b1a0999d1.npz,True,unreviewed_kept,0,,,,
train,201_3_8_37_jpg.rf.52d0286a05b582700d3ffc3e764de484.jpg,201_3_8_37_jpg.rf.52d0286a05b582700d3ffc3e764de484.npz,True,unreviewed_kept,0,,,,
train,201_3_8_42_jpg.rf.b65579bf2a3d7323abf3a79ae80ec8f2.jpg,201_3_8_42_jpg.rf.b65579bf2a3d7323abf3a79ae80ec8f2.npz,True,unreviewed_kept,0,,,,
train,201_3_8_9_jpg.rf.1c100db0b45f42f1b2a1059279ccfc3b.jpg,201_3_8_9_jpg.rf.1c100db0b45f42f1b2a1059279ccfc3b.npz,True,unreviewed_kept,0,,,,
train,201_3_9_19_jpg.rf.60015174eb7f4da3431fcf663cdafd80.jpg,201_3_9_19_jpg.rf.60015174eb7f4da3431fcf663cdafd80.npz,True,unreviewed_kept,0,,,,
train,201_3_9_46_jpg.rf.0f26f7a5b08f139fca6db801914a191b.jpg,201_3_9_46_jpg.rf.0f26f7a5b08f139fca6db801914a191b.npz,True,unreviewed_kept,0,,,,
train,201_4_11_16_jpg.rf.da82f29fe2446d5cad247984d3ac011d.jpg,201_4_11_16_jpg.rf.da82f29fe2446d5cad247984d3ac011d.npz,True,unreviewed_kept,0,,,,
train,201_4_11_17_jpg.rf.a336350dc4a8c6e7f9cd027679bfdae2.jpg,201_4_11_17_jpg.rf.a336350dc4a8c6e7f9cd027679bfdae2.npz,True,unreviewed_kept,0,,,,
train,201_4_11_9_jpg.rf.b2c972c5f1f83cf509b1836758cd8296.jpg,201_4_11_9_jpg.rf.b2c972c5f1f83cf509b1836758cd8296.npz,True,unreviewed_kept,0,,,,
train,201_4_15_28_jpg.rf.5173c5b70e1768f578d172fde945e01e.jpg,201_4_15_28_jpg.rf.5173c5b70e1768f578d172fde945e01e.npz,True,unreviewed_kept,0,,,,
train,201_4_17_30_jpg.rf.0e9c0c3d5ac9b736e2bb3778417cadec.jpg,201_4_17_30_jpg.rf.0e9c0c3d5ac9b736e2bb3778417cadec.npz,False,excluded_label_problem,1,A,N,Y,脂肪变部分空泡漏标
train,201_4_17_43_jpg.rf.81e7f5d7ae4536645b6a4ed5ed228b16.jpg,201_4_17_43_jpg.rf.81e7f5d7ae4536645b6a4ed5ed228b16.npz,True,unreviewed_kept,0,,,,
train,201_4_17_48_jpg.rf.3b6a5850868247d3e90ee7645550eb11.jpg,201_4_17_48_jpg.rf.3b6a5850868247d3e90ee7645550eb11.npz,True,unreviewed_kept,0,,,,
train,201_4_18_22_jpg.rf.7bc1f36a910f9194d99b20792069865b.jpg,201_4_18_22_jpg.rf.7bc1f36a910f9194d99b20792069865b.npz,True,unreviewed_kept,0,,,,
train,201_4_18_42_jpg.rf.786cfcd9b66f89a697394eca9594f4ae.jpg,201_4_18_42_jpg.rf.786cfcd9b66f89a697394eca9594f4ae.npz,True,unreviewed_kept,0,,,,
train,201_4_21_62_jpg.rf.03aacc5a093f5db2f10e8e5f2eba9bec.jpg,201_4_21_62_jpg.rf.03aacc5a093f5db2f10e8e5f2eba9bec.npz,True,unreviewed_kept,0,,,,
train,201_4_22_45_jpg.rf.2d8026453a4f45788eecabd4cbb156ac.jpg,201_4_22_45_jpg.rf.2d8026453a4f45788eecabd4cbb156ac.npz,True,unreviewed_kept,0,,,,
train,201_4_7_26_jpg.rf.5116409344af5f082d32285fb8847cc1.jpg,201_4_7_26_jpg.rf.5116409344af5f082d32285fb8847cc1.npz,True,unreviewed_kept,0,,,,
train,201_4_7_8_jpg.rf.52d023f406fe34d1708821e00e7da91b.jpg,201_4_7_8_jpg.rf.52d023f406fe34d1708821e00e7da91b.npz,True,unreviewed_kept,0,,,,
train,201_4_8_56_jpg.rf.76a0690120237fa50d2245b21e1c69b1.jpg,201_4_8_56_jpg.rf.76a0690120237fa50d2245b21e1c69b1.npz,True,unreviewed_kept,0,,,,
train,201_5_11_16_jpg.rf.aedb498f715f406be3587cbf8ac3c6e8.jpg,201_5_11_16_jpg.rf.aedb498f715f406be3587cbf8ac3c6e8.npz,True,unreviewed_kept,0,,,,
train,201_5_11_22_jpg.rf.df756637e44fd470c6a8c7d463b9a04e.jpg,201_5_11_22_jpg.rf.df756637e44fd470c6a8c7d463b9a04e.npz,True,unreviewed_kept,0,,,,
train,201_5_14_33_jpg.rf.47fd5f9818cc054ffc310f5f098e8c4b.jpg,201_5_14_33_jpg.rf.47fd5f9818cc054ffc310f5f098e8c4b.npz,True,unreviewed_kept,0,,,,
train,201_5_15_10_jpg.rf.aa65888f69bd1e2399c01ebca7c13651.jpg,201_5_15_10_jpg.rf.aa65888f69bd1e2399c01ebca7c13651.npz,True,unreviewed_kept,0,,,,
train,201_5_15_43_jpg.rf.f94729bf2d86f63002a94d5194e59748.jpg,201_5_15_43_jpg.rf.f94729bf2d86f63002a94d5194e59748.npz,True,unreviewed_kept,0,,,,
train,201_5_15_51_jpg.rf.0b87a4305b653d1f49f76e68e370f30d.jpg,201_5_15_51_jpg.rf.0b87a4305b653d1f49f76e68e370f30d.npz,True,unreviewed_kept,0,,,,
train,201_5_17_59_jpg.rf.bffce5b81885d6caddca0d1f689a96e1.jpg,201_5_17_59_jpg.rf.bffce5b81885d6caddca0d1f689a96e1.npz,True,unreviewed_kept,0,,,,
train,201_5_18_22_jpg.rf.072e8555ce10cb95609c46e5e041bd3e.jpg,201_5_18_22_jpg.rf.072e8555ce10cb95609c46e5e041bd3e.npz,True,unreviewed_kept,0,,,,
train,201_5_3_60_jpg.rf.13e02528deaa0681bff0027db00ba673.jpg,201_5_3_60_jpg.rf.13e02528deaa0681bff0027db00ba673.npz,True,unreviewed_kept,0,,,,
train,201_5_6_40_jpg.rf.288495eb7b90b98d27e53bb6046ca886.jpg,201_5_6_40_jpg.rf.288495eb7b90b98d27e53bb6046ca886.npz,True,unreviewed_kept,0,,,,
train,201_5_7_62_jpg.rf.1524f9b79b655c5e713eb191318e0907.jpg,201_5_7_62_jpg.rf.1524f9b79b655c5e713eb191318e0907.npz,True,unreviewed_kept,0,,,,
train,201_6_12_23_jpg.rf.d39e01147bd7597e82ce6ee8998d49d5.jpg,201_6_12_23_jpg.rf.d39e01147bd7597e82ce6ee8998d49d5.npz,True,unreviewed_kept,0,,,,
train,201_6_12_30_jpg.rf.2c22bca320e3b8faf26027436ea32d54.jpg,201_6_12_30_jpg.rf.2c22bca320e3b8faf26027436ea32d54.npz,True,unreviewed_kept,0,,,,
train,201_6_12_31_jpg.rf.1d097eebe938ea31bc8432ea4332e08e.jpg,201_6_12_31_jpg.rf.1d097eebe938ea31bc8432ea4332e08e.npz,True,unreviewed_kept,0,,,,
train,201_6_12_38_jpg.rf.f79a9d1642db713417ef25d64344fa0e.jpg,201_6_12_38_jpg.rf.f79a9d1642db713417ef25d64344fa0e.npz,True,unreviewed_kept,0,,,,
train,201_6_15_8_jpg.rf.54e32fa74ea6041127ef6cf6d3f63b67.jpg,201_6_15_8_jpg.rf.54e32fa74ea6041127ef6cf6d3f63b67.npz,True,unreviewed_kept,0,,,,
train,201_6_18_40_jpg.rf.5814f8afc99c87488a9ba0a9b2ed930a.jpg,201_6_18_40_jpg.rf.5814f8afc99c87488a9ba0a9b2ed930a.npz,True,unreviewed_kept,0,,,,
train,201_6_20_50_jpg.rf.12382c9e5522cd107d7da5bbcdb27e01.jpg,201_6_20_50_jpg.rf.12382c9e5522cd107d7da5bbcdb27e01.npz,True,unreviewed_kept,0,,,,
train,201_6_3_3_jpg.rf.b4cf8dcc0172f0fbfdbb7470a6fb3a27.jpg,201_6_3_3_jpg.rf.b4cf8dcc0172f0fbfdbb7470a6fb3a27.npz,True,unreviewed_kept,0,,,,
train,201_6_5_25_jpg.rf.441dc03ce9f406134d2be50750963961.jpg,201_6_5_25_jpg.rf.441dc03ce9f406134d2be50750963961.npz,True,unreviewed_kept,0,,,,
train,201_6_6_12_jpg.rf.bd3c7ad09d2f110fe7c2f0ac866decc2.jpg,201_6_6_12_jpg.rf.bd3c7ad09d2f110fe7c2f0ac866decc2.npz,True,unreviewed_kept,0,,,,
train,201_6_6_30_jpg.rf.4d1f9b0f03edf9e7b7ee44d06f579a02.jpg,201_6_6_30_jpg.rf.4d1f9b0f03edf9e7b7ee44d06f579a02.npz,True,unreviewed_kept,0,,,,
train,201_6_8_32_jpg.rf.455d78ad8659774c1d3e822140349e4e.jpg,201_6_8_32_jpg.rf.455d78ad8659774c1d3e822140349e4e.npz,True,unreviewed_kept,0,,,,
train,201_6_8_34_jpg.rf.ace5cd273c061e73b6986e2000bafa3e.jpg,201_6_8_34_jpg.rf.ace5cd273c061e73b6986e2000bafa3e.npz,True,unreviewed_kept,0,,,,
train,201_7_0_7_jpg.rf.90a0fb1a20b617f5deb2a462e9d07bed.jpg,201_7_0_7_jpg.rf.90a0fb1a20b617f5deb2a462e9d07bed.npz,True,unreviewed_kept,0,,,,
train,201_7_10_11_jpg.rf.bc5e749f2cf7c439399db2936038c0ec.jpg,201_7_10_11_jpg.rf.bc5e749f2cf7c439399db2936038c0ec.npz,True,unreviewed_kept,0,,,,
train,201_7_11_5_jpg.rf.27983250807605a47e8c7e9d68b0b658.jpg,201_7_11_5_jpg.rf.27983250807605a47e8c7e9d68b0b658.npz,True,unreviewed_kept,0,,,,
train,201_7_13_6_jpg.rf.8a5283007d145da07ebc8de9f969a936.jpg,201_7_13_6_jpg.rf.8a5283007d145da07ebc8de9f969a936.npz,True,unreviewed_kept,0,,,,
train,201_7_16_49_jpg.rf.ec447affddf4196e3cd07996474b3f03.jpg,201_7_16_49_jpg.rf.ec447affddf4196e3cd07996474b3f03.npz,True,unreviewed_kept,0,,,,
train,201_7_18_32_jpg.rf.b64881bb1d2e43c0d0b960b4e244dfb7.jpg,201_7_18_32_jpg.rf.b64881bb1d2e43c0d0b960b4e244dfb7.npz,True,unreviewed_kept,0,,,,
train,201_7_2_43_jpg.rf.b68292a1d6530002d0ec9b24f82b6494.jpg,201_7_2_43_jpg.rf.b68292a1d6530002d0ec9b24f82b6494.npz,True,unreviewed_kept,0,,,,
train,201_7_3_31_jpg.rf.faed31a6e10468ed5a075c4c5a826025.jpg,201_7_3_31_jpg.rf.faed31a6e10468ed5a075c4c5a826025.npz,True,unreviewed_kept,0,,,,
train,201_7_3_41_jpg.rf.17ac4b9113b70fe0ab9b3f2805faac5c.jpg,201_7_3_41_jpg.rf.17ac4b9113b70fe0ab9b3f2805faac5c.npz,True,unreviewed_kept,0,,,,
train,201_7_4_12_jpg.rf.2ae06a004b1771f75680c05cb4d16d1d.jpg,201_7_4_12_jpg.rf.2ae06a004b1771f75680c05cb4d16d1d.npz,True,unreviewed_kept,0,,,,
train,201_7_8_8_jpg.rf.91371df8357b1f6d0da458aa46de91ac.jpg,201_7_8_8_jpg.rf.91371df8357b1f6d0da458aa46de91ac.npz,True,unreviewed_kept,0,,,,
train,201_7_9_55_jpg.rf.b9657a93d433a66e8759814dccf13325.jpg,201_7_9_55_jpg.rf.b9657a93d433a66e8759814dccf13325.npz,True,unreviewed_kept,0,,,,
train,201_8_14_11_jpg.rf.207072d037c987be2d423fc665d267fb.jpg,201_8_14_11_jpg.rf.207072d037c987be2d423fc665d267fb.npz,True,unreviewed_kept,0,,,,
train,201_8_14_6_jpg.rf.a4275208285f507355b9068f844b4cd6.jpg,201_8_14_6_jpg.rf.a4275208285f507355b9068f844b4cd6.npz,True,unreviewed_kept,0,,,,
train,201_8_19_10_jpg.rf.675f56b5b690c30f11b7c6cf1c9772b6.jpg,201_8_19_10_jpg.rf.675f56b5b690c30f11b7c6cf1c9772b6.npz,True,unreviewed_kept,0,,,,
train,201_8_19_63_jpg.rf.d544877cf30bf4b9d4a2abc862dcd6c9.jpg,201_8_19_63_jpg.rf.d544877cf30bf4b9d4a2abc862dcd6c9.npz,True,unreviewed_kept,0,,,,
train,201_8_2_39_jpg.rf.b7b9aa447f232e057bfa5a13b81cd3b5.jpg,201_8_2_39_jpg.rf.b7b9aa447f232e057bfa5a13b81cd3b5.npz,True,unreviewed_kept,0,,,,
train,201_8_2_40_jpg.rf.47fa40f4e90b3170222b04cb82ae51c1.jpg,201_8_2_40_jpg.rf.47fa40f4e90b3170222b04cb82ae51c1.npz,True,unreviewed_kept,0,,,,
train,201_8_3_62_jpg.rf.3a96918ba48015941f669313a5f81396.jpg,201_8_3_62_jpg.rf.3a96918ba48015941f669313a5f81396.npz,True,unreviewed_kept,0,,,,
train,201_8_4_63_jpg.rf.7fbd5f63bcc0fa7b83c66ee60913b7ec.jpg,201_8_4_63_jpg.rf.7fbd5f63bcc0fa7b83c66ee60913b7ec.npz,True,unreviewed_kept,0,,,,
train,201_8_5_21_jpg.rf.8d0d5acca3ead325bd1f6b12002cb18d.jpg,201_8_5_21_jpg.rf.8d0d5acca3ead325bd1f6b12002cb18d.npz,True,unreviewed_kept,0,,,,
train,201_8_5_6_jpg.rf.bfc22135a0d0a5d10f695ddfa187c2df.jpg,201_8_5_6_jpg.rf.bfc22135a0d0a5d10f695ddfa187c2df.npz,True,reviewed_kept,1,,,,
train,201_8_6_17_jpg.rf.de8ac0e23569f045c2015c1c069e1f88.jpg,201_8_6_17_jpg.rf.de8ac0e23569f045c2015c1c069e1f88.npz,True,unreviewed_kept,0,,,,
train,201_8_6_29_jpg.rf.0cf0bb73d8cfe56b787fb44c409a5e1d.jpg,201_8_6_29_jpg.rf.0cf0bb73d8cfe56b787fb44c409a5e1d.npz,True,unreviewed_kept,0,,,,
train,201_8_6_37_jpg.rf.7ebe13a67b5837f62dca7aea9e90e1fe.jpg,201_8_6_37_jpg.rf.7ebe13a67b5837f62dca7aea9e90e1fe.npz,True,unreviewed_kept,0,,,,
train,201_8_7_32_jpg.rf.82198e4c82d25a82c72c4c0c90c0e4b3.jpg,201_8_7_32_jpg.rf.82198e4c82d25a82c72c4c0c90c0e4b3.npz,True,unreviewed_kept,0,,,,
train,201_8_7_60_jpg.rf.cd1b46da8e9ad19ab28443c7eeecc4cf.jpg,201_8_7_60_jpg.rf.cd1b46da8e9ad19ab28443c7eeecc4cf.npz,True,unreviewed_kept,0,,,,
train,201_8_8_55_jpg.rf.e683fcd9a68cf5112d92ef03aa647d5e.jpg,201_8_8_55_jpg.rf.e683fcd9a68cf5112d92ef03aa647d5e.npz,True,unreviewed_kept,0,,,,
train,201_9_14_16_jpg.rf.5ca69141b03c9b4188037eabf2d40108.jpg,201_9_14_16_jpg.rf.5ca69141b03c9b4188037eabf2d40108.npz,True,reviewed_kept,1,,,,
train,201_9_17_42_jpg.rf.a827d5ecbd26b2dadc76e50126e57917.jpg,201_9_17_42_jpg.rf.a827d5ecbd26b2dadc76e50126e57917.npz,True,unreviewed_kept,0,,,,
train,201_9_17_46_jpg.rf.2860751822aa5a71321751c0b0785cc8.jpg,201_9_17_46_jpg.rf.2860751822aa5a71321751c0b0785cc8.npz,True,unreviewed_kept,0,,,,
train,201_9_22_24_jpg.rf.f985a33dac50a98e4bc4372010f74151.jpg,201_9_22_24_jpg.rf.f985a33dac50a98e4bc4372010f74151.npz,True,unreviewed_kept,0,,,,
train,201_9_3_47_jpg.rf.4c02b3234e1e3b96ff5428985f562aeb.jpg,201_9_3_47_jpg.rf.4c02b3234e1e3b96ff5428985f562aeb.npz,True,unreviewed_kept,0,,,,
train,201_9_4_42_jpg.rf.91570d86d5c3a4a0491248883befcc13.jpg,201_9_4_42_jpg.rf.91570d86d5c3a4a0491248883befcc13.npz,True,unreviewed_kept,0,,,,
train,201_9_4_46_jpg.rf.53f55cb4f6411a4a9f22ebd30ba2896f.jpg,201_9_4_46_jpg.rf.53f55cb4f6411a4a9f22ebd30ba2896f.npz,True,unreviewed_kept,0,,,,
train,201_9_4_57_jpg.rf.04e091e8f46439997a912350215de972.jpg,201_9_4_57_jpg.rf.04e091e8f46439997a912350215de972.npz,True,unreviewed_kept,0,,,,
train,201_9_4_63_jpg.rf.a0b10a572131c02f44db72107507c9ec.jpg,201_9_4_63_jpg.rf.a0b10a572131c02f44db72107507c9ec.npz,True,reviewed_kept,1,,,,
train,201_9_5_30_jpg.rf.579417259b6d7a01065056f881386a28.jpg,201_9_5_30_jpg.rf.579417259b6d7a01065056f881386a28.npz,True,unreviewed_kept,0,,,,
train,201_9_6_2_jpg.rf.845671d58d6c4f68d4180ddb1fb794fc.jpg,201_9_6_2_jpg.rf.845671d58d6c4f68d4180ddb1fb794fc.npz,True,unreviewed_kept,0,,,,
train,201_9_6_64_jpg.rf.71d55ae6bd6565a96894a8a969987c88.jpg,201_9_6_64_jpg.rf.71d55ae6bd6565a96894a8a969987c88.npz,True,unreviewed_kept,0,,,,
train,201_9_7_37_jpg.rf.64c0c38feb29a637b2fdd4bfbe38eab8.jpg,201_9_7_37_jpg.rf.64c0c38feb29a637b2fdd4bfbe38eab8.npz,True,unreviewed_kept,0,,,,
train,201_9_9_13_jpg.rf.c8d7d308d58a047b71a4d45cf874bb18.jpg,201_9_9_13_jpg.rf.c8d7d308d58a047b71a4d45cf874bb18.npz,True,unreviewed_kept,0,,,,
train,201_9_9_30_jpg.rf.90395b69c01a9b54f1284adffad38645.jpg,201_9_9_30_jpg.rf.90395b69c01a9b54f1284adffad38645.npz,True,unreviewed_kept,0,,,,
train,201_9_9_3_jpg.rf.4b3c0a07155e45602d217597d0166233.jpg,201_9_9_3_jpg.rf.4b3c0a07155e45602d217597d0166233.npz,True,unreviewed_kept,0,,,,
train,202_0_11_51_jpg.rf.8c80edc99fceac9cee6ae62ab7480aef.jpg,202_0_11_51_jpg.rf.8c80edc99fceac9cee6ae62ab7480aef.npz,True,unreviewed_kept,0,,,,
train,202_0_12_18_jpg.rf.abbdf09b23bfbfb88db8e05fe8f4db2f.jpg,202_0_12_18_jpg.rf.abbdf09b23bfbfb88db8e05fe8f4db2f.npz,True,unreviewed_kept,0,,,,
train,202_0_12_241_jpg.rf.4da58e26027d518d9362a08a3632d48d.jpg,202_0_12_241_jpg.rf.4da58e26027d518d9362a08a3632d48d.npz,True,unreviewed_kept,0,,,,
train,202_0_12_24_jpg.rf.b18e35a21542d86e2771c6673d0ba0d8.jpg,202_0_12_24_jpg.rf.b18e35a21542d86e2771c6673d0ba0d8.npz,True,unreviewed_kept,0,,,,
train,202_0_12_38_jpg.rf.72bf160bd034b8d845bbd0b4dc3fb68e.jpg,202_0_12_38_jpg.rf.72bf160bd034b8d845bbd0b4dc3fb68e.npz,True,unreviewed_kept,0,,,,
train,202_0_13_25_jpg.rf.2cb18bf155521059aa83940509086bc6.jpg,202_0_13_25_jpg.rf.2cb18bf155521059aa83940509086bc6.npz,True,unreviewed_kept,0,,,,
train,202_0_13_57_jpg.rf.55d3baf1a5ea9b5a2018ec0738412709.jpg,202_0_13_57_jpg.rf.55d3baf1a5ea9b5a2018ec0738412709.npz,True,unreviewed_kept,0,,,,
train,202_0_15_27_jpg.rf.d47de3e935a78a064b55d4d46cad8799.jpg,202_0_15_27_jpg.rf.d47de3e935a78a064b55d4d46cad8799.npz,True,unreviewed_kept,0,,,,
train,202_10_20_22_jpg.rf.ebf39536636895736374bdb5395403a4.jpg,202_10_20_22_jpg.rf.ebf39536636895736374bdb5395403a4.npz,True,unreviewed_kept,0,,,,
train,202_1_10_29_jpg.rf.333601b5534ccbcda0ed27e4daa4bd8e.jpg,202_1_10_29_jpg.rf.333601b5534ccbcda0ed27e4daa4bd8e.npz,True,unreviewed_kept,0,,,,
train,202_1_12_62_jpg.rf.c3895764bdce8b1c16ccf32f7eed7d3e.jpg,202_1_12_62_jpg.rf.c3895764bdce8b1c16ccf32f7eed7d3e.npz,True,unreviewed_kept,0,,,,
train,202_1_13_6_jpg.rf.dca0d2ecb3d2a5154d24683ede52c034.jpg,202_1_13_6_jpg.rf.dca0d2ecb3d2a5154d24683ede52c034.npz,True,unreviewed_kept,0,,,,
train,202_1_15_22_jpg.rf.9643343daccfbb928826f758d9ea24b0.jpg,202_1_15_22_jpg.rf.9643343daccfbb928826f758d9ea24b0.npz,True,unreviewed_kept,0,,,,
train,202_1_15_35_jpg.rf.c50ac64bfc3494997c06f9564bdedd01.jpg,202_1_15_35_jpg.rf.c50ac64bfc3494997c06f9564bdedd01.npz,True,unreviewed_kept,0,,,,
train,202_1_15_43_jpg.rf.8a64580372250da2de8daa16b64599ed.jpg,202_1_15_43_jpg.rf.8a64580372250da2de8daa16b64599ed.npz,True,unreviewed_kept,0,,,,
train,202_1_16_28_jpg.rf.d093a932c683b048ad3e7520fdce6052.jpg,202_1_16_28_jpg.rf.d093a932c683b048ad3e7520fdce6052.npz,True,unreviewed_kept,0,,,,
train,202_1_9_32_jpg.rf.1d2b154ec89bcabe55d243c7400679df.jpg,202_1_9_32_jpg.rf.1d2b154ec89bcabe55d243c7400679df.npz,True,unreviewed_kept,0,,,,
train,202_2_10_33_jpg.rf.50955a11f561179ecc5b64eb7b838d65.jpg,202_2_10_33_jpg.rf.50955a11f561179ecc5b64eb7b838d65.npz,True,unreviewed_kept,0,,,,
train,202_2_14_13_jpg.rf.4b3b78cd80ef8c5aa95fa3f52160668c.jpg,202_2_14_13_jpg.rf.4b3b78cd80ef8c5aa95fa3f52160668c.npz,True,unreviewed_kept,0,,,,
train,202_2_15_19_jpg.rf.b12e25d7c70d5ecb8ddf458fdc0e9c36.jpg,202_2_15_19_jpg.rf.b12e25d7c70d5ecb8ddf458fdc0e9c36.npz,True,unreviewed_kept,0,,,,
train,202_2_16_35_jpg.rf.6af83252894f02e88e53866e17951d98.jpg,202_2_16_35_jpg.rf.6af83252894f02e88e53866e17951d98.npz,False,excluded_label_problem,1,A,N,Y,漏标脂肪变
train,202_2_19_25_jpg.rf.9071695ad48182c79ed91ad70c86ddbd.jpg,202_2_19_25_jpg.rf.9071695ad48182c79ed91ad70c86ddbd.npz,True,unreviewed_kept,0,,,,
train,202_2_19_30_jpg.rf.6004a8c17059a9a06b8c708762a59674.jpg,202_2_19_30_jpg.rf.6004a8c17059a9a06b8c708762a59674.npz,True,unreviewed_kept,0,,,,
train,202_2_19_43_jpg.rf.ba210ada316b72ed9e608ed547da11e7.jpg,202_2_19_43_jpg.rf.ba210ada316b72ed9e608ed547da11e7.npz,True,unreviewed_kept,0,,,,
train,202_2_8_44_jpg.rf.ca00e8babe050982d026a11a41e100e1.jpg,202_2_8_44_jpg.rf.ca00e8babe050982d026a11a41e100e1.npz,True,unreviewed_kept,0,,,,
train,202_2_8_45_jpg.rf.87addcfdf21a50116d89ad3238cd2b0a.jpg,202_2_8_45_jpg.rf.87addcfdf21a50116d89ad3238cd2b0a.npz,True,unreviewed_kept,0,,,,
train,202_2_9_11_jpg.rf.fa15bd6eccc13b7f1ceddecf4c25bb25.jpg,202_2_9_11_jpg.rf.fa15bd6eccc13b7f1ceddecf4c25bb25.npz,True,unreviewed_kept,0,,,,
train,202_2_9_17_jpg.rf.5707bc270cc5c346dbb3e67cdd92128a.jpg,202_2_9_17_jpg.rf.5707bc270cc5c346dbb3e67cdd92128a.npz,True,unreviewed_kept,0,,,,
train,202_2_9_1_jpg.rf.1d2f593b119e45628290ee54bc8cded4.jpg,202_2_9_1_jpg.rf.1d2f593b119e45628290ee54bc8cded4.npz,True,unreviewed_kept,0,,,,
train,202_2_9_49_jpg.rf.76f7c95d7fd1e141571628ee0f977023.jpg,202_2_9_49_jpg.rf.76f7c95d7fd1e141571628ee0f977023.npz,True,unreviewed_kept,0,,,,
train,202_3_10_41_jpg.rf.a027996ece4e5f73436623711347acdf.jpg,202_3_10_41_jpg.rf.a027996ece4e5f73436623711347acdf.npz,True,unreviewed_kept,0,,,,
train,202_3_11_28_jpg.rf.8458577baa20eb3a8dabfd169afb7e71.jpg,202_3_11_28_jpg.rf.8458577baa20eb3a8dabfd169afb7e71.npz,True,unreviewed_kept,0,,,,
train,202_3_12_63_jpg.rf.2a7d44bb3e1aa42408a88225cb9c182b.jpg,202_3_12_63_jpg.rf.2a7d44bb3e1aa42408a88225cb9c182b.npz,True,unreviewed_kept,0,,,,
train,202_3_13_3_jpg.rf.f0cdf26ac999ff637d17cc71cbb15bf0.jpg,202_3_13_3_jpg.rf.f0cdf26ac999ff637d17cc71cbb15bf0.npz,True,unreviewed_kept,0,,,,
train,202_3_14_27_jpg.rf.af99514942654e33c4f46d1f6ed61834.jpg,202_3_14_27_jpg.rf.af99514942654e33c4f46d1f6ed61834.npz,True,unreviewed_kept,0,,,,
train,202_3_15_22_jpg.rf.fb6c98c483bf865b54765f13220298c7.jpg,202_3_15_22_jpg.rf.fb6c98c483bf865b54765f13220298c7.npz,True,unreviewed_kept,0,,,,
train,202_3_17_13_jpg.rf.f356df4f73a5cc3358d4e7dc9ab4cca5.jpg,202_3_17_13_jpg.rf.f356df4f73a5cc3358d4e7dc9ab4cca5.npz,True,unreviewed_kept,0,,,,
train,202_3_17_28_jpg.rf.21ae3be405fd6f4cb05910a759e43214.jpg,202_3_17_28_jpg.rf.21ae3be405fd6f4cb05910a759e43214.npz,True,unreviewed_kept,0,,,,
train,202_3_19_40_jpg.rf.7912849d53a508d99000e9398ccd5d73.jpg,202_3_19_40_jpg.rf.7912849d53a508d99000e9398ccd5d73.npz,True,unreviewed_kept,0,,,,
train,202_3_3_25_jpg.rf.9fee7b3ed38e9e4a1ebebc3865bef847.jpg,202_3_3_25_jpg.rf.9fee7b3ed38e9e4a1ebebc3865bef847.npz,True,unreviewed_kept,0,,,,
train,202_3_7_2_jpg.rf.f6ba7035557371e58cf8130fecedfd26.jpg,202_3_7_2_jpg.rf.f6ba7035557371e58cf8130fecedfd26.npz,True,unreviewed_kept,0,,,,
train,202_3_8_21_jpg.rf.618267489c1ece560e939b033a83be0e.jpg,202_3_8_21_jpg.rf.618267489c1ece560e939b033a83be0e.npz,True,unreviewed_kept,0,,,,
train,202_3_9_36_jpg.rf.ec844b391864cc9885d2160ae7af0fce.jpg,202_3_9_36_jpg.rf.ec844b391864cc9885d2160ae7af0fce.npz,True,unreviewed_kept,0,,,,
train,202_3_9_3_jpg.rf.4c032e7331413379a3e513265539f8bd.jpg,202_3_9_3_jpg.rf.4c032e7331413379a3e513265539f8bd.npz,True,unreviewed_kept,0,,,,
train,202_3_9_48_jpg.rf.b07d4e737c7de7ff7fe66bb8f9e32121.jpg,202_3_9_48_jpg.rf.b07d4e737c7de7ff7fe66bb8f9e32121.npz,True,unreviewed_kept,0,,,,
train,202_4_11_13_jpg.rf.28f864b0256e07607ebe959f9b27722f.jpg,202_4_11_13_jpg.rf.28f864b0256e07607ebe959f9b27722f.npz,True,unreviewed_kept,0,,,,
train,202_4_13_61_jpg.rf.fa3800a0dab8dfca1fd5a0db9d6639c0.jpg,202_4_13_61_jpg.rf.fa3800a0dab8dfca1fd5a0db9d6639c0.npz,True,unreviewed_kept,0,,,,
train,202_4_14_17_jpg.rf.dfc2307a5e1a670b0f176d72273f9183.jpg,202_4_14_17_jpg.rf.dfc2307a5e1a670b0f176d72273f9183.npz,True,unreviewed_kept,0,,,,
train,202_4_15_41_jpg.rf.453ca449bbffbbbf29e0755945ef8cdf.jpg,202_4_15_41_jpg.rf.453ca449bbffbbbf29e0755945ef8cdf.npz,True,unreviewed_kept,0,,,,
train,202_4_15_52_jpg.rf.08d106edb0ac028cb8dc11d635e82980.jpg,202_4_15_52_jpg.rf.08d106edb0ac028cb8dc11d635e82980.npz,True,unreviewed_kept,0,,,,
train,202_4_17_28_jpg.rf.d4dcf39be3732a64203c8e79245f40c5.jpg,202_4_17_28_jpg.rf.d4dcf39be3732a64203c8e79245f40c5.npz,True,unreviewed_kept,0,,,,
train,202_4_19_44_jpg.rf.56a4fb88776b769527c898cff99ba3dc.jpg,202_4_19_44_jpg.rf.56a4fb88776b769527c898cff99ba3dc.npz,True,unreviewed_kept,0,,,,
train,202_4_21_47_jpg.rf.6eb2a9b0283d7c003c9aee4bad8191e9.jpg,202_4_21_47_jpg.rf.6eb2a9b0283d7c003c9aee4bad8191e9.npz,True,unreviewed_kept,0,,,,
train,202_4_4_32_jpg.rf.db2ce2cb3655581cedd30969b19b178c.jpg,202_4_4_32_jpg.rf.db2ce2cb3655581cedd30969b19b178c.npz,True,unreviewed_kept,0,,,,
train,202_4_5_29_jpg.rf.a5e132eda1e38a79fb6b42ec94e268cf.jpg,202_4_5_29_jpg.rf.a5e132eda1e38a79fb6b42ec94e268cf.npz,True,unreviewed_kept,0,,,,
train,202_4_5_6_jpg.rf.7909a49cbc70a352dac89455d962f0a9.jpg,202_4_5_6_jpg.rf.7909a49cbc70a352dac89455d962f0a9.npz,True,unreviewed_kept,0,,,,
train,202_4_6_3_jpg.rf.efb9c190b0d1b840ca95cbfaa3f73661.jpg,202_4_6_3_jpg.rf.efb9c190b0d1b840ca95cbfaa3f73661.npz,True,unreviewed_kept,0,,,,
train,202_4_9_1_jpg.rf.aeb5095d350f4ed4e9d2f28e919e7c4a.jpg,202_4_9_1_jpg.rf.aeb5095d350f4ed4e9d2f28e919e7c4a.npz,True,unreviewed_kept,0,,,,
train,202_4_9_50_jpg.rf.e66d5fb878b9f0921a4c685a72613fba.jpg,202_4_9_50_jpg.rf.e66d5fb878b9f0921a4c685a72613fba.npz,True,unreviewed_kept,0,,,,
train,202_5_10_60_jpg.rf.73c146a90a4455b73c66367d3e16a0ad.jpg,202_5_10_60_jpg.rf.73c146a90a4455b73c66367d3e16a0ad.npz,True,unreviewed_kept,0,,,,
train,202_5_10_61_jpg.rf.4ab3b895c885015a6c7327feab1c54b9.jpg,202_5_10_61_jpg.rf.4ab3b895c885015a6c7327feab1c54b9.npz,True,unreviewed_kept,0,,,,
train,202_5_11_24_jpg.rf.eef2c48622181a6dc635f4dc577d2956.jpg,202_5_11_24_jpg.rf.eef2c48622181a6dc635f4dc577d2956.npz,True,unreviewed_kept,0,,,,
train,202_5_11_2_jpg.rf.979828069f2567eab74f4096b9e4c67f.jpg,202_5_11_2_jpg.rf.979828069f2567eab74f4096b9e4c67f.npz,True,unreviewed_kept,0,,,,
train,202_5_12_41_jpg.rf.17c021ee6e8666b3a9163ab83bbb95e4.jpg,202_5_12_41_jpg.rf.17c021ee6e8666b3a9163ab83bbb95e4.npz,True,unreviewed_kept,0,,,,
train,202_5_12_42_jpg.rf.af29d29222d3fd217f4b30ef4e3b983f.jpg,202_5_12_42_jpg.rf.af29d29222d3fd217f4b30ef4e3b983f.npz,True,unreviewed_kept,0,,,,
train,202_5_16_23_jpg.rf.3624d741710fb69303652037e317f886.jpg,202_5_16_23_jpg.rf.3624d741710fb69303652037e317f886.npz,True,unreviewed_kept,0,,,,
train,202_5_17_37_jpg.rf.921c65595fa7410dc687d42b37a5e38f.jpg,202_5_17_37_jpg.rf.921c65595fa7410dc687d42b37a5e38f.npz,True,unreviewed_kept,0,,,,
train,202_5_19_1_jpg.rf.b129c7ee3769363aac795e919d3e62eb.jpg,202_5_19_1_jpg.rf.b129c7ee3769363aac795e919d3e62eb.npz,True,unreviewed_kept,0,,,,
train,202_5_19_60_jpg.rf.c703bc7311631d4347c648bcfc2c2d46.jpg,202_5_19_60_jpg.rf.c703bc7311631d4347c648bcfc2c2d46.npz,True,unreviewed_kept,0,,,,
train,202_5_21_11_jpg.rf.28dbcbf12520e5a0da1f8c052d816ee7.jpg,202_5_21_11_jpg.rf.28dbcbf12520e5a0da1f8c052d816ee7.npz,True,unreviewed_kept,0,,,,
train,202_5_21_20_jpg.rf.da8a46fc9a183b676fee86801015c0ac.jpg,202_5_21_20_jpg.rf.da8a46fc9a183b676fee86801015c0ac.npz,True,unreviewed_kept,0,,,,
train,202_5_21_28_jpg.rf.801da56fa3fec91a3cbd6e272feceaf6.jpg,202_5_21_28_jpg.rf.801da56fa3fec91a3cbd6e272feceaf6.npz,True,unreviewed_kept,0,,,,
train,202_5_21_36_jpg.rf.8ffd90764c494c227e7c75e6932ab082.jpg,202_5_21_36_jpg.rf.8ffd90764c494c227e7c75e6932ab082.npz,True,unreviewed_kept,0,,,,
train,202_5_21_45_jpg.rf.eb7678672a1c9194c42e02edfa4fd767.jpg,202_5_21_45_jpg.rf.eb7678672a1c9194c42e02edfa4fd767.npz,True,unreviewed_kept,0,,,,
train,202_5_21_63_jpg.rf.0b9182af2c310d38582fa0268a5f69f4.jpg,202_5_21_63_jpg.rf.0b9182af2c310d38582fa0268a5f69f4.npz,True,unreviewed_kept,0,,,,
train,202_5_22_41_jpg.rf.fdee3531a5320542b635f8620a7491e7.jpg,202_5_22_41_jpg.rf.fdee3531a5320542b635f8620a7491e7.npz,True,unreviewed_kept,0,,,,
train,202_5_8_10_jpg.rf.096d13d6368e7f4863a152f20f5d4aa9.jpg,202_5_8_10_jpg.rf.096d13d6368e7f4863a152f20f5d4aa9.npz,True,unreviewed_kept,0,,,,
train,202_5_8_27_jpg.rf.eec78a4c74807402b358f97472ebe35c.jpg,202_5_8_27_jpg.rf.eec78a4c74807402b358f97472ebe35c.npz,True,unreviewed_kept,0,,,,
train,202_6_10_3_jpg.rf.ed3993665d8015851b07e812e0a4975d.jpg,202_6_10_3_jpg.rf.ed3993665d8015851b07e812e0a4975d.npz,True,unreviewed_kept,0,,,,
train,202_6_10_4_jpg.rf.cdd17186f53263ac0cf0f879e619704a.jpg,202_6_10_4_jpg.rf.cdd17186f53263ac0cf0f879e619704a.npz,True,unreviewed_kept,0,,,,
train,202_6_10_61_jpg.rf.0eb1543f0940f4b6be311f75002f6065.jpg,202_6_10_61_jpg.rf.0eb1543f0940f4b6be311f75002f6065.npz,True,unreviewed_kept,0,,,,
train,202_6_12_11_jpg.rf.19fe285b65f827d340d48ead54b0a561.jpg,202_6_12_11_jpg.rf.19fe285b65f827d340d48ead54b0a561.npz,True,unreviewed_kept,0,,,,
train,202_6_12_24_jpg.rf.6cfdef93079b230bb9f54ee5c23c9fd0.jpg,202_6_12_24_jpg.rf.6cfdef93079b230bb9f54ee5c23c9fd0.npz,True,unreviewed_kept,0,,,,
train,202_6_13_19_jpg.rf.c3d9b251198bd739d5a9d3b83cf6cce2.jpg,202_6_13_19_jpg.rf.c3d9b251198bd739d5a9d3b83cf6cce2.npz,True,unreviewed_kept,0,,,,
train,202_6_15_16_jpg.rf.6010762f9544cb48e3ccc44a1d6827b4.jpg,202_6_15_16_jpg.rf.6010762f9544cb48e3ccc44a1d6827b4.npz,True,unreviewed_kept,0,,,,
train,202_6_15_18_jpg.rf.97b6c1a24714e6fb9378d5c06acea332.jpg,202_6_15_18_jpg.rf.97b6c1a24714e6fb9378d5c06acea332.npz,True,unreviewed_kept,0,,,,
train,202_6_15_50_jpg.rf.6c69f7447e3fb2b1c36136bf3e620bc1.jpg,202_6_15_50_jpg.rf.6c69f7447e3fb2b1c36136bf3e620bc1.npz,True,unreviewed_kept,0,,,,
train,202_6_16_2_jpg.rf.542c62bc640f30b124b7ab10c19a9bed.jpg,202_6_16_2_jpg.rf.542c62bc640f30b124b7ab10c19a9bed.npz,True,unreviewed_kept,0,,,,
train,202_6_17_53_jpg.rf.25bf0ce5f2a658b7681ab5d035f379b6.jpg,202_6_17_53_jpg.rf.25bf0ce5f2a658b7681ab5d035f379b6.npz,True,unreviewed_kept,0,,,,
train,202_6_18_56_jpg.rf.634323014d10eef47d727c9d4d23122e.jpg,202_6_18_56_jpg.rf.634323014d10eef47d727c9d4d23122e.npz,True,unreviewed_kept,0,,,,
train,202_6_20_25_jpg.rf.0832e4621af10b45831c4edfccde3f75.jpg,202_6_20_25_jpg.rf.0832e4621af10b45831c4edfccde3f75.npz,True,unreviewed_kept,0,,,,
train,202_6_2_64_jpg.rf.f4e1f54fd88badbd5143cc9f04a9a2c4.jpg,202_6_2_64_jpg.rf.f4e1f54fd88badbd5143cc9f04a9a2c4.npz,True,unreviewed_kept,0,,,,
train,202_6_6_21_jpg.rf.499c82cfd9954d97a75c84a68a76a80d.jpg,202_6_6_21_jpg.rf.499c82cfd9954d97a75c84a68a76a80d.npz,True,unreviewed_kept,0,,,,
train,202_6_8_37_jpg.rf.47a8b0e9da3df7677031931359236285.jpg,202_6_8_37_jpg.rf.47a8b0e9da3df7677031931359236285.npz,True,unreviewed_kept,0,,,,
train,202_6_9_62_jpg.rf.39cc9db95f0886604870802f5b818386.jpg,202_6_9_62_jpg.rf.39cc9db95f0886604870802f5b818386.npz,True,unreviewed_kept,0,,,,
train,202_7_10_12_jpg.rf.1639a8f1e04a8966d879949769200dc9.jpg,202_7_10_12_jpg.rf.1639a8f1e04a8966d879949769200dc9.npz,True,unreviewed_kept,0,,,,
train,202_7_10_5_jpg.rf.4e5ed779e9bc6639dd7b0c6c366a3d4d.jpg,202_7_10_5_jpg.rf.4e5ed779e9bc6639dd7b0c6c366a3d4d.npz,True,unreviewed_kept,0,,,,
train,202_7_13_1_jpg.rf.bc46058682ceaea06b1566e585ffb86b.jpg,202_7_13_1_jpg.rf.bc46058682ceaea06b1566e585ffb86b.npz,True,unreviewed_kept,0,,,,
train,202_7_14_26_jpg.rf.c0823c61606b5b79c7986b236b8e579c.jpg,202_7_14_26_jpg.rf.c0823c61606b5b79c7986b236b8e579c.npz,True,unreviewed_kept,0,,,,
train,202_7_17_18_jpg.rf.f912461cddcaa041471d8f8ea88a13a3.jpg,202_7_17_18_jpg.rf.f912461cddcaa041471d8f8ea88a13a3.npz,True,unreviewed_kept,0,,,,
train,202_7_22_20_jpg.rf.0a5d30452d144303e20e863e2a672fe4.jpg,202_7_22_20_jpg.rf.0a5d30452d144303e20e863e2a672fe4.npz,True,unreviewed_kept,0,,,,
train,202_7_4_48_jpg.rf.5c33a6ada891880ff0c8487f9193b0f8.jpg,202_7_4_48_jpg.rf.5c33a6ada891880ff0c8487f9193b0f8.npz,True,unreviewed_kept,0,,,,
train,202_7_6_43_jpg.rf.d838b85867a63fefedf43bcd7be0235f.jpg,202_7_6_43_jpg.rf.d838b85867a63fefedf43bcd7be0235f.npz,True,unreviewed_kept,0,,,,
train,202_7_8_38_jpg.rf.a3e072fcc954b13a092d382a175ff6c0.jpg,202_7_8_38_jpg.rf.a3e072fcc954b13a092d382a175ff6c0.npz,True,unreviewed_kept,0,,,,
train,202_7_8_46_jpg.rf.0e000c34a3e17c24e4d16ef05b5e2f8a.jpg,202_7_8_46_jpg.rf.0e000c34a3e17c24e4d16ef05b5e2f8a.npz,True,unreviewed_kept,0,,,,
train,202_8_11_1_jpg.rf.786350f54cc36320e837de8123571be8.jpg,202_8_11_1_jpg.rf.786350f54cc36320e837de8123571be8.npz,True,unreviewed_kept,0,,,,
train,202_8_11_51_jpg.rf.cbc67787d73b68d55cfd64c059c5fbdd.jpg,202_8_11_51_jpg.rf.cbc67787d73b68d55cfd64c059c5fbdd.npz,True,unreviewed_kept,0,,,,
train,202_8_12_32_jpg.rf.bdf92a070c228402620bb43446ad03a6.jpg,202_8_12_32_jpg.rf.bdf92a070c228402620bb43446ad03a6.npz,True,unreviewed_kept,0,,,,
train,202_8_12_4_jpg.rf.7a2b3ae6ba8ff2b37b239afa8f47543e.jpg,202_8_12_4_jpg.rf.7a2b3ae6ba8ff2b37b239afa8f47543e.npz,True,unreviewed_kept,0,,,,
train,202_8_13_30_jpg.rf.1aa1db2960484c3fa983d6c1ad66b9ea.jpg,202_8_13_30_jpg.rf.1aa1db2960484c3fa983d6c1ad66b9ea.npz,True,unreviewed_kept,0,,,,
train,202_8_13_53_jpg.rf.1318d4a318654ee4c6bcee9950182d3f.jpg,202_8_13_53_jpg.rf.1318d4a318654ee4c6bcee9950182d3f.npz,True,unreviewed_kept,0,,,,
train,202_8_15_3_jpg.rf.e9dfc3b5cffa36c027c58de242cd626e.jpg,202_8_15_3_jpg.rf.e9dfc3b5cffa36c027c58de242cd626e.npz,True,unreviewed_kept,0,,,,
train,202_8_16_11_jpg.rf.a0be993bda6e2985da05ddceb902fd44.jpg,202_8_16_11_jpg.rf.a0be993bda6e2985da05ddceb902fd44.npz,True,unreviewed_kept,0,,,,
train,202_8_17_22_jpg.rf.ba9ef4f36e5796ab47524cacfdc7c5d6.jpg,202_8_17_22_jpg.rf.ba9ef4f36e5796ab47524cacfdc7c5d6.npz,True,unreviewed_kept,0,,,,
train,202_8_17_49_jpg.rf.40b33c95cf1bc4b7d7919b1dbf7bfb6b.jpg,202_8_17_49_jpg.rf.40b33c95cf1bc4b7d7919b1dbf7bfb6b.npz,True,unreviewed_kept,0,,,,
train,202_8_20_60_jpg.rf.a4f7ecfaefc7a547da17a328cb605497.jpg,202_8_20_60_jpg.rf.a4f7ecfaefc7a547da17a328cb605497.npz,True,unreviewed_kept,0,,,,
train,202_8_3_6_jpg.rf.05775ebc15d90b81695ea31ced05e7da.jpg,202_8_3_6_jpg.rf.05775ebc15d90b81695ea31ced05e7da.npz,True,unreviewed_kept,0,,,,
train,202_8_6_46_jpg.rf.8b2cd4ff11e0e0a4a372d56150eca16f.jpg,202_8_6_46_jpg.rf.8b2cd4ff11e0e0a4a372d56150eca16f.npz,True,unreviewed_kept,0,,,,
train,202_9_16_56_jpg.rf.e46076f4b9320adda32936674d66089c.jpg,202_9_16_56_jpg.rf.e46076f4b9320adda32936674d66089c.npz,True,unreviewed_kept,0,,,,
train,202_9_21_25_jpg.rf.79abec25bc27279553d09be404ff68e4.jpg,202_9_21_25_jpg.rf.79abec25bc27279553d09be404ff68e4.npz,True,unreviewed_kept,0,,,,
train,202_9_21_45_jpg.rf.bd53705a2263248076d0629ff4d757ea.jpg,202_9_21_45_jpg.rf.bd53705a2263248076d0629ff4d757ea.npz,True,unreviewed_kept,0,,,,
train,202_9_9_12_jpg.rf.8e91db9c837818a0a34f791f32b0d049.jpg,202_9_9_12_jpg.rf.8e91db9c837818a0a34f791f32b0d049.npz,True,unreviewed_kept,0,,,,
train,203_0_15_61_jpg.rf.59f508c96646b99ecea77c7509de4962.jpg,203_0_15_61_jpg.rf.59f508c96646b99ecea77c7509de4962.npz,True,unreviewed_kept,0,,,,
train,203_0_21_50_jpg.rf.adf3daab878e6c09a4b399d02e74cfee.jpg,203_0_21_50_jpg.rf.adf3daab878e6c09a4b399d02e74cfee.npz,True,unreviewed_kept,0,,,,
train,203_0_22_40_jpg.rf.4a91166f2474abb7b604fa41014edc0f.jpg,203_0_22_40_jpg.rf.4a91166f2474abb7b604fa41014edc0f.npz,True,unreviewed_kept,0,,,,
train,203_1_10_20_jpg.rf.9bfbcb92864e23066181a5b158ab7d31.jpg,203_1_10_20_jpg.rf.9bfbcb92864e23066181a5b158ab7d31.npz,True,unreviewed_kept,0,,,,
train,203_1_13_42_jpg.rf.69b368822a6faef92f2bc240282c0849.jpg,203_1_13_42_jpg.rf.69b368822a6faef92f2bc240282c0849.npz,True,unreviewed_kept,0,,,,
train,203_1_17_58_jpg.rf.9989ca9a0753228d2c9e008a96f0d494.jpg,203_1_17_58_jpg.rf.9989ca9a0753228d2c9e008a96f0d494.npz,True,unreviewed_kept,0,,,,
train,203_1_21_34_jpg.rf.d82ad0ef09aa31a250a48490c0ae8dd5.jpg,203_1_21_34_jpg.rf.d82ad0ef09aa31a250a48490c0ae8dd5.npz,True,unreviewed_kept,0,,,,
train,203_1_21_63_jpg.rf.29eeffa46e2e22c91d06e757245917bc.jpg,203_1_21_63_jpg.rf.29eeffa46e2e22c91d06e757245917bc.npz,True,unreviewed_kept,0,,,,
train,203_1_22_53_jpg.rf.70f3b870092f47dc35e7a3ac277310f1.jpg,203_1_22_53_jpg.rf.70f3b870092f47dc35e7a3ac277310f1.npz,True,unreviewed_kept,0,,,,
train,203_1_4_41_jpg.rf.c3c981ebad533ecf49297fbe38485277.jpg,203_1_4_41_jpg.rf.c3c981ebad533ecf49297fbe38485277.npz,True,unreviewed_kept,0,,,,
train,203_1_8_28_jpg.rf.1f960679d3250120409a3a31e39291fe.jpg,203_1_8_28_jpg.rf.1f960679d3250120409a3a31e39291fe.npz,True,unreviewed_kept,0,,,,
train,203_2_10_19_jpg.rf.5483353fb00ef91faf36dbcf171bfd12.jpg,203_2_10_19_jpg.rf.5483353fb00ef91faf36dbcf171bfd12.npz,True,unreviewed_kept,0,,,,
train,203_2_11_30_jpg.rf.157cfe7a2d5771e83015e25edde9d426.jpg,203_2_11_30_jpg.rf.157cfe7a2d5771e83015e25edde9d426.npz,True,unreviewed_kept,0,,,,
train,203_2_13_14_jpg.rf.426032ddceeb892ca0e3631178876304.jpg,203_2_13_14_jpg.rf.426032ddceeb892ca0e3631178876304.npz,True,unreviewed_kept,0,,,,
train,203_2_13_28_jpg.rf.98300f5188d491de656a18e05bb0734b.jpg,203_2_13_28_jpg.rf.98300f5188d491de656a18e05bb0734b.npz,True,unreviewed_kept,0,,,,
train,203_2_13_49_jpg.rf.b3296501e7a92d397a232bbea29c43a7.jpg,203_2_13_49_jpg.rf.b3296501e7a92d397a232bbea29c43a7.npz,True,unreviewed_kept,0,,,,
train,203_2_13_7_jpg.rf.7ef97fc8396115d4b2f6bbeec46083f3.jpg,203_2_13_7_jpg.rf.7ef97fc8396115d4b2f6bbeec46083f3.npz,True,unreviewed_kept,0,,,,
train,203_2_14_40_jpg.rf.6216f916a3c2140bbf80c90abd3a099c.jpg,203_2_14_40_jpg.rf.6216f916a3c2140bbf80c90abd3a099c.npz,True,unreviewed_kept,0,,,,
train,203_2_14_9_jpg.rf.b80ae9f9dba1b3160fc179f365d66d13.jpg,203_2_14_9_jpg.rf.b80ae9f9dba1b3160fc179f365d66d13.npz,True,unreviewed_kept,0,,,,
train,203_2_15_47_jpg.rf.5b8438c89c66c5545208780454880a5a.jpg,203_2_15_47_jpg.rf.5b8438c89c66c5545208780454880a5a.npz,True,unreviewed_kept,0,,,,
train,203_2_15_6_jpg.rf.4c76be68714530bb03822af6e6df7681.jpg,203_2_15_6_jpg.rf.4c76be68714530bb03822af6e6df7681.npz,True,unreviewed_kept,0,,,,
train,203_2_16_27_jpg.rf.0e1985e49887b964e19f101941a9e0d1.jpg,203_2_16_27_jpg.rf.0e1985e49887b964e19f101941a9e0d1.npz,True,unreviewed_kept,0,,,,
train,203_2_16_9_jpg.rf.0c933230ae030e1051bcc303b0b628a3.jpg,203_2_16_9_jpg.rf.0c933230ae030e1051bcc303b0b628a3.npz,True,unreviewed_kept,0,,,,
train,203_2_9_18_jpg.rf.f2e70f7e3ee26da8dc4ef97ec16732ac.jpg,203_2_9_18_jpg.rf.f2e70f7e3ee26da8dc4ef97ec16732ac.npz,True,unreviewed_kept,0,,,,
train,203_2_9_4_jpg.rf.99d6b211f3e568ae6ff455c1ff9fdd46.jpg,203_2_9_4_jpg.rf.99d6b211f3e568ae6ff455c1ff9fdd46.npz,True,unreviewed_kept,0,,,,
train,203_2_9_59_jpg.rf.8d698f47365eec7058a137e04c9624af.jpg,203_2_9_59_jpg.rf.8d698f47365eec7058a137e04c9624af.npz,True,reviewed_kept,1,,,,
train,203_3_17_23_jpg.rf.4a669556a2c3b83e517c6e7de85af46b.jpg,203_3_17_23_jpg.rf.4a669556a2c3b83e517c6e7de85af46b.npz,True,unreviewed_kept,0,,,,
train,203_3_21_12_jpg.rf.a87d2b123ab594548c9cb58c8544eaa4.jpg,203_3_21_12_jpg.rf.a87d2b123ab594548c9cb58c8544eaa4.npz,True,unreviewed_kept,0,,,,
train,203_3_23_47_jpg.rf.de5e0f1e57a51d4e8291a15bbb286326.jpg,203_3_23_47_jpg.rf.de5e0f1e57a51d4e8291a15bbb286326.npz,True,unreviewed_kept,0,,,,
train,203_3_2_61_jpg.rf.e76624b7fbea69fc12bf0d433fe63ef5.jpg,203_3_2_61_jpg.rf.e76624b7fbea69fc12bf0d433fe63ef5.npz,True,unreviewed_kept,0,,,,
train,203_3_9_11_jpg.rf.7773f7a43f16daf05619c5901e6d56e7.jpg,203_3_9_11_jpg.rf.7773f7a43f16daf05619c5901e6d56e7.npz,True,unreviewed_kept,0,,,,
train,203_4_14_34_jpg.rf.edac6a57641fb14ec64143c749fd65d7.jpg,203_4_14_34_jpg.rf.edac6a57641fb14ec64143c749fd65d7.npz,True,unreviewed_kept,0,,,,
train,203_4_9_22_jpg.rf.bc294956f6044d564fc8dc3bcafa65e3.jpg,203_4_9_22_jpg.rf.bc294956f6044d564fc8dc3bcafa65e3.npz,True,unreviewed_kept,0,,,,
train,203_5_16_45_jpg.rf.cafa9ce8dd3be52978a8a0be75961fa3.jpg,203_5_16_45_jpg.rf.cafa9ce8dd3be52978a8a0be75961fa3.npz,True,unreviewed_kept,0,,,,
train,203_5_20_19_jpg.rf.4cadface59a614bb948fc7dd8a96ab21.jpg,203_5_20_19_jpg.rf.4cadface59a614bb948fc7dd8a96ab21.npz,True,unreviewed_kept,0,,,,
train,203_6_14_54_jpg.rf.afe7f30d202bef0f62f02e9272b61960.jpg,203_6_14_54_jpg.rf.afe7f30d202bef0f62f02e9272b61960.npz,True,unreviewed_kept,0,,,,
train,203_7_14_25_jpg.rf.1ae5b7dbdc6ab52e5030d8962eb66c58.jpg,203_7_14_25_jpg.rf.1ae5b7dbdc6ab52e5030d8962eb66c58.npz,True,unreviewed_kept,0,,,,
train,203_7_5_41_jpg.rf.6caa6627d17749bb0ea3e8c8b0cc0123.jpg,203_7_5_41_jpg.rf.6caa6627d17749bb0ea3e8c8b0cc0123.npz,True,unreviewed_kept,0,,,,
train,203_8_6_36_jpg.rf.f24220e69377e15f17483952012d3a8d.jpg,203_8_6_36_jpg.rf.f24220e69377e15f17483952012d3a8d.npz,True,unreviewed_kept,0,,,,
train,203_9_14_8_jpg.rf.33687c9b8b71cb4b75cd382f06803fb9.jpg,203_9_14_8_jpg.rf.33687c9b8b71cb4b75cd382f06803fb9.npz,True,unreviewed_kept,0,,,,
train,204_1_11_25_jpg.rf.d4e3017a798d244308c0a1d09324e1b6.jpg,204_1_11_25_jpg.rf.d4e3017a798d244308c0a1d09324e1b6.npz,True,unreviewed_kept,0,,,,
train,204_1_15_56_jpg.rf.82488387ad5058f434024aaea188ae31.jpg,204_1_15_56_jpg.rf.82488387ad5058f434024aaea188ae31.npz,True,unreviewed_kept,0,,,,
train,204_1_19_48_jpg.rf.6b010d522352e2b4acaa2f2021d62136.jpg,204_1_19_48_jpg.rf.6b010d522352e2b4acaa2f2021d62136.npz,True,unreviewed_kept,0,,,,
train,204_1_7_36_jpg.rf.dc449deefa699f238cb2e6d6cfeeef10.jpg,204_1_7_36_jpg.rf.dc449deefa699f238cb2e6d6cfeeef10.npz,True,unreviewed_kept,0,,,,
train,204_2_11_57_jpg.rf.1e09b117f5a6f959e969e4e59b170ae9.jpg,204_2_11_57_jpg.rf.1e09b117f5a6f959e969e4e59b170ae9.npz,True,unreviewed_kept,0,,,,
train,204_2_18_37_jpg.rf.7fa7eee1b9f60d6ea709926e4fcc299f.jpg,204_2_18_37_jpg.rf.7fa7eee1b9f60d6ea709926e4fcc299f.npz,True,unreviewed_kept,0,,,,
train,204_3_17_12_jpg.rf.af7c793635b071c188575ec7aead1126.jpg,204_3_17_12_jpg.rf.af7c793635b071c188575ec7aead1126.npz,True,unreviewed_kept,0,,,,
train,204_3_17_60_jpg.rf.462dfde2e0f3957327c75f31bf215f21.jpg,204_3_17_60_jpg.rf.462dfde2e0f3957327c75f31bf215f21.npz,True,unreviewed_kept,0,,,,
train,204_3_17_7_jpg.rf.49d1d08eb48c01bf026d79af9c7d1bf1.jpg,204_3_17_7_jpg.rf.49d1d08eb48c01bf026d79af9c7d1bf1.npz,True,unreviewed_kept,0,,,,
train,204_3_4_27_jpg.rf.7024f7bda10e8f498a24abb8c1a3fd46.jpg,204_3_4_27_jpg.rf.7024f7bda10e8f498a24abb8c1a3fd46.npz,True,unreviewed_kept,0,,,,
train,204_3_5_23_jpg.rf.56f9361accfc5eac55e32e3235bfa802.jpg,204_3_5_23_jpg.rf.56f9361accfc5eac55e32e3235bfa802.npz,True,unreviewed_kept,0,,,,
train,204_3_6_10_jpg.rf.b852b94635bdb61d559c210f3d51c9dd.jpg,204_3_6_10_jpg.rf.b852b94635bdb61d559c210f3d51c9dd.npz,True,unreviewed_kept,0,,,,
train,204_4_19_26_jpg.rf.30308d91b9843d6bec6d046f111ec435.jpg,204_4_19_26_jpg.rf.30308d91b9843d6bec6d046f111ec435.npz,True,unreviewed_kept,0,,,,
train,204_4_6_41_jpg.rf.da0e954ff1624768c725d0dea75a46c4.jpg,204_4_6_41_jpg.rf.da0e954ff1624768c725d0dea75a46c4.npz,True,unreviewed_kept,0,,,,
train,204_5_6_30_jpg.rf.9701340b0e7c93a7a9765379dbff2936.jpg,204_5_6_30_jpg.rf.9701340b0e7c93a7a9765379dbff2936.npz,True,unreviewed_kept,0,,,,
train,204_5_9_33_jpg.rf.74cc61b70e6f15c890ebda182c52544b.jpg,204_5_9_33_jpg.rf.74cc61b70e6f15c890ebda182c52544b.npz,True,unreviewed_kept,0,,,,
train,204_6_11_30_jpg.rf.e7fda8fadac7e449d351e0de525f7321.jpg,204_6_11_30_jpg.rf.e7fda8fadac7e449d351e0de525f7321.npz,True,unreviewed_kept,0,,,,
train,204_6_15_17_jpg.rf.d304d36a2a8ec6b883457f316279083d.jpg,204_6_15_17_jpg.rf.d304d36a2a8ec6b883457f316279083d.npz,True,unreviewed_kept,0,,,,
train,205_10_5_10_jpg.rf.ef2522d862ac70a892d9811f1ad5eb99.jpg,205_10_5_10_jpg.rf.ef2522d862ac70a892d9811f1ad5eb99.npz,True,unreviewed_kept,0,,,,
train,205_2_16_54_jpg.rf.00c000a2663299807406aaa2236a2df8.jpg,205_2_16_54_jpg.rf.00c000a2663299807406aaa2236a2df8.npz,True,unreviewed_kept,0,,,,
train,205_3_15_45_jpg.rf.70870e0f5dabb4d281a5f2b5de4e031f.jpg,205_3_15_45_jpg.rf.70870e0f5dabb4d281a5f2b5de4e031f.npz,True,unreviewed_kept,0,,,,
train,205_3_9_25_jpg.rf.e44023161215de01d5f42ec603b661f7.jpg,205_3_9_25_jpg.rf.e44023161215de01d5f42ec603b661f7.npz,True,unreviewed_kept,0,,,,
train,205_4_8_9_jpg.rf.6eb70caa6f0c119fbcf39106f74e7913.jpg,205_4_8_9_jpg.rf.6eb70caa6f0c119fbcf39106f74e7913.npz,True,unreviewed_kept,0,,,,
train,205_5_10_62_jpg.rf.a82096f3e9e4fb3a3a62788590a1010e.jpg,205_5_10_62_jpg.rf.a82096f3e9e4fb3a3a62788590a1010e.npz,True,unreviewed_kept,0,,,,
train,205_5_9_57_jpg.rf.a4aaefdb5a74c5693adf95f27350eb7a.jpg,205_5_9_57_jpg.rf.a4aaefdb5a74c5693adf95f27350eb7a.npz,True,unreviewed_kept,0,,,,
train,205_6_10_25_jpg.rf.7ad5894e088229e82a750707f62bddd5.jpg,205_6_10_25_jpg.rf.7ad5894e088229e82a750707f62bddd5.npz,True,reviewed_kept,1,,,,
train,205_6_7_10_jpg.rf.b07763b142a068ed75e4c3444e07f6e0.jpg,205_6_7_10_jpg.rf.b07763b142a068ed75e4c3444e07f6e0.npz,True,unreviewed_kept,0,,,,
train,205_7_12_56_jpg.rf.fe969bf829e13a8605f91575b231276c.jpg,205_7_12_56_jpg.rf.fe969bf829e13a8605f91575b231276c.npz,True,unreviewed_kept,0,,,,
train,205_7_13_36_jpg.rf.158bd23b52d308229c582d145ca77446.jpg,205_7_13_36_jpg.rf.158bd23b52d308229c582d145ca77446.npz,True,unreviewed_kept,0,,,,
train,205_7_13_37_jpg.rf.683b2e7a259460e94ea792d100549ad8.jpg,205_7_13_37_jpg.rf.683b2e7a259460e94ea792d100549ad8.npz,True,unreviewed_kept,0,,,,
train,205_7_13_39_jpg.rf.5bab561cd19906b38abad14aeff103b2.jpg,205_7_13_39_jpg.rf.5bab561cd19906b38abad14aeff103b2.npz,True,unreviewed_kept,0,,,,
train,205_7_16_3_jpg.rf.be3b79dc1e931e238eba88f91415ba82.jpg,205_7_16_3_jpg.rf.be3b79dc1e931e238eba88f91415ba82.npz,True,unreviewed_kept,0,,,,
train,205_7_4_21_jpg.rf.bca53f29f99ebe011ba66fd7130efbe3.jpg,205_7_4_21_jpg.rf.bca53f29f99ebe011ba66fd7130efbe3.npz,True,unreviewed_kept,0,,,,
train,205_7_7_1_jpg.rf.03e68d5833708fe59f43c0ddd72b9391.jpg,205_7_7_1_jpg.rf.03e68d5833708fe59f43c0ddd72b9391.npz,True,unreviewed_kept,0,,,,
train,205_8_10_23_jpg.rf.969cdf254defa4b2ec18ebc655b8e87c.jpg,205_8_10_23_jpg.rf.969cdf254defa4b2ec18ebc655b8e87c.npz,True,unreviewed_kept,0,,,,
train,205_8_10_41_jpg.rf.603351c67ea59f8669f3f452d1c4452f.jpg,205_8_10_41_jpg.rf.603351c67ea59f8669f3f452d1c4452f.npz,True,unreviewed_kept,0,,,,
train,205_8_11_17_jpg.rf.71aa85958e10c53533d1ef0912ed986a.jpg,205_8_11_17_jpg.rf.71aa85958e10c53533d1ef0912ed986a.npz,True,unreviewed_kept,0,,,,
train,205_8_11_7_jpg.rf.2a5116fa61e933e3ad967fc4618b498e.jpg,205_8_11_7_jpg.rf.2a5116fa61e933e3ad967fc4618b498e.npz,True,unreviewed_kept,0,,,,
train,205_8_3_39_jpg.rf.1f3f6fd44e232c7a221cd2246eed3ae7.jpg,205_8_3_39_jpg.rf.1f3f6fd44e232c7a221cd2246eed3ae7.npz,True,unreviewed_kept,0,,,,
train,205_8_9_48_jpg.rf.6ff42903d9dc73fd1a69b7188342da24.jpg,205_8_9_48_jpg.rf.6ff42903d9dc73fd1a69b7188342da24.npz,True,unreviewed_kept,0,,,,
train,206_11_17_29_jpg.rf.a62a1f28e486a33d333da29bc5170184.jpg,206_11_17_29_jpg.rf.a62a1f28e486a33d333da29bc5170184.npz,True,unreviewed_kept,0,,,,
train,206_12_15_3_jpg.rf.4d31938ffb610a613b52cd8b5cba8282.jpg,206_12_15_3_jpg.rf.4d31938ffb610a613b52cd8b5cba8282.npz,True,unreviewed_kept,0,,,,
train,206_12_16_9_jpg.rf.a169beed08d90a5293350cbc6ed67baa.jpg,206_12_16_9_jpg.rf.a169beed08d90a5293350cbc6ed67baa.npz,True,unreviewed_kept,0,,,,
train,206_1_15_38_jpg.rf.ba6bedb3b706c9f5312b372f263fb04e.jpg,206_1_15_38_jpg.rf.ba6bedb3b706c9f5312b372f263fb04e.npz,True,unreviewed_kept,0,,,,
train,206_2_12_12_jpg.rf.17e94466f5ba913df1e6bb9d64a0ac9f.jpg,206_2_12_12_jpg.rf.17e94466f5ba913df1e6bb9d64a0ac9f.npz,True,unreviewed_kept,0,,,,
train,206_2_13_60_jpg.rf.4ac140f0462e8e69e824c09963370206.jpg,206_2_13_60_jpg.rf.4ac140f0462e8e69e824c09963370206.npz,True,unreviewed_kept,0,,,,
train,206_2_13_8_jpg.rf.bc6691220c03f6957e1b72e2f0e85885.jpg,206_2_13_8_jpg.rf.bc6691220c03f6957e1b72e2f0e85885.npz,True,unreviewed_kept,0,,,,
train,206_2_18_35_jpg.rf.096ff7aae7789a5d6096513fde088099.jpg,206_2_18_35_jpg.rf.096ff7aae7789a5d6096513fde088099.npz,True,unreviewed_kept,0,,,,
train,206_2_18_50_jpg.rf.dce0e55508e5cb538eeb8864a431e279.jpg,206_2_18_50_jpg.rf.dce0e55508e5cb538eeb8864a431e279.npz,True,unreviewed_kept,0,,,,
train,206_2_18_58_jpg.rf.d9802b7438fcdc474dc1e81898e6c12e.jpg,206_2_18_58_jpg.rf.d9802b7438fcdc474dc1e81898e6c12e.npz,True,unreviewed_kept,0,,,,
train,206_2_19_50_jpg.rf.6298435113cffb7502068f65ce490311.jpg,206_2_19_50_jpg.rf.6298435113cffb7502068f65ce490311.npz,True,unreviewed_kept,0,,,,
train,206_2_20_17_jpg.rf.e5702d001c3f2859f2c6bdb756058fce.jpg,206_2_20_17_jpg.rf.e5702d001c3f2859f2c6bdb756058fce.npz,True,unreviewed_kept,0,,,,
train,206_2_9_30_jpg.rf.564da131cd743cdc965d91a91561437c.jpg,206_2_9_30_jpg.rf.564da131cd743cdc965d91a91561437c.npz,True,unreviewed_kept,0,,,,
train,206_2_9_48_jpg.rf.e6faff9fabc6d09d11ec0b09165b8d10.jpg,206_2_9_48_jpg.rf.e6faff9fabc6d09d11ec0b09165b8d10.npz,True,unreviewed_kept,0,,,,
train,206_2_9_53_jpg.rf.93b2f12731db0ba5756324fc70a36777.jpg,206_2_9_53_jpg.rf.93b2f12731db0ba5756324fc70a36777.npz,True,unreviewed_kept,0,,,,
train,206_3_10_4_jpg.rf.605e6ff76c3841ee7f34bf6990631f1c.jpg,206_3_10_4_jpg.rf.605e6ff76c3841ee7f34bf6990631f1c.npz,True,unreviewed_kept,0,,,,
train,206_3_15_15_jpg.rf.dbc97aee80acaa6eb31357114d9633cd.jpg,206_3_15_15_jpg.rf.dbc97aee80acaa6eb31357114d9633cd.npz,True,unreviewed_kept,0,,,,
train,206_3_17_24_jpg.rf.91efd152b704f6a2c232203496366b21.jpg,206_3_17_24_jpg.rf.91efd152b704f6a2c232203496366b21.npz,True,unreviewed_kept,0,,,,
train,206_3_17_32_jpg.rf.5a30bdafc0c30c40e7da20f6781cde85.jpg,206_3_17_32_jpg.rf.5a30bdafc0c30c40e7da20f6781cde85.npz,True,unreviewed_kept,0,,,,
train,206_3_21_50_jpg.rf.128f9fb4e23aa8578d7b4d338d02aaf2.jpg,206_3_21_50_jpg.rf.128f9fb4e23aa8578d7b4d338d02aaf2.npz,True,unreviewed_kept,0,,,,
train,206_3_6_40_jpg.rf.0afe4d9a97d7e0c76448d34ee7ed0760.jpg,206_3_6_40_jpg.rf.0afe4d9a97d7e0c76448d34ee7ed0760.npz,True,unreviewed_kept,0,,,,
train,206_3_7_44_jpg.rf.540549a20ff58391983111b6e69d27c1.jpg,206_3_7_44_jpg.rf.540549a20ff58391983111b6e69d27c1.npz,True,unreviewed_kept,0,,,,
train,206_3_9_23_jpg.rf.f9ad312dbcc66d9be1e509bb9889dc10.jpg,206_3_9_23_jpg.rf.f9ad312dbcc66d9be1e509bb9889dc10.npz,True,unreviewed_kept,0,,,,
train,206_4_12_28_jpg.rf.d03c81e4d965c5e7aadf7b9d29f2aa99.jpg,206_4_12_28_jpg.rf.d03c81e4d965c5e7aadf7b9d29f2aa99.npz,True,unreviewed_kept,0,,,,
train,206_4_16_20_jpg.rf.ba1e95e8d5fa2c6ab88dad9eaf4d07e1.jpg,206_4_16_20_jpg.rf.ba1e95e8d5fa2c6ab88dad9eaf4d07e1.npz,True,unreviewed_kept,0,,,,
train,206_4_8_18_jpg.rf.53d9a262bf29506ad9e64f2470a13385.jpg,206_4_8_18_jpg.rf.53d9a262bf29506ad9e64f2470a13385.npz,True,unreviewed_kept,0,,,,
train,206_4_8_39_jpg.rf.5d09723456f56edf7a485d024628a33b.jpg,206_4_8_39_jpg.rf.5d09723456f56edf7a485d024628a33b.npz,True,unreviewed_kept,0,,,,
train,206_5_15_59_jpg.rf.3837ffe8a4298cdb231ddbcefc3c401a.jpg,206_5_15_59_jpg.rf.3837ffe8a4298cdb231ddbcefc3c401a.npz,True,unreviewed_kept,0,,,,
train,206_5_7_7_jpg.rf.60c515497bdb8dd197c2d32681f84a2b.jpg,206_5_7_7_jpg.rf.60c515497bdb8dd197c2d32681f84a2b.npz,True,unreviewed_kept,0,,,,
train,206_6_10_62_jpg.rf.2b9572b77751d829ad6f400c00530efe.jpg,206_6_10_62_jpg.rf.2b9572b77751d829ad6f400c00530efe.npz,True,unreviewed_kept,0,,,,
train,206_6_11_62_jpg.rf.ed8a84a76798082aba094431ae733f2f.jpg,206_6_11_62_jpg.rf.ed8a84a76798082aba094431ae733f2f.npz,True,unreviewed_kept,0,,,,
train,206_6_12_18_jpg.rf.9c591365881fb401bc4c2a6e7010f1f2.jpg,206_6_12_18_jpg.rf.9c591365881fb401bc4c2a6e7010f1f2.npz,True,unreviewed_kept,0,,,,
train,206_6_12_30_jpg.rf.b2d29698d59c3f9d855008ba19317f51.jpg,206_6_12_30_jpg.rf.b2d29698d59c3f9d855008ba19317f51.npz,True,unreviewed_kept,0,,,,
train,206_6_16_10_jpg.rf.b20b294449c8056c529c72411bf23dc3.jpg,206_6_16_10_jpg.rf.b20b294449c8056c529c72411bf23dc3.npz,True,unreviewed_kept,0,,,,
train,206_6_5_55_jpg.rf.a11d2a319caa8dfc0b13c69494c18ece.jpg,206_6_5_55_jpg.rf.a11d2a319caa8dfc0b13c69494c18ece.npz,True,unreviewed_kept,0,,,,
train,206_6_5_64_jpg.rf.8f87d4b8bf3dfd58fd01ba4cc9222aaa.jpg,206_6_5_64_jpg.rf.8f87d4b8bf3dfd58fd01ba4cc9222aaa.npz,True,unreviewed_kept,0,,,,
train,206_6_9_30_jpg.rf.fdd8707f4852b2e746b41ced67d70a53.jpg,206_6_9_30_jpg.rf.fdd8707f4852b2e746b41ced67d70a53.npz,True,unreviewed_kept,0,,,,
train,206_7_16_37_jpg.rf.d0853df511c5a87bb06b0e80f915c63f.jpg,206_7_16_37_jpg.rf.d0853df511c5a87bb06b0e80f915c63f.npz,True,unreviewed_kept,0,,,,
train,206_7_7_8_jpg.rf.61bd961226d79169f5b6f127a3d3b2cc.jpg,206_7_7_8_jpg.rf.61bd961226d79169f5b6f127a3d3b2cc.npz,True,unreviewed_kept,0,,,,
train,206_8_10_2_jpg.rf.e73dcfbbb175c1990d7d6e6bc6b91b12.jpg,206_8_10_2_jpg.rf.e73dcfbbb175c1990d7d6e6bc6b91b12.npz,True,unreviewed_kept,0,,,,
train,206_8_10_43_jpg.rf.48cad17018b3b173b8af16df52c0537b.jpg,206_8_10_43_jpg.rf.48cad17018b3b173b8af16df52c0537b.npz,True,unreviewed_kept,0,,,,
train,206_8_10_47_jpg.rf.48296d328543920be87cceaa89c4c4f4.jpg,206_8_10_47_jpg.rf.48296d328543920be87cceaa89c4c4f4.npz,True,unreviewed_kept,0,,,,
train,206_8_10_61_jpg.rf.123d29f2f4f22440e26fa9818bcd6291.jpg,206_8_10_61_jpg.rf.123d29f2f4f22440e26fa9818bcd6291.npz,True,unreviewed_kept,0,,,,
train,206_8_12_27_jpg.rf.45fa151c68469b2bca9931ba496f5922.jpg,206_8_12_27_jpg.rf.45fa151c68469b2bca9931ba496f5922.npz,True,unreviewed_kept,0,,,,
train,206_8_17_1_jpg.rf.691d791be6cdadbb1e9f2e94f6aa5383.jpg,206_8_17_1_jpg.rf.691d791be6cdadbb1e9f2e94f6aa5383.npz,True,unreviewed_kept,0,,,,
train,206_8_6_23_jpg.rf.b64f1dd1284b89d6d1df0653f2123199.jpg,206_8_6_23_jpg.rf.b64f1dd1284b89d6d1df0653f2123199.npz,True,unreviewed_kept,0,,,,
train,206_8_7_12_jpg.rf.0b51d04b4fcdd64c27921159c07cfb6a.jpg,206_8_7_12_jpg.rf.0b51d04b4fcdd64c27921159c07cfb6a.npz,True,unreviewed_kept,0,,,,
train,206_8_7_18_jpg.rf.03ebe981ba5b5fe4c9c6d67b5f8ec930.jpg,206_8_7_18_jpg.rf.03ebe981ba5b5fe4c9c6d67b5f8ec930.npz,True,unreviewed_kept,0,,,,
train,206_8_8_3_jpg.rf.89b3c41c08c5d41b88f575814862e110.jpg,206_8_8_3_jpg.rf.89b3c41c08c5d41b88f575814862e110.npz,True,unreviewed_kept,0,,,,
train,207_0_16_59_jpg.rf.d17cbde3891985329381a3154c4bce77.jpg,207_0_16_59_jpg.rf.d17cbde3891985329381a3154c4bce77.npz,True,unreviewed_kept,0,,,,
train,207_0_16_64_jpg.rf.1ee97851c301d3e96010308c931a2729.jpg,207_0_16_64_jpg.rf.1ee97851c301d3e96010308c931a2729.npz,True,unreviewed_kept,0,,,,
train,207_0_6_28_jpg.rf.910965a826d682da1ab4a62d47182416.jpg,207_0_6_28_jpg.rf.910965a826d682da1ab4a62d47182416.npz,True,unreviewed_kept,0,,,,
train,207_1_10_28_jpg.rf.39ce5d608468fb9b56f727dc52780ebd.jpg,207_1_10_28_jpg.rf.39ce5d608468fb9b56f727dc52780ebd.npz,True,unreviewed_kept,0,,,,
train,207_1_11_2_jpg.rf.c058fd0e57d4c84285f02db6fb12c000.jpg,207_1_11_2_jpg.rf.c058fd0e57d4c84285f02db6fb12c000.npz,True,unreviewed_kept,0,,,,
train,207_1_12_12_jpg.rf.383c16066bda4f5ee1605652265dfc7f.jpg,207_1_12_12_jpg.rf.383c16066bda4f5ee1605652265dfc7f.npz,True,unreviewed_kept,0,,,,
train,207_1_15_14_jpg.rf.b50aac9259d5456f136eab7d395d10d1.jpg,207_1_15_14_jpg.rf.b50aac9259d5456f136eab7d395d10d1.npz,True,unreviewed_kept,0,,,,
train,207_1_16_62_jpg.rf.432e8c8c03180f5684c29229e89bf658.jpg,207_1_16_62_jpg.rf.432e8c8c03180f5684c29229e89bf658.npz,True,unreviewed_kept,0,,,,
train,207_1_4_64_jpg.rf.c490e15ee34d2d4b45bd7d643ba0c93c.jpg,207_1_4_64_jpg.rf.c490e15ee34d2d4b45bd7d643ba0c93c.npz,True,unreviewed_kept,0,,,,
train,207_1_8_48_jpg.rf.8c0e6def8483f907142c4b2fbd138fb3.jpg,207_1_8_48_jpg.rf.8c0e6def8483f907142c4b2fbd138fb3.npz,True,unreviewed_kept,0,,,,
train,207_2_11_40_jpg.rf.cc3d8b6ad4be2b563d68212196eccddc.jpg,207_2_11_40_jpg.rf.cc3d8b6ad4be2b563d68212196eccddc.npz,True,unreviewed_kept,0,,,,
train,207_2_13_45_jpg.rf.2e0bf505d218b139d300d9fe5fac63a3.jpg,207_2_13_45_jpg.rf.2e0bf505d218b139d300d9fe5fac63a3.npz,True,unreviewed_kept,0,,,,
train,207_2_13_58_jpg.rf.5fe9dd79a56d6419a5ab559a5a98623e.jpg,207_2_13_58_jpg.rf.5fe9dd79a56d6419a5ab559a5a98623e.npz,True,unreviewed_kept,0,,,,
train,207_2_21_62_jpg.rf.84a9650cd4b1e47ce6a2ad2963d08960.jpg,207_2_21_62_jpg.rf.84a9650cd4b1e47ce6a2ad2963d08960.npz,True,unreviewed_kept,0,,,,
train,207_2_25_53_jpg.rf.66893413190597f5b749c90cdd75e7a7.jpg,207_2_25_53_jpg.rf.66893413190597f5b749c90cdd75e7a7.npz,True,unreviewed_kept,0,,,,
train,207_2_25_60_jpg.rf.f35cedee1c49aed71186994cbae98fd3.jpg,207_2_25_60_jpg.rf.f35cedee1c49aed71186994cbae98fd3.npz,True,unreviewed_kept,0,,,,
train,207_2_4_40_jpg.rf.0aa6d026233d7bdd44aa85a387b5aa12.jpg,207_2_4_40_jpg.rf.0aa6d026233d7bdd44aa85a387b5aa12.npz,True,unreviewed_kept,0,,,,
train,207_2_8_15_jpg.rf.24eb0e73f9cbd77fd648868b3bfafcb0.jpg,207_2_8_15_jpg.rf.24eb0e73f9cbd77fd648868b3bfafcb0.npz,True,unreviewed_kept,0,,,,
train,207_3_14_2_jpg.rf.6356362a1718f104f46bed8fa6783b81.jpg,207_3_14_2_jpg.rf.6356362a1718f104f46bed8fa6783b81.npz,True,unreviewed_kept,0,,,,
train,207_3_15_1_jpg.rf.343c1f2c9540c6b7112f394df3c8100f.jpg,207_3_15_1_jpg.rf.343c1f2c9540c6b7112f394df3c8100f.npz,True,unreviewed_kept,0,,,,
train,207_3_15_36_jpg.rf.d020918f590c6d41ddef62ec4acf77e8.jpg,207_3_15_36_jpg.rf.d020918f590c6d41ddef62ec4acf77e8.npz,True,unreviewed_kept,0,,,,
train,207_3_20_63_jpg.rf.afb09763f7eb94f5b1d9981f7d0d5d7a.jpg,207_3_20_63_jpg.rf.afb09763f7eb94f5b1d9981f7d0d5d7a.npz,True,unreviewed_kept,0,,,,
train,207_3_22_41_jpg.rf.76e6e6ca1c68a32581de8d7cedcbe2f7.jpg,207_3_22_41_jpg.rf.76e6e6ca1c68a32581de8d7cedcbe2f7.npz,True,unreviewed_kept,0,,,,
train,207_3_23_9_jpg.rf.682ed262401fbb6bfa932cf09214491d.jpg,207_3_23_9_jpg.rf.682ed262401fbb6bfa932cf09214491d.npz,True,unreviewed_kept,0,,,,
train,207_3_26_50_jpg.rf.d8c6b5b950416b99b5e5f99cb4e64760.jpg,207_3_26_50_jpg.rf.d8c6b5b950416b99b5e5f99cb4e64760.npz,True,unreviewed_kept,0,,,,
train,207_3_7_8_jpg.rf.86336b37ff4717e083ed0d549342a5ec.jpg,207_3_7_8_jpg.rf.86336b37ff4717e083ed0d549342a5ec.npz,True,unreviewed_kept,0,,,,
train,207_4_11_15_jpg.rf.8ee4cddfdf9cff256672d0023b209cd1.jpg,207_4_11_15_jpg.rf.8ee4cddfdf9cff256672d0023b209cd1.npz,True,unreviewed_kept,0,,,,
train,207_4_13_36_jpg.rf.38794db87e349d6cf94aeead7d644c7c.jpg,207_4_13_36_jpg.rf.38794db87e349d6cf94aeead7d644c7c.npz,True,unreviewed_kept,0,,,,
train,207_4_21_29_jpg.rf.a8cf4a6884c74d2cd7d794b8ac402b12.jpg,207_4_21_29_jpg.rf.a8cf4a6884c74d2cd7d794b8ac402b12.npz,True,unreviewed_kept,0,,,,
train,207_4_25_1_jpg.rf.45ef3326e1ea775e6652a4db2408ccee.jpg,207_4_25_1_jpg.rf.45ef3326e1ea775e6652a4db2408ccee.npz,True,unreviewed_kept,0,,,,
train,207_4_5_42_jpg.rf.3b53262dbfd51d69f1041c3dadf019a2.jpg,207_4_5_42_jpg.rf.3b53262dbfd51d69f1041c3dadf019a2.npz,True,unreviewed_kept,0,,,,
train,207_4_5_8_jpg.rf.b42da531eba3ee8c6d6a6f3b3ba29bfa.jpg,207_4_5_8_jpg.rf.b42da531eba3ee8c6d6a6f3b3ba29bfa.npz,True,unreviewed_kept,0,,,,
train,207_4_6_50_jpg.rf.88904ba297f849ae84df95900d5f3384.jpg,207_4_6_50_jpg.rf.88904ba297f849ae84df95900d5f3384.npz,True,reviewed_kept,1,,,,
train,207_4_8_29_jpg.rf.45512504a37a55dd3f5e42eae6d61c9f.jpg,207_4_8_29_jpg.rf.45512504a37a55dd3f5e42eae6d61c9f.npz,True,unreviewed_kept,0,,,,
train,207_5_14_48_jpg.rf.813792d2ba674d7ebe092f3307184acb.jpg,207_5_14_48_jpg.rf.813792d2ba674d7ebe092f3307184acb.npz,True,unreviewed_kept,0,,,,
train,207_5_15_20_jpg.rf.ce345d96a1b29d65514309edabb09dd0.jpg,207_5_15_20_jpg.rf.ce345d96a1b29d65514309edabb09dd0.npz,True,unreviewed_kept,0,,,,
train,207_5_21_16_jpg.rf.338ebe5d1a336c13344517aeac0c011d.jpg,207_5_21_16_jpg.rf.338ebe5d1a336c13344517aeac0c011d.npz,True,unreviewed_kept,0,,,,
train,207_5_21_7_jpg.rf.e3bee9b5fb35bc4ad9bc0d4661d511d5.jpg,207_5_21_7_jpg.rf.e3bee9b5fb35bc4ad9bc0d4661d511d5.npz,True,unreviewed_kept,0,,,,
train,207_5_3_7_jpg.rf.8b0acdcfa25fe534fbad01f64fbfc387.jpg,207_5_3_7_jpg.rf.8b0acdcfa25fe534fbad01f64fbfc387.npz,True,unreviewed_kept,0,,,,
train,207_5_6_58_jpg.rf.1db71adf5717e0df4c6e5385954027e5.jpg,207_5_6_58_jpg.rf.1db71adf5717e0df4c6e5385954027e5.npz,True,unreviewed_kept,0,,,,
train,207_5_6_9_jpg.rf.2e6c544165ee2f9aba75cc62031a764c.jpg,207_5_6_9_jpg.rf.2e6c544165ee2f9aba75cc62031a764c.npz,True,unreviewed_kept,0,,,,
train,207_5_9_36_jpg.rf.7054cca6210b356953f03f52c1c9b726.jpg,207_5_9_36_jpg.rf.7054cca6210b356953f03f52c1c9b726.npz,True,unreviewed_kept,0,,,,
train,207_5_9_59_jpg.rf.41532a6ddb680db073849310ed5926e3.jpg,207_5_9_59_jpg.rf.41532a6ddb680db073849310ed5926e3.npz,True,unreviewed_kept,0,,,,
train,207_6_11_14_jpg.rf.90b9cc0ae79a661952573fcd05425316.jpg,207_6_11_14_jpg.rf.90b9cc0ae79a661952573fcd05425316.npz,True,unreviewed_kept,0,,,,
train,207_6_12_7_jpg.rf.5c786c7843192ceac767bb7a135ea227.jpg,207_6_12_7_jpg.rf.5c786c7843192ceac767bb7a135ea227.npz,True,unreviewed_kept,0,,,,
train,207_6_13_53_jpg.rf.9164c8ee8c4c6ee181f4794930a5cec7.jpg,207_6_13_53_jpg.rf.9164c8ee8c4c6ee181f4794930a5cec7.npz,True,unreviewed_kept,0,,,,
train,207_6_13_8_jpg.rf.4cef4595b3370df38ceb2de44bbfa260.jpg,207_6_13_8_jpg.rf.4cef4595b3370df38ceb2de44bbfa260.npz,True,unreviewed_kept,0,,,,
train,207_6_14_28_jpg.rf.0643bd7e1a4c10c8bd17c209fbaa3c5e.jpg,207_6_14_28_jpg.rf.0643bd7e1a4c10c8bd17c209fbaa3c5e.npz,True,unreviewed_kept,0,,,,
train,207_6_21_41_jpg.rf.1eeb3b52349e41fe69116a6753df5b11.jpg,207_6_21_41_jpg.rf.1eeb3b52349e41fe69116a6753df5b11.npz,True,unreviewed_kept,0,,,,
train,207_6_5_63_jpg.rf.716ee03abf90f096c9fbdfbd2ff1ea67.jpg,207_6_5_63_jpg.rf.716ee03abf90f096c9fbdfbd2ff1ea67.npz,True,unreviewed_kept,0,,,,
train,207_6_6_23_jpg.rf.d535bcb98dbe7d27be42f39415036b0c.jpg,207_6_6_23_jpg.rf.d535bcb98dbe7d27be42f39415036b0c.npz,True,unreviewed_kept,0,,,,
train,207_6_7_17_jpg.rf.501566fb25a23bff2f54d68445490473.jpg,207_6_7_17_jpg.rf.501566fb25a23bff2f54d68445490473.npz,True,unreviewed_kept,0,,,,
train,207_6_9_51_jpg.rf.13d38904efaf53bafe21adb4328fb65f.jpg,207_6_9_51_jpg.rf.13d38904efaf53bafe21adb4328fb65f.npz,True,unreviewed_kept,0,,,,
train,207_7_13_50_jpg.rf.a755194f0a89f8a18b066097ac2ee500.jpg,207_7_13_50_jpg.rf.a755194f0a89f8a18b066097ac2ee500.npz,True,unreviewed_kept,0,,,,
train,207_7_13_8_jpg.rf.49c48d828f9643c8f4a13fa820d95b99.jpg,207_7_13_8_jpg.rf.49c48d828f9643c8f4a13fa820d95b99.npz,True,unreviewed_kept,0,,,,
train,207_7_15_22_jpg.rf.8dd1f17b50de1a9e9dd677b9a951ae7a.jpg,207_7_15_22_jpg.rf.8dd1f17b50de1a9e9dd677b9a951ae7a.npz,True,unreviewed_kept,0,,,,
train,207_7_15_61_jpg.rf.0333157f40755326b0ed433478f04a36.jpg,207_7_15_61_jpg.rf.0333157f40755326b0ed433478f04a36.npz,True,unreviewed_kept,0,,,,
train,207_7_16_44_jpg.rf.feb665cd377704291d9fd19a4a845779.jpg,207_7_16_44_jpg.rf.feb665cd377704291d9fd19a4a845779.npz,True,unreviewed_kept,0,,,,
train,207_7_16_61_jpg.rf.96d3dd541c820f981d5c57fd453397bd.jpg,207_7_16_61_jpg.rf.96d3dd541c820f981d5c57fd453397bd.npz,True,unreviewed_kept,0,,,,
train,207_7_17_33_jpg.rf.ddd7b667e2787769e43547eb18984608.jpg,207_7_17_33_jpg.rf.ddd7b667e2787769e43547eb18984608.npz,True,unreviewed_kept,0,,,,
train,207_7_18_11_jpg.rf.fedc0dc59d97a4d126ec9506a39d4189.jpg,207_7_18_11_jpg.rf.fedc0dc59d97a4d126ec9506a39d4189.npz,True,unreviewed_kept,0,,,,
train,207_7_18_32_jpg.rf.160eff410b01360d682e5cb5d5997d77.jpg,207_7_18_32_jpg.rf.160eff410b01360d682e5cb5d5997d77.npz,True,unreviewed_kept,0,,,,
train,207_7_19_61_jpg.rf.f65c2747f460864c0f6e8282ccbab0e7.jpg,207_7_19_61_jpg.rf.f65c2747f460864c0f6e8282ccbab0e7.npz,True,unreviewed_kept,0,,,,
train,207_7_19_64_jpg.rf.2c4288a452c1202b1db0409ceefab2de.jpg,207_7_19_64_jpg.rf.2c4288a452c1202b1db0409ceefab2de.npz,True,unreviewed_kept,0,,,,
train,207_7_22_7_jpg.rf.52042a1e2d9750aedeb24e7496667fa3.jpg,207_7_22_7_jpg.rf.52042a1e2d9750aedeb24e7496667fa3.npz,True,unreviewed_kept,0,,,,
train,207_7_8_58_jpg.rf.29404cb3c4f003a6f840033fbe630b69.jpg,207_7_8_58_jpg.rf.29404cb3c4f003a6f840033fbe630b69.npz,True,reviewed_kept,1,,,,
train,207_8_12_31_jpg.rf.cad38249ccfccb97b81bd0755472f66b.jpg,207_8_12_31_jpg.rf.cad38249ccfccb97b81bd0755472f66b.npz,True,unreviewed_kept,0,,,,
train,207_8_14_42_jpg.rf.0585db5e2577730e04c381901f1dd62a.jpg,207_8_14_42_jpg.rf.0585db5e2577730e04c381901f1dd62a.npz,True,unreviewed_kept,0,,,,
train,207_8_17_56_jpg.rf.66ebfe148839e11d6993b059c4d0349d.jpg,207_8_17_56_jpg.rf.66ebfe148839e11d6993b059c4d0349d.npz,True,unreviewed_kept,0,,,,
train,207_8_9_37_jpg.rf.c3650fa2be512d603707c2b17bcfe982.jpg,207_8_9_37_jpg.rf.c3650fa2be512d603707c2b17bcfe982.npz,True,unreviewed_kept,0,,,,
train,207_9_11_4_jpg.rf.4f8d6eb041dcccd0fa0f910002421ddc.jpg,207_9_11_4_jpg.rf.4f8d6eb041dcccd0fa0f910002421ddc.npz,True,unreviewed_kept,0,,,,
train,207_9_12_25_jpg.rf.8abf6d9395c4840634999575b0a1d00b.jpg,207_9_12_25_jpg.rf.8abf6d9395c4840634999575b0a1d00b.npz,True,unreviewed_kept,0,,,,
train,208_1_10_58_jpg.rf.ecc29e81a3a91764bc721146887449f0.jpg,208_1_10_58_jpg.rf.ecc29e81a3a91764bc721146887449f0.npz,True,unreviewed_kept,0,,,,
train,208_1_11_3_jpg.rf.f64f94bf8f832a5f454bf73ddef98b9f.jpg,208_1_11_3_jpg.rf.f64f94bf8f832a5f454bf73ddef98b9f.npz,True,unreviewed_kept,0,,,,
train,208_1_12_2_jpg.rf.a69c32b196674db55a6398933b3870bf.jpg,208_1_12_2_jpg.rf.a69c32b196674db55a6398933b3870bf.npz,True,unreviewed_kept,0,,,,
train,208_1_16_57_jpg.rf.d46c1d51ad1097999d17395264dfdb3c.jpg,208_1_16_57_jpg.rf.d46c1d51ad1097999d17395264dfdb3c.npz,True,unreviewed_kept,0,,,,
train,208_1_17_47_jpg.rf.e66bb5e8165390e5720dbdaf273a7994.jpg,208_1_17_47_jpg.rf.e66bb5e8165390e5720dbdaf273a7994.npz,True,unreviewed_kept,0,,,,
train,208_1_17_9_jpg.rf.766330ddc31f0353c0413f059f487aed.jpg,208_1_17_9_jpg.rf.766330ddc31f0353c0413f059f487aed.npz,True,unreviewed_kept,0,,,,
train,208_1_8_20_jpg.rf.bac65e2bd6e13578c5c91299f17815f6.jpg,208_1_8_20_jpg.rf.bac65e2bd6e13578c5c91299f17815f6.npz,True,unreviewed_kept,0,,,,
train,208_1_9_45_jpg.rf.dee9e697bcd7c783fd10341ab5f41952.jpg,208_1_9_45_jpg.rf.dee9e697bcd7c783fd10341ab5f41952.npz,True,unreviewed_kept,0,,,,
train,208_2_10_57_jpg.rf.de4ca7f607a75dae2145ac92215a1fe4.jpg,208_2_10_57_jpg.rf.de4ca7f607a75dae2145ac92215a1fe4.npz,True,unreviewed_kept,0,,,,
train,208_2_12_19_jpg.rf.0264f80ca19886c25982db90c4fbf3a0.jpg,208_2_12_19_jpg.rf.0264f80ca19886c25982db90c4fbf3a0.npz,True,unreviewed_kept,0,,,,
train,208_2_12_43_jpg.rf.28bd2aa8433013881321eb3f618f7fb0.jpg,208_2_12_43_jpg.rf.28bd2aa8433013881321eb3f618f7fb0.npz,True,unreviewed_kept,0,,,,
train,208_2_14_40_jpg.rf.7b8da64d9aae7a1f246193b4a11c2c8c.jpg,208_2_14_40_jpg.rf.7b8da64d9aae7a1f246193b4a11c2c8c.npz,True,unreviewed_kept,0,,,,
train,208_2_15_37_jpg.rf.aa4e4599d7929d38ef63dfa2da13d9bc.jpg,208_2_15_37_jpg.rf.aa4e4599d7929d38ef63dfa2da13d9bc.npz,True,unreviewed_kept,0,,,,
train,208_2_15_3_jpg.rf.9992df178a3cc15dbb5e288a7f88c646.jpg,208_2_15_3_jpg.rf.9992df178a3cc15dbb5e288a7f88c646.npz,True,unreviewed_kept,0,,,,
train,208_2_16_22_jpg.rf.2f0e0b4e7a44dacd3008fdf3a034108d.jpg,208_2_16_22_jpg.rf.2f0e0b4e7a44dacd3008fdf3a034108d.npz,True,unreviewed_kept,0,,,,
train,208_2_17_47_jpg.rf.344e08723828ab59337ae79eaf641e21.jpg,208_2_17_47_jpg.rf.344e08723828ab59337ae79eaf641e21.npz,True,unreviewed_kept,0,,,,
train,208_2_18_27_jpg.rf.60e44cc2f8575dd4bf3f1c650ab0b268.jpg,208_2_18_27_jpg.rf.60e44cc2f8575dd4bf3f1c650ab0b268.npz,True,unreviewed_kept,0,,,,
train,208_2_5_32_jpg.rf.079c01016704b5d154db60be647e25c6.jpg,208_2_5_32_jpg.rf.079c01016704b5d154db60be647e25c6.npz,True,unreviewed_kept,0,,,,
train,208_2_6_49_jpg.rf.7d175b20447fbb5378457d3f735d36c1.jpg,208_2_6_49_jpg.rf.7d175b20447fbb5378457d3f735d36c1.npz,True,unreviewed_kept,0,,,,
train,208_2_7_16_jpg.rf.5f08af2b3f70a2ccfb1093c3e4d462cc.jpg,208_2_7_16_jpg.rf.5f08af2b3f70a2ccfb1093c3e4d462cc.npz,True,unreviewed_kept,0,,,,
train,208_2_7_40_jpg.rf.e7ec4d3575f1d8121fab45fed5c700ab.jpg,208_2_7_40_jpg.rf.e7ec4d3575f1d8121fab45fed5c700ab.npz,True,unreviewed_kept,0,,,,
train,208_2_8_41_jpg.rf.044309919ad114d4eff9aff1e2c02731.jpg,208_2_8_41_jpg.rf.044309919ad114d4eff9aff1e2c02731.npz,True,unreviewed_kept,0,,,,
train,208_2_8_57_jpg.rf.8fd58c4771fefc3a5f593e903bf767fe.jpg,208_2_8_57_jpg.rf.8fd58c4771fefc3a5f593e903bf767fe.npz,True,unreviewed_kept,0,,,,
train,208_2_8_64_jpg.rf.f0f8144b10ff06b34f418444bd63167d.jpg,208_2_8_64_jpg.rf.f0f8144b10ff06b34f418444bd63167d.npz,True,unreviewed_kept,0,,,,
train,208_2_8_8_jpg.rf.4ac35669d1bab8b47ca0851f8a6f0538.jpg,208_2_8_8_jpg.rf.4ac35669d1bab8b47ca0851f8a6f0538.npz,True,unreviewed_kept,0,,,,
train,208_3_10_36_jpg.rf.686cc9657cfb719ad92046f9eb8e54dd.jpg,208_3_10_36_jpg.rf.686cc9657cfb719ad92046f9eb8e54dd.npz,True,unreviewed_kept,0,,,,
train,208_3_10_53_jpg.rf.3d07b3916946e4cc2163b8dfb7bde4ef.jpg,208_3_10_53_jpg.rf.3d07b3916946e4cc2163b8dfb7bde4ef.npz,True,unreviewed_kept,0,,,,
train,208_3_10_55_jpg.rf.9556d1bfaef2c8b864e423c604878800.jpg,208_3_10_55_jpg.rf.9556d1bfaef2c8b864e423c604878800.npz,True,unreviewed_kept,0,,,,
train,208_3_12_24_jpg.rf.6786d75ee92756adb5205a2471781127.jpg,208_3_12_24_jpg.rf.6786d75ee92756adb5205a2471781127.npz,True,unreviewed_kept,0,,,,
train,208_3_14_39_jpg.rf.523ec3491658c0940358c18afebdd85c.jpg,208_3_14_39_jpg.rf.523ec3491658c0940358c18afebdd85c.npz,True,unreviewed_kept,0,,,,
train,208_3_14_48_jpg.rf.a133cae76d289e3288a60674d255fa51.jpg,208_3_14_48_jpg.rf.a133cae76d289e3288a60674d255fa51.npz,True,unreviewed_kept,0,,,,
train,208_3_16_16_jpg.rf.5758153e77727d69151dbffbcff7baad.jpg,208_3_16_16_jpg.rf.5758153e77727d69151dbffbcff7baad.npz,True,unreviewed_kept,0,,,,
train,208_3_16_38_jpg.rf.2125bc2292d14c47a4ac0bba0a883324.jpg,208_3_16_38_jpg.rf.2125bc2292d14c47a4ac0bba0a883324.npz,True,unreviewed_kept,0,,,,
train,208_3_17_23_jpg.rf.6fa0cd42a4d3cdb9304f275614060996.jpg,208_3_17_23_jpg.rf.6fa0cd42a4d3cdb9304f275614060996.npz,True,unreviewed_kept,0,,,,
train,208_3_19_29_jpg.rf.4f2462b50f4ec14a99c0d3f937c417ed.jpg,208_3_19_29_jpg.rf.4f2462b50f4ec14a99c0d3f937c417ed.npz,True,unreviewed_kept,0,,,,
train,208_3_19_53_jpg.rf.869ec47af0cdc2b4cdd386d63ac97be5.jpg,208_3_19_53_jpg.rf.869ec47af0cdc2b4cdd386d63ac97be5.npz,True,unreviewed_kept,0,,,,
train,208_3_20_19_jpg.rf.b2b487222e1b0523cf9996993316ac29.jpg,208_3_20_19_jpg.rf.b2b487222e1b0523cf9996993316ac29.npz,True,unreviewed_kept,0,,,,
train,208_3_20_36_jpg.rf.4505e645255a8763c1698941c1c96fe8.jpg,208_3_20_36_jpg.rf.4505e645255a8763c1698941c1c96fe8.npz,True,unreviewed_kept,0,,,,
train,208_3_20_4_jpg.rf.cb9b149a8e3ecaf767c3d8b0176b6a2f.jpg,208_3_20_4_jpg.rf.cb9b149a8e3ecaf767c3d8b0176b6a2f.npz,True,unreviewed_kept,0,,,,
train,208_3_21_3_jpg.rf.8dfde7eadcb74a444b181c281b6ac426.jpg,208_3_21_3_jpg.rf.8dfde7eadcb74a444b181c281b6ac426.npz,True,unreviewed_kept,0,,,,
train,208_3_22_58_jpg.rf.0fe0864b3bf6de6fdf9fe4558702c0bc.jpg,208_3_22_58_jpg.rf.0fe0864b3bf6de6fdf9fe4558702c0bc.npz,True,unreviewed_kept,0,,,,
train,208_3_4_23_jpg.rf.649d625269adf38f978f4d8f11bf4eec.jpg,208_3_4_23_jpg.rf.649d625269adf38f978f4d8f11bf4eec.npz,True,unreviewed_kept,0,,,,
train,208_3_5_56_jpg.rf.b4246c848c750b494c0b07ab25332928.jpg,208_3_5_56_jpg.rf.b4246c848c750b494c0b07ab25332928.npz,True,unreviewed_kept,0,,,,
train,208_3_6_54_jpg.rf.9beb700a3b0a6d31d6f501ed1e74f5ef.jpg,208_3_6_54_jpg.rf.9beb700a3b0a6d31d6f501ed1e74f5ef.npz,True,unreviewed_kept,0,,,,
train,208_3_6_63_jpg.rf.eee89f0ad86c1242bbe3f17267c32dac.jpg,208_3_6_63_jpg.rf.eee89f0ad86c1242bbe3f17267c32dac.npz,True,unreviewed_kept,0,,,,
train,208_3_7_62_jpg.rf.e4bf753fd43be3cf8c1d6a136aed7b96.jpg,208_3_7_62_jpg.rf.e4bf753fd43be3cf8c1d6a136aed7b96.npz,True,unreviewed_kept,0,,,,
train,208_3_8_3_jpg.rf.1b429155fff47d9c889231a00d3e8522.jpg,208_3_8_3_jpg.rf.1b429155fff47d9c889231a00d3e8522.npz,True,unreviewed_kept,0,,,,
train,208_3_9_1_jpg.rf.17b7e40cf180b05bbf835b9e708863a3.jpg,208_3_9_1_jpg.rf.17b7e40cf180b05bbf835b9e708863a3.npz,True,unreviewed_kept,0,,,,
train,208_3_9_56_jpg.rf.3eda8cb856c2cbcbda1bfc494d1474cf.jpg,208_3_9_56_jpg.rf.3eda8cb856c2cbcbda1bfc494d1474cf.npz,True,unreviewed_kept,0,,,,
train,208_4_10_52_jpg.rf.485e1ac341386ba0a0f3164dad7f5f91.jpg,208_4_10_52_jpg.rf.485e1ac341386ba0a0f3164dad7f5f91.npz,True,unreviewed_kept,0,,,,
train,208_4_11_8_jpg.rf.faecd5258a816af4cc7b70993837f889.jpg,208_4_11_8_jpg.rf.faecd5258a816af4cc7b70993837f889.npz,True,unreviewed_kept,0,,,,
train,208_4_13_6_jpg.rf.7b63a49e5429143a558481d7dfaae5dc.jpg,208_4_13_6_jpg.rf.7b63a49e5429143a558481d7dfaae5dc.npz,True,unreviewed_kept,0,,,,
train,208_4_15_1_jpg.rf.82741eb5c335cbe358e7728d6f3b7eef.jpg,208_4_15_1_jpg.rf.82741eb5c335cbe358e7728d6f3b7eef.npz,True,unreviewed_kept,0,,,,
train,208_4_16_30_jpg.rf.50286cef04e3d485021bac2dec722dc1.jpg,208_4_16_30_jpg.rf.50286cef04e3d485021bac2dec722dc1.npz,True,unreviewed_kept,0,,,,
train,208_4_16_3_jpg.rf.7c969df8551ce9774d6ca5f6e81559e7.jpg,208_4_16_3_jpg.rf.7c969df8551ce9774d6ca5f6e81559e7.npz,True,unreviewed_kept,0,,,,
train,208_4_16_63_jpg.rf.10738cee76cdea4213a8c2816a30e52b.jpg,208_4_16_63_jpg.rf.10738cee76cdea4213a8c2816a30e52b.npz,True,unreviewed_kept,0,,,,
train,208_4_17_4_jpg.rf.44cfcca6059a127c8fd470d5276d591c.jpg,208_4_17_4_jpg.rf.44cfcca6059a127c8fd470d5276d591c.npz,True,unreviewed_kept,0,,,,
train,208_4_18_4_jpg.rf.b84564e8315a0de09c37a883e046edc2.jpg,208_4_18_4_jpg.rf.b84564e8315a0de09c37a883e046edc2.npz,True,unreviewed_kept,0,,,,
train,208_4_18_64_jpg.rf.d42057f6fe8462739b9a02561114814a.jpg,208_4_18_64_jpg.rf.d42057f6fe8462739b9a02561114814a.npz,True,unreviewed_kept,0,,,,
train,208_4_19_16_jpg.rf.f2af798e2dd60db2a8a8eb47990b5df0.jpg,208_4_19_16_jpg.rf.f2af798e2dd60db2a8a8eb47990b5df0.npz,True,unreviewed_kept,0,,,,
train,208_4_19_40_jpg.rf.982555def3dc897cb420d25c10aed3f8.jpg,208_4_19_40_jpg.rf.982555def3dc897cb420d25c10aed3f8.npz,True,unreviewed_kept,0,,,,
train,208_4_19_59_jpg.rf.bfdaf087421c3f2b5f9fd42aaf3295a4.jpg,208_4_19_59_jpg.rf.bfdaf087421c3f2b5f9fd42aaf3295a4.npz,True,unreviewed_kept,0,,,,
train,208_4_19_62_jpg.rf.965fae5af5caeb9b3895dc78ea66289c.jpg,208_4_19_62_jpg.rf.965fae5af5caeb9b3895dc78ea66289c.npz,True,unreviewed_kept,0,,,,
train,208_4_20_7_jpg.rf.714b54456d3695adb7a1e4c8d491f4f9.jpg,208_4_20_7_jpg.rf.714b54456d3695adb7a1e4c8d491f4f9.npz,True,unreviewed_kept,0,,,,
train,208_4_22_37_jpg.rf.dfb0c71cacb7779ea1a18bb31da064a2.jpg,208_4_22_37_jpg.rf.dfb0c71cacb7779ea1a18bb31da064a2.npz,True,unreviewed_kept,0,,,,
train,208_4_4_16_jpg.rf.295756718a63e4d72866edd6faa28b28.jpg,208_4_4_16_jpg.rf.295756718a63e4d72866edd6faa28b28.npz,True,unreviewed_kept,0,,,,
train,208_4_5_35_jpg.rf.516ac5bc51e76a1f490489dc636079aa.jpg,208_4_5_35_jpg.rf.516ac5bc51e76a1f490489dc636079aa.npz,True,unreviewed_kept,0,,,,
train,208_4_5_58_jpg.rf.1b49a58f7d289159f5cf0c5bc1dceefe.jpg,208_4_5_58_jpg.rf.1b49a58f7d289159f5cf0c5bc1dceefe.npz,True,unreviewed_kept,0,,,,
train,208_4_6_22_jpg.rf.50a7b70b96d10cc4cd88606bb7985633.jpg,208_4_6_22_jpg.rf.50a7b70b96d10cc4cd88606bb7985633.npz,True,unreviewed_kept,0,,,,
train,208_4_6_2_jpg.rf.25e70da917c9e5f9a53c4f6c5015fbf4.jpg,208_4_6_2_jpg.rf.25e70da917c9e5f9a53c4f6c5015fbf4.npz,True,unreviewed_kept,0,,,,
train,208_4_8_45_jpg.rf.3f3aa5787d9e901453d30f6dfb049046.jpg,208_4_8_45_jpg.rf.3f3aa5787d9e901453d30f6dfb049046.npz,True,unreviewed_kept,0,,,,
train,208_5_10_3_jpg.rf.828ed4677ae9baea983ace2408dfb860.jpg,208_5_10_3_jpg.rf.828ed4677ae9baea983ace2408dfb860.npz,True,unreviewed_kept,0,,,,
train,208_5_12_47_jpg.rf.79253f3e7b5155cc3b98c0787b194050.jpg,208_5_12_47_jpg.rf.79253f3e7b5155cc3b98c0787b194050.npz,True,unreviewed_kept,0,,,,
train,208_5_13_17_jpg.rf.bc8129288e188068ade613242e3617f5.jpg,208_5_13_17_jpg.rf.bc8129288e188068ade613242e3617f5.npz,True,unreviewed_kept,0,,,,
train,208_5_14_31_jpg.rf.4ea5b4908a35222a7017a38ced9eebae.jpg,208_5_14_31_jpg.rf.4ea5b4908a35222a7017a38ced9eebae.npz,True,unreviewed_kept,0,,,,
train,208_5_14_53_jpg.rf.b22e222625f84472fd56c694f793335c.jpg,208_5_14_53_jpg.rf.b22e222625f84472fd56c694f793335c.npz,True,unreviewed_kept,0,,,,
train,208_5_14_58_jpg.rf.f90765229dd86c5ae1ec7f507059d91c.jpg,208_5_14_58_jpg.rf.f90765229dd86c5ae1ec7f507059d91c.npz,True,unreviewed_kept,0,,,,
train,208_5_17_14_jpg.rf.d120cac97f37f4faa95338173b300ddd.jpg,208_5_17_14_jpg.rf.d120cac97f37f4faa95338173b300ddd.npz,True,unreviewed_kept,0,,,,
train,208_5_21_56_jpg.rf.1f350fe8086ce00f62efe6f97e9f6c63.jpg,208_5_21_56_jpg.rf.1f350fe8086ce00f62efe6f97e9f6c63.npz,True,unreviewed_kept,0,,,,
train,208_5_3_40_jpg.rf.a145a269d773fbe1060ac21102f9f770.jpg,208_5_3_40_jpg.rf.a145a269d773fbe1060ac21102f9f770.npz,True,unreviewed_kept,0,,,,
train,208_5_4_45_jpg.rf.8de96e38e1feaa8dda6716b7babbe162.jpg,208_5_4_45_jpg.rf.8de96e38e1feaa8dda6716b7babbe162.npz,True,unreviewed_kept,0,,,,
train,208_5_5_52_jpg.rf.22fa57ec26c077f7236ea86cd7bb728e.jpg,208_5_5_52_jpg.rf.22fa57ec26c077f7236ea86cd7bb728e.npz,True,unreviewed_kept,0,,,,
train,208_5_7_19_jpg.rf.240b40ee8d9445f0d27bb1314549b58f.jpg,208_5_7_19_jpg.rf.240b40ee8d9445f0d27bb1314549b58f.npz,True,unreviewed_kept,0,,,,
train,208_5_7_62_jpg.rf.4833f19c7544e490d9b84fe7c182f1c9.jpg,208_5_7_62_jpg.rf.4833f19c7544e490d9b84fe7c182f1c9.npz,True,unreviewed_kept,0,,,,
train,208_5_9_12_jpg.rf.3fee894b44bb77f44f66945845792016.jpg,208_5_9_12_jpg.rf.3fee894b44bb77f44f66945845792016.npz,True,unreviewed_kept,0,,,,
train,208_5_9_27_jpg.rf.2173b82935aa5cd010622d067c470672.jpg,208_5_9_27_jpg.rf.2173b82935aa5cd010622d067c470672.npz,True,unreviewed_kept,0,,,,
train,208_6_0_40_jpg.rf.e3839a0e9e2d4e8f33967a6e92ae71e8.jpg,208_6_0_40_jpg.rf.e3839a0e9e2d4e8f33967a6e92ae71e8.npz,True,unreviewed_kept,0,,,,
train,208_6_11_13_jpg.rf.517d0eb9426ea1bda94de9eecde9e16a.jpg,208_6_11_13_jpg.rf.517d0eb9426ea1bda94de9eecde9e16a.npz,True,unreviewed_kept,0,,,,
train,208_6_13_57_jpg.rf.5b4b0872409a59b922bbdc3860152bb5.jpg,208_6_13_57_jpg.rf.5b4b0872409a59b922bbdc3860152bb5.npz,True,unreviewed_kept,0,,,,
train,208_6_16_46_jpg.rf.e31cedaf7dcdbc38dba44e805423a26d.jpg,208_6_16_46_jpg.rf.e31cedaf7dcdbc38dba44e805423a26d.npz,True,unreviewed_kept,0,,,,
train,208_6_16_6_jpg.rf.4d62603db749fb14e0700a9ab6eeed48.jpg,208_6_16_6_jpg.rf.4d62603db749fb14e0700a9ab6eeed48.npz,True,unreviewed_kept,0,,,,
train,208_6_17_46_jpg.rf.8ddd6a21f925b4484d3be1611d61d449.jpg,208_6_17_46_jpg.rf.8ddd6a21f925b4484d3be1611d61d449.npz,True,unreviewed_kept,0,,,,
train,208_6_19_55_jpg.rf.50657abace570d956a3a7b1a99ee388b.jpg,208_6_19_55_jpg.rf.50657abace570d956a3a7b1a99ee388b.npz,True,unreviewed_kept,0,,,,
train,208_6_23_26_jpg.rf.4a33129657fb85b07e530a31d6cddefd.jpg,208_6_23_26_jpg.rf.4a33129657fb85b07e530a31d6cddefd.npz,True,unreviewed_kept,0,,,,
train,208_6_3_11_jpg.rf.2cceb41b46a02d21b2ba9b7c4cc74736.jpg,208_6_3_11_jpg.rf.2cceb41b46a02d21b2ba9b7c4cc74736.npz,True,unreviewed_kept,0,,,,
train,208_6_3_33_jpg.rf.10d9dc925dba55413eeb0c72b4ac1768.jpg,208_6_3_33_jpg.rf.10d9dc925dba55413eeb0c72b4ac1768.npz,True,unreviewed_kept,0,,,,
train,208_6_8_35_jpg.rf.f806a899b6d52e77b11c00a0e99f409c.jpg,208_6_8_35_jpg.rf.f806a899b6d52e77b11c00a0e99f409c.npz,True,unreviewed_kept,0,,,,
train,208_6_8_52_jpg.rf.7b09b52821c324deff808875389eddce.jpg,208_6_8_52_jpg.rf.7b09b52821c324deff808875389eddce.npz,True,unreviewed_kept,0,,,,
train,208_7_11_8_jpg.rf.23428dacbe1589f87902aa073a6a5a85.jpg,208_7_11_8_jpg.rf.23428dacbe1589f87902aa073a6a5a85.npz,True,unreviewed_kept,0,,,,
train,208_7_12_22_jpg.rf.7996f5ca2c766120e5cb4fcd81d68d6b.jpg,208_7_12_22_jpg.rf.7996f5ca2c766120e5cb4fcd81d68d6b.npz,True,unreviewed_kept,0,,,,
train,208_7_14_61_jpg.rf.38e90de690510fcc2c37def20e6caf8c.jpg,208_7_14_61_jpg.rf.38e90de690510fcc2c37def20e6caf8c.npz,True,unreviewed_kept,0,,,,
train,208_7_15_29_jpg.rf.78088e3467905dc24e6720bc433e4d70.jpg,208_7_15_29_jpg.rf.78088e3467905dc24e6720bc433e4d70.npz,True,unreviewed_kept,0,,,,
train,208_7_15_2_jpg.rf.68c4b7f497f92e013703c8707299ee97.jpg,208_7_15_2_jpg.rf.68c4b7f497f92e013703c8707299ee97.npz,True,unreviewed_kept,0,,,,
train,208_7_16_5_jpg.rf.481ce77bb63522e45c031aaf50172e97.jpg,208_7_16_5_jpg.rf.481ce77bb63522e45c031aaf50172e97.npz,True,unreviewed_kept,0,,,,
train,208_7_17_7_jpg.rf.0485dfcad9d39a5316d24cac5a6803ac.jpg,208_7_17_7_jpg.rf.0485dfcad9d39a5316d24cac5a6803ac.npz,True,unreviewed_kept,0,,,,
train,208_7_18_17_jpg.rf.c064eaf81a4bfeeb79b40916ef12dee9.jpg,208_7_18_17_jpg.rf.c064eaf81a4bfeeb79b40916ef12dee9.npz,True,unreviewed_kept,0,,,,
train,208_7_18_24_jpg.rf.a1a647393c5a83e079e94eed378334ab.jpg,208_7_18_24_jpg.rf.a1a647393c5a83e079e94eed378334ab.npz,True,unreviewed_kept,0,,,,
train,208_7_20_8_jpg.rf.10ef55dbba74ede88aa538cfab847e2f.jpg,208_7_20_8_jpg.rf.10ef55dbba74ede88aa538cfab847e2f.npz,True,unreviewed_kept,0,,,,
train,208_7_23_14_jpg.rf.0eae38d6d9e64a781cb779e5b160f37d.jpg,208_7_23_14_jpg.rf.0eae38d6d9e64a781cb779e5b160f37d.npz,True,unreviewed_kept,0,,,,
train,208_7_23_19_jpg.rf.f3346c92cacbae8eb840dcba4ab04f15.jpg,208_7_23_19_jpg.rf.f3346c92cacbae8eb840dcba4ab04f15.npz,True,unreviewed_kept,0,,,,
train,208_7_23_36_jpg.rf.9030b0f340044e2ac254cba68262af5d.jpg,208_7_23_36_jpg.rf.9030b0f340044e2ac254cba68262af5d.npz,True,unreviewed_kept,0,,,,
train,208_7_3_4_jpg.rf.2a4ef2a9d0ea5eef6f9898eb8ac49d29.jpg,208_7_3_4_jpg.rf.2a4ef2a9d0ea5eef6f9898eb8ac49d29.npz,True,unreviewed_kept,0,,,,
train,208_7_5_12_jpg.rf.90da0c1e60bc0e62ea2bfe66764f56fe.jpg,208_7_5_12_jpg.rf.90da0c1e60bc0e62ea2bfe66764f56fe.npz,True,unreviewed_kept,0,,,,
train,208_7_6_48_jpg.rf.339b5cf74e7e784d110b8ae9e26051d8.jpg,208_7_6_48_jpg.rf.339b5cf74e7e784d110b8ae9e26051d8.npz,True,unreviewed_kept,0,,,,
train,208_8_10_1_jpg.rf.c8e7351e0fda25e99729b38111b081a5.jpg,208_8_10_1_jpg.rf.c8e7351e0fda25e99729b38111b081a5.npz,True,unreviewed_kept,0,,,,
train,208_8_14_50_jpg.rf.a27b4c0ab03d46ce362799be06de2e4e.jpg,208_8_14_50_jpg.rf.a27b4c0ab03d46ce362799be06de2e4e.npz,True,unreviewed_kept,0,,,,
train,208_8_15_1_jpg.rf.b95d65e22614ca45e937636238e816a6.jpg,208_8_15_1_jpg.rf.b95d65e22614ca45e937636238e816a6.npz,True,unreviewed_kept,0,,,,
train,208_8_8_1_jpg.rf.a3d40c73969f0aeda7eb9b7bffd00df2.jpg,208_8_8_1_jpg.rf.a3d40c73969f0aeda7eb9b7bffd00df2.npz,True,unreviewed_kept,0,,,,
train,213_2_12_32_jpg.rf.7a09b061fead1eef5038e330b1fff573.jpg,213_2_12_32_jpg.rf.7a09b061fead1eef5038e330b1fff573.npz,True,unreviewed_kept,0,,,,
train,301_0_10_45_jpg.rf.a0175bfc3dfd0baf610c4bd7d193d281.jpg,301_0_10_45_jpg.rf.a0175bfc3dfd0baf610c4bd7d193d281.npz,True,unreviewed_kept,0,,,,
train,301_0_12_53_jpg.rf.0d4fdf5fda9e2e0d8cf21088e64c399d.jpg,301_0_12_53_jpg.rf.0d4fdf5fda9e2e0d8cf21088e64c399d.npz,True,unreviewed_kept,0,,,,
train,301_0_8_57_jpg.rf.2dc79cf92157bb09570be833a91648f2.jpg,301_0_8_57_jpg.rf.2dc79cf92157bb09570be833a91648f2.npz,True,unreviewed_kept,0,,,,
train,301_10_15_21_jpg.rf.abfc95432763847c293e236de9cf19a5.jpg,301_10_15_21_jpg.rf.abfc95432763847c293e236de9cf19a5.npz,True,unreviewed_kept,0,,,,
train,301_10_15_22_jpg.rf.e3a92dedc149220b5dcb43ac4e4c26cb.jpg,301_10_15_22_jpg.rf.e3a92dedc149220b5dcb43ac4e4c26cb.npz,True,unreviewed_kept,0,,,,
train,301_10_16_39_jpg.rf.fd7e4d30733b0e128c971837bae0b82d.jpg,301_10_16_39_jpg.rf.fd7e4d30733b0e128c971837bae0b82d.npz,True,unreviewed_kept,0,,,,
train,301_10_16_40_jpg.rf.6d6ca134af4af134f45b5356352516e4.jpg,301_10_16_40_jpg.rf.6d6ca134af4af134f45b5356352516e4.npz,True,unreviewed_kept,0,,,,
train,301_10_17_1_jpg.rf.09f9b031fd8cd7413f3af352e580f911.jpg,301_10_17_1_jpg.rf.09f9b031fd8cd7413f3af352e580f911.npz,True,unreviewed_kept,0,,,,
train,301_10_18_4_jpg.rf.1f91f476b1b5172d9a2f133a60b849f3.jpg,301_10_18_4_jpg.rf.1f91f476b1b5172d9a2f133a60b849f3.npz,True,unreviewed_kept,0,,,,
train,301_11_15_8_jpg.rf.ddabe5a74a0083501dd6482f64a5b088.jpg,301_11_15_8_jpg.rf.ddabe5a74a0083501dd6482f64a5b088.npz,True,unreviewed_kept,0,,,,
train,301_11_16_63_jpg.rf.86797531dd1885385cda71a38e51a584.jpg,301_11_16_63_jpg.rf.86797531dd1885385cda71a38e51a584.npz,True,unreviewed_kept,0,,,,
train,301_11_17_40_jpg.rf.989311281a0ade2f736c3010f8e6f522.jpg,301_11_17_40_jpg.rf.989311281a0ade2f736c3010f8e6f522.npz,True,unreviewed_kept,0,,,,
train,301_11_18_3_jpg.rf.e0ae32ddeef7962718ab90be98c8da88.jpg,301_11_18_3_jpg.rf.e0ae32ddeef7962718ab90be98c8da88.npz,True,unreviewed_kept,0,,,,
train,301_11_18_8_jpg.rf.5c35da1a6ca15c08c4becc2595066a33.jpg,301_11_18_8_jpg.rf.5c35da1a6ca15c08c4becc2595066a33.npz,True,unreviewed_kept,0,,,,
train,301_12_16_8_jpg.rf.7a54ce2bd6a5f454bf2f79dc505ff3d1.jpg,301_12_16_8_jpg.rf.7a54ce2bd6a5f454bf2f79dc505ff3d1.npz,True,unreviewed_kept,0,,,,
train,301_12_17_40_jpg.rf.39d7cc3696baeafac36112f93f869dcb.jpg,301_12_17_40_jpg.rf.39d7cc3696baeafac36112f93f869dcb.npz,True,unreviewed_kept,0,,,,
train,301_12_17_56_jpg.rf.cf49b16cf3095d1739d5c1b09f6753ef.jpg,301_12_17_56_jpg.rf.cf49b16cf3095d1739d5c1b09f6753ef.npz,True,unreviewed_kept,0,,,,
train,301_12_18_43_jpg.rf.0c1c0fdcb90527043564e3adec8f2d94.jpg,301_12_18_43_jpg.rf.0c1c0fdcb90527043564e3adec8f2d94.npz,True,unreviewed_kept,0,,,,
train,301_13_17_21_jpg.rf.f40038bce6a8c1fc3fb31895bfabd4f1.jpg,301_13_17_21_jpg.rf.f40038bce6a8c1fc3fb31895bfabd4f1.npz,True,unreviewed_kept,0,,,,
train,301_1_10_59_jpg.rf.3a184865f2a64b9377f60f787719f5b4.jpg,301_1_10_59_jpg.rf.3a184865f2a64b9377f60f787719f5b4.npz,True,unreviewed_kept,0,,,,
train,301_1_11_32_jpg.rf.13d5907ae39db3557d9cd32017a0d97d.jpg,301_1_11_32_jpg.rf.13d5907ae39db3557d9cd32017a0d97d.npz,True,unreviewed_kept,0,,,,
train,301_1_12_27_jpg.rf.781133b2ab64f087f202f5102df3fca4.jpg,301_1_12_27_jpg.rf.781133b2ab64f087f202f5102df3fca4.npz,True,unreviewed_kept,0,,,,
train,301_1_8_21_jpg.rf.a85b93a54435b6521e51d3e2ecc2beb1.jpg,301_1_8_21_jpg.rf.a85b93a54435b6521e51d3e2ecc2beb1.npz,False,excluded_label_problem,1,A,N,Y,脂肪变部分空泡漏标
train,301_1_9_46_jpg.rf.03d25d9e1228b2d8edb5d2e20c875782.jpg,301_1_9_46_jpg.rf.03d25d9e1228b2d8edb5d2e20c875782.npz,True,unreviewed_kept,0,,,,
train,303_1_12_36_jpg.rf.de0bf8be59f5eca8cbea16ebf07e45c5.jpg,303_1_12_36_jpg.rf.de0bf8be59f5eca8cbea16ebf07e45c5.npz,True,unreviewed_kept,0,,,,
train,303_9_13_2_jpg.rf.f968e45608b965d7d71a3238b1b1cb24.jpg,303_9_13_2_jpg.rf.f968e45608b965d7d71a3238b1b1cb24.npz,True,unreviewed_kept,0,,,,
train,306_10_3_52_jpg.rf.74e7d3b6837e7c95d3f237d9b4f9e105.jpg,306_10_3_52_jpg.rf.74e7d3b6837e7c95d3f237d9b4f9e105.npz,True,unreviewed_kept,0,,,,
train,306_1_10_49_jpg.rf.dc595d7f197a798726759bde28e817d8.jpg,306_1_10_49_jpg.rf.dc595d7f197a798726759bde28e817d8.npz,True,unreviewed_kept,0,,,,
train,306_3_8_4_jpg.rf.70d38d6af98aca12877532c156d635a5.jpg,306_3_8_4_jpg.rf.70d38d6af98aca12877532c156d635a5.npz,True,unreviewed_kept,0,,,,
train,306_4_6_57_jpg.rf.c7dbf560eca4220e67967f30e296b2aa.jpg,306_4_6_57_jpg.rf.c7dbf560eca4220e67967f30e296b2aa.npz,True,unreviewed_kept,0,,,,
valid,102_1_6_44_jpg.rf.008d7a4772e4bf8d621bd815723ae428.jpg,102_1_6_44_jpg.rf.008d7a4772e4bf8d621bd815723ae428.npz,True,unreviewed_kept,0,,,,
valid,102_1_8_25_jpg.rf.cd3e186faf0abf0a9f18b0fa3b7493f4.jpg,102_1_8_25_jpg.rf.cd3e186faf0abf0a9f18b0fa3b7493f4.npz,True,unreviewed_kept,0,,,,
valid,102_1_8_30_jpg.rf.824fbd6d73abc811dcfa64769973733e.jpg,102_1_8_30_jpg.rf.824fbd6d73abc811dcfa64769973733e.npz,True,unreviewed_kept,0,,,,
valid,102_1_8_58_jpg.rf.72c0593bead2b0a3f032e5e8f7ebd9dc.jpg,102_1_8_58_jpg.rf.72c0593bead2b0a3f032e5e8f7ebd9dc.npz,True,unreviewed_kept,0,,,,
valid,119_2_2_21_jpg.rf.2a90690c6fa2da02a8e93df385a2a1e5.jpg,119_2_2_21_jpg.rf.2a90690c6fa2da02a8e93df385a2a1e5.npz,True,unreviewed_kept,0,,,,
valid,15_239_101_63_47_jpg.rf.69ba05f227fd496121f236ef42e5232a.jpg,15_239_101_63_47_jpg.rf.69ba05f227fd496121f236ef42e5232a.npz,True,unreviewed_kept,0,,,,
valid,15_239_101_63_52_jpg.rf.4a38123b6fb8790a5afc046dd1031e3a.jpg,15_239_101_63_52_jpg.rf.4a38123b6fb8790a5afc046dd1031e3a.npz,True,unreviewed_kept,0,,,,
valid,15_239_101_65_46_jpg.rf.d3b640ff5e76557cebf81297ca08ab1b.jpg,15_239_101_65_46_jpg.rf.d3b640ff5e76557cebf81297ca08ab1b.npz,True,unreviewed_kept,0,,,,
valid,15_239_203_41_51_jpg.rf.5d37ab82dd470df9aaa0ce2be902a28f.jpg,15_239_203_41_51_jpg.rf.5d37ab82dd470df9aaa0ce2be902a28f.npz,True,unreviewed_kept,0,,,,
valid,15_242_202_115_61_jpg.rf.8c60e3470fd1f5c2cde30b7eebdde227.jpg,15_242_202_115_61_jpg.rf.8c60e3470fd1f5c2cde30b7eebdde227.npz,True,unreviewed_kept,0,,,,
valid,15_242_202_122_90_jpg.rf.f4c9767869fcfe09e17d9616a62c8386.jpg,15_242_202_122_90_jpg.rf.f4c9767869fcfe09e17d9616a62c8386.npz,True,unreviewed_kept,0,,,,
valid,15_242_202_125_25_jpg.rf.d204a60e4e659e039a8c838c7269dd22.jpg,15_242_202_125_25_jpg.rf.d204a60e4e659e039a8c838c7269dd22.npz,True,unreviewed_kept,0,,,,
valid,15_242_202_127_88_jpg.rf.eb017e7d5d97723d9b4845f36d311dd9.jpg,15_242_202_127_88_jpg.rf.eb017e7d5d97723d9b4845f36d311dd9.npz,True,unreviewed_kept,0,,,,
valid,15_242_202_134_56_jpg.rf.500060c5ff95a1280c168cbc185b427b.jpg,15_242_202_134_56_jpg.rf.500060c5ff95a1280c168cbc185b427b.npz,True,unreviewed_kept,0,,,,
valid,15_242_202_35_94_jpg.rf.9e1ba00bcdab2365999b870db578969b.jpg,15_242_202_35_94_jpg.rf.9e1ba00bcdab2365999b870db578969b.npz,True,unreviewed_kept,0,,,,
valid,15_242_202_50_114_jpg.rf.65c4f1942608f2b974c77c990aa771e6.jpg,15_242_202_50_114_jpg.rf.65c4f1942608f2b974c77c990aa771e6.npz,True,unreviewed_kept,0,,,,
valid,15_242_202_50_132_jpg.rf.d4c87d9c94c8e80230dda330067d6ee7.jpg,15_242_202_50_132_jpg.rf.d4c87d9c94c8e80230dda330067d6ee7.npz,True,unreviewed_kept,0,,,,
valid,15_242_202_56_109_jpg.rf.013157b51db1bf3e3987388367e23469.jpg,15_242_202_56_109_jpg.rf.013157b51db1bf3e3987388367e23469.npz,True,unreviewed_kept,0,,,,
valid,15_242_202_62_116_jpg.rf.2fcd558fde7d4c537d59bc447732c48d.jpg,15_242_202_62_116_jpg.rf.2fcd558fde7d4c537d59bc447732c48d.npz,True,unreviewed_kept,0,,,,
valid,15_242_202_65_92_jpg.rf.27fd62df95e6bd8ca43f16e58ca1c835.jpg,15_242_202_65_92_jpg.rf.27fd62df95e6bd8ca43f16e58ca1c835.npz,True,unreviewed_kept,0,,,,
valid,15_242_202_80_76_jpg.rf.7e57a1d75ff39f2f5ec3bfcb405b6a8f.jpg,15_242_202_80_76_jpg.rf.7e57a1d75ff39f2f5ec3bfcb405b6a8f.npz,True,unreviewed_kept,0,,,,
valid,15_242_202_82_114_jpg.rf.be8c833bc1230a4aa65592667044fb85.jpg,15_242_202_82_114_jpg.rf.be8c833bc1230a4aa65592667044fb85.npz,True,unreviewed_kept,0,,,,
valid,15_242_202_91_98_jpg.rf.77776f6429ca80687a84971b9048e6f2.jpg,15_242_202_91_98_jpg.rf.77776f6429ca80687a84971b9048e6f2.npz,True,unreviewed_kept,0,,,,
valid,15_242_202_96_111_jpg.rf.7058a74e006f7a8e15f23d33a92f0a58.jpg,15_242_202_96_111_jpg.rf.7058a74e006f7a8e15f23d33a92f0a58.npz,True,unreviewed_kept,0,,,,
valid,15_242_207_12_18_jpg.rf.eab85776c374400a7cb02a474a42d730.jpg,15_242_207_12_18_jpg.rf.eab85776c374400a7cb02a474a42d730.npz,True,unreviewed_kept,0,,,,
valid,15_242_208_17_25_jpg.rf.4a9a8f639b8772db9cc96020b8de6b7d.jpg,15_242_208_17_25_jpg.rf.4a9a8f639b8772db9cc96020b8de6b7d.npz,True,unreviewed_kept,0,,,,
valid,15_242_208_18_10_jpg.rf.c06219d8e3318cd15619d029f82b6860.jpg,15_242_208_18_10_jpg.rf.c06219d8e3318cd15619d029f82b6860.npz,True,unreviewed_kept,0,,,,
valid,15_242_208_18_11_jpg.rf.e0282f1843d979a57b1d6aa2140139f6.jpg,15_242_208_18_11_jpg.rf.e0282f1843d979a57b1d6aa2140139f6.npz,False,excluded_label_problem,1,A,N,Y,标注纤维化不典型，脂肪变很典型
valid,15_242_208_18_27_jpg.rf.ba019f3ff579a77c3aa3495b09cacf0b.jpg,15_242_208_18_27_jpg.rf.ba019f3ff579a77c3aa3495b09cacf0b.npz,True,unreviewed_kept,0,,,,
valid,15_242_208_18_4_jpg.rf.fbd4fcf60cc26772e8bf361744a1256c.jpg,15_242_208_18_4_jpg.rf.fbd4fcf60cc26772e8bf361744a1256c.npz,True,unreviewed_kept,0,,,,
valid,15_242_208_18_6_jpg.rf.292e96c3f9c8a41f40a403f8400b22f0.jpg,15_242_208_18_6_jpg.rf.292e96c3f9c8a41f40a403f8400b22f0.npz,True,unreviewed_kept,0,,,,
valid,15_242_208_18_7_jpg.rf.09bda2be5321d8ad3bf066471f1b8700.jpg,15_242_208_18_7_jpg.rf.09bda2be5321d8ad3bf066471f1b8700.npz,True,unreviewed_kept,0,,,,
valid,15_242_208_198_46_jpg.rf.4b7c372e0a72fd4f423d93bb0ae292d3.jpg,15_242_208_198_46_jpg.rf.4b7c372e0a72fd4f423d93bb0ae292d3.npz,True,unreviewed_kept,0,,,,
valid,15_242_208_198_57_jpg.rf.2650f72f253117ea26178710562f951c.jpg,15_242_208_198_57_jpg.rf.2650f72f253117ea26178710562f951c.npz,True,unreviewed_kept,0,,,,
valid,15_242_208_199_15_jpg.rf.431ca30c7a2d8e0d27aa1dfd41bbbd29.jpg,15_242_208_199_15_jpg.rf.431ca30c7a2d8e0d27aa1dfd41bbbd29.npz,True,unreviewed_kept,0,,,,
valid,15_242_208_199_24_jpg.rf.f12fe84cd6137ae3556151c2757752e3.jpg,15_242_208_199_24_jpg.rf.f12fe84cd6137ae3556151c2757752e3.npz,True,unreviewed_kept,0,,,,
valid,15_242_208_199_33_jpg.rf.325b5444744108702b9c7ccdf6d62793.jpg,15_242_208_199_33_jpg.rf.325b5444744108702b9c7ccdf6d62793.npz,True,unreviewed_kept,0,,,,
valid,15_242_208_199_38_jpg.rf.adbccc02487ed248c120289ea38e18fa.jpg,15_242_208_199_38_jpg.rf.adbccc02487ed248c120289ea38e18fa.npz,True,unreviewed_kept,0,,,,
valid,15_242_208_199_42_jpg.rf.31f44f7cccc71872b098074f6024e018.jpg,15_242_208_199_42_jpg.rf.31f44f7cccc71872b098074f6024e018.npz,True,unreviewed_kept,0,,,,
valid,15_242_208_199_43_jpg.rf.eb0e1602b3944f75f5e358a74f7afe25.jpg,15_242_208_199_43_jpg.rf.eb0e1602b3944f75f5e358a74f7afe25.npz,True,unreviewed_kept,0,,,,
valid,15_242_208_19_12_jpg.rf.7202f10a38422f0bc034ad36d008f5b0.jpg,15_242_208_19_12_jpg.rf.7202f10a38422f0bc034ad36d008f5b0.npz,True,unreviewed_kept,0,,,,
valid,15_242_208_19_18_jpg.rf.3c1256d3565d783f97c7463b49a8d55c.jpg,15_242_208_19_18_jpg.rf.3c1256d3565d783f97c7463b49a8d55c.npz,True,unreviewed_kept,0,,,,
valid,15_242_208_19_25_jpg.rf.fcec268b491c77dcf88f8b438706c706.jpg,15_242_208_19_25_jpg.rf.fcec268b491c77dcf88f8b438706c706.npz,True,unreviewed_kept,0,,,,
valid,15_242_208_19_26_jpg.rf.7f31bac3f965925f0923ec8dbc1b942a.jpg,15_242_208_19_26_jpg.rf.7f31bac3f965925f0923ec8dbc1b942a.npz,True,unreviewed_kept,0,,,,
valid,15_242_208_19_5_jpg.rf.79ac7f01906945f46535df7892d2db21.jpg,15_242_208_19_5_jpg.rf.79ac7f01906945f46535df7892d2db21.npz,True,unreviewed_kept,0,,,,
valid,15_242_208_20_24_jpg.rf.f1bd1153a706999c813e041ad2707daa.jpg,15_242_208_20_24_jpg.rf.f1bd1153a706999c813e041ad2707daa.npz,True,unreviewed_kept,0,,,,
valid,15_242_208_20_4_jpg.rf.4aa6812a9c2941d66ca2594846d22fee.jpg,15_242_208_20_4_jpg.rf.4aa6812a9c2941d66ca2594846d22fee.npz,True,unreviewed_kept,0,,,,
valid,15_242_208_20_6_jpg.rf.322f0b327872afefc4389ad1d8e6bd5a.jpg,15_242_208_20_6_jpg.rf.322f0b327872afefc4389ad1d8e6bd5a.npz,True,unreviewed_kept,0,,,,
valid,15_242_208_20_8_jpg.rf.fbc863200763f6368b57a57b9388414b.jpg,15_242_208_20_8_jpg.rf.fbc863200763f6368b57a57b9388414b.npz,True,unreviewed_kept,0,,,,
valid,15_242_208_21_20_jpg.rf.49f57fd734739939d375e0b1151aa5bd.jpg,15_242_208_21_20_jpg.rf.49f57fd734739939d375e0b1151aa5bd.npz,True,unreviewed_kept,0,,,,
valid,15_242_208_22_13_jpg.rf.f09711942882f00671eb85f77635566d.jpg,15_242_208_22_13_jpg.rf.f09711942882f00671eb85f77635566d.npz,True,unreviewed_kept,0,,,,
valid,15_242_208_22_17_jpg.rf.7473de87cfc46821dd0a9653f77f4886.jpg,15_242_208_22_17_jpg.rf.7473de87cfc46821dd0a9653f77f4886.npz,True,unreviewed_kept,0,,,,
valid,15_242_208_22_26_jpg.rf.c03a4140f9c4e0ecb8ffb87a381b21ec.jpg,15_242_208_22_26_jpg.rf.c03a4140f9c4e0ecb8ffb87a381b21ec.npz,True,unreviewed_kept,0,,,,
valid,15_242_208_22_9_jpg.rf.451db4c2b58a0d7cbf0771a6e548c264.jpg,15_242_208_22_9_jpg.rf.451db4c2b58a0d7cbf0771a6e548c264.npz,True,unreviewed_kept,0,,,,
valid,15_242_208_23_14_jpg.rf.bc943141c26c11a99c03a43729030906.jpg,15_242_208_23_14_jpg.rf.bc943141c26c11a99c03a43729030906.npz,True,unreviewed_kept,0,,,,
valid,15_242_208_23_18_jpg.rf.8c8569ade0413e5fa22a53282b11b2e2.jpg,15_242_208_23_18_jpg.rf.8c8569ade0413e5fa22a53282b11b2e2.npz,True,unreviewed_kept,0,,,,
valid,15_242_208_23_21_jpg.rf.33beb73aaca31cb7ebe8da60b6cb7ec0.jpg,15_242_208_23_21_jpg.rf.33beb73aaca31cb7ebe8da60b6cb7ec0.npz,True,unreviewed_kept,0,,,,
valid,15_242_208_23_22_jpg.rf.2a35be84bfaf44a4306649c4da4e7fd2.jpg,15_242_208_23_22_jpg.rf.2a35be84bfaf44a4306649c4da4e7fd2.npz,True,unreviewed_kept,0,,,,
valid,15_242_208_23_26_jpg.rf.9d4eccaa8e9a59e3b1ff980221eacc3a.jpg,15_242_208_23_26_jpg.rf.9d4eccaa8e9a59e3b1ff980221eacc3a.npz,True,unreviewed_kept,0,,,,
valid,15_242_208_23_5_jpg.rf.645bb327937e3f34efecfe221145e506.jpg,15_242_208_23_5_jpg.rf.645bb327937e3f34efecfe221145e506.npz,True,unreviewed_kept,0,,,,
valid,15_242_208_24_14_jpg.rf.448f5d8884f5a619f8e8ad677d6db0ec.jpg,15_242_208_24_14_jpg.rf.448f5d8884f5a619f8e8ad677d6db0ec.npz,True,unreviewed_kept,0,,,,
valid,15_242_208_24_15_jpg.rf.bc0e6e39bfb0d427d261a6a286fc84a0.jpg,15_242_208_24_15_jpg.rf.bc0e6e39bfb0d427d261a6a286fc84a0.npz,True,unreviewed_kept,0,,,,
valid,15_242_208_24_23_jpg.rf.73b45d716cd2650f01ee10fd832be9c6.jpg,15_242_208_24_23_jpg.rf.73b45d716cd2650f01ee10fd832be9c6.npz,True,unreviewed_kept,0,,,,
valid,15_242_208_24_27_jpg.rf.be02e17be0b0b05b1841a65275302d14.jpg,15_242_208_24_27_jpg.rf.be02e17be0b0b05b1841a65275302d14.npz,True,unreviewed_kept,0,,,,
valid,15_242_208_24_6_jpg.rf.ae4cfbef4c6629d68d8821d0eeb6c3fb.jpg,15_242_208_24_6_jpg.rf.ae4cfbef4c6629d68d8821d0eeb6c3fb.npz,True,unreviewed_kept,0,,,,
valid,15_242_208_25_24_jpg.rf.736830d1c6563f560b569262e8303c06.jpg,15_242_208_25_24_jpg.rf.736830d1c6563f560b569262e8303c06.npz,True,unreviewed_kept,0,,,,
valid,15_242_208_25_27_jpg.rf.12c39baa1d515b6703b9ef297f477b8e.jpg,15_242_208_25_27_jpg.rf.12c39baa1d515b6703b9ef297f477b8e.npz,True,unreviewed_kept,0,,,,
valid,15_242_208_25_4_jpg.rf.75fe6d518c3fcf0ff07d7382d8319dda.jpg,15_242_208_25_4_jpg.rf.75fe6d518c3fcf0ff07d7382d8319dda.npz,True,unreviewed_kept,0,,,,
valid,15_242_208_26_14_jpg.rf.7475aa350808df89c5af6cfd22f148f7.jpg,15_242_208_26_14_jpg.rf.7475aa350808df89c5af6cfd22f148f7.npz,True,unreviewed_kept,0,,,,
valid,15_242_208_26_25_jpg.rf.84946fde06e4eafcd667bdf626215112.jpg,15_242_208_26_25_jpg.rf.84946fde06e4eafcd667bdf626215112.npz,True,unreviewed_kept,0,,,,
valid,15_242_208_26_26_jpg.rf.aac3f8ce935b5dedf6cef352c8867384.jpg,15_242_208_26_26_jpg.rf.aac3f8ce935b5dedf6cef352c8867384.npz,True,unreviewed_kept,0,,,,
valid,15_242_208_26_8_jpg.rf.dc0927298a5d39b20798f81d13f89a78.jpg,15_242_208_26_8_jpg.rf.dc0927298a5d39b20798f81d13f89a78.npz,True,unreviewed_kept,0,,,,
valid,15_242_208_27_11_jpg.rf.cc0b2588f0fd3c1b6e85fe1a1bae24d9.jpg,15_242_208_27_11_jpg.rf.cc0b2588f0fd3c1b6e85fe1a1bae24d9.npz,True,unreviewed_kept,0,,,,
valid,15_242_208_27_12_jpg.rf.d54dc2bd88fc2e6cd82812353cbbb219.jpg,15_242_208_27_12_jpg.rf.d54dc2bd88fc2e6cd82812353cbbb219.npz,True,unreviewed_kept,0,,,,
valid,15_242_208_28_17_jpg.rf.470bd884e3ca9c8778684a81a4381722.jpg,15_242_208_28_17_jpg.rf.470bd884e3ca9c8778684a81a4381722.npz,True,unreviewed_kept,0,,,,
valid,15_242_208_28_20_jpg.rf.0a1160e4112630890a46cd36d845c4e2.jpg,15_242_208_28_20_jpg.rf.0a1160e4112630890a46cd36d845c4e2.npz,True,unreviewed_kept,0,,,,
valid,15_242_208_28_22_jpg.rf.d59c351d1702ff7c14dcf635aa1b047f.jpg,15_242_208_28_22_jpg.rf.d59c351d1702ff7c14dcf635aa1b047f.npz,True,unreviewed_kept,0,,,,
valid,15_242_208_28_23_jpg.rf.0a2a6f3799099fa2277a49f5d85dd2d3.jpg,15_242_208_28_23_jpg.rf.0a2a6f3799099fa2277a49f5d85dd2d3.npz,True,unreviewed_kept,0,,,,
valid,15_242_208_29_14_jpg.rf.125af32d9b1e90ab4b91996a704ac2e0.jpg,15_242_208_29_14_jpg.rf.125af32d9b1e90ab4b91996a704ac2e0.npz,True,unreviewed_kept,0,,,,
valid,15_242_208_29_19_jpg.rf.581dce3f1b8635607313d60b6667e693.jpg,15_242_208_29_19_jpg.rf.581dce3f1b8635607313d60b6667e693.npz,True,unreviewed_kept,0,,,,
valid,15_242_208_29_22_jpg.rf.a665c5cf42313ad6fe46fd8d3fdeaa23.jpg,15_242_208_29_22_jpg.rf.a665c5cf42313ad6fe46fd8d3fdeaa23.npz,True,unreviewed_kept,0,,,,
valid,15_242_208_29_24_jpg.rf.fa0cfb50cede4d258bb0bc507a885927.jpg,15_242_208_29_24_jpg.rf.fa0cfb50cede4d258bb0bc507a885927.npz,True,unreviewed_kept,0,,,,
valid,15_242_208_29_27_jpg.rf.bfae48493e92022e45655899ddaa4a5c.jpg,15_242_208_29_27_jpg.rf.bfae48493e92022e45655899ddaa4a5c.npz,True,unreviewed_kept,0,,,,
valid,15_242_208_30_10_jpg.rf.972b342f542ef1ec3be58dc9478022be.jpg,15_242_208_30_10_jpg.rf.972b342f542ef1ec3be58dc9478022be.npz,True,unreviewed_kept,0,,,,
valid,15_242_208_30_12_jpg.rf.dc7d8f15956c52229d7a7e14a845cfea.jpg,15_242_208_30_12_jpg.rf.dc7d8f15956c52229d7a7e14a845cfea.npz,True,unreviewed_kept,0,,,,
valid,15_242_208_30_13_jpg.rf.8be0c3b45f7a867b9abf847894b4eea2.jpg,15_242_208_30_13_jpg.rf.8be0c3b45f7a867b9abf847894b4eea2.npz,True,unreviewed_kept,0,,,,
valid,15_242_208_30_17_jpg.rf.c99fe6582c8706e3ae04e4d227a6d13a.jpg,15_242_208_30_17_jpg.rf.c99fe6582c8706e3ae04e4d227a6d13a.npz,True,unreviewed_kept,0,,,,
valid,15_242_208_30_19_jpg.rf.0e9a4a5c76c2ca42e56609a795bee5ac.jpg,15_242_208_30_19_jpg.rf.0e9a4a5c76c2ca42e56609a795bee5ac.npz,True,unreviewed_kept,0,,,,
valid,15_242_208_30_25_jpg.rf.c3dc0be97d96e5094189130c14097a0e.jpg,15_242_208_30_25_jpg.rf.c3dc0be97d96e5094189130c14097a0e.npz,True,unreviewed_kept,0,,,,
valid,15_242_208_30_9_jpg.rf.01793c5e9f1c26ef1ea5610c00681afc.jpg,15_242_208_30_9_jpg.rf.01793c5e9f1c26ef1ea5610c00681afc.npz,True,unreviewed_kept,0,,,,
valid,15_242_208_31_14_jpg.rf.74bc31071d05e2b2de41ccf7949f66dd.jpg,15_242_208_31_14_jpg.rf.74bc31071d05e2b2de41ccf7949f66dd.npz,True,unreviewed_kept,0,,,,
valid,15_242_208_31_22_jpg.rf.61e32d6f906f5318b7f17a9f2003bc61.jpg,15_242_208_31_22_jpg.rf.61e32d6f906f5318b7f17a9f2003bc61.npz,True,unreviewed_kept,0,,,,
valid,15_242_208_31_27_jpg.rf.5d782928a608cf2664af92ca87fcb6bb.jpg,15_242_208_31_27_jpg.rf.5d782928a608cf2664af92ca87fcb6bb.npz,True,unreviewed_kept,0,,,,
valid,15_242_208_31_8_jpg.rf.3d41d223a37734d4584ea8ea6f736634.jpg,15_242_208_31_8_jpg.rf.3d41d223a37734d4584ea8ea6f736634.npz,True,unreviewed_kept,0,,,,
valid,15_242_208_31_9_jpg.rf.40b6fa0a0564fde97bc3352e9ea7a850.jpg,15_242_208_31_9_jpg.rf.40b6fa0a0564fde97bc3352e9ea7a850.npz,True,unreviewed_kept,0,,,,
valid,15_242_208_32_15_jpg.rf.93af86a133c98fef9c8fda40b8c2ef59.jpg,15_242_208_32_15_jpg.rf.93af86a133c98fef9c8fda40b8c2ef59.npz,True,unreviewed_kept,0,,,,
valid,15_242_208_32_25_jpg.rf.6dee475b03258587963ce1294e76cc4f.jpg,15_242_208_32_25_jpg.rf.6dee475b03258587963ce1294e76cc4f.npz,True,unreviewed_kept,0,,,,
valid,15_242_208_32_5_jpg.rf.627276e4cab4d6801cf84cc26a38cac7.jpg,15_242_208_32_5_jpg.rf.627276e4cab4d6801cf84cc26a38cac7.npz,True,unreviewed_kept,0,,,,
valid,15_242_208_33_10_jpg.rf.a0465438f56d2010ad8ccfec5ab94ff6.jpg,15_242_208_33_10_jpg.rf.a0465438f56d2010ad8ccfec5ab94ff6.npz,True,unreviewed_kept,0,,,,
valid,15_242_208_33_17_jpg.rf.b263d2ebf0fd972ca6902cc936acd8ad.jpg,15_242_208_33_17_jpg.rf.b263d2ebf0fd972ca6902cc936acd8ad.npz,True,unreviewed_kept,0,,,,
valid,15_242_208_33_5_jpg.rf.7309eff8c1f3d198e8906724f19bba96.jpg,15_242_208_33_5_jpg.rf.7309eff8c1f3d198e8906724f19bba96.npz,True,unreviewed_kept,0,,,,
valid,15_242_208_33_9_jpg.rf.554a3ad64f6f93c16946fbce6c0fa5c1.jpg,15_242_208_33_9_jpg.rf.554a3ad64f6f93c16946fbce6c0fa5c1.npz,True,unreviewed_kept,0,,,,
valid,15_242_208_34_6_jpg.rf.5562b9b453cf9a65d46fc029e6b5b5d9.jpg,15_242_208_34_6_jpg.rf.5562b9b453cf9a65d46fc029e6b5b5d9.npz,True,unreviewed_kept,0,,,,
valid,15_242_208_35_15_jpg.rf.5f2c3af828f4609980b69e134e940116.jpg,15_242_208_35_15_jpg.rf.5f2c3af828f4609980b69e134e940116.npz,True,unreviewed_kept,0,,,,
valid,15_242_208_35_16_jpg.rf.3b4a244e869c3c6b7c31b882628035a1.jpg,15_242_208_35_16_jpg.rf.3b4a244e869c3c6b7c31b882628035a1.npz,True,unreviewed_kept,0,,,,
valid,15_242_208_35_18_jpg.rf.b94813e4e13a3513d4f37067c2ad5f85.jpg,15_242_208_35_18_jpg.rf.b94813e4e13a3513d4f37067c2ad5f85.npz,True,unreviewed_kept,0,,,,
valid,15_242_208_35_19_jpg.rf.62fba79b6cdaa437e6aeea67d1089b3d.jpg,15_242_208_35_19_jpg.rf.62fba79b6cdaa437e6aeea67d1089b3d.npz,True,unreviewed_kept,0,,,,
valid,15_242_208_35_27_jpg.rf.83ab6b8cd2e688a4939bf9e02bd43727.jpg,15_242_208_35_27_jpg.rf.83ab6b8cd2e688a4939bf9e02bd43727.npz,True,unreviewed_kept,0,,,,
valid,15_242_208_36_10_jpg.rf.121819d9c61f27d710a609b51b8d801d.jpg,15_242_208_36_10_jpg.rf.121819d9c61f27d710a609b51b8d801d.npz,True,unreviewed_kept,0,,,,
valid,15_242_208_36_16_jpg.rf.f6f8a359ee868fa00af35e19ccdfc8bd.jpg,15_242_208_36_16_jpg.rf.f6f8a359ee868fa00af35e19ccdfc8bd.npz,True,unreviewed_kept,0,,,,
valid,15_242_208_36_19_jpg.rf.0657d9d8a463ebfed9c3931dafeb72ac.jpg,15_242_208_36_19_jpg.rf.0657d9d8a463ebfed9c3931dafeb72ac.npz,True,unreviewed_kept,0,,,,
valid,15_242_208_36_22_jpg.rf.9257422255c6e15144efd99f877cabb1.jpg,15_242_208_36_22_jpg.rf.9257422255c6e15144efd99f877cabb1.npz,True,unreviewed_kept,0,,,,
valid,15_242_208_37_22_jpg.rf.bde3a77cc8621d3d6bfe92e767e1219b.jpg,15_242_208_37_22_jpg.rf.bde3a77cc8621d3d6bfe92e767e1219b.npz,True,unreviewed_kept,0,,,,
valid,15_242_208_37_26_jpg.rf.58cfc6a0e45e991581a5fdca8f630d1e.jpg,15_242_208_37_26_jpg.rf.58cfc6a0e45e991581a5fdca8f630d1e.npz,True,unreviewed_kept,0,,,,
valid,15_242_208_38_10_jpg.rf.4830f9acb6f71dfe9c241caa2a108c93.jpg,15_242_208_38_10_jpg.rf.4830f9acb6f71dfe9c241caa2a108c93.npz,True,unreviewed_kept,0,,,,
valid,15_242_208_38_12_jpg.rf.bff52577e28bcada93c1b51277e18be7.jpg,15_242_208_38_12_jpg.rf.bff52577e28bcada93c1b51277e18be7.npz,True,unreviewed_kept,0,,,,
valid,15_242_208_38_15_jpg.rf.d2e41d638f5d9d97419b354cb8ead9d3.jpg,15_242_208_38_15_jpg.rf.d2e41d638f5d9d97419b354cb8ead9d3.npz,True,unreviewed_kept,0,,,,
valid,15_242_208_38_16_jpg.rf.a4dd959d83884decda122b85d3dd4f3a.jpg,15_242_208_38_16_jpg.rf.a4dd959d83884decda122b85d3dd4f3a.npz,True,unreviewed_kept,0,,,,
valid,15_242_208_38_5_jpg.rf.ea58dc2ca8ef4e3a9e92e136f36e0767.jpg,15_242_208_38_5_jpg.rf.ea58dc2ca8ef4e3a9e92e136f36e0767.npz,True,unreviewed_kept,0,,,,
valid,15_242_208_38_8_jpg.rf.e7aadc7dff977e0d2d3dc55d37b6681a.jpg,15_242_208_38_8_jpg.rf.e7aadc7dff977e0d2d3dc55d37b6681a.npz,True,unreviewed_kept,0,,,,
valid,15_242_208_39_11_jpg.rf.b02d32c6dad8746c2ebf0fe25e0321a7.jpg,15_242_208_39_11_jpg.rf.b02d32c6dad8746c2ebf0fe25e0321a7.npz,True,unreviewed_kept,0,,,,
valid,15_242_208_39_23_jpg.rf.d796771f4f18e58ea2f21a89279de49f.jpg,15_242_208_39_23_jpg.rf.d796771f4f18e58ea2f21a89279de49f.npz,True,unreviewed_kept,0,,,,
valid,15_242_208_39_9_jpg.rf.78de116cfe9dedc64f908a60d638a9ca.jpg,15_242_208_39_9_jpg.rf.78de116cfe9dedc64f908a60d638a9ca.npz,True,unreviewed_kept,0,,,,
valid,15_242_208_41_13_jpg.rf.03fdab2836b68a258ef84754490f9272.jpg,15_242_208_41_13_jpg.rf.03fdab2836b68a258ef84754490f9272.npz,True,unreviewed_kept,0,,,,
valid,15_242_208_41_17_jpg.rf.cd6dd375f07dbcd09bc4859ef0e962c7.jpg,15_242_208_41_17_jpg.rf.cd6dd375f07dbcd09bc4859ef0e962c7.npz,True,unreviewed_kept,0,,,,
valid,15_242_208_41_9_jpg.rf.a475ff2dd625a914d7d771bc6ac2d897.jpg,15_242_208_41_9_jpg.rf.a475ff2dd625a914d7d771bc6ac2d897.npz,True,unreviewed_kept,0,,,,
valid,15_242_211_19_16_jpg.rf.51dc44768b987d0d5fbe4f9f2df6fcae.jpg,15_242_211_19_16_jpg.rf.51dc44768b987d0d5fbe4f9f2df6fcae.npz,True,unreviewed_kept,0,,,,
valid,15_242_211_19_17_jpg.rf.33efd337c34dda8be0e6cdaeebf31da5.jpg,15_242_211_19_17_jpg.rf.33efd337c34dda8be0e6cdaeebf31da5.npz,True,unreviewed_kept,0,,,,
valid,15_242_211_19_18_jpg.rf.4433cdcbab8c09147be3e72f4311d9de.jpg,15_242_211_19_18_jpg.rf.4433cdcbab8c09147be3e72f4311d9de.npz,True,unreviewed_kept,0,,,,
valid,15_242_211_19_19_jpg.rf.ae0f0fe8986f39be17ecde8c0f552bb6.jpg,15_242_211_19_19_jpg.rf.ae0f0fe8986f39be17ecde8c0f552bb6.npz,True,unreviewed_kept,0,,,,
valid,15_242_211_20_11_jpg.rf.b71afc7db20a4ec478717f2a823b3b04.jpg,15_242_211_20_11_jpg.rf.b71afc7db20a4ec478717f2a823b3b04.npz,True,unreviewed_kept,0,,,,
valid,15_242_211_20_16_jpg.rf.1a79b4bd45bd4964c5d36bc30ce8546c.jpg,15_242_211_20_16_jpg.rf.1a79b4bd45bd4964c5d36bc30ce8546c.npz,True,unreviewed_kept,0,,,,
valid,15_242_211_20_3_jpg.rf.bf3fe25789c0befc717412431f3cabe0.jpg,15_242_211_20_3_jpg.rf.bf3fe25789c0befc717412431f3cabe0.npz,True,unreviewed_kept,0,,,,
valid,15_242_211_21_10_jpg.rf.7123a874dfe124ed0d2772a553382c52.jpg,15_242_211_21_10_jpg.rf.7123a874dfe124ed0d2772a553382c52.npz,True,unreviewed_kept,0,,,,
valid,15_242_211_21_14_jpg.rf.02a7d26bc88339401e42cc960ed52a77.jpg,15_242_211_21_14_jpg.rf.02a7d26bc88339401e42cc960ed52a77.npz,True,unreviewed_kept,0,,,,
valid,15_242_211_21_18_jpg.rf.d8d13f774dafdb38108ebb7c0619e167.jpg,15_242_211_21_18_jpg.rf.d8d13f774dafdb38108ebb7c0619e167.npz,True,unreviewed_kept,0,,,,
valid,15_242_211_21_23_jpg.rf.7e29e126309df0ea5f554dfda7b50f66.jpg,15_242_211_21_23_jpg.rf.7e29e126309df0ea5f554dfda7b50f66.npz,True,unreviewed_kept,0,,,,
valid,15_242_211_21_2_jpg.rf.b2a9fd0a24f82e122ea604a9357c671f.jpg,15_242_211_21_2_jpg.rf.b2a9fd0a24f82e122ea604a9357c671f.npz,True,unreviewed_kept,0,,,,
valid,15_242_211_21_3_jpg.rf.ab494655ec342aabcab69eebff62b87b.jpg,15_242_211_21_3_jpg.rf.ab494655ec342aabcab69eebff62b87b.npz,True,unreviewed_kept,0,,,,
valid,15_242_211_21_4_jpg.rf.41ff89958d2b71fc3ea7875bd34718f8.jpg,15_242_211_21_4_jpg.rf.41ff89958d2b71fc3ea7875bd34718f8.npz,True,unreviewed_kept,0,,,,
valid,15_242_211_22_11_jpg.rf.2a8c2eb3a141b3eeffc935f00a446a0b.jpg,15_242_211_22_11_jpg.rf.2a8c2eb3a141b3eeffc935f00a446a0b.npz,True,unreviewed_kept,0,,,,
valid,15_242_211_22_12_jpg.rf.29be14ceca5ed7ae22bcb0079ac8e8cc.jpg,15_242_211_22_12_jpg.rf.29be14ceca5ed7ae22bcb0079ac8e8cc.npz,True,unreviewed_kept,0,,,,
valid,15_242_211_22_15_jpg.rf.e582b0b3173d5d25f2254c12209522d7.jpg,15_242_211_22_15_jpg.rf.e582b0b3173d5d25f2254c12209522d7.npz,True,unreviewed_kept,0,,,,
valid,15_242_211_22_16_jpg.rf.2589e354bb93196dc06188714795ebb0.jpg,15_242_211_22_16_jpg.rf.2589e354bb93196dc06188714795ebb0.npz,True,unreviewed_kept,0,,,,
valid,15_242_211_22_17_jpg.rf.e879eca817c3760c04e901fbf4ccec20.jpg,15_242_211_22_17_jpg.rf.e879eca817c3760c04e901fbf4ccec20.npz,True,unreviewed_kept,0,,,,
valid,15_242_211_22_18_jpg.rf.39c05d88171ba0c679ad4a7479320bff.jpg,15_242_211_22_18_jpg.rf.39c05d88171ba0c679ad4a7479320bff.npz,True,unreviewed_kept,0,,,,
valid,15_242_211_22_20_jpg.rf.d75d239a52822c3d1a6cd959edbb1dab.jpg,15_242_211_22_20_jpg.rf.d75d239a52822c3d1a6cd959edbb1dab.npz,True,unreviewed_kept,0,,,,
valid,15_242_211_22_2_jpg.rf.6167a2ed08d40e3749aa9dac79b745b1.jpg,15_242_211_22_2_jpg.rf.6167a2ed08d40e3749aa9dac79b745b1.npz,True,unreviewed_kept,0,,,,
valid,15_242_211_22_7_jpg.rf.1e579770a6760bebc24e4f53ea64028b.jpg,15_242_211_22_7_jpg.rf.1e579770a6760bebc24e4f53ea64028b.npz,True,unreviewed_kept,0,,,,
valid,15_242_212_16_26_jpg.rf.f5ebc40211cfbd7ff11dc348cbb3c801.jpg,15_242_212_16_26_jpg.rf.f5ebc40211cfbd7ff11dc348cbb3c801.npz,True,unreviewed_kept,0,,,,
valid,15_242_212_17_10_jpg.rf.b3143d62aa7ec348cfbd78d534a43913.jpg,15_242_212_17_10_jpg.rf.b3143d62aa7ec348cfbd78d534a43913.npz,True,unreviewed_kept,0,,,,
valid,15_242_212_17_7_jpg.rf.8f8295a83cf29f3273b6de9443c7840a.jpg,15_242_212_17_7_jpg.rf.8f8295a83cf29f3273b6de9443c7840a.npz,True,reviewed_kept,1,B,Y,N,模型检出能力不足
valid,15_242_212_18_6_jpg.rf.b2f0327523774c9e9e16d3dec5bac5f8.jpg,15_242_212_18_6_jpg.rf.b2f0327523774c9e9e16d3dec5bac5f8.npz,True,unreviewed_kept,0,,,,
valid,15_242_212_19_12_jpg.rf.2f4b094bdbd97400a18bdaf5f89f02f3.jpg,15_242_212_19_12_jpg.rf.2f4b094bdbd97400a18bdaf5f89f02f3.npz,True,unreviewed_kept,0,,,,
valid,15_242_212_20_18_jpg.rf.6dbdde0be3f67c9522036f58c1f67fcb.jpg,15_242_212_20_18_jpg.rf.6dbdde0be3f67c9522036f58c1f67fcb.npz,True,unreviewed_kept,0,,,,
valid,15_242_212_20_22_jpg.rf.fa41d35ebd5e3d24bd374ab257d0d830.jpg,15_242_212_20_22_jpg.rf.fa41d35ebd5e3d24bd374ab257d0d830.npz,True,unreviewed_kept,0,,,,
valid,15_242_212_20_23_jpg.rf.ffe2c8b5b50cd355d9108b636e420341.jpg,15_242_212_20_23_jpg.rf.ffe2c8b5b50cd355d9108b636e420341.npz,True,unreviewed_kept,0,,,,
valid,15_242_212_20_6_jpg.rf.8c9c4078d84aba037f7284bf5ffdec4c.jpg,15_242_212_20_6_jpg.rf.8c9c4078d84aba037f7284bf5ffdec4c.npz,True,unreviewed_kept,0,,,,
valid,15_242_212_20_9_jpg.rf.1a29ccdf03044447ff0c05a4111159ae.jpg,15_242_212_20_9_jpg.rf.1a29ccdf03044447ff0c05a4111159ae.npz,True,unreviewed_kept,0,,,,
valid,15_242_212_21_10_jpg.rf.9d02ddc1a904770c721038bb7fa63a38.jpg,15_242_212_21_10_jpg.rf.9d02ddc1a904770c721038bb7fa63a38.npz,True,unreviewed_kept,0,,,,
valid,15_242_212_21_24_jpg.rf.0e6861b5ccbe7eec5ff43a943e8ed679.jpg,15_242_212_21_24_jpg.rf.0e6861b5ccbe7eec5ff43a943e8ed679.npz,True,unreviewed_kept,0,,,,
valid,15_242_212_21_25_jpg.rf.7a77ad09f9563063410801ef6e70f966.jpg,15_242_212_21_25_jpg.rf.7a77ad09f9563063410801ef6e70f966.npz,True,unreviewed_kept,0,,,,
valid,15_242_212_21_27_jpg.rf.d586b85941759b7ca2449c5a57bd0153.jpg,15_242_212_21_27_jpg.rf.d586b85941759b7ca2449c5a57bd0153.npz,True,unreviewed_kept,0,,,,
valid,15_242_212_21_6_jpg.rf.dcf0195de5c0bfbbd2e965129fbb4f5d.jpg,15_242_212_21_6_jpg.rf.dcf0195de5c0bfbbd2e965129fbb4f5d.npz,True,unreviewed_kept,0,,,,
valid,15_242_212_22_26_jpg.rf.a2e00ffe8f34d5243c3aaeb04b6580a7.jpg,15_242_212_22_26_jpg.rf.a2e00ffe8f34d5243c3aaeb04b6580a7.npz,True,unreviewed_kept,0,,,,
valid,15_242_212_22_6_jpg.rf.654244516c237564bcb97f37daf6e4cb.jpg,15_242_212_22_6_jpg.rf.654244516c237564bcb97f37daf6e4cb.npz,True,unreviewed_kept,0,,,,
valid,15_242_212_23_20_jpg.rf.bcbe6f04eb74d6da82b735500a1d5df1.jpg,15_242_212_23_20_jpg.rf.bcbe6f04eb74d6da82b735500a1d5df1.npz,True,unreviewed_kept,0,,,,
valid,15_242_212_23_26_jpg.rf.54871a43432754e5bdd3312a2d9b2461.jpg,15_242_212_23_26_jpg.rf.54871a43432754e5bdd3312a2d9b2461.npz,True,unreviewed_kept,0,,,,
valid,15_242_212_23_9_jpg.rf.1c4b33961f7503dd638bdd536a5a0725.jpg,15_242_212_23_9_jpg.rf.1c4b33961f7503dd638bdd536a5a0725.npz,True,unreviewed_kept,0,,,,
valid,15_242_212_24_14_jpg.rf.1e03c3492adfdfbc63fbc1c1423e79c9.jpg,15_242_212_24_14_jpg.rf.1e03c3492adfdfbc63fbc1c1423e79c9.npz,True,unreviewed_kept,0,,,,
valid,15_242_212_24_20_jpg.rf.51024e7364727e895325b42e512c0946.jpg,15_242_212_24_20_jpg.rf.51024e7364727e895325b42e512c0946.npz,True,unreviewed_kept,0,,,,
valid,15_242_212_24_21_jpg.rf.f9d5d2baac999955a3ad0d6408dfae2d.jpg,15_242_212_24_21_jpg.rf.f9d5d2baac999955a3ad0d6408dfae2d.npz,True,unreviewed_kept,0,,,,
valid,15_242_212_25_15_jpg.rf.ba988586341f52561c58d05ffde8726c.jpg,15_242_212_25_15_jpg.rf.ba988586341f52561c58d05ffde8726c.npz,True,unreviewed_kept,0,,,,
valid,15_242_212_25_8_jpg.rf.8f007a403e387f7bcfd563f9b0065c7f.jpg,15_242_212_25_8_jpg.rf.8f007a403e387f7bcfd563f9b0065c7f.npz,True,unreviewed_kept,0,,,,
valid,15_242_212_26_15_jpg.rf.44f50f2fd692021013aa886a085b5c17.jpg,15_242_212_26_15_jpg.rf.44f50f2fd692021013aa886a085b5c17.npz,True,unreviewed_kept,0,,,,
valid,15_242_212_26_19_jpg.rf.f6e3e11ee902c4bff30c0b541879cf88.jpg,15_242_212_26_19_jpg.rf.f6e3e11ee902c4bff30c0b541879cf88.npz,True,unreviewed_kept,0,,,,
valid,15_242_212_27_11_jpg.rf.c61d48ab26a6bdb1e20e6ae233f68c57.jpg,15_242_212_27_11_jpg.rf.c61d48ab26a6bdb1e20e6ae233f68c57.npz,True,unreviewed_kept,0,,,,
valid,15_242_212_27_7_jpg.rf.2512cd7e8f34e4a1adc1c8000579b103.jpg,15_242_212_27_7_jpg.rf.2512cd7e8f34e4a1adc1c8000579b103.npz,True,unreviewed_kept,0,,,,
valid,15_242_303_57_13_jpg.rf.dc4994aa13c6d97434d98dfb18529320.jpg,15_242_303_57_13_jpg.rf.dc4994aa13c6d97434d98dfb18529320.npz,True,unreviewed_kept,0,,,,
valid,15_242_312_36_18_jpg.rf.1f46220f614d1420fbf038edcb56cbd3.jpg,15_242_312_36_18_jpg.rf.1f46220f614d1420fbf038edcb56cbd3.npz,True,unreviewed_kept,0,,,,
valid,16_224_101_109_29_jpg.rf.ca6f66bcd9565c3d5527a6d8d5021e87.jpg,16_224_101_109_29_jpg.rf.ca6f66bcd9565c3d5527a6d8d5021e87.npz,True,unreviewed_kept,0,,,,
valid,16_224_101_109_32_jpg.rf.d4a16723fee9db148f911fd1f8548add.jpg,16_224_101_109_32_jpg.rf.d4a16723fee9db148f911fd1f8548add.npz,True,unreviewed_kept,0,,,,
valid,16_224_101_110_13_jpg.rf.d218aab94231cad66cf15490a3c8a4ff.jpg,16_224_101_110_13_jpg.rf.d218aab94231cad66cf15490a3c8a4ff.npz,True,unreviewed_kept,0,,,,
valid,16_224_101_110_26_jpg.rf.ce7e43952072c34f24b15a15e3cf6be0.jpg,16_224_101_110_26_jpg.rf.ce7e43952072c34f24b15a15e3cf6be0.npz,True,unreviewed_kept,0,,,,
valid,16_224_101_111_26_jpg.rf.3da56684968f609cf4a52f4f9c3a8297.jpg,16_224_101_111_26_jpg.rf.3da56684968f609cf4a52f4f9c3a8297.npz,True,unreviewed_kept,0,,,,
valid,16_224_101_111_30_jpg.rf.bce58c1225c0411f57ba4fb2e9808f4f.jpg,16_224_101_111_30_jpg.rf.bce58c1225c0411f57ba4fb2e9808f4f.npz,True,unreviewed_kept,0,,,,
valid,16_224_101_111_36_jpg.rf.8390773c27a6e90c0bd7289aee349733.jpg,16_224_101_111_36_jpg.rf.8390773c27a6e90c0bd7289aee349733.npz,True,unreviewed_kept,0,,,,
valid,16_224_101_111_37_jpg.rf.8ef7647836949d0faabc1cc84139277d.jpg,16_224_101_111_37_jpg.rf.8ef7647836949d0faabc1cc84139277d.npz,True,unreviewed_kept,0,,,,
valid,16_224_101_112_18_jpg.rf.609e615d4f684d7ef8a70f868277b366.jpg,16_224_101_112_18_jpg.rf.609e615d4f684d7ef8a70f868277b366.npz,True,unreviewed_kept,0,,,,
valid,16_224_603_157_55_jpg.rf.375f7314e593b03b6db948de9614566c.jpg,16_224_603_157_55_jpg.rf.375f7314e593b03b6db948de9614566c.npz,True,unreviewed_kept,0,,,,
valid,16_224_603_158_31_jpg.rf.9d462e48344ebc080f60c3bc950a8938.jpg,16_224_603_158_31_jpg.rf.9d462e48344ebc080f60c3bc950a8938.npz,True,unreviewed_kept,0,,,,
valid,16_224_603_158_45_jpg.rf.0e9e9a4fd58ff305a4aefcccabec219b.jpg,16_224_603_158_45_jpg.rf.0e9e9a4fd58ff305a4aefcccabec219b.npz,True,unreviewed_kept,0,,,,
valid,16_224_603_158_51_jpg.rf.a85f578bab037d78a2488a6670291742.jpg,16_224_603_158_51_jpg.rf.a85f578bab037d78a2488a6670291742.npz,True,unreviewed_kept,0,,,,
valid,16_224_603_158_58_jpg.rf.845d61629b4808ab3f189bff7fb2c334.jpg,16_224_603_158_58_jpg.rf.845d61629b4808ab3f189bff7fb2c334.npz,True,unreviewed_kept,0,,,,
valid,16_224_603_159_40_jpg.rf.db8b01b65e7170dcd1e7ae679b320b97.jpg,16_224_603_159_40_jpg.rf.db8b01b65e7170dcd1e7ae679b320b97.npz,True,unreviewed_kept,0,,,,
valid,16_224_603_159_55_jpg.rf.8f7c8eb78749ec25eee7d1116b020e9d.jpg,16_224_603_159_55_jpg.rf.8f7c8eb78749ec25eee7d1116b020e9d.npz,True,unreviewed_kept,0,,,,
valid,16_224_603_159_56_jpg.rf.d8463284d03e98eb6779cd809ce9cb01.jpg,16_224_603_159_56_jpg.rf.d8463284d03e98eb6779cd809ce9cb01.npz,True,unreviewed_kept,0,,,,
valid,16_224_603_161_37_jpg.rf.c157c22bcb452ad08327af6c7abc560b.jpg,16_224_603_161_37_jpg.rf.c157c22bcb452ad08327af6c7abc560b.npz,True,unreviewed_kept,0,,,,
valid,16_224_603_161_38_jpg.rf.8d25b19bd7375357e536922bff8e03e8.jpg,16_224_603_161_38_jpg.rf.8d25b19bd7375357e536922bff8e03e8.npz,True,unreviewed_kept,0,,,,
valid,16_224_603_161_44_jpg.rf.d312e821ac05aa34e88410781841e1c3.jpg,16_224_603_161_44_jpg.rf.d312e821ac05aa34e88410781841e1c3.npz,True,unreviewed_kept,0,,,,
valid,16_224_603_162_39_jpg.rf.9a870b2394cd10a4cbb138327c4f3a36.jpg,16_224_603_162_39_jpg.rf.9a870b2394cd10a4cbb138327c4f3a36.npz,True,unreviewed_kept,0,,,,
valid,16_224_603_162_42_jpg.rf.dc93579c380cbae610857041dd0d0ac4.jpg,16_224_603_162_42_jpg.rf.dc93579c380cbae610857041dd0d0ac4.npz,True,unreviewed_kept,0,,,,
valid,16_224_603_162_44_jpg.rf.2eee33619dbfb0445249ced3e9445523.jpg,16_224_603_162_44_jpg.rf.2eee33619dbfb0445249ced3e9445523.npz,True,unreviewed_kept,0,,,,
valid,16_224_604_90_44_jpg.rf.f650c55b3e2e17039aba944c3eb3ade7.jpg,16_224_604_90_44_jpg.rf.f650c55b3e2e17039aba944c3eb3ade7.npz,True,unreviewed_kept,0,,,,
valid,16_224_604_91_50_jpg.rf.c47421bbc008ff15123a320d81269dad.jpg,16_224_604_91_50_jpg.rf.c47421bbc008ff15123a320d81269dad.npz,True,unreviewed_kept,0,,,,
valid,16_224_604_92_67_jpg.rf.b2219efc2dd5db3ae98fea4c4c2b9f08.jpg,16_224_604_92_67_jpg.rf.b2219efc2dd5db3ae98fea4c4c2b9f08.npz,True,unreviewed_kept,0,,,,
valid,16_224_604_92_6_jpg.rf.430f1bbdfcd44552aeb9216018a25065.jpg,16_224_604_92_6_jpg.rf.430f1bbdfcd44552aeb9216018a25065.npz,True,unreviewed_kept,0,,,,
valid,16_224_606_181_27_jpg.rf.302ad9ad65b3aa0c670c911a82756cbd.jpg,16_224_606_181_27_jpg.rf.302ad9ad65b3aa0c670c911a82756cbd.npz,True,unreviewed_kept,0,,,,
valid,16_253_302_18_10_jpg.rf.c67fabb0378366be36fed7c8f9598cea.jpg,16_253_302_18_10_jpg.rf.c67fabb0378366be36fed7c8f9598cea.npz,True,unreviewed_kept,0,,,,
valid,16_253_302_18_23_jpg.rf.080d314987851a7587baaa989cca04e2.jpg,16_253_302_18_23_jpg.rf.080d314987851a7587baaa989cca04e2.npz,True,unreviewed_kept,0,,,,
valid,16_253_308_20_14_jpg.rf.2988c4b6f71cce07ee848cf4fcfa373b.jpg,16_253_308_20_14_jpg.rf.2988c4b6f71cce07ee848cf4fcfa373b.npz,True,unreviewed_kept,0,,,,
valid,16_253_308_20_15_jpg.rf.7691786fa9b147fffb4f7f154510c23b.jpg,16_253_308_20_15_jpg.rf.7691786fa9b147fffb4f7f154510c23b.npz,True,unreviewed_kept,0,,,,
valid,16_253_308_21_10_jpg.rf.fe7501979bcc77ff63d9ef33b2b583ba.jpg,16_253_308_21_10_jpg.rf.fe7501979bcc77ff63d9ef33b2b583ba.npz,True,unreviewed_kept,0,,,,
valid,16_253_308_21_13_jpg.rf.69f2b281b8b25dcb00c4faa0f2647963.jpg,16_253_308_21_13_jpg.rf.69f2b281b8b25dcb00c4faa0f2647963.npz,True,unreviewed_kept,0,,,,
valid,16_253_308_22_10_jpg.rf.8fd0dc403c6e3100e72c213899e54389.jpg,16_253_308_22_10_jpg.rf.8fd0dc403c6e3100e72c213899e54389.npz,True,unreviewed_kept,0,,,,
valid,16_253_308_22_6_jpg.rf.033fe86da0b39e84dbf74e2f296fbb23.jpg,16_253_308_22_6_jpg.rf.033fe86da0b39e84dbf74e2f296fbb23.npz,True,unreviewed_kept,0,,,,
valid,16_253_308_22_7_jpg.rf.33cb10540f7b1edafe975c6b88a7530c.jpg,16_253_308_22_7_jpg.rf.33cb10540f7b1edafe975c6b88a7530c.npz,True,unreviewed_kept,0,,,,
valid,16_253_308_22_8_jpg.rf.8addc251543ab6458746276efb4b8387.jpg,16_253_308_22_8_jpg.rf.8addc251543ab6458746276efb4b8387.npz,True,unreviewed_kept,0,,,,
valid,16_253_308_23_13_jpg.rf.57f8b79f61365ba13eb47015e9c8eab6.jpg,16_253_308_23_13_jpg.rf.57f8b79f61365ba13eb47015e9c8eab6.npz,True,unreviewed_kept,0,,,,
valid,16_253_308_23_7_jpg.rf.d8b7f6e5c853c766c848a88372835867.jpg,16_253_308_23_7_jpg.rf.d8b7f6e5c853c766c848a88372835867.npz,True,unreviewed_kept,0,,,,
valid,16_253_308_31_12_jpg.rf.596ec747c5ee8428557d902836867ff6.jpg,16_253_308_31_12_jpg.rf.596ec747c5ee8428557d902836867ff6.npz,True,unreviewed_kept,0,,,,
valid,16_253_308_31_9_jpg.rf.bc7d6426075d91c0e021db6c019b4279.jpg,16_253_308_31_9_jpg.rf.bc7d6426075d91c0e021db6c019b4279.npz,True,unreviewed_kept,0,,,,
valid,16_253_308_32_11_jpg.rf.cd10c8721d171bef57fb147541d14bac.jpg,16_253_308_32_11_jpg.rf.cd10c8721d171bef57fb147541d14bac.npz,True,unreviewed_kept,0,,,,
valid,16_253_308_33_16_jpg.rf.31eb052da36c6688be97244d7b6bace5.jpg,16_253_308_33_16_jpg.rf.31eb052da36c6688be97244d7b6bace5.npz,True,unreviewed_kept,0,,,,
valid,16_253_308_33_4_jpg.rf.0a6bfd13864a9254b1a071025f85d57c.jpg,16_253_308_33_4_jpg.rf.0a6bfd13864a9254b1a071025f85d57c.npz,True,unreviewed_kept,0,,,,
valid,16_253_308_33_7_jpg.rf.0c6dd0877fa84ccc4d3384b219631e2e.jpg,16_253_308_33_7_jpg.rf.0c6dd0877fa84ccc4d3384b219631e2e.npz,True,unreviewed_kept,0,,,,
valid,16_256_202_21_7_jpg.rf.27adfaab40d7b92cc631b07474f09b99.jpg,16_256_202_21_7_jpg.rf.27adfaab40d7b92cc631b07474f09b99.npz,True,unreviewed_kept,0,,,,
valid,16_256_202_24_9_jpg.rf.cc9dc3d463db245dd0ed4f25efd9c454.jpg,16_256_202_24_9_jpg.rf.cc9dc3d463db245dd0ed4f25efd9c454.npz,True,unreviewed_kept,0,,,,
valid,16_256_205_13_6_jpg.rf.08cee54a5450dcad40a31dbadd3b136b.jpg,16_256_205_13_6_jpg.rf.08cee54a5450dcad40a31dbadd3b136b.npz,True,unreviewed_kept,0,,,,
valid,16_256_205_16_11_jpg.rf.8c6c2eef09afad18ca7d6ad2774efb6e.jpg,16_256_205_16_11_jpg.rf.8c6c2eef09afad18ca7d6ad2774efb6e.npz,True,unreviewed_kept,0,,,,
valid,16_256_207_22_19_jpg.rf.79fbff06a0c3eaa464a94deba0bc81a0.jpg,16_256_207_22_19_jpg.rf.79fbff06a0c3eaa464a94deba0bc81a0.npz,True,unreviewed_kept,0,,,,
valid,16_256_207_23_19_jpg.rf.387d367254a1f0790ed1b7ae7de563fb.jpg,16_256_207_23_19_jpg.rf.387d367254a1f0790ed1b7ae7de563fb.npz,True,unreviewed_kept,0,,,,
valid,16_256_207_23_23_jpg.rf.ebc2f7363cefd43654e153a87a45d4a6.jpg,16_256_207_23_23_jpg.rf.ebc2f7363cefd43654e153a87a45d4a6.npz,True,unreviewed_kept,0,,,,
valid,17_209_102_10_16_jpg.rf.1a3a9c9b0a5b612646a08f0c76540103.jpg,17_209_102_10_16_jpg.rf.1a3a9c9b0a5b612646a08f0c76540103.npz,True,unreviewed_kept,0,,,,
valid,17_209_102_10_32_jpg.rf.3238ce04d96a0f8c3721b63e19588840.jpg,17_209_102_10_32_jpg.rf.3238ce04d96a0f8c3721b63e19588840.npz,True,unreviewed_kept,0,,,,
valid,17_209_102_11_15_jpg.rf.54718c249d5af1af2396d13b69c0799f.jpg,17_209_102_11_15_jpg.rf.54718c249d5af1af2396d13b69c0799f.npz,True,unreviewed_kept,0,,,,
valid,17_209_102_11_17_jpg.rf.a29081033f342635b23d649dcba269cd.jpg,17_209_102_11_17_jpg.rf.a29081033f342635b23d649dcba269cd.npz,True,unreviewed_kept,0,,,,
valid,17_209_102_11_21_jpg.rf.9f4061651cf41db7824a2855848d83e1.jpg,17_209_102_11_21_jpg.rf.9f4061651cf41db7824a2855848d83e1.npz,True,unreviewed_kept,0,,,,
valid,17_209_102_11_22_jpg.rf.3165d19da0a2fbef1a068c67406ff279.jpg,17_209_102_11_22_jpg.rf.3165d19da0a2fbef1a068c67406ff279.npz,True,unreviewed_kept,0,,,,
valid,17_209_102_11_28_jpg.rf.edb7090bcc03a7146a293847dd60913a.jpg,17_209_102_11_28_jpg.rf.edb7090bcc03a7146a293847dd60913a.npz,True,unreviewed_kept,0,,,,
valid,17_209_102_11_34_jpg.rf.a296659a73b733e29f693e279d0ed1c0.jpg,17_209_102_11_34_jpg.rf.a296659a73b733e29f693e279d0ed1c0.npz,True,unreviewed_kept,0,,,,
valid,17_209_102_16_16_jpg.rf.c712d7c80b7808d1e783f2e10851a78b.jpg,17_209_102_16_16_jpg.rf.c712d7c80b7808d1e783f2e10851a78b.npz,True,unreviewed_kept,0,,,,
valid,17_209_102_6_24_jpg.rf.e579fe7275816fd4190d6cd5448da1f5.jpg,17_209_102_6_24_jpg.rf.e579fe7275816fd4190d6cd5448da1f5.npz,True,unreviewed_kept,0,,,,
valid,17_209_102_6_28_jpg.rf.592abe4fea35c29aac00f9feae8240fb.jpg,17_209_102_6_28_jpg.rf.592abe4fea35c29aac00f9feae8240fb.npz,True,unreviewed_kept,0,,,,
valid,17_209_102_6_33_jpg.rf.992f8ad1332d3c668e7e1f7f8fbddc85.jpg,17_209_102_6_33_jpg.rf.992f8ad1332d3c668e7e1f7f8fbddc85.npz,True,unreviewed_kept,0,,,,
valid,17_209_102_7_23_jpg.rf.8c18606c2ef97a837b4b203f3ca7c05d.jpg,17_209_102_7_23_jpg.rf.8c18606c2ef97a837b4b203f3ca7c05d.npz,True,reviewed_kept,1,,,,
valid,17_209_102_7_26_jpg.rf.e1a1b40654a32da54226f6a8a2f0802e.jpg,17_209_102_7_26_jpg.rf.e1a1b40654a32da54226f6a8a2f0802e.npz,True,unreviewed_kept,0,,,,
valid,17_209_102_7_29_jpg.rf.99de794216934cf8c6e243a0822484ff.jpg,17_209_102_7_29_jpg.rf.99de794216934cf8c6e243a0822484ff.npz,True,unreviewed_kept,0,,,,
valid,17_209_102_7_33_jpg.rf.e7d758fac8d3f16c1ef521a1bdaacd57.jpg,17_209_102_7_33_jpg.rf.e7d758fac8d3f16c1ef521a1bdaacd57.npz,True,unreviewed_kept,0,,,,
valid,17_209_102_8_16_jpg.rf.28ce1555b433df30d6dfedb7223f9fab.jpg,17_209_102_8_16_jpg.rf.28ce1555b433df30d6dfedb7223f9fab.npz,True,unreviewed_kept,0,,,,
valid,17_209_102_8_17_jpg.rf.f7d410f218345066c7ab1900ffa62c82.jpg,17_209_102_8_17_jpg.rf.f7d410f218345066c7ab1900ffa62c82.npz,True,unreviewed_kept,0,,,,
valid,17_209_102_8_18_jpg.rf.f6d2dbe821914e4fbb2cbcc5269c4e8d.jpg,17_209_102_8_18_jpg.rf.f6d2dbe821914e4fbb2cbcc5269c4e8d.npz,True,unreviewed_kept,0,,,,
valid,17_209_102_8_29_jpg.rf.9114d6b3b006931155b64eb6acee233d.jpg,17_209_102_8_29_jpg.rf.9114d6b3b006931155b64eb6acee233d.npz,True,unreviewed_kept,0,,,,
valid,17_209_102_9_15_jpg.rf.99b23952c12f56ea1f64a2b3ab61d0c8.jpg,17_209_102_9_15_jpg.rf.99b23952c12f56ea1f64a2b3ab61d0c8.npz,True,unreviewed_kept,0,,,,
valid,17_209_102_9_25_jpg.rf.1c8070feebcdc58687f59681ba10390d.jpg,17_209_102_9_25_jpg.rf.1c8070feebcdc58687f59681ba10390d.npz,True,unreviewed_kept,0,,,,
valid,17_209_102_9_27_jpg.rf.8b4d7970d94a4624b11c2757f32e4a9e.jpg,17_209_102_9_27_jpg.rf.8b4d7970d94a4624b11c2757f32e4a9e.npz,True,unreviewed_kept,0,,,,
valid,17_209_102_9_30_jpg.rf.49f30f1922f54e3704533df83d89e070.jpg,17_209_102_9_30_jpg.rf.49f30f1922f54e3704533df83d89e070.npz,True,unreviewed_kept,0,,,,
valid,17_209_102_9_35_jpg.rf.ac71cd87ef91a61e66892a0df1c3c34a.jpg,17_209_102_9_35_jpg.rf.ac71cd87ef91a61e66892a0df1c3c34a.npz,True,unreviewed_kept,0,,,,
valid,17_228_608_95_6_jpg.rf.bcfabed2956d1c9c69ec85dd98a761ac.jpg,17_228_608_95_6_jpg.rf.bcfabed2956d1c9c69ec85dd98a761ac.npz,True,unreviewed_kept,0,,,,
valid,17_228_801_67_43_jpg.rf.5adcb7d32f9473fecf84440970267745.jpg,17_228_801_67_43_jpg.rf.5adcb7d32f9473fecf84440970267745.npz,True,unreviewed_kept,0,,,,
valid,17_228_801_67_44_jpg.rf.d75dd5615e7040324f850e856f365370.jpg,17_228_801_67_44_jpg.rf.d75dd5615e7040324f850e856f365370.npz,True,unreviewed_kept,0,,,,
valid,17_228_801_67_60_jpg.rf.54205720ac5d18b14e8168305baa1369.jpg,17_228_801_67_60_jpg.rf.54205720ac5d18b14e8168305baa1369.npz,True,unreviewed_kept,0,,,,
valid,17_228_801_69_52_jpg.rf.fa4065bd6d77d1f88718ec68c7b0b0ff.jpg,17_228_801_69_52_jpg.rf.fa4065bd6d77d1f88718ec68c7b0b0ff.npz,True,unreviewed_kept,0,,,,
valid,17_228_801_69_56_jpg.rf.c140448bb1f1b6727752d5de5bcdd931.jpg,17_228_801_69_56_jpg.rf.c140448bb1f1b6727752d5de5bcdd931.npz,True,unreviewed_kept,0,,,,
valid,17_228_801_74_33_jpg.rf.b451abe3d8d97175a009b2354b98b0e7.jpg,17_228_801_74_33_jpg.rf.b451abe3d8d97175a009b2354b98b0e7.npz,True,unreviewed_kept,0,,,,
valid,17_228_801_94_49_jpg.rf.c85ca12f19314b194bbe3f93d2cb1899.jpg,17_228_801_94_49_jpg.rf.c85ca12f19314b194bbe3f93d2cb1899.npz,True,unreviewed_kept,0,,,,
valid,17_234_212_75_21_jpg.rf.a52fc0f9fbd5779336f469db06caa139.jpg,17_234_212_75_21_jpg.rf.a52fc0f9fbd5779336f469db06caa139.npz,True,unreviewed_kept,0,,,,
valid,17_234_212_75_22_jpg.rf.e5c8f2abf1912cb6db008219f68c0418.jpg,17_234_212_75_22_jpg.rf.e5c8f2abf1912cb6db008219f68c0418.npz,True,unreviewed_kept,0,,,,
valid,17_234_212_75_27_jpg.rf.1e64f0cc74f180c69af9e1d3095730e5.jpg,17_234_212_75_27_jpg.rf.1e64f0cc74f180c69af9e1d3095730e5.npz,True,unreviewed_kept,0,,,,
valid,17_234_212_75_29_jpg.rf.4441333601ed0fc60c7f18d1fd44d2c7.jpg,17_234_212_75_29_jpg.rf.4441333601ed0fc60c7f18d1fd44d2c7.npz,True,unreviewed_kept,0,,,,
valid,17_234_212_75_30_jpg.rf.603fa53c4bbc5886d7b8fc19c7aed559.jpg,17_234_212_75_30_jpg.rf.603fa53c4bbc5886d7b8fc19c7aed559.npz,False,excluded_label_problem,2,A,N,Y,标注有误，应为气球样变
valid,17_234_212_75_34_jpg.rf.0001cf65e5f8ecff59c38cd8c5006967.jpg,17_234_212_75_34_jpg.rf.0001cf65e5f8ecff59c38cd8c5006967.npz,True,unreviewed_kept,0,,,,
valid,17_234_212_76_15_jpg.rf.9a6af80944079d6fd5edcb6cfef08cc8.jpg,17_234_212_76_15_jpg.rf.9a6af80944079d6fd5edcb6cfef08cc8.npz,True,unreviewed_kept,0,,,,
valid,17_234_212_76_19_jpg.rf.b272a4de25b9c9812a6e63d6708f78e4.jpg,17_234_212_76_19_jpg.rf.b272a4de25b9c9812a6e63d6708f78e4.npz,True,unreviewed_kept,0,,,,
valid,17_234_212_76_20_jpg.rf.518120b69d4cb60fa119c7771c25eb5a.jpg,17_234_212_76_20_jpg.rf.518120b69d4cb60fa119c7771c25eb5a.npz,True,unreviewed_kept,0,,,,
valid,17_jpg.rf.48a4047e04929f9f9cea037864d57b33.jpg,17_jpg.rf.48a4047e04929f9f9cea037864d57b33.npz,True,unreviewed_kept,0,,,,
valid,18_211_205_3_18_jpg.rf.eef3e6b6c9374d077b5e29dc4ff9b8e1.jpg,18_211_205_3_18_jpg.rf.eef3e6b6c9374d077b5e29dc4ff9b8e1.npz,True,unreviewed_kept,0,,,,
valid,18_211_205_6_11_jpg.rf.db8294c936ec2f2d9c56ff93920fde54.jpg,18_211_205_6_11_jpg.rf.db8294c936ec2f2d9c56ff93920fde54.npz,True,unreviewed_kept,0,,,,
valid,18_211_205_6_19_jpg.rf.d790efd845f882448c115bae8a75feb5.jpg,18_211_205_6_19_jpg.rf.d790efd845f882448c115bae8a75feb5.npz,True,unreviewed_kept,0,,,,
valid,18_211_205_6_21_jpg.rf.0bdee58df7022ed340fecd7df1a9fed2.jpg,18_211_205_6_21_jpg.rf.0bdee58df7022ed340fecd7df1a9fed2.npz,True,unreviewed_kept,0,,,,
valid,18_211_206_18_19_jpg.rf.ddae5bfa373b70628108dc90c7c2eefa.jpg,18_211_206_18_19_jpg.rf.ddae5bfa373b70628108dc90c7c2eefa.npz,True,unreviewed_kept,0,,,,
valid,18_211_206_18_21_jpg.rf.5b839963a44c2eefb039747d26519e27.jpg,18_211_206_18_21_jpg.rf.5b839963a44c2eefb039747d26519e27.npz,True,unreviewed_kept,0,,,,
valid,18_211_206_19_7_jpg.rf.c5500bfb8295849813b015fc51b6a411.jpg,18_211_206_19_7_jpg.rf.c5500bfb8295849813b015fc51b6a411.npz,True,unreviewed_kept,0,,,,
valid,18_211_206_20_10_jpg.rf.59d38c1c94bb8f99f47d61635fe00633.jpg,18_211_206_20_10_jpg.rf.59d38c1c94bb8f99f47d61635fe00633.npz,True,unreviewed_kept,0,,,,
valid,18_211_206_23_24_jpg.rf.98a604c3c6f7208d5c71607f96eb6f8f.jpg,18_211_206_23_24_jpg.rf.98a604c3c6f7208d5c71607f96eb6f8f.npz,False,excluded_label_problem,1,A,N,Y,标注纤维化遗漏
valid,18_211_Masson_205_110_79_jpg.rf.622e24260a08d0621c478d7e51ae1920.jpg,18_211_Masson_205_110_79_jpg.rf.622e24260a08d0621c478d7e51ae1920.npz,True,unreviewed_kept,0,,,,
valid,18_211_Masson_205_111_23_jpg.rf.514416c61c2b8385e96a1493606cbd04.jpg,18_211_Masson_205_111_23_jpg.rf.514416c61c2b8385e96a1493606cbd04.npz,True,unreviewed_kept,0,,,,
valid,18_211_Masson_205_111_29_jpg.rf.518c523352865e3494567279fbe3f012.jpg,18_211_Masson_205_111_29_jpg.rf.518c523352865e3494567279fbe3f012.npz,True,unreviewed_kept,0,,,,
valid,18_211_Masson_205_111_9_jpg.rf.9f0b30429a5525d739ff28de771c83eb.jpg,18_211_Masson_205_111_9_jpg.rf.9f0b30429a5525d739ff28de771c83eb.npz,True,unreviewed_kept,0,,,,
valid,18_211_Masson_205_38_80_jpg.rf.59f97323cec6d5793dd2ee3d85273205.jpg,18_211_Masson_205_38_80_jpg.rf.59f97323cec6d5793dd2ee3d85273205.npz,True,unreviewed_kept,0,,,,
valid,18_211_Masson_205_39_49_jpg.rf.39abd995e2776cd3c4a9f9c691d66d4d.jpg,18_211_Masson_205_39_49_jpg.rf.39abd995e2776cd3c4a9f9c691d66d4d.npz,True,unreviewed_kept,0,,,,
valid,18_211_Masson_207_117_32_jpg.rf.37a9aefb0d71c95c70e6b693f09c0ea1.jpg,18_211_Masson_207_117_32_jpg.rf.37a9aefb0d71c95c70e6b693f09c0ea1.npz,True,unreviewed_kept,0,,,,
valid,18_211_Masson_208_10_30_jpg.rf.0fca53c74f2248ffe68d2244feaa04a3.jpg,18_211_Masson_208_10_30_jpg.rf.0fca53c74f2248ffe68d2244feaa04a3.npz,True,unreviewed_kept,0,,,,
valid,18_211_Masson_208_8_19_jpg.rf.0e1ce95f2c4adeea51a0d2b10d21f8d4.jpg,18_211_Masson_208_8_19_jpg.rf.0e1ce95f2c4adeea51a0d2b10d21f8d4.npz,True,unreviewed_kept,0,,,,
valid,18_217_212_49_12_jpg.rf.28fd408743d8bd573db1ef572cff16d4.jpg,18_217_212_49_12_jpg.rf.28fd408743d8bd573db1ef572cff16d4.npz,True,unreviewed_kept,0,,,,
valid,18_217_212_51_3_jpg.rf.6e33d6f183696832425ae60ee2db4d41.jpg,18_217_212_51_3_jpg.rf.6e33d6f183696832425ae60ee2db4d41.npz,True,unreviewed_kept,0,,,,
valid,18_217_212_52_9_jpg.rf.e73822b52ccb3fc045b1d091da0dee9f.jpg,18_217_212_52_9_jpg.rf.e73822b52ccb3fc045b1d091da0dee9f.npz,True,unreviewed_kept,0,,,,
valid,18_217_212_53_10_jpg.rf.4771d0d67127c86909a117b4781ad485.jpg,18_217_212_53_10_jpg.rf.4771d0d67127c86909a117b4781ad485.npz,True,unreviewed_kept,0,,,,
valid,18_217_212_53_11_jpg.rf.5e1c6b95ee9be7ea3742ebaa5d41bbfd.jpg,18_217_212_53_11_jpg.rf.5e1c6b95ee9be7ea3742ebaa5d41bbfd.npz,True,unreviewed_kept,0,,,,
valid,18_217_212_53_21_jpg.rf.31241b5153e662cdb27a2c6a7feac199.jpg,18_217_212_53_21_jpg.rf.31241b5153e662cdb27a2c6a7feac199.npz,True,unreviewed_kept,0,,,,
valid,18_217_212_54_20_jpg.rf.99d60d4ab2a7b1cc637b0320c7c79a63.jpg,18_217_212_54_20_jpg.rf.99d60d4ab2a7b1cc637b0320c7c79a63.npz,True,unreviewed_kept,0,,,,
valid,18_217_212_54_3_jpg.rf.f256af0e9fe72664319cf00a117e0fe3.jpg,18_217_212_54_3_jpg.rf.f256af0e9fe72664319cf00a117e0fe3.npz,True,unreviewed_kept,0,,,,
valid,18_217_212_55_22_jpg.rf.6d9c745d57c72ba0e45226ebe6ddca65.jpg,18_217_212_55_22_jpg.rf.6d9c745d57c72ba0e45226ebe6ddca65.npz,True,unreviewed_kept,0,,,,
valid,18_217_212_61_16_jpg.rf.26b2d3637d4bd1aca1b9ab494d3fcbe7.jpg,18_217_212_61_16_jpg.rf.26b2d3637d4bd1aca1b9ab494d3fcbe7.npz,True,unreviewed_kept,0,,,,
valid,18_217_217_42_23_jpg.rf.c78bb0d2ae53a0c3bd87d3c4a27e261a.jpg,18_217_217_42_23_jpg.rf.c78bb0d2ae53a0c3bd87d3c4a27e261a.npz,True,unreviewed_kept,0,,,,
valid,18_217_217_42_24_jpg.rf.e74f747ae175606bb00f942a527a63db.jpg,18_217_217_42_24_jpg.rf.e74f747ae175606bb00f942a527a63db.npz,True,unreviewed_kept,0,,,,
valid,18_217_217_42_27_jpg.rf.3c93a8eecba9bc9cb9d06380e0331e98.jpg,18_217_217_42_27_jpg.rf.3c93a8eecba9bc9cb9d06380e0331e98.npz,True,unreviewed_kept,0,,,,
valid,18_217_217_44_19_jpg.rf.e99082ae1da508a5bbe19ebebfac4770.jpg,18_217_217_44_19_jpg.rf.e99082ae1da508a5bbe19ebebfac4770.npz,True,unreviewed_kept,0,,,,
valid,18_217_217_45_19_jpg.rf.2bf0b6dd086e94f84f432793bd72fd8d.jpg,18_217_217_45_19_jpg.rf.2bf0b6dd086e94f84f432793bd72fd8d.npz,True,unreviewed_kept,0,,,,
valid,18_217_217_45_34_jpg.rf.81b6cc138fb8c139f7cef4ade993a78b.jpg,18_217_217_45_34_jpg.rf.81b6cc138fb8c139f7cef4ade993a78b.npz,True,unreviewed_kept,0,,,,
valid,18_217_217_46_13_jpg.rf.f27cac79111ff48d74f95c84b968e9c0.jpg,18_217_217_46_13_jpg.rf.f27cac79111ff48d74f95c84b968e9c0.npz,True,unreviewed_kept,0,,,,
valid,18_217_217_46_14_jpg.rf.23c77b58a85efd93772adc2b463ea47d.jpg,18_217_217_46_14_jpg.rf.23c77b58a85efd93772adc2b463ea47d.npz,True,unreviewed_kept,0,,,,
valid,18_217_217_46_18_jpg.rf.aa78e24a94fde9afab8cc09c6c3e555f.jpg,18_217_217_46_18_jpg.rf.aa78e24a94fde9afab8cc09c6c3e555f.npz,True,unreviewed_kept,0,,,,
valid,18_217_217_46_26_jpg.rf.5578cc788e192d85f24835d7db20dc45.jpg,18_217_217_46_26_jpg.rf.5578cc788e192d85f24835d7db20dc45.npz,True,unreviewed_kept,0,,,,
valid,18_217_217_46_29_jpg.rf.9e07a4db063ef98066ea972dcf25bc25.jpg,18_217_217_46_29_jpg.rf.9e07a4db063ef98066ea972dcf25bc25.npz,True,unreviewed_kept,0,,,,
valid,18_217_217_46_35_jpg.rf.d571b18febf813095a7475d2d3e031e5.jpg,18_217_217_46_35_jpg.rf.d571b18febf813095a7475d2d3e031e5.npz,True,unreviewed_kept,0,,,,
valid,18_217_217_47_6_jpg.rf.e2ef38f6acc4e76781489718e214a55b.jpg,18_217_217_47_6_jpg.rf.e2ef38f6acc4e76781489718e214a55b.npz,True,unreviewed_kept,0,,,,
valid,18_217_217_48_15_jpg.rf.07ccc23c64116af9f90ae192278f1070.jpg,18_217_217_48_15_jpg.rf.07ccc23c64116af9f90ae192278f1070.npz,True,unreviewed_kept,0,,,,
valid,18_217_217_48_17_jpg.rf.90f591a31ee83944c65cd9acf5b6df91.jpg,18_217_217_48_17_jpg.rf.90f591a31ee83944c65cd9acf5b6df91.npz,True,unreviewed_kept,0,,,,
valid,18_217_217_48_25_jpg.rf.6b200205edf0f71814388540c7836d0c.jpg,18_217_217_48_25_jpg.rf.6b200205edf0f71814388540c7836d0c.npz,True,unreviewed_kept,0,,,,
valid,18_217_217_48_9_jpg.rf.3348c32d8c344d26be8f15f44d887bb7.jpg,18_217_217_48_9_jpg.rf.3348c32d8c344d26be8f15f44d887bb7.npz,True,unreviewed_kept,0,,,,
valid,18_217_217_49_28_jpg.rf.7fc38d9ff8b1aff067e956441564bfdb.jpg,18_217_217_49_28_jpg.rf.7fc38d9ff8b1aff067e956441564bfdb.npz,True,unreviewed_kept,0,,,,
valid,18_217_217_50_12_jpg.rf.bd09e01b01e4bc867dc5aa75f1c84498.jpg,18_217_217_50_12_jpg.rf.bd09e01b01e4bc867dc5aa75f1c84498.npz,True,unreviewed_kept,0,,,,
valid,18_217_217_50_15_jpg.rf.b2557f4c711cc486042fa75033e57ed8.jpg,18_217_217_50_15_jpg.rf.b2557f4c711cc486042fa75033e57ed8.npz,True,unreviewed_kept,0,,,,
valid,18_217_217_50_25_jpg.rf.5f7723a8c97e81d47122d1d0e2be2f12.jpg,18_217_217_50_25_jpg.rf.5f7723a8c97e81d47122d1d0e2be2f12.npz,True,unreviewed_kept,0,,,,
valid,18_217_217_50_26_jpg.rf.eed1f3fa3486ab0457884c797edeaf47.jpg,18_217_217_50_26_jpg.rf.eed1f3fa3486ab0457884c797edeaf47.npz,True,unreviewed_kept,0,,,,
valid,18_217_217_50_27_jpg.rf.eb04901898c59936ba9dcc5590047229.jpg,18_217_217_50_27_jpg.rf.eb04901898c59936ba9dcc5590047229.npz,True,unreviewed_kept,0,,,,
valid,18_217_217_50_7_jpg.rf.3804fa2ed3f6486f4eef50f45bcc1747.jpg,18_217_217_50_7_jpg.rf.3804fa2ed3f6486f4eef50f45bcc1747.npz,True,unreviewed_kept,0,,,,
valid,18_217_217_51_26_jpg.rf.afbadcd4f07f6b66afa5fe0370a9909d.jpg,18_217_217_51_26_jpg.rf.afbadcd4f07f6b66afa5fe0370a9909d.npz,True,unreviewed_kept,0,,,,
valid,18_217_217_51_9_jpg.rf.8b96a333a8806ee79a32cfdfdc4420ba.jpg,18_217_217_51_9_jpg.rf.8b96a333a8806ee79a32cfdfdc4420ba.npz,True,unreviewed_kept,0,,,,
valid,18_217_217_52_12_jpg.rf.ed0accb7adfd83971c2c1ab64d606355.jpg,18_217_217_52_12_jpg.rf.ed0accb7adfd83971c2c1ab64d606355.npz,True,unreviewed_kept,0,,,,
valid,18_217_217_52_7_jpg.rf.3dee44a67d64b4642a4b4c8cf70f1fae.jpg,18_217_217_52_7_jpg.rf.3dee44a67d64b4642a4b4c8cf70f1fae.npz,True,unreviewed_kept,0,,,,
valid,18_217_217_53_10_jpg.rf.f4e9ae180f7e63f7e837355ab58e01d7.jpg,18_217_217_53_10_jpg.rf.f4e9ae180f7e63f7e837355ab58e01d7.npz,True,unreviewed_kept,0,,,,
valid,18_217_217_53_18_jpg.rf.949e0f09938f9e5b798bb56a61b7bf27.jpg,18_217_217_53_18_jpg.rf.949e0f09938f9e5b798bb56a61b7bf27.npz,True,unreviewed_kept,0,,,,
valid,18_217_217_53_31_jpg.rf.f16a7ebf7c704146a17ec43ee2231d38.jpg,18_217_217_53_31_jpg.rf.f16a7ebf7c704146a17ec43ee2231d38.npz,True,unreviewed_kept,0,,,,
valid,18_217_217_53_7_jpg.rf.90981208c4c9d68dc01dee098e37672a.jpg,18_217_217_53_7_jpg.rf.90981208c4c9d68dc01dee098e37672a.npz,False,excluded_label_problem,2,A,N,Y,炎症区域不典型
valid,18_217_217_54_11_jpg.rf.c1c8812075c90394782c177e9491f1cb.jpg,18_217_217_54_11_jpg.rf.c1c8812075c90394782c177e9491f1cb.npz,True,unreviewed_kept,0,,,,
valid,18_217_217_54_4_jpg.rf.ae418fc6e66e1a5eacc767cf26dd5a1e.jpg,18_217_217_54_4_jpg.rf.ae418fc6e66e1a5eacc767cf26dd5a1e.npz,True,unreviewed_kept,0,,,,
valid,18_217_217_55_10_jpg.rf.bd09db963392b226cd92f90e305db7ec.jpg,18_217_217_55_10_jpg.rf.bd09db963392b226cd92f90e305db7ec.npz,True,unreviewed_kept,0,,,,
valid,18_217_217_55_15_jpg.rf.f2bc9ac07fee4738bbfdbbabc0c149ec.jpg,18_217_217_55_15_jpg.rf.f2bc9ac07fee4738bbfdbbabc0c149ec.npz,True,unreviewed_kept,0,,,,
valid,18_217_217_55_17_jpg.rf.617ef63e9b0b66890a091f00150dd362.jpg,18_217_217_55_17_jpg.rf.617ef63e9b0b66890a091f00150dd362.npz,True,reviewed_kept,1,,,,
valid,18_217_217_55_24_jpg.rf.7678e358005df485b58dd8501eb9496d.jpg,18_217_217_55_24_jpg.rf.7678e358005df485b58dd8501eb9496d.npz,True,unreviewed_kept,0,,,,
valid,18_217_217_55_28_jpg.rf.3d97fbef6943c1d4722009ce0693c6be.jpg,18_217_217_55_28_jpg.rf.3d97fbef6943c1d4722009ce0693c6be.npz,True,unreviewed_kept,0,,,,
valid,18_217_217_55_3_jpg.rf.030034af75ae3f9d50e37bb1fd12a2d0.jpg,18_217_217_55_3_jpg.rf.030034af75ae3f9d50e37bb1fd12a2d0.npz,True,unreviewed_kept,0,,,,
valid,18_217_217_55_7_jpg.rf.0c1bfdc76b02d3068ae8f2de1e47f37f.jpg,18_217_217_55_7_jpg.rf.0c1bfdc76b02d3068ae8f2de1e47f37f.npz,True,unreviewed_kept,0,,,,
valid,18_217_217_56_15_jpg.rf.2ceded817575263a8ddb5c2a884617fe.jpg,18_217_217_56_15_jpg.rf.2ceded817575263a8ddb5c2a884617fe.npz,True,unreviewed_kept,0,,,,
valid,18_217_217_56_21_jpg.rf.aa0d53e99c580c76d2e39d1b452d002e.jpg,18_217_217_56_21_jpg.rf.aa0d53e99c580c76d2e39d1b452d002e.npz,True,unreviewed_kept,0,,,,
valid,18_217_217_56_28_jpg.rf.9688178018f8b38b8d847e64b9243452.jpg,18_217_217_56_28_jpg.rf.9688178018f8b38b8d847e64b9243452.npz,True,unreviewed_kept,0,,,,
valid,18_217_217_56_3_jpg.rf.342819333d697a03a8edbdd3094a058d.jpg,18_217_217_56_3_jpg.rf.342819333d697a03a8edbdd3094a058d.npz,True,unreviewed_kept,0,,,,
valid,18_217_217_56_9_jpg.rf.f9e6e559f9382ea37122f5abbc056030.jpg,18_217_217_56_9_jpg.rf.f9e6e559f9382ea37122f5abbc056030.npz,True,unreviewed_kept,0,,,,
valid,18_217_217_57_15_jpg.rf.31891071a5e670fb542073a09c41b672.jpg,18_217_217_57_15_jpg.rf.31891071a5e670fb542073a09c41b672.npz,True,unreviewed_kept,0,,,,
valid,18_217_217_57_30_jpg.rf.6dfbe7d1770a646e85d08e8dbbe8b999.jpg,18_217_217_57_30_jpg.rf.6dfbe7d1770a646e85d08e8dbbe8b999.npz,True,unreviewed_kept,0,,,,
valid,18_217_217_57_9_jpg.rf.aedd45137de55906dfa4722d11c90e41.jpg,18_217_217_57_9_jpg.rf.aedd45137de55906dfa4722d11c90e41.npz,True,unreviewed_kept,0,,,,
valid,18_217_217_58_28_jpg.rf.d32b72abc54ebc3506cd6bba9a0f9652.jpg,18_217_217_58_28_jpg.rf.d32b72abc54ebc3506cd6bba9a0f9652.npz,True,unreviewed_kept,0,,,,
valid,18_217_217_58_7_jpg.rf.5e64d3becd42bb1bd3da7982260f6ac9.jpg,18_217_217_58_7_jpg.rf.5e64d3becd42bb1bd3da7982260f6ac9.npz,True,unreviewed_kept,0,,,,
valid,18_217_217_59_19_jpg.rf.fdc882597db46c9ef5c595aa3c59886f.jpg,18_217_217_59_19_jpg.rf.fdc882597db46c9ef5c595aa3c59886f.npz,True,unreviewed_kept,0,,,,
valid,18_217_217_59_27_jpg.rf.8429f6a109542af648344db3968cc19a.jpg,18_217_217_59_27_jpg.rf.8429f6a109542af648344db3968cc19a.npz,True,unreviewed_kept,0,,,,
valid,18_217_217_59_3_jpg.rf.3e92b03176b964544b084f06518fa11f.jpg,18_217_217_59_3_jpg.rf.3e92b03176b964544b084f06518fa11f.npz,True,unreviewed_kept,0,,,,
valid,18_217_217_59_4_jpg.rf.4799f8cd05d8a22564c084aba74b025b.jpg,18_217_217_59_4_jpg.rf.4799f8cd05d8a22564c084aba74b025b.npz,True,unreviewed_kept,0,,,,
valid,18_217_217_61_14_jpg.rf.bb70d8df4969da56b127462bcfd3dcca.jpg,18_217_217_61_14_jpg.rf.bb70d8df4969da56b127462bcfd3dcca.npz,True,unreviewed_kept,0,,,,
valid,18_217_217_61_16_jpg.rf.cb4f6d1fdc952124e4d5544035ef41ad.jpg,18_217_217_61_16_jpg.rf.cb4f6d1fdc952124e4d5544035ef41ad.npz,True,unreviewed_kept,0,,,,
valid,18_217_217_61_19_jpg.rf.a33402ddf39c5f368d5a2c78c2db1537.jpg,18_217_217_61_19_jpg.rf.a33402ddf39c5f368d5a2c78c2db1537.npz,True,unreviewed_kept,0,,,,
valid,18_217_217_61_22_jpg.rf.630c2e1f58175f8508134f2fa597d014.jpg,18_217_217_61_22_jpg.rf.630c2e1f58175f8508134f2fa597d014.npz,True,unreviewed_kept,0,,,,
valid,18_217_217_61_23_jpg.rf.eceda1ca797c3ad98242c1f7f4984e99.jpg,18_217_217_61_23_jpg.rf.eceda1ca797c3ad98242c1f7f4984e99.npz,True,unreviewed_kept,0,,,,
valid,18_217_217_62_13_jpg.rf.72f33bc7a60e89ffc246d92008f91394.jpg,18_217_217_62_13_jpg.rf.72f33bc7a60e89ffc246d92008f91394.npz,True,unreviewed_kept,0,,,,
valid,18_217_217_62_14_jpg.rf.5abeab01ddff73911fab427ca927f21f.jpg,18_217_217_62_14_jpg.rf.5abeab01ddff73911fab427ca927f21f.npz,True,unreviewed_kept,0,,,,
valid,18_217_217_62_15_jpg.rf.f9343529c166fb5b930241090746176c.jpg,18_217_217_62_15_jpg.rf.f9343529c166fb5b930241090746176c.npz,True,unreviewed_kept,0,,,,
valid,18_217_217_62_20_jpg.rf.e2e7716b632420730dfb350f3a25c869.jpg,18_217_217_62_20_jpg.rf.e2e7716b632420730dfb350f3a25c869.npz,True,unreviewed_kept,0,,,,
valid,18_217_217_62_5_jpg.rf.050cb3247a205787887f05f111ba6872.jpg,18_217_217_62_5_jpg.rf.050cb3247a205787887f05f111ba6872.npz,True,unreviewed_kept,0,,,,
valid,18_217_217_63_18_jpg.rf.0fd96a0fbc2a1f19d04d1fd708d7fdd6.jpg,18_217_217_63_18_jpg.rf.0fd96a0fbc2a1f19d04d1fd708d7fdd6.npz,True,unreviewed_kept,0,,,,
valid,18_217_217_63_7_jpg.rf.53b132bfd64c8c299e701034c128f429.jpg,18_217_217_63_7_jpg.rf.53b132bfd64c8c299e701034c128f429.npz,True,unreviewed_kept,0,,,,
valid,18_217_217_64_17_jpg.rf.8d0f66931b0d8e6f9411caffc8530186.jpg,18_217_217_64_17_jpg.rf.8d0f66931b0d8e6f9411caffc8530186.npz,True,unreviewed_kept,0,,,,
valid,18_217_217_64_22_jpg.rf.2acefd9ff6e9b818206d66945e45a53f.jpg,18_217_217_64_22_jpg.rf.2acefd9ff6e9b818206d66945e45a53f.npz,True,unreviewed_kept,0,,,,
valid,18_217_217_65_8_jpg.rf.d42ec695d200a60b4b0fc9cf23a569af.jpg,18_217_217_65_8_jpg.rf.d42ec695d200a60b4b0fc9cf23a569af.npz,True,unreviewed_kept,0,,,,
valid,18_217_218_52_15_jpg.rf.aaed8f89488fec61636d6df7744c9578.jpg,18_217_218_52_15_jpg.rf.aaed8f89488fec61636d6df7744c9578.npz,True,unreviewed_kept,0,,,,
valid,18_217_218_52_20_jpg.rf.1af96ac9534792faefad1703f33057e3.jpg,18_217_218_52_20_jpg.rf.1af96ac9534792faefad1703f33057e3.npz,False,excluded_label_problem,2,A,N,Y,炎症不典型
valid,18_217_218_52_21_jpg.rf.668452e6e6493c829ac0528118e9129d.jpg,18_217_218_52_21_jpg.rf.668452e6e6493c829ac0528118e9129d.npz,True,unreviewed_kept,0,,,,
valid,18_217_218_52_27_jpg.rf.95fc0879c722c96c01322282758c7dc9.jpg,18_217_218_52_27_jpg.rf.95fc0879c722c96c01322282758c7dc9.npz,True,unreviewed_kept,0,,,,
valid,18_217_218_53_20_jpg.rf.02f067d2a003dd16d4b61f8ef4316c1d.jpg,18_217_218_53_20_jpg.rf.02f067d2a003dd16d4b61f8ef4316c1d.npz,True,unreviewed_kept,0,,,,
valid,18_217_218_53_23_jpg.rf.e12ee0d1a9dcd00b4655d73ebaad0a1f.jpg,18_217_218_53_23_jpg.rf.e12ee0d1a9dcd00b4655d73ebaad0a1f.npz,True,unreviewed_kept,0,,,,
valid,18_217_218_53_25_jpg.rf.76a8fa575840d87b579a6ad0af875aa5.jpg,18_217_218_53_25_jpg.rf.76a8fa575840d87b579a6ad0af875aa5.npz,True,unreviewed_kept,0,,,,
valid,18_217_218_53_26_jpg.rf.6798f703f80b77611cab6ee24ecc73d9.jpg,18_217_218_53_26_jpg.rf.6798f703f80b77611cab6ee24ecc73d9.npz,True,unreviewed_kept,0,,,,
valid,18_217_218_53_28_jpg.rf.f7d51c5cb228c6ad8cde2c6bdc27aa66.jpg,18_217_218_53_28_jpg.rf.f7d51c5cb228c6ad8cde2c6bdc27aa66.npz,True,unreviewed_kept,0,,,,
valid,18_217_218_53_33_jpg.rf.decabb7c3db84efaf0be8fb55caded15.jpg,18_217_218_53_33_jpg.rf.decabb7c3db84efaf0be8fb55caded15.npz,True,unreviewed_kept,0,,,,
valid,18_217_218_53_5_jpg.rf.db13c14acf54006be0a8d1d8fa96889a.jpg,18_217_218_53_5_jpg.rf.db13c14acf54006be0a8d1d8fa96889a.npz,True,unreviewed_kept,0,,,,
valid,18_217_218_54_10_jpg.rf.009f9c1d019a4ff9531a4179ef95bbe1.jpg,18_217_218_54_10_jpg.rf.009f9c1d019a4ff9531a4179ef95bbe1.npz,True,unreviewed_kept,0,,,,
valid,18_217_218_54_20_jpg.rf.cd8185021db642a289a74567ec191742.jpg,18_217_218_54_20_jpg.rf.cd8185021db642a289a74567ec191742.npz,True,unreviewed_kept,0,,,,
valid,18_217_218_54_26_jpg.rf.2e758280cfd35fe0d5680ebf3e4412e9.jpg,18_217_218_54_26_jpg.rf.2e758280cfd35fe0d5680ebf3e4412e9.npz,True,unreviewed_kept,0,,,,
valid,18_217_218_55_27_jpg.rf.fa7c71100a9cf5c32bd6a47ba3d0afbc.jpg,18_217_218_55_27_jpg.rf.fa7c71100a9cf5c32bd6a47ba3d0afbc.npz,True,unreviewed_kept,0,,,,
valid,18_217_218_55_35_jpg.rf.5717d80e9bf363a84b3786fef647523a.jpg,18_217_218_55_35_jpg.rf.5717d80e9bf363a84b3786fef647523a.npz,True,unreviewed_kept,0,,,,
valid,18_217_218_55_8_jpg.rf.dab0b8f915d296f12ecb81749cbca219.jpg,18_217_218_55_8_jpg.rf.dab0b8f915d296f12ecb81749cbca219.npz,True,unreviewed_kept,0,,,,
valid,18_217_218_56_20_jpg.rf.df371b6ac29046500925ec3cc7c7e5f2.jpg,18_217_218_56_20_jpg.rf.df371b6ac29046500925ec3cc7c7e5f2.npz,True,unreviewed_kept,0,,,,
valid,18_217_218_57_18_jpg.rf.bbe787b337a3edbc78414b67361fbff3.jpg,18_217_218_57_18_jpg.rf.bbe787b337a3edbc78414b67361fbff3.npz,True,unreviewed_kept,0,,,,
valid,18_217_218_57_21_jpg.rf.3488f24f4b1675aa8b21c0711ce9827e.jpg,18_217_218_57_21_jpg.rf.3488f24f4b1675aa8b21c0711ce9827e.npz,True,unreviewed_kept,0,,,,
valid,18_217_218_57_26_jpg.rf.46ed47f490f2c8abab8c6507cba616a4.jpg,18_217_218_57_26_jpg.rf.46ed47f490f2c8abab8c6507cba616a4.npz,True,unreviewed_kept,0,,,,
valid,18_217_218_57_27_jpg.rf.36458d47e5bb06677045495d48bf2c37.jpg,18_217_218_57_27_jpg.rf.36458d47e5bb06677045495d48bf2c37.npz,True,unreviewed_kept,0,,,,
valid,18_217_218_57_28_jpg.rf.9f434203bc9bfd97970cc784ebdffc1c.jpg,18_217_218_57_28_jpg.rf.9f434203bc9bfd97970cc784ebdffc1c.npz,True,unreviewed_kept,0,,,,
valid,18_217_218_58_10_jpg.rf.47a778f835e6d17869d249e961e3ff0a.jpg,18_217_218_58_10_jpg.rf.47a778f835e6d17869d249e961e3ff0a.npz,True,unreviewed_kept,0,,,,
valid,18_217_218_58_20_jpg.rf.53d9a36eaaa47bb761fe8ce6401a46d6.jpg,18_217_218_58_20_jpg.rf.53d9a36eaaa47bb761fe8ce6401a46d6.npz,True,unreviewed_kept,0,,,,
valid,18_217_219_70_16_jpg.rf.0fe7d114a5d9f20f09c27693babe1461.jpg,18_217_219_70_16_jpg.rf.0fe7d114a5d9f20f09c27693babe1461.npz,True,unreviewed_kept,0,,,,
valid,18_217_219_73_10_jpg.rf.f23efebea0f74f84998d20ce3b32af59.jpg,18_217_219_73_10_jpg.rf.f23efebea0f74f84998d20ce3b32af59.npz,True,unreviewed_kept,0,,,,
valid,18_217_219_73_12_jpg.rf.0a50ea9a3a60a2124d28e82776ad288a.jpg,18_217_219_73_12_jpg.rf.0a50ea9a3a60a2124d28e82776ad288a.npz,True,unreviewed_kept,0,,,,
valid,18_217_219_73_15_jpg.rf.980c6ccb916bfd5cb1311ec2aa66d5c0.jpg,18_217_219_73_15_jpg.rf.980c6ccb916bfd5cb1311ec2aa66d5c0.npz,True,unreviewed_kept,0,,,,
valid,18_217_219_74_15_jpg.rf.caa45e9175f251d4d6062adfba9394de.jpg,18_217_219_74_15_jpg.rf.caa45e9175f251d4d6062adfba9394de.npz,True,unreviewed_kept,0,,,,
valid,18_217_219_74_2_jpg.rf.fce4d9528475cbd302567ccc5646e46e.jpg,18_217_219_74_2_jpg.rf.fce4d9528475cbd302567ccc5646e46e.npz,True,unreviewed_kept,0,,,,
valid,18_217_219_74_7_jpg.rf.d8deae7ad15379b4a17d28fd3746d9e3.jpg,18_217_219_74_7_jpg.rf.d8deae7ad15379b4a17d28fd3746d9e3.npz,True,unreviewed_kept,0,,,,
valid,18_217_219_76_4_jpg.rf.191d0be7daf01619a15b5dd474f364bc.jpg,18_217_219_76_4_jpg.rf.191d0be7daf01619a15b5dd474f364bc.npz,True,unreviewed_kept,0,,,,
valid,18_219_206_53_21_jpg.rf.f7896ecea2d6193ad842ce21e32614c3.jpg,18_219_206_53_21_jpg.rf.f7896ecea2d6193ad842ce21e32614c3.npz,True,reviewed_kept,2,B,Y,N,模型判断能力不足
valid,18_219_208_47_24_jpg.rf.64cf8eeed08bbfad481613a1bf5f14fb.jpg,18_219_208_47_24_jpg.rf.64cf8eeed08bbfad481613a1bf5f14fb.npz,True,unreviewed_kept,0,,,,
valid,18_219_208_50_26_jpg.rf.044596dab10ceaa0333f58c99ec5e3fe.jpg,18_219_208_50_26_jpg.rf.044596dab10ceaa0333f58c99ec5e3fe.npz,True,unreviewed_kept,0,,,,
valid,18_219_208_50_8_jpg.rf.4f9007caefe968a74b0059d527477633.jpg,18_219_208_50_8_jpg.rf.4f9007caefe968a74b0059d527477633.npz,True,unreviewed_kept,0,,,,
valid,18_219_208_50_9_jpg.rf.7cbcf97b7bf208ba5ad7fa2be6f9ba7d.jpg,18_219_208_50_9_jpg.rf.7cbcf97b7bf208ba5ad7fa2be6f9ba7d.npz,True,unreviewed_kept,0,,,,
valid,18_219_208_51_19_jpg.rf.256923ebed6ccfda642c3f36a843a8b7.jpg,18_219_208_51_19_jpg.rf.256923ebed6ccfda642c3f36a843a8b7.npz,True,unreviewed_kept,0,,,,
valid,18_219_212_41_28_jpg.rf.4394063237f3b2039f85c2fff47ca964.jpg,18_219_212_41_28_jpg.rf.4394063237f3b2039f85c2fff47ca964.npz,True,unreviewed_kept,0,,,,
valid,18_228_Masson_207_35_28_jpg.rf.3e38db91c0c9e4087187dce7e14f0770.jpg,18_228_Masson_207_35_28_jpg.rf.3e38db91c0c9e4087187dce7e14f0770.npz,True,unreviewed_kept,0,,,,
valid,18_228_Masson_207_36_35_jpg.rf.1fec8ae69862257f8eb547c2dce1c0d8.jpg,18_228_Masson_207_36_35_jpg.rf.1fec8ae69862257f8eb547c2dce1c0d8.npz,True,unreviewed_kept,0,,,,
valid,18_228_Masson_208_65_50_jpg.rf.ae288c8a9f6d9ddc32a61188a8b12c7f.jpg,18_228_Masson_208_65_50_jpg.rf.ae288c8a9f6d9ddc32a61188a8b12c7f.npz,True,unreviewed_kept,0,,,,
valid,18_228_Masson_208_66_13_jpg.rf.5c5c2e4002fa211a216bd056b1421403.jpg,18_228_Masson_208_66_13_jpg.rf.5c5c2e4002fa211a216bd056b1421403.npz,True,unreviewed_kept,0,,,,
valid,18_228_Masson_208_67_41_jpg.rf.e593bde15bdc4d8fcdd0e2d1a98d30a6.jpg,18_228_Masson_208_67_41_jpg.rf.e593bde15bdc4d8fcdd0e2d1a98d30a6.npz,True,unreviewed_kept,0,,,,
valid,18_228_Masson_208_68_32_jpg.rf.305cca7f415b3b38fae4f67db5191607.jpg,18_228_Masson_208_68_32_jpg.rf.305cca7f415b3b38fae4f67db5191607.npz,True,unreviewed_kept,0,,,,
valid,18_228_Masson_208_68_45_jpg.rf.f8a0921f2f983b632f7c2e9b4982166e.jpg,18_228_Masson_208_68_45_jpg.rf.f8a0921f2f983b632f7c2e9b4982166e.npz,True,unreviewed_kept,0,,,,
valid,18_228_Masson_208_69_36_jpg.rf.c794152fb601b6d1a3c9213329b9d5e2.jpg,18_228_Masson_208_69_36_jpg.rf.c794152fb601b6d1a3c9213329b9d5e2.npz,True,unreviewed_kept,0,,,,
valid,18_228_Masson_505_100_31_jpg.rf.68cb8518a642dd00f21431af70208cd6.jpg,18_228_Masson_505_100_31_jpg.rf.68cb8518a642dd00f21431af70208cd6.npz,True,unreviewed_kept,0,,,,
valid,18_228_Masson_505_103_29_jpg.rf.5076b86c3fc2a25f9c725446ad2ba169.jpg,18_228_Masson_505_103_29_jpg.rf.5076b86c3fc2a25f9c725446ad2ba169.npz,True,unreviewed_kept,0,,,,
valid,18_228_Masson_505_103_33_jpg.rf.1eafe03c7775ec16c1d64779dc100b8d.jpg,18_228_Masson_505_103_33_jpg.rf.1eafe03c7775ec16c1d64779dc100b8d.npz,True,unreviewed_kept,0,,,,
valid,18_228_Masson_505_103_36_jpg.rf.d952c60783615411e89bdabb95673a63.jpg,18_228_Masson_505_103_36_jpg.rf.d952c60783615411e89bdabb95673a63.npz,True,unreviewed_kept,0,,,,
valid,18_228_Masson_505_103_38_jpg.rf.e23095234236a198d1c6f75b500bc410.jpg,18_228_Masson_505_103_38_jpg.rf.e23095234236a198d1c6f75b500bc410.npz,True,unreviewed_kept,0,,,,
valid,18_228_Masson_505_104_28_jpg.rf.7365a1e34b7a09690d22f1a09f24863d.jpg,18_228_Masson_505_104_28_jpg.rf.7365a1e34b7a09690d22f1a09f24863d.npz,True,unreviewed_kept,0,,,,
valid,18_228_Masson_505_80_28_jpg.rf.11e27605b28fd7f4a4f23aff812fb5f0.jpg,18_228_Masson_505_80_28_jpg.rf.11e27605b28fd7f4a4f23aff812fb5f0.npz,True,unreviewed_kept,0,,,,
valid,18_228_Masson_505_81_23_jpg.rf.99658bc4f479b01dad973da6b6d60cbc.jpg,18_228_Masson_505_81_23_jpg.rf.99658bc4f479b01dad973da6b6d60cbc.npz,True,unreviewed_kept,0,,,,
valid,18_228_Masson_505_83_24_jpg.rf.2ee576c5477125c0774deda60f6ef4b7.jpg,18_228_Masson_505_83_24_jpg.rf.2ee576c5477125c0774deda60f6ef4b7.npz,True,unreviewed_kept,0,,,,
valid,18_228_Masson_505_83_27_jpg.rf.cdd5db876d6ac827fe94617d2c655e22.jpg,18_228_Masson_505_83_27_jpg.rf.cdd5db876d6ac827fe94617d2c655e22.npz,True,unreviewed_kept,0,,,,
valid,18_228_Masson_505_83_33_jpg.rf.bd0ab48a383f568af4bfc3fc4e926061.jpg,18_228_Masson_505_83_33_jpg.rf.bd0ab48a383f568af4bfc3fc4e926061.npz,True,unreviewed_kept,0,,,,
valid,18_228_Masson_505_84_31_jpg.rf.281c402159517f43e252928fee9a0eea.jpg,18_228_Masson_505_84_31_jpg.rf.281c402159517f43e252928fee9a0eea.npz,True,unreviewed_kept,0,,,,
valid,18_228_Masson_505_84_33_jpg.rf.52ba98674d2dad9a89970e17af412c6a.jpg,18_228_Masson_505_84_33_jpg.rf.52ba98674d2dad9a89970e17af412c6a.npz,True,unreviewed_kept,0,,,,
valid,18_228_Masson_505_85_18_jpg.rf.f5faee7fcbcb655457ee064e253da459.jpg,18_228_Masson_505_85_18_jpg.rf.f5faee7fcbcb655457ee064e253da459.npz,True,unreviewed_kept,0,,,,
valid,18_228_Masson_505_86_18_jpg.rf.7446f469a62e6394eca83985100cf1a0.jpg,18_228_Masson_505_86_18_jpg.rf.7446f469a62e6394eca83985100cf1a0.npz,True,unreviewed_kept,0,,,,
valid,18_228_Masson_505_86_24_jpg.rf.3445b6a07decda283b81e796f20580d6.jpg,18_228_Masson_505_86_24_jpg.rf.3445b6a07decda283b81e796f20580d6.npz,True,unreviewed_kept,0,,,,
valid,18_228_Masson_505_86_29_jpg.rf.103a76fbf4b67ba3a595435fe93b62c5.jpg,18_228_Masson_505_86_29_jpg.rf.103a76fbf4b67ba3a595435fe93b62c5.npz,True,unreviewed_kept,0,,,,
valid,18_228_Masson_505_86_33_jpg.rf.8165462ed9ec9129c7f9d9eaa2cf2718.jpg,18_228_Masson_505_86_33_jpg.rf.8165462ed9ec9129c7f9d9eaa2cf2718.npz,True,unreviewed_kept,0,,,,
valid,18_228_Masson_505_87_27_jpg.rf.2b073fd56e32befd547000b1e1184256.jpg,18_228_Masson_505_87_27_jpg.rf.2b073fd56e32befd547000b1e1184256.npz,True,unreviewed_kept,0,,,,
valid,18_228_Masson_505_88_31_jpg.rf.96a2507067670ae59df545ebed9ac784.jpg,18_228_Masson_505_88_31_jpg.rf.96a2507067670ae59df545ebed9ac784.npz,True,unreviewed_kept,0,,,,
valid,18_228_Masson_505_89_22_jpg.rf.bf27b5732a0798c9609e411ddc7c4458.jpg,18_228_Masson_505_89_22_jpg.rf.bf27b5732a0798c9609e411ddc7c4458.npz,True,unreviewed_kept,0,,,,
valid,18_228_Masson_505_89_33_jpg.rf.a46f3ca20457877c21d0fbf80d84b579.jpg,18_228_Masson_505_89_33_jpg.rf.a46f3ca20457877c21d0fbf80d84b579.npz,True,unreviewed_kept,0,,,,
valid,18_228_Masson_505_89_36_jpg.rf.1903552444dc8608bca232c7532548f2.jpg,18_228_Masson_505_89_36_jpg.rf.1903552444dc8608bca232c7532548f2.npz,True,unreviewed_kept,0,,,,
valid,18_228_Masson_505_90_28_jpg.rf.5df51bf96511a05ff63726c730ecdf9c.jpg,18_228_Masson_505_90_28_jpg.rf.5df51bf96511a05ff63726c730ecdf9c.npz,True,unreviewed_kept,0,,,,
valid,18_228_Masson_505_91_30_jpg.rf.69f0d161b7c1cc09f84f36f106202eaf.jpg,18_228_Masson_505_91_30_jpg.rf.69f0d161b7c1cc09f84f36f106202eaf.npz,True,unreviewed_kept,0,,,,
valid,18_228_Masson_505_92_36_jpg.rf.fb369ce547b349cc727dc2fb9af3f2ea.jpg,18_228_Masson_505_92_36_jpg.rf.fb369ce547b349cc727dc2fb9af3f2ea.npz,True,unreviewed_kept,0,,,,
valid,18_228_Masson_505_92_38_jpg.rf.d9ae146ecd2f58408142244c64e630eb.jpg,18_228_Masson_505_92_38_jpg.rf.d9ae146ecd2f58408142244c64e630eb.npz,True,unreviewed_kept,0,,,,
valid,18_228_Masson_505_93_26_jpg.rf.27fd9043113830378de3727a20a2ae6b.jpg,18_228_Masson_505_93_26_jpg.rf.27fd9043113830378de3727a20a2ae6b.npz,True,unreviewed_kept,0,,,,
valid,18_228_Masson_505_93_27_jpg.rf.4badc79253aab3d901bc29c1a0b194d6.jpg,18_228_Masson_505_93_27_jpg.rf.4badc79253aab3d901bc29c1a0b194d6.npz,True,unreviewed_kept,0,,,,
valid,18_228_Masson_505_93_33_jpg.rf.79ef6699e7d5e70587e33d8b7f0bd19e.jpg,18_228_Masson_505_93_33_jpg.rf.79ef6699e7d5e70587e33d8b7f0bd19e.npz,True,unreviewed_kept,0,,,,
valid,18_228_Masson_505_94_21_jpg.rf.b199b6c2e0419a7a6c63f711716fa517.jpg,18_228_Masson_505_94_21_jpg.rf.b199b6c2e0419a7a6c63f711716fa517.npz,True,unreviewed_kept,0,,,,
valid,18_228_Masson_505_94_31_jpg.rf.9af44eba937728cd69eba0a18c2d54fb.jpg,18_228_Masson_505_94_31_jpg.rf.9af44eba937728cd69eba0a18c2d54fb.npz,True,unreviewed_kept,0,,,,
valid,18_228_Masson_505_96_36_jpg.rf.00ddddd1c794c6d17365e686eba0f50f.jpg,18_228_Masson_505_96_36_jpg.rf.00ddddd1c794c6d17365e686eba0f50f.npz,True,unreviewed_kept,0,,,,
valid,18_228_Masson_505_97_32_jpg.rf.79a71209d29dff05cd5a21043c52b97d.jpg,18_228_Masson_505_97_32_jpg.rf.79a71209d29dff05cd5a21043c52b97d.npz,True,unreviewed_kept,0,,,,
valid,18_228_Masson_505_97_38_jpg.rf.eec588e7603a4fce049541864beb48ce.jpg,18_228_Masson_505_97_38_jpg.rf.eec588e7603a4fce049541864beb48ce.npz,True,unreviewed_kept,0,,,,
valid,18_228_Masson_505_99_28_jpg.rf.671da82d5c18de24a786bf80e1ea0f62.jpg,18_228_Masson_505_99_28_jpg.rf.671da82d5c18de24a786bf80e1ea0f62.npz,True,unreviewed_kept,0,,,,
valid,18_229_Masson_201_101_52_jpg.rf.555d7eb5ec0b891691b4cf592527bbbb.jpg,18_229_Masson_201_101_52_jpg.rf.555d7eb5ec0b891691b4cf592527bbbb.npz,True,unreviewed_kept,0,,,,
valid,18_229_Masson_201_104_4_jpg.rf.0ec597964e5e584cbf8d57b7081cd34f.jpg,18_229_Masson_201_104_4_jpg.rf.0ec597964e5e584cbf8d57b7081cd34f.npz,True,unreviewed_kept,0,,,,
valid,18_229_Masson_201_111_20_jpg.rf.feedc72d50e74facc70c2610e73fbed5.jpg,18_229_Masson_201_111_20_jpg.rf.feedc72d50e74facc70c2610e73fbed5.npz,True,unreviewed_kept,0,,,,
valid,18_229_Masson_201_111_31_jpg.rf.cc91bf92fd3a9bfec6cbdd4c73b27ab0.jpg,18_229_Masson_201_111_31_jpg.rf.cc91bf92fd3a9bfec6cbdd4c73b27ab0.npz,True,unreviewed_kept,0,,,,
valid,18_229_Masson_201_12_16_jpg.rf.f359a1bb3585dc0f3cd3f70b31c1df5f.jpg,18_229_Masson_201_12_16_jpg.rf.f359a1bb3585dc0f3cd3f70b31c1df5f.npz,True,unreviewed_kept,0,,,,
valid,18_229_Masson_201_130_33_jpg.rf.f4df1335149b57ea5697a8d294f335cc.jpg,18_229_Masson_201_130_33_jpg.rf.f4df1335149b57ea5697a8d294f335cc.npz,True,unreviewed_kept,0,,,,
valid,18_229_Masson_201_135_32_jpg.rf.6b9397eeaa3c9025f1e03ba7b41a1a4a.jpg,18_229_Masson_201_135_32_jpg.rf.6b9397eeaa3c9025f1e03ba7b41a1a4a.npz,True,unreviewed_kept,0,,,,
valid,18_229_Masson_201_13_14_jpg.rf.16f480c3421c87d287e34a2586b71b9a.jpg,18_229_Masson_201_13_14_jpg.rf.16f480c3421c87d287e34a2586b71b9a.npz,True,unreviewed_kept,0,,,,
valid,18_229_Masson_201_14_27_jpg.rf.89c8ae9429e85b55784ef3062f1737f6.jpg,18_229_Masson_201_14_27_jpg.rf.89c8ae9429e85b55784ef3062f1737f6.npz,True,unreviewed_kept,0,,,,
valid,18_229_Masson_201_15_20_jpg.rf.b3ecd6b7abfedfcb5ac2ac5c6140503a.jpg,18_229_Masson_201_15_20_jpg.rf.b3ecd6b7abfedfcb5ac2ac5c6140503a.npz,True,unreviewed_kept,0,,,,
valid,18_229_Masson_201_16_19_jpg.rf.a889f2caa09b497b3c4ff2a89d1ec834.jpg,18_229_Masson_201_16_19_jpg.rf.a889f2caa09b497b3c4ff2a89d1ec834.npz,True,unreviewed_kept,0,,,,
valid,18_229_Masson_201_16_21_jpg.rf.f282ea069a13bf0a9df1ff2a121c81aa.jpg,18_229_Masson_201_16_21_jpg.rf.f282ea069a13bf0a9df1ff2a121c81aa.npz,True,unreviewed_kept,0,,,,
valid,18_229_Masson_201_17_16_jpg.rf.bdc0aecc8dc6b010e0382150bea43a1e.jpg,18_229_Masson_201_17_16_jpg.rf.bdc0aecc8dc6b010e0382150bea43a1e.npz,True,reviewed_kept,1,,,,
valid,18_229_Masson_201_17_22_jpg.rf.0de847d6c447b3aecf00d3d23e41e8ec.jpg,18_229_Masson_201_17_22_jpg.rf.0de847d6c447b3aecf00d3d23e41e8ec.npz,True,unreviewed_kept,0,,,,
valid,18_229_Masson_201_17_28_jpg.rf.31e8e661b24046bb21174904524b005a.jpg,18_229_Masson_201_17_28_jpg.rf.31e8e661b24046bb21174904524b005a.npz,True,unreviewed_kept,0,,,,
valid,18_229_Masson_201_18_18_jpg.rf.a8ebc96af821ce0413fd84cce708adee.jpg,18_229_Masson_201_18_18_jpg.rf.a8ebc96af821ce0413fd84cce708adee.npz,True,unreviewed_kept,0,,,,
valid,18_229_Masson_201_18_22_jpg.rf.39e65b8f70b586e48fb2586ec4384528.jpg,18_229_Masson_201_18_22_jpg.rf.39e65b8f70b586e48fb2586ec4384528.npz,True,unreviewed_kept,0,,,,
valid,18_229_Masson_201_18_26_jpg.rf.2c00190816da65d02c4b034f9abcb629.jpg,18_229_Masson_201_18_26_jpg.rf.2c00190816da65d02c4b034f9abcb629.npz,True,unreviewed_kept,0,,,,
valid,18_229_Masson_201_18_27_jpg.rf.a920270adf173675d01b3e1d41600ffe.jpg,18_229_Masson_201_18_27_jpg.rf.a920270adf173675d01b3e1d41600ffe.npz,True,unreviewed_kept,0,,,,
valid,18_229_Masson_201_20_18_jpg.rf.c72f73bc060810002aca9295598f92fc.jpg,18_229_Masson_201_20_18_jpg.rf.c72f73bc060810002aca9295598f92fc.npz,True,unreviewed_kept,0,,,,
valid,18_229_Masson_201_28_33_jpg.rf.8031ba2bc9bc77edf571adf8989ad803.jpg,18_229_Masson_201_28_33_jpg.rf.8031ba2bc9bc77edf571adf8989ad803.npz,True,unreviewed_kept,0,,,,
valid,18_229_Masson_201_29_35_jpg.rf.a87516c0b1bf26a4f99696330a8991f3.jpg,18_229_Masson_201_29_35_jpg.rf.a87516c0b1bf26a4f99696330a8991f3.npz,True,unreviewed_kept,0,,,,
valid,18_229_Masson_201_32_37_jpg.rf.e4d49104f12d8c25e3858d8980b9a380.jpg,18_229_Masson_201_32_37_jpg.rf.e4d49104f12d8c25e3858d8980b9a380.npz,True,unreviewed_kept,0,,,,
valid,18_229_Masson_201_34_48_jpg.rf.a7d4789a0945bf9866f9be70243448fa.jpg,18_229_Masson_201_34_48_jpg.rf.a7d4789a0945bf9866f9be70243448fa.npz,True,unreviewed_kept,0,,,,
valid,18_229_Masson_201_34_49_jpg.rf.5397fbd0c7a423296dbb53a52a411543.jpg,18_229_Masson_201_34_49_jpg.rf.5397fbd0c7a423296dbb53a52a411543.npz,True,unreviewed_kept,0,,,,
valid,18_229_Masson_201_36_33_jpg.rf.ecf1081414f08975fdb8b3aa1f3cf57d.jpg,18_229_Masson_201_36_33_jpg.rf.ecf1081414f08975fdb8b3aa1f3cf57d.npz,True,unreviewed_kept,0,,,,
valid,18_229_Masson_201_39_14_jpg.rf.c0b1f7b350146641bba077c34b6e9464.jpg,18_229_Masson_201_39_14_jpg.rf.c0b1f7b350146641bba077c34b6e9464.npz,True,unreviewed_kept,0,,,,
valid,18_229_Masson_201_51_38_jpg.rf.711310fad9ee6013c5abb8ad44250058.jpg,18_229_Masson_201_51_38_jpg.rf.711310fad9ee6013c5abb8ad44250058.npz,True,unreviewed_kept,0,,,,
valid,18_229_Masson_201_52_26_jpg.rf.05f0d08c78a113fdaedb2ee5b1452cb0.jpg,18_229_Masson_201_52_26_jpg.rf.05f0d08c78a113fdaedb2ee5b1452cb0.npz,True,unreviewed_kept,0,,,,
valid,18_229_Masson_201_53_12_jpg.rf.f1be5d63205d93ab15521b5f282ab9fe.jpg,18_229_Masson_201_53_12_jpg.rf.f1be5d63205d93ab15521b5f282ab9fe.npz,True,unreviewed_kept,0,,,,
valid,18_229_Masson_201_64_13_jpg.rf.1320a55fb0c4b066789353b95855d510.jpg,18_229_Masson_201_64_13_jpg.rf.1320a55fb0c4b066789353b95855d510.npz,True,unreviewed_kept,0,,,,
valid,18_229_Masson_201_66_10_jpg.rf.3c4520abba25532b8465ce906fb9a5d3.jpg,18_229_Masson_201_66_10_jpg.rf.3c4520abba25532b8465ce906fb9a5d3.npz,True,unreviewed_kept,0,,,,
valid,18_229_Masson_201_69_27_jpg.rf.6e44c9ee4998a3b67dbaa1a9f603215b.jpg,18_229_Masson_201_69_27_jpg.rf.6e44c9ee4998a3b67dbaa1a9f603215b.npz,True,reviewed_kept,1,,,,
valid,18_229_Masson_201_74_60_jpg.rf.a0485251c2d9f0b684dfcd1ce9f1f284.jpg,18_229_Masson_201_74_60_jpg.rf.a0485251c2d9f0b684dfcd1ce9f1f284.npz,True,unreviewed_kept,0,,,,
valid,18_229_Masson_201_78_36_jpg.rf.5d9d4b4d96064d660f350d823ced3c16.jpg,18_229_Masson_201_78_36_jpg.rf.5d9d4b4d96064d660f350d823ced3c16.npz,True,unreviewed_kept,0,,,,
valid,18_229_Masson_201_7_9_jpg.rf.9457fc60bf832b13d98ee7ffcef84cbe.jpg,18_229_Masson_201_7_9_jpg.rf.9457fc60bf832b13d98ee7ffcef84cbe.npz,True,unreviewed_kept,0,,,,
valid,18_229_Masson_201_86_20_jpg.rf.78d7e9a503c13ab3371bcf0f6b0ae5b0.jpg,18_229_Masson_201_86_20_jpg.rf.78d7e9a503c13ab3371bcf0f6b0ae5b0.npz,True,unreviewed_kept,0,,,,
valid,18_229_Masson_201_91_34_jpg.rf.ec318acc865ef23c07ff496ee61276e2.jpg,18_229_Masson_201_91_34_jpg.rf.ec318acc865ef23c07ff496ee61276e2.npz,True,unreviewed_kept,0,,,,
valid,18_229_Masson_201_97_15_jpg.rf.fbaec54c1d81313c6a9120a2fe19498b.jpg,18_229_Masson_201_97_15_jpg.rf.fbaec54c1d81313c6a9120a2fe19498b.npz,True,unreviewed_kept,0,,,,
valid,18_229_Masson_202_100_5_jpg.rf.defbace7db1f926f4f3a5bc9332a12d8.jpg,18_229_Masson_202_100_5_jpg.rf.defbace7db1f926f4f3a5bc9332a12d8.npz,True,unreviewed_kept,0,,,,
valid,18_229_Masson_202_100_62_jpg.rf.fb44ab2782d6d8e5c78ba96d10ed38ba.jpg,18_229_Masson_202_100_62_jpg.rf.fb44ab2782d6d8e5c78ba96d10ed38ba.npz,True,unreviewed_kept,0,,,,
valid,18_229_Masson_202_101_27_jpg.rf.db83bec711a63a4562617a36bcfb715e.jpg,18_229_Masson_202_101_27_jpg.rf.db83bec711a63a4562617a36bcfb715e.npz,True,unreviewed_kept,0,,,,
valid,18_229_Masson_202_103_13_jpg.rf.111bd9033ff7c93bc358f2aaa69a062b.jpg,18_229_Masson_202_103_13_jpg.rf.111bd9033ff7c93bc358f2aaa69a062b.npz,True,unreviewed_kept,0,,,,
valid,18_229_Masson_202_108_30_jpg.rf.3953b94219024b51433d7229e0989bcd.jpg,18_229_Masson_202_108_30_jpg.rf.3953b94219024b51433d7229e0989bcd.npz,True,unreviewed_kept,0,,,,
valid,18_229_Masson_202_111_11_jpg.rf.3f275013865c2667e87c9949f2a8adcd.jpg,18_229_Masson_202_111_11_jpg.rf.3f275013865c2667e87c9949f2a8adcd.npz,True,unreviewed_kept,0,,,,
valid,18_229_Masson_202_111_44_jpg.rf.0a54766d168c3b4680201991b4f2d81a.jpg,18_229_Masson_202_111_44_jpg.rf.0a54766d168c3b4680201991b4f2d81a.npz,True,unreviewed_kept,0,,,,
valid,18_229_Masson_202_113_3_jpg.rf.b3bf91793fe626af7650b8413a488af3.jpg,18_229_Masson_202_113_3_jpg.rf.b3bf91793fe626af7650b8413a488af3.npz,True,unreviewed_kept,0,,,,
valid,18_229_Masson_202_114_33_jpg.rf.d261d2566a38c529041255cbcef32743.jpg,18_229_Masson_202_114_33_jpg.rf.d261d2566a38c529041255cbcef32743.npz,True,unreviewed_kept,0,,,,
valid,18_229_Masson_202_120_39_jpg.rf.4e238e7c2d5f902a4dab633d50981edc.jpg,18_229_Masson_202_120_39_jpg.rf.4e238e7c2d5f902a4dab633d50981edc.npz,True,unreviewed_kept,0,,,,
valid,18_229_Masson_202_121_46_jpg.rf.49c782ed718cda8d08eae6b89d5cc6d3.jpg,18_229_Masson_202_121_46_jpg.rf.49c782ed718cda8d08eae6b89d5cc6d3.npz,True,unreviewed_kept,0,,,,
valid,18_229_Masson_202_123_29_jpg.rf.49304903a01236f5cf249b887fc7f092.jpg,18_229_Masson_202_123_29_jpg.rf.49304903a01236f5cf249b887fc7f092.npz,True,unreviewed_kept,0,,,,
valid,18_229_Masson_202_126_14_jpg.rf.78cee028795060bcf8ced762e249ad2c.jpg,18_229_Masson_202_126_14_jpg.rf.78cee028795060bcf8ced762e249ad2c.npz,True,unreviewed_kept,0,,,,
valid,18_229_Masson_202_12_23_jpg.rf.81c9509c2d59b2226ad1d5d13cafe09d.jpg,18_229_Masson_202_12_23_jpg.rf.81c9509c2d59b2226ad1d5d13cafe09d.npz,True,unreviewed_kept,0,,,,
valid,18_229_Masson_202_131_14_jpg.rf.8e4458f725e3b007424f3367af7a38f6.jpg,18_229_Masson_202_131_14_jpg.rf.8e4458f725e3b007424f3367af7a38f6.npz,True,unreviewed_kept,0,,,,
valid,18_229_Masson_202_135_11_jpg.rf.d719823cf5fc121a7c2d1fc698290f4e.jpg,18_229_Masson_202_135_11_jpg.rf.d719823cf5fc121a7c2d1fc698290f4e.npz,True,unreviewed_kept,0,,,,
valid,18_229_Masson_202_13_22_jpg.rf.867c972f8986f1c2d2f84535c145b175.jpg,18_229_Masson_202_13_22_jpg.rf.867c972f8986f1c2d2f84535c145b175.npz,True,unreviewed_kept,0,,,,
valid,18_229_Masson_202_19_19_jpg.rf.67e9b2835af6d33cf0789a1e5e82dd8f.jpg,18_229_Masson_202_19_19_jpg.rf.67e9b2835af6d33cf0789a1e5e82dd8f.npz,True,unreviewed_kept,0,,,,
valid,18_229_Masson_202_20_20_jpg.rf.593a9f14ad09c575024091087007d540.jpg,18_229_Masson_202_20_20_jpg.rf.593a9f14ad09c575024091087007d540.npz,True,unreviewed_kept,0,,,,
valid,18_229_Masson_202_28_45_jpg.rf.ef7a2a6764be3a13f8fdf0d4ad2ab5f0.jpg,18_229_Masson_202_28_45_jpg.rf.ef7a2a6764be3a13f8fdf0d4ad2ab5f0.npz,True,unreviewed_kept,0,,,,
valid,18_229_Masson_202_33_54_jpg.rf.b17ebb874778728b8db8ff3a4fa9c847.jpg,18_229_Masson_202_33_54_jpg.rf.b17ebb874778728b8db8ff3a4fa9c847.npz,True,unreviewed_kept,0,,,,
valid,18_229_Masson_202_34_36_jpg.rf.8068ccaf13eb5f1ad63f0d1d9f5cc90c.jpg,18_229_Masson_202_34_36_jpg.rf.8068ccaf13eb5f1ad63f0d1d9f5cc90c.npz,True,unreviewed_kept,0,,,,
valid,18_229_Masson_202_46_17_jpg.rf.4234ae25d18110a4c1511fd4ac72ed9f.jpg,18_229_Masson_202_46_17_jpg.rf.4234ae25d18110a4c1511fd4ac72ed9f.npz,True,unreviewed_kept,0,,,,
valid,18_229_Masson_202_52_64_jpg.rf.9122c81dde8a9df2859e0b2449899d1e.jpg,18_229_Masson_202_52_64_jpg.rf.9122c81dde8a9df2859e0b2449899d1e.npz,True,unreviewed_kept,0,,,,
valid,18_229_Masson_202_54_48_jpg.rf.b81a61e8a55556eba53c364d610cd361.jpg,18_229_Masson_202_54_48_jpg.rf.b81a61e8a55556eba53c364d610cd361.npz,True,unreviewed_kept,0,,,,
valid,18_229_Masson_202_61_40_jpg.rf.ddf9b8e44b33c646e6d284c39c6dfe3d.jpg,18_229_Masson_202_61_40_jpg.rf.ddf9b8e44b33c646e6d284c39c6dfe3d.npz,True,unreviewed_kept,0,,,,
valid,18_229_Masson_202_67_50_jpg.rf.27e7b0de371bb11bb06be7c49368ad26.jpg,18_229_Masson_202_67_50_jpg.rf.27e7b0de371bb11bb06be7c49368ad26.npz,True,unreviewed_kept,0,,,,
valid,18_229_Masson_202_68_47_jpg.rf.81a16432306b05a170ce90045dbefa09.jpg,18_229_Masson_202_68_47_jpg.rf.81a16432306b05a170ce90045dbefa09.npz,True,unreviewed_kept,0,,,,
valid,18_229_Masson_202_80_40_jpg.rf.b646b66f218c4d965b7f52a6051b4af5.jpg,18_229_Masson_202_80_40_jpg.rf.b646b66f218c4d965b7f52a6051b4af5.npz,True,unreviewed_kept,0,,,,
valid,18_229_Masson_202_88_50_jpg.rf.1c2dbd31d8fc2ded81d59f1a55cd71f4.jpg,18_229_Masson_202_88_50_jpg.rf.1c2dbd31d8fc2ded81d59f1a55cd71f4.npz,True,unreviewed_kept,0,,,,
valid,18_229_Masson_202_91_67_jpg.rf.6e27621503c0670a2b948d2d8cb9048a.jpg,18_229_Masson_202_91_67_jpg.rf.6e27621503c0670a2b948d2d8cb9048a.npz,True,unreviewed_kept,0,,,,
valid,18_229_Masson_202_92_53_jpg.rf.dc7ee1e48782b0cc52bfe374bf4a2558.jpg,18_229_Masson_202_92_53_jpg.rf.dc7ee1e48782b0cc52bfe374bf4a2558.npz,True,unreviewed_kept,0,,,,
valid,18_229_Masson_202_93_60_jpg.rf.a751de15992b82c4a663fb12656e1072.jpg,18_229_Masson_202_93_60_jpg.rf.a751de15992b82c4a663fb12656e1072.npz,True,unreviewed_kept,0,,,,
valid,18_229_Masson_202_98_10_jpg.rf.959b49b3fa0324e06b0bab6e38dd9cc4.jpg,18_229_Masson_202_98_10_jpg.rf.959b49b3fa0324e06b0bab6e38dd9cc4.npz,True,unreviewed_kept,0,,,,
valid,18_229_Masson_202_99_20_jpg.rf.e9017cfbc68a56047d6f24fd9a60a5b2.jpg,18_229_Masson_202_99_20_jpg.rf.e9017cfbc68a56047d6f24fd9a60a5b2.npz,True,unreviewed_kept,0,,,,
valid,18_229_Masson_202_99_42_jpg.rf.34665af3e5dfcac0e4025d1b4ea10380.jpg,18_229_Masson_202_99_42_jpg.rf.34665af3e5dfcac0e4025d1b4ea10380.npz,True,unreviewed_kept,0,,,,
valid,18_229_Masson_203_6_23_jpg.rf.1891ff2e8a20b2c174491d8790dca5ed.jpg,18_229_Masson_203_6_23_jpg.rf.1891ff2e8a20b2c174491d8790dca5ed.npz,True,unreviewed_kept,0,,,,
valid,18_229_Masson_203_7_21_jpg.rf.866c876c79fb16a9e02bb749ae531e9a.jpg,18_229_Masson_203_7_21_jpg.rf.866c876c79fb16a9e02bb749ae531e9a.npz,True,unreviewed_kept,0,,,,
valid,18_229_Masson_302_26_16_jpg.rf.0938cf981fa47b4c2c4b4b1dab6774ba.jpg,18_229_Masson_302_26_16_jpg.rf.0938cf981fa47b4c2c4b4b1dab6774ba.npz,True,unreviewed_kept,0,,,,
valid,18_229_Masson_302_26_22_jpg.rf.1fd874dfa28e1edfed8e2d5ddac3960d.jpg,18_229_Masson_302_26_22_jpg.rf.1fd874dfa28e1edfed8e2d5ddac3960d.npz,True,unreviewed_kept,0,,,,
valid,18_229_Masson_302_26_27_jpg.rf.8e9a434f2cc619c4b14098713398294d.jpg,18_229_Masson_302_26_27_jpg.rf.8e9a434f2cc619c4b14098713398294d.npz,True,unreviewed_kept,0,,,,
valid,18_229_Masson_302_36_35_jpg.rf.d8deccc9ff281045154569d2cf678c9c.jpg,18_229_Masson_302_36_35_jpg.rf.d8deccc9ff281045154569d2cf678c9c.npz,True,unreviewed_kept,0,,,,
valid,18_229_Masson_302_37_32_jpg.rf.f513e0d1a059e50552419780b4a0ca16.jpg,18_229_Masson_302_37_32_jpg.rf.f513e0d1a059e50552419780b4a0ca16.npz,True,unreviewed_kept,0,,,,
valid,18_229_Masson_302_41_34_jpg.rf.75e087749a6a2195f02cbc5a458dbef0.jpg,18_229_Masson_302_41_34_jpg.rf.75e087749a6a2195f02cbc5a458dbef0.npz,True,unreviewed_kept,0,,,,
valid,18_229_Masson_302_41_37_jpg.rf.679840f8c0c999bdff3224267d699837.jpg,18_229_Masson_302_41_37_jpg.rf.679840f8c0c999bdff3224267d699837.npz,True,unreviewed_kept,0,,,,
valid,18_229_Masson_302_49_46_jpg.rf.57ceedeb4048f7f9895c05e539b9cb7b.jpg,18_229_Masson_302_49_46_jpg.rf.57ceedeb4048f7f9895c05e539b9cb7b.npz,True,unreviewed_kept,0,,,,
valid,18_236_202_36_37_jpg.rf.69f1050f70dcc6971b122574252e4f20.jpg,18_236_202_36_37_jpg.rf.69f1050f70dcc6971b122574252e4f20.npz,True,unreviewed_kept,0,,,,
valid,18_236_202_38_25_jpg.rf.8d180860f0d6315180459329ad975177.jpg,18_236_202_38_25_jpg.rf.8d180860f0d6315180459329ad975177.npz,True,unreviewed_kept,0,,,,
valid,18_236_202_41_19_jpg.rf.33dcf3bd5b686fbcbc5d34855387f9c2.jpg,18_236_202_41_19_jpg.rf.33dcf3bd5b686fbcbc5d34855387f9c2.npz,True,unreviewed_kept,0,,,,
valid,18_236_202_41_27_jpg.rf.c75369b81813090b1f0dba820f611fb7.jpg,18_236_202_41_27_jpg.rf.c75369b81813090b1f0dba820f611fb7.npz,True,unreviewed_kept,0,,,,
valid,18_236_202_42_29_jpg.rf.a711ebaf2876f555622323bc7426334c.jpg,18_236_202_42_29_jpg.rf.a711ebaf2876f555622323bc7426334c.npz,True,unreviewed_kept,0,,,,
valid,18_236_202_43_29_jpg.rf.408b562a9a97fe6669d80ab0a15ad4a1.jpg,18_236_202_43_29_jpg.rf.408b562a9a97fe6669d80ab0a15ad4a1.npz,True,unreviewed_kept,0,,,,
valid,18_236_203_68_47_jpg.rf.36c23688f85f0b3d21d378794c160563.jpg,18_236_203_68_47_jpg.rf.36c23688f85f0b3d21d378794c160563.npz,True,unreviewed_kept,0,,,,
valid,18_236_203_75_25_jpg.rf.cac07b00ad5bf5503c895ea3c6a20e28.jpg,18_236_203_75_25_jpg.rf.cac07b00ad5bf5503c895ea3c6a20e28.npz,True,unreviewed_kept,0,,,,
valid,18_236_203_75_34_jpg.rf.ace7a7bb45d5fcae34581f337bd6d4d7.jpg,18_236_203_75_34_jpg.rf.ace7a7bb45d5fcae34581f337bd6d4d7.npz,True,unreviewed_kept,0,,,,
valid,18_236_203_75_38_jpg.rf.07aa796ac1bd818ff0726e49074a62a0.jpg,18_236_203_75_38_jpg.rf.07aa796ac1bd818ff0726e49074a62a0.npz,True,unreviewed_kept,0,,,,
valid,18_236_203_76_19_jpg.rf.cc62d07d3a6b427b98c928cdbb6e6dad.jpg,18_236_203_76_19_jpg.rf.cc62d07d3a6b427b98c928cdbb6e6dad.npz,True,unreviewed_kept,0,,,,
valid,18_236_203_77_11_jpg.rf.90358fe3bfe0184a629f6121334a9537.jpg,18_236_203_77_11_jpg.rf.90358fe3bfe0184a629f6121334a9537.npz,True,unreviewed_kept,0,,,,
valid,18_236_203_77_29_jpg.rf.02221c18b3aa1af7713c6f9666628a4a.jpg,18_236_203_77_29_jpg.rf.02221c18b3aa1af7713c6f9666628a4a.npz,True,unreviewed_kept,0,,,,
valid,18_236_203_77_40_jpg.rf.e0986b37b78ed5cd04f7f6af2cb893c2.jpg,18_236_203_77_40_jpg.rf.e0986b37b78ed5cd04f7f6af2cb893c2.npz,True,unreviewed_kept,0,,,,
valid,18_236_203_78_40_jpg.rf.ca3a6efee503bbd283ca8cdf848de145.jpg,18_236_203_78_40_jpg.rf.ca3a6efee503bbd283ca8cdf848de145.npz,False,excluded_label_problem,1,A,Y,Y,模型判断正确，GT漏标，标注结构不典型
valid,18_236_203_78_43_jpg.rf.0c69699017edd4bff3986010ff3e277f.jpg,18_236_203_78_43_jpg.rf.0c69699017edd4bff3986010ff3e277f.npz,True,unreviewed_kept,0,,,,
valid,18_236_303_48_54_jpg.rf.da439f9de8e6090339943f4635018640.jpg,18_236_303_48_54_jpg.rf.da439f9de8e6090339943f4635018640.npz,True,unreviewed_kept,0,,,,
valid,18_236_303_49_42_jpg.rf.819bba718fcdef28aa6a0f940af9fd0e.jpg,18_236_303_49_42_jpg.rf.819bba718fcdef28aa6a0f940af9fd0e.npz,True,unreviewed_kept,0,,,,
valid,18_236_303_50_32_jpg.rf.30aad2b216e140e49e8838d067e4dfef.jpg,18_236_303_50_32_jpg.rf.30aad2b216e140e49e8838d067e4dfef.npz,True,unreviewed_kept,0,,,,
valid,18_236_303_52_14_jpg.rf.799a7a6e3087b89306ed7fdaab51cfb7.jpg,18_236_303_52_14_jpg.rf.799a7a6e3087b89306ed7fdaab51cfb7.npz,True,unreviewed_kept,0,,,,
valid,18_236_303_53_25_jpg.rf.27e1e2a177d40d9549503861e6e36b8c.jpg,18_236_303_53_25_jpg.rf.27e1e2a177d40d9549503861e6e36b8c.npz,True,unreviewed_kept,0,,,,
valid,18_236_303_53_48_jpg.rf.c9080307d0ad77e8ba59d361974e83df.jpg,18_236_303_53_48_jpg.rf.c9080307d0ad77e8ba59d361974e83df.npz,True,unreviewed_kept,0,,,,
valid,18_236_303_53_52_jpg.rf.d87e9439e9f3577237d7860b36811374.jpg,18_236_303_53_52_jpg.rf.d87e9439e9f3577237d7860b36811374.npz,True,unreviewed_kept,0,,,,
valid,18_236_303_55_50_jpg.rf.896838ce149c293a1a9792f87124871d.jpg,18_236_303_55_50_jpg.rf.896838ce149c293a1a9792f87124871d.npz,True,unreviewed_kept,0,,,,
valid,18_236_303_56_43_jpg.rf.ef3f46cce6b2861d272cb879453af1b1.jpg,18_236_303_56_43_jpg.rf.ef3f46cce6b2861d272cb879453af1b1.npz,True,unreviewed_kept,0,,,,
valid,18_236_303_56_53_jpg.rf.d98c6e8c2bdcc39258e6b3d3c81e0eb7.jpg,18_236_303_56_53_jpg.rf.d98c6e8c2bdcc39258e6b3d3c81e0eb7.npz,True,unreviewed_kept,0,,,,
valid,18_236_303_57_12_jpg.rf.8e81f4380d058397f44a4515d1dd8272.jpg,18_236_303_57_12_jpg.rf.8e81f4380d058397f44a4515d1dd8272.npz,True,unreviewed_kept,0,,,,
valid,18_236_303_57_15_jpg.rf.31b98052517e73e936d335ea66a6e14e.jpg,18_236_303_57_15_jpg.rf.31b98052517e73e936d335ea66a6e14e.npz,True,unreviewed_kept,0,,,,
valid,18_236_303_58_22_jpg.rf.021eef499b8c7544a3549e0ad51d9c0a.jpg,18_236_303_58_22_jpg.rf.021eef499b8c7544a3549e0ad51d9c0a.npz,True,unreviewed_kept,0,,,,
valid,18_236_303_61_45_jpg.rf.1a51e2c81a60f5b920da0cbc69ef32fd.jpg,18_236_303_61_45_jpg.rf.1a51e2c81a60f5b920da0cbc69ef32fd.npz,True,unreviewed_kept,0,,,,
valid,18_236_303_62_32_jpg.rf.eb240ca8f61e0e701e8a1a052bcbd8b4.jpg,18_236_303_62_32_jpg.rf.eb240ca8f61e0e701e8a1a052bcbd8b4.npz,True,unreviewed_kept,0,,,,
valid,18_236_303_64_9_jpg.rf.7918d8fa8e0f2b8ec122b192cb54615a.jpg,18_236_303_64_9_jpg.rf.7918d8fa8e0f2b8ec122b192cb54615a.npz,True,unreviewed_kept,0,,,,
valid,18_236_303_65_16_jpg.rf.2aa4375f607fe802c074b2e3ff2c8221.jpg,18_236_303_65_16_jpg.rf.2aa4375f607fe802c074b2e3ff2c8221.npz,True,unreviewed_kept,0,,,,
valid,18_236_303_66_31_jpg.rf.f8527562577fe5df23bedf5fa7e86ddb.jpg,18_236_303_66_31_jpg.rf.f8527562577fe5df23bedf5fa7e86ddb.npz,True,unreviewed_kept,0,,,,
valid,18_236_303_67_18_jpg.rf.0f96a5a52e9614ebac1b368e8aeac031.jpg,18_236_303_67_18_jpg.rf.0f96a5a52e9614ebac1b368e8aeac031.npz,True,unreviewed_kept,0,,,,
valid,18_236_303_68_8_jpg.rf.d18f62609c108afd6574fe3c74f85017.jpg,18_236_303_68_8_jpg.rf.d18f62609c108afd6574fe3c74f85017.npz,True,unreviewed_kept,0,,,,
valid,18_236_401_102_7_jpg.rf.ecdbbfe8d5341c00a0d15c7c17a64f61.jpg,18_236_401_102_7_jpg.rf.ecdbbfe8d5341c00a0d15c7c17a64f61.npz,True,unreviewed_kept,0,,,,
valid,18_236_401_96_15_jpg.rf.2187df0ddc928fc1ce9589b50592ddff.jpg,18_236_401_96_15_jpg.rf.2187df0ddc928fc1ce9589b50592ddff.npz,True,unreviewed_kept,0,,,,
valid,18_236_401_97_22_jpg.rf.08d61658dd863cb488620302aa5b1c7b.jpg,18_236_401_97_22_jpg.rf.08d61658dd863cb488620302aa5b1c7b.npz,True,unreviewed_kept,0,,,,
valid,18_237_201_42_52_jpg.rf.33ea9087fc3ef769a4f87fa5007016d4.jpg,18_237_201_42_52_jpg.rf.33ea9087fc3ef769a4f87fa5007016d4.npz,True,unreviewed_kept,0,,,,
valid,18_237_503_42_16_jpg.rf.b521b513e847cdca3d7111b46618efae.jpg,18_237_503_42_16_jpg.rf.b521b513e847cdca3d7111b46618efae.npz,True,unreviewed_kept,0,,,,
valid,19_212_D1208_21_6_jpg.rf.dd5bab7151d2e8876269e5a6de24f1b1.jpg,19_212_D1208_21_6_jpg.rf.dd5bab7151d2e8876269e5a6de24f1b1.npz,True,unreviewed_kept,0,,,,
valid,19_212_D1208_21_9_jpg.rf.4ad9d047fc918b430f9560fb0bb51af0.jpg,19_212_D1208_21_9_jpg.rf.4ad9d047fc918b430f9560fb0bb51af0.npz,True,unreviewed_kept,0,,,,
valid,19_212_D1208_24_10_jpg.rf.56b11d729129ae984d325a8bc1a1b488.jpg,19_212_D1208_24_10_jpg.rf.56b11d729129ae984d325a8bc1a1b488.npz,True,unreviewed_kept,0,,,,
valid,19_212_D1208_26_3_jpg.rf.3aa4fe82ce1ef78905eb4bf7201c52eb.jpg,19_212_D1208_26_3_jpg.rf.3aa4fe82ce1ef78905eb4bf7201c52eb.npz,True,unreviewed_kept,0,,,,
valid,19_212_D1208_26_9_jpg.rf.877d628c8aea46bd22285ebbe3266c26.jpg,19_212_D1208_26_9_jpg.rf.877d628c8aea46bd22285ebbe3266c26.npz,True,unreviewed_kept,0,,,,
valid,19_212_D1208_27_4_jpg.rf.b2f4f481fe708cdfc9c25c176463d5b0.jpg,19_212_D1208_27_4_jpg.rf.b2f4f481fe708cdfc9c25c176463d5b0.npz,True,unreviewed_kept,0,,,,
valid,19_212_D1208_31_3_jpg.rf.e0799370299891514d7ef1968fd58747.jpg,19_212_D1208_31_3_jpg.rf.e0799370299891514d7ef1968fd58747.npz,True,unreviewed_kept,0,,,,
valid,19_212_E1202_18_9_jpg.rf.43b9b3ce8eb008e7405211412a0308f3.jpg,19_212_E1202_18_9_jpg.rf.43b9b3ce8eb008e7405211412a0308f3.npz,True,unreviewed_kept,0,,,,
valid,19_212_E1202_19_4_jpg.rf.9b5ebe37778a814a7f3e2c27ffad3d36.jpg,19_212_E1202_19_4_jpg.rf.9b5ebe37778a814a7f3e2c27ffad3d36.npz,True,unreviewed_kept,0,,,,
valid,19_212_E1202_19_8_jpg.rf.c68797fe59cd3f8127f44251f56e0f45.jpg,19_212_E1202_19_8_jpg.rf.c68797fe59cd3f8127f44251f56e0f45.npz,True,unreviewed_kept,0,,,,
valid,19_212_E1202_20_2_jpg.rf.33eaf32d4a6b03bcda84b7b1dd5ce7f8.jpg,19_212_E1202_20_2_jpg.rf.33eaf32d4a6b03bcda84b7b1dd5ce7f8.npz,True,unreviewed_kept,0,,,,
valid,19_212_E1202_20_4_jpg.rf.a3ed59ac976988e656cdcf5fe9b8537e.jpg,19_212_E1202_20_4_jpg.rf.a3ed59ac976988e656cdcf5fe9b8537e.npz,True,unreviewed_kept,0,,,,
valid,19_212_E1202_20_8_jpg.rf.fe473918512249881f5b97bfd01645e8.jpg,19_212_E1202_20_8_jpg.rf.fe473918512249881f5b97bfd01645e8.npz,True,unreviewed_kept,0,,,,
valid,19_212_E1202_24_4_jpg.rf.80a66a8cba47f8ee620b2c6b09310ed6.jpg,19_212_E1202_24_4_jpg.rf.80a66a8cba47f8ee620b2c6b09310ed6.npz,True,unreviewed_kept,0,,,,
valid,19_212_E1202_24_5_jpg.rf.a8e6ad885fa5fd4d5ab016ef899ee7e9.jpg,19_212_E1202_24_5_jpg.rf.a8e6ad885fa5fd4d5ab016ef899ee7e9.npz,True,unreviewed_kept,0,,,,
valid,19_212_E1202_27_3_jpg.rf.3027325d8f539c71e4bda9527e5defef.jpg,19_212_E1202_27_3_jpg.rf.3027325d8f539c71e4bda9527e5defef.npz,True,unreviewed_kept,0,,,,
valid,201_0_13_63_jpg.rf.0fbe3b4e63d6b908768892d25054bbf0.jpg,201_0_13_63_jpg.rf.0fbe3b4e63d6b908768892d25054bbf0.npz,True,unreviewed_kept,0,,,,
valid,201_0_15_48_jpg.rf.a73178473c6f31b359291b089cb925bc.jpg,201_0_15_48_jpg.rf.a73178473c6f31b359291b089cb925bc.npz,True,unreviewed_kept,0,,,,
valid,201_0_9_54_jpg.rf.fc17969254f15c7a137e2c0356faf8f8.jpg,201_0_9_54_jpg.rf.fc17969254f15c7a137e2c0356faf8f8.npz,True,unreviewed_kept,0,,,,
valid,201_10_10_59_jpg.rf.ac3c6941f60423aa49611974709603ee.jpg,201_10_10_59_jpg.rf.ac3c6941f60423aa49611974709603ee.npz,True,unreviewed_kept,0,,,,
valid,201_10_15_5_jpg.rf.8dac34cea29d1fb8475d183995cb65b3.jpg,201_10_15_5_jpg.rf.8dac34cea29d1fb8475d183995cb65b3.npz,True,unreviewed_kept,0,,,,
valid,201_10_18_29_jpg.rf.2ec7fce6476fab1a61d502e2382dabc9.jpg,201_10_18_29_jpg.rf.2ec7fce6476fab1a61d502e2382dabc9.npz,True,unreviewed_kept,0,,,,
valid,201_10_8_38_jpg.rf.69b3349fecd73066c578dfa5962df0ad.jpg,201_10_8_38_jpg.rf.69b3349fecd73066c578dfa5962df0ad.npz,True,unreviewed_kept,0,,,,
valid,201_10_8_44_jpg.rf.cfbaefdb573786d7a043d541a02e293c.jpg,201_10_8_44_jpg.rf.cfbaefdb573786d7a043d541a02e293c.npz,True,unreviewed_kept,0,,,,
valid,201_13_11_35_jpg.rf.76eebcec103861d6a23f721ba83413b2.jpg,201_13_11_35_jpg.rf.76eebcec103861d6a23f721ba83413b2.npz,True,unreviewed_kept,0,,,,
valid,201_1_13_42_jpg.rf.e3f7f66d174e31c05bb38121c3ea0ceb.jpg,201_1_13_42_jpg.rf.e3f7f66d174e31c05bb38121c3ea0ceb.npz,True,unreviewed_kept,0,,,,
valid,201_1_15_10_jpg.rf.f3ea8a0b8620e511a5c6f66c6f963b65.jpg,201_1_15_10_jpg.rf.f3ea8a0b8620e511a5c6f66c6f963b65.npz,True,unreviewed_kept,0,,,,
valid,201_1_15_36_jpg.rf.610cfea71ddd404ce72366c4c07301f2.jpg,201_1_15_36_jpg.rf.610cfea71ddd404ce72366c4c07301f2.npz,True,unreviewed_kept,0,,,,
valid,201_1_15_64_jpg.rf.57f7dc5ac294df778d93f22aff42d552.jpg,201_1_15_64_jpg.rf.57f7dc5ac294df778d93f22aff42d552.npz,True,unreviewed_kept,0,,,,
valid,201_2_10_42_jpg.rf.b90e04e21b2e6f82312d3558687d2845.jpg,201_2_10_42_jpg.rf.b90e04e21b2e6f82312d3558687d2845.npz,True,unreviewed_kept,0,,,,
valid,201_2_11_6_jpg.rf.435c5350612d7adc17435a32e05cd2b7.jpg,201_2_11_6_jpg.rf.435c5350612d7adc17435a32e05cd2b7.npz,True,unreviewed_kept,0,,,,
valid,201_2_12_23_jpg.rf.6028721c1ded62fce4ee148135ddb978.jpg,201_2_12_23_jpg.rf.6028721c1ded62fce4ee148135ddb978.npz,True,unreviewed_kept,0,,,,
valid,201_2_16_6_jpg.rf.4786239d9182090c20defb11659cdc15.jpg,201_2_16_6_jpg.rf.4786239d9182090c20defb11659cdc15.npz,True,unreviewed_kept,0,,,,
valid,201_2_7_4_jpg.rf.1ccc44edbb04faafb00fe4a7e5850599.jpg,201_2_7_4_jpg.rf.1ccc44edbb04faafb00fe4a7e5850599.npz,True,unreviewed_kept,0,,,,
valid,201_2_8_27_jpg.rf.f210d1b06f0468b78a693a0da84f4aec.jpg,201_2_8_27_jpg.rf.f210d1b06f0468b78a693a0da84f4aec.npz,True,unreviewed_kept,0,,,,
valid,201_2_8_41_jpg.rf.144b79ea6d48dff9ebb03143b9238f71.jpg,201_2_8_41_jpg.rf.144b79ea6d48dff9ebb03143b9238f71.npz,True,unreviewed_kept,0,,,,
valid,201_3_12_20_jpg.rf.d4cb982d454450a2c1e188ac9cc142d5.jpg,201_3_12_20_jpg.rf.d4cb982d454450a2c1e188ac9cc142d5.npz,True,unreviewed_kept,0,,,,
valid,201_3_12_35_jpg.rf.9b6210de217e727bf169222654459627.jpg,201_3_12_35_jpg.rf.9b6210de217e727bf169222654459627.npz,True,unreviewed_kept,0,,,,
valid,201_3_12_44_jpg.rf.65aad7578eed60f78a3aa0ad6a051e8e.jpg,201_3_12_44_jpg.rf.65aad7578eed60f78a3aa0ad6a051e8e.npz,True,unreviewed_kept,0,,,,
valid,201_4_10_24_jpg.rf.7df3a4ac42290652f6d0e8069f064cac.jpg,201_4_10_24_jpg.rf.7df3a4ac42290652f6d0e8069f064cac.npz,True,unreviewed_kept,0,,,,
valid,201_4_6_4_jpg.rf.3eb9c432fe2d9fda4ad3054a5c80b126.jpg,201_4_6_4_jpg.rf.3eb9c432fe2d9fda4ad3054a5c80b126.npz,True,unreviewed_kept,0,,,,
valid,201_4_7_16_jpg.rf.0f6808511420597d508d5dfeca507654.jpg,201_4_7_16_jpg.rf.0f6808511420597d508d5dfeca507654.npz,True,unreviewed_kept,0,,,,
valid,201_4_7_29_jpg.rf.690c4f599b6b617b6173ab99e0a52c2b.jpg,201_4_7_29_jpg.rf.690c4f599b6b617b6173ab99e0a52c2b.npz,True,unreviewed_kept,0,,,,
valid,201_4_8_53_jpg.rf.e21a3bd91394a50cd167c257f7464176.jpg,201_4_8_53_jpg.rf.e21a3bd91394a50cd167c257f7464176.npz,True,unreviewed_kept,0,,,,
valid,201_5_21_51_jpg.rf.e2ce234df3f822f2de691c5e1d9aa0ab.jpg,201_5_21_51_jpg.rf.e2ce234df3f822f2de691c5e1d9aa0ab.npz,True,unreviewed_kept,0,,,,
valid,201_5_23_2_jpg.rf.5b2334d98b7a58878feda76541c301c3.jpg,201_5_23_2_jpg.rf.5b2334d98b7a58878feda76541c301c3.npz,True,unreviewed_kept,0,,,,
valid,201_6_13_5_jpg.rf.bb345a37fb6c46c72dd0049d8b82d499.jpg,201_6_13_5_jpg.rf.bb345a37fb6c46c72dd0049d8b82d499.npz,True,unreviewed_kept,0,,,,
valid,201_6_15_39_jpg.rf.976628ef6a55d2524a24f49b10e4d539.jpg,201_6_15_39_jpg.rf.976628ef6a55d2524a24f49b10e4d539.npz,True,unreviewed_kept,0,,,,
valid,201_6_16_19_jpg.rf.fbde0d817fde1b66e690f135a99c5705.jpg,201_6_16_19_jpg.rf.fbde0d817fde1b66e690f135a99c5705.npz,True,unreviewed_kept,0,,,,
valid,201_6_17_51_jpg.rf.2ddca5e7f5c4e879fe7fad17570bd83c.jpg,201_6_17_51_jpg.rf.2ddca5e7f5c4e879fe7fad17570bd83c.npz,True,unreviewed_kept,0,,,,
valid,201_6_19_35_jpg.rf.c76fdf1132faf6f9482394a21d6c14b6.jpg,201_6_19_35_jpg.rf.c76fdf1132faf6f9482394a21d6c14b6.npz,True,unreviewed_kept,0,,,,
valid,201_6_3_14_jpg.rf.256ab67abf999423837975931500f4c7.jpg,201_6_3_14_jpg.rf.256ab67abf999423837975931500f4c7.npz,True,unreviewed_kept,0,,,,
valid,201_6_4_46_jpg.rf.7df06353062adf00b5061f226d2065af.jpg,201_6_4_46_jpg.rf.7df06353062adf00b5061f226d2065af.npz,True,unreviewed_kept,0,,,,
valid,201_6_5_32_jpg.rf.633e32f810f8434d5d40e65c74ea82bc.jpg,201_6_5_32_jpg.rf.633e32f810f8434d5d40e65c74ea82bc.npz,True,unreviewed_kept,0,,,,
valid,201_7_4_56_jpg.rf.a67d6eb27bb856212de2f8b1432ddb80.jpg,201_7_4_56_jpg.rf.a67d6eb27bb856212de2f8b1432ddb80.npz,True,unreviewed_kept,0,,,,
valid,201_7_5_17_jpg.rf.2b5d8646899ea0cee51488d851955f52.jpg,201_7_5_17_jpg.rf.2b5d8646899ea0cee51488d851955f52.npz,True,unreviewed_kept,0,,,,
valid,201_7_6_45_jpg.rf.053a6f6019bab65a8b00ca8eea24f1ab.jpg,201_7_6_45_jpg.rf.053a6f6019bab65a8b00ca8eea24f1ab.npz,True,unreviewed_kept,0,,,,
valid,201_8_14_7_jpg.rf.dcfb47bd3df5465cf06bca5ffc90acf7.jpg,201_8_14_7_jpg.rf.dcfb47bd3df5465cf06bca5ffc90acf7.npz,True,unreviewed_kept,0,,,,
valid,201_8_3_34_jpg.rf.732e1f600d7c4e81d4e1cbadd53fae04.jpg,201_8_3_34_jpg.rf.732e1f600d7c4e81d4e1cbadd53fae04.npz,True,unreviewed_kept,0,,,,
valid,201_8_6_28_jpg.rf.8c8063601509d1530b15fb8e5b55c434.jpg,201_8_6_28_jpg.rf.8c8063601509d1530b15fb8e5b55c434.npz,True,unreviewed_kept,0,,,,
valid,201_8_6_34_jpg.rf.329527fc5d98a5948c8bbfa890344886.jpg,201_8_6_34_jpg.rf.329527fc5d98a5948c8bbfa890344886.npz,True,unreviewed_kept,0,,,,
valid,201_9_12_31_jpg.rf.fd7dac5828d6b0dc40a4f7705e6f35bb.jpg,201_9_12_31_jpg.rf.fd7dac5828d6b0dc40a4f7705e6f35bb.npz,True,unreviewed_kept,0,,,,
valid,201_9_12_57_jpg.rf.2f1447cc0307bb16ede704b453505468.jpg,201_9_12_57_jpg.rf.2f1447cc0307bb16ede704b453505468.npz,True,unreviewed_kept,0,,,,
valid,201_9_14_10_jpg.rf.2478e2f8dca7443d9ddf64ac8748877c.jpg,201_9_14_10_jpg.rf.2478e2f8dca7443d9ddf64ac8748877c.npz,True,unreviewed_kept,0,,,,
valid,201_9_14_50_jpg.rf.df68130f8e019331c0dce248c2a9daf4.jpg,201_9_14_50_jpg.rf.df68130f8e019331c0dce248c2a9daf4.npz,True,unreviewed_kept,0,,,,
valid,201_9_17_28_jpg.rf.10d6570d11603cd0c48ad319fd86d6a8.jpg,201_9_17_28_jpg.rf.10d6570d11603cd0c48ad319fd86d6a8.npz,True,unreviewed_kept,0,,,,
valid,201_9_6_12_jpg.rf.ed85619ca206aab38c8bed4f370449cb.jpg,201_9_6_12_jpg.rf.ed85619ca206aab38c8bed4f370449cb.npz,True,unreviewed_kept,0,,,,
valid,201_9_6_46_jpg.rf.76bf9c6c5971672acbea200a9135e187.jpg,201_9_6_46_jpg.rf.76bf9c6c5971672acbea200a9135e187.npz,True,unreviewed_kept,0,,,,
valid,201_9_7_59_jpg.rf.7b8e1a4d25699d865992520da04df4f2.jpg,201_9_7_59_jpg.rf.7b8e1a4d25699d865992520da04df4f2.npz,True,unreviewed_kept,0,,,,
valid,202_0_12_32_jpg.rf.df043e73cd6c10302273e5eff63fe729.jpg,202_0_12_32_jpg.rf.df043e73cd6c10302273e5eff63fe729.npz,True,unreviewed_kept,0,,,,
valid,202_0_15_50_jpg.rf.55d29cd718d85f3ba645fb85a4f6cc61.jpg,202_0_15_50_jpg.rf.55d29cd718d85f3ba645fb85a4f6cc61.npz,True,unreviewed_kept,0,,,,
valid,202_10_2_14_jpg.rf.91074601286f11c8092acadbae7b3e65.jpg,202_10_2_14_jpg.rf.91074601286f11c8092acadbae7b3e65.npz,True,unreviewed_kept,0,,,,
valid,202_10_5_20_jpg.rf.a002407134da63c44b8bf1a691bfa3e8.jpg,202_10_5_20_jpg.rf.a002407134da63c44b8bf1a691bfa3e8.npz,True,unreviewed_kept,0,,,,
valid,202_1_12_10_jpg.rf.b6c650be4603e8e9451f7fa94c6b2f6b.jpg,202_1_12_10_jpg.rf.b6c650be4603e8e9451f7fa94c6b2f6b.npz,True,unreviewed_kept,0,,,,
valid,202_1_14_54_jpg.rf.c25472b3f5e2fdc6538040bc84a29ee1.jpg,202_1_14_54_jpg.rf.c25472b3f5e2fdc6538040bc84a29ee1.npz,True,unreviewed_kept,0,,,,
valid,202_2_17_1_jpg.rf.bedf021903c0bbb4296b73b10ac854a0.jpg,202_2_17_1_jpg.rf.bedf021903c0bbb4296b73b10ac854a0.npz,True,unreviewed_kept,0,,,,
valid,202_2_19_44_jpg.rf.981deef2e3e4adcbde4c51a9eb008d17.jpg,202_2_19_44_jpg.rf.981deef2e3e4adcbde4c51a9eb008d17.npz,True,unreviewed_kept,0,,,,
valid,202_2_8_60_jpg.rf.abd83e2273d475da1b27e237f1547b8f.jpg,202_2_8_60_jpg.rf.abd83e2273d475da1b27e237f1547b8f.npz,True,unreviewed_kept,0,,,,
valid,202_3_11_31_jpg.rf.223d60eee57b4d534727c09c49b03003.jpg,202_3_11_31_jpg.rf.223d60eee57b4d534727c09c49b03003.npz,True,unreviewed_kept,0,,,,
valid,202_3_6_54_jpg.rf.d3ef2faa537e6a7f75ed5b0517ed69cb.jpg,202_3_6_54_jpg.rf.d3ef2faa537e6a7f75ed5b0517ed69cb.npz,True,unreviewed_kept,0,,,,
valid,202_4_12_11_jpg.rf.bb76b634819fb5c3d08a1b9b9b275466.jpg,202_4_12_11_jpg.rf.bb76b634819fb5c3d08a1b9b9b275466.npz,True,unreviewed_kept,0,,,,
valid,202_4_14_62_jpg.rf.c7edead632f08a1d2552da49296ae250.jpg,202_4_14_62_jpg.rf.c7edead632f08a1d2552da49296ae250.npz,True,unreviewed_kept,0,,,,
valid,202_4_17_56_jpg.rf.f6722483e166499c49088734b77d096b.jpg,202_4_17_56_jpg.rf.f6722483e166499c49088734b77d096b.npz,True,unreviewed_kept,0,,,,
valid,202_4_19_13_jpg.rf.e668e0b8fb009f5eab25fbb95b0728f6.jpg,202_4_19_13_jpg.rf.e668e0b8fb009f5eab25fbb95b0728f6.npz,True,unreviewed_kept,0,,,,
valid,202_5_13_53_jpg.rf.83b2564d6e7b85287fa501d7cbae4d8b.jpg,202_5_13_53_jpg.rf.83b2564d6e7b85287fa501d7cbae4d8b.npz,True,unreviewed_kept,0,,,,
valid,202_5_17_40_jpg.rf.13654a50485e3a8832f29cc6fc82dd0d.jpg,202_5_17_40_jpg.rf.13654a50485e3a8832f29cc6fc82dd0d.npz,True,unreviewed_kept,0,,,,
valid,202_5_20_26_jpg.rf.9b43a486084067a9482ad2b8d059cd30.jpg,202_5_20_26_jpg.rf.9b43a486084067a9482ad2b8d059cd30.npz,True,unreviewed_kept,0,,,,
valid,202_5_21_58_jpg.rf.2c4bc0a95c10cc6682fd3d0fb6e0ff2a.jpg,202_5_21_58_jpg.rf.2c4bc0a95c10cc6682fd3d0fb6e0ff2a.npz,True,unreviewed_kept,0,,,,
valid,202_6_14_29_jpg.rf.f4ee5876be8825a350d257cfd2ac188a.jpg,202_6_14_29_jpg.rf.f4ee5876be8825a350d257cfd2ac188a.npz,True,unreviewed_kept,0,,,,
valid,202_6_21_6_jpg.rf.d2206458d6fe6e1a433260aaa1a2d2a0.jpg,202_6_21_6_jpg.rf.d2206458d6fe6e1a433260aaa1a2d2a0.npz,True,unreviewed_kept,0,,,,
valid,202_7_16_42_jpg.rf.bca887e94309a9c1e0184b371976e342.jpg,202_7_16_42_jpg.rf.bca887e94309a9c1e0184b371976e342.npz,True,unreviewed_kept,0,,,,
valid,202_7_18_24_jpg.rf.694d1802a9444041eaa522dc96d113e0.jpg,202_7_18_24_jpg.rf.694d1802a9444041eaa522dc96d113e0.npz,True,unreviewed_kept,0,,,,
valid,202_7_19_62_jpg.rf.227940a3cec728b98705d9a606ae7630.jpg,202_7_19_62_jpg.rf.227940a3cec728b98705d9a606ae7630.npz,True,unreviewed_kept,0,,,,
valid,202_8_12_45_jpg.rf.fd744bf10f72972934c4369afbbb737f.jpg,202_8_12_45_jpg.rf.fd744bf10f72972934c4369afbbb737f.npz,True,unreviewed_kept,0,,,,
valid,202_8_15_15_jpg.rf.9f0f014af0fa473937d1f13a715c8451.jpg,202_8_15_15_jpg.rf.9f0f014af0fa473937d1f13a715c8451.npz,True,unreviewed_kept,0,,,,
valid,202_8_5_42_jpg.rf.8de49ef7c06fc1a28bd87e1c85830cc4.jpg,202_8_5_42_jpg.rf.8de49ef7c06fc1a28bd87e1c85830cc4.npz,True,unreviewed_kept,0,,,,
valid,202_9_13_23_jpg.rf.28759039dd6b53101a6f9032297a8bd2.jpg,202_9_13_23_jpg.rf.28759039dd6b53101a6f9032297a8bd2.npz,True,unreviewed_kept,0,,,,
valid,202_9_16_19_jpg.rf.6d9ab7e03fe7f4b5a9db8423f11d9af8.jpg,202_9_16_19_jpg.rf.6d9ab7e03fe7f4b5a9db8423f11d9af8.npz,True,unreviewed_kept,0,,,,
valid,202_9_4_47_jpg.rf.d5a5d22d9241d6fb389689f1f2ec0ca9.jpg,202_9_4_47_jpg.rf.d5a5d22d9241d6fb389689f1f2ec0ca9.npz,True,unreviewed_kept,0,,,,
valid,202_9_8_12_jpg.rf.07e2956d2a21e09c28b55b667885341d.jpg,202_9_8_12_jpg.rf.07e2956d2a21e09c28b55b667885341d.npz,True,unreviewed_kept,0,,,,
valid,203_0_13_58_jpg.rf.e81b887f8d1a50511e0b1e52316ad604.jpg,203_0_13_58_jpg.rf.e81b887f8d1a50511e0b1e52316ad604.npz,True,unreviewed_kept,0,,,,
valid,203_0_17_46_jpg.rf.9a729bcf592e69663c0b5bdaafc814f8.jpg,203_0_17_46_jpg.rf.9a729bcf592e69663c0b5bdaafc814f8.npz,True,unreviewed_kept,0,,,,
valid,203_1_10_36_jpg.rf.d51e6825815566679953ced3b464ae24.jpg,203_1_10_36_jpg.rf.d51e6825815566679953ced3b464ae24.npz,True,unreviewed_kept,0,,,,
valid,203_1_15_37_jpg.rf.01a204142e9b7b21d9de8805fce45cec.jpg,203_1_15_37_jpg.rf.01a204142e9b7b21d9de8805fce45cec.npz,True,unreviewed_kept,0,,,,
valid,203_1_16_51_jpg.rf.736384196720482000b4c22338f97b18.jpg,203_1_16_51_jpg.rf.736384196720482000b4c22338f97b18.npz,True,unreviewed_kept,0,,,,
valid,203_1_17_1_jpg.rf.e2bff2c48f24833a78bbcaeebd79db0e.jpg,203_1_17_1_jpg.rf.e2bff2c48f24833a78bbcaeebd79db0e.npz,True,unreviewed_kept,0,,,,
valid,203_1_17_24_jpg.rf.b39f264197cfb7464acaf70aae11f9dc.jpg,203_1_17_24_jpg.rf.b39f264197cfb7464acaf70aae11f9dc.npz,True,unreviewed_kept,0,,,,
valid,203_2_12_2_jpg.rf.ca8eb0ca1f7e01e1b4e349650c60db5e.jpg,203_2_12_2_jpg.rf.ca8eb0ca1f7e01e1b4e349650c60db5e.npz,True,unreviewed_kept,0,,,,
valid,203_2_13_2_jpg.rf.4242bfdc6c59aa5e315359fe8c118ce2.jpg,203_2_13_2_jpg.rf.4242bfdc6c59aa5e315359fe8c118ce2.npz,True,unreviewed_kept,0,,,,
valid,203_2_13_52_jpg.rf.b5ebb088d5c70cf4e61ebb0302ee63d3.jpg,203_2_13_52_jpg.rf.b5ebb088d5c70cf4e61ebb0302ee63d3.npz,True,unreviewed_kept,0,,,,
valid,203_2_16_19_jpg.rf.989db20a146a9ad38a175329dcafafc8.jpg,203_2_16_19_jpg.rf.989db20a146a9ad38a175329dcafafc8.npz,True,unreviewed_kept,0,,,,
valid,203_2_16_23_jpg.rf.5c635d706546441ed3cbd1c93e5a19fe.jpg,203_2_16_23_jpg.rf.5c635d706546441ed3cbd1c93e5a19fe.npz,True,unreviewed_kept,0,,,,
valid,203_2_9_44_jpg.rf.4cdd5834bea69581870e401d2ab01aa4.jpg,203_2_9_44_jpg.rf.4cdd5834bea69581870e401d2ab01aa4.npz,True,unreviewed_kept,0,,,,
valid,203_5_9_22_jpg.rf.cce978085b9461231ac7c150a0bc8fe9.jpg,203_5_9_22_jpg.rf.cce978085b9461231ac7c150a0bc8fe9.npz,True,unreviewed_kept,0,,,,
valid,203_6_16_31_jpg.rf.dff47a8d9e2acf7146ef684c5d80c585.jpg,203_6_16_31_jpg.rf.dff47a8d9e2acf7146ef684c5d80c585.npz,True,unreviewed_kept,0,,,,
valid,203_6_4_16_jpg.rf.ac8122650bdd006d96ec4a6771242ce0.jpg,203_6_4_16_jpg.rf.ac8122650bdd006d96ec4a6771242ce0.npz,True,unreviewed_kept,0,,,,
valid,203_7_19_8_jpg.rf.3555e5efaadd7d0a1ec8f9bb98af0b9e.jpg,203_7_19_8_jpg.rf.3555e5efaadd7d0a1ec8f9bb98af0b9e.npz,True,unreviewed_kept,0,,,,
valid,204_0_2_62_jpg.rf.d2f92daf3b2e198e98a41c1c62580e5e.jpg,204_0_2_62_jpg.rf.d2f92daf3b2e198e98a41c1c62580e5e.npz,True,unreviewed_kept,0,,,,
valid,204_2_10_8_jpg.rf.dbd90fb77f33c66d488f39fafdc8cfc3.jpg,204_2_10_8_jpg.rf.dbd90fb77f33c66d488f39fafdc8cfc3.npz,True,unreviewed_kept,0,,,,
valid,204_2_15_38_jpg.rf.5df8f032306cf9aa5272548e18f5fb21.jpg,204_2_15_38_jpg.rf.5df8f032306cf9aa5272548e18f5fb21.npz,True,unreviewed_kept,0,,,,
valid,204_3_12_49_jpg.rf.b624d9ff9d770589374af51ff27ace59.jpg,204_3_12_49_jpg.rf.b624d9ff9d770589374af51ff27ace59.npz,True,unreviewed_kept,0,,,,
valid,204_7_7_7_jpg.rf.4b97d3d8c7b04bac6e0ad3a7a0a1bd4d.jpg,204_7_7_7_jpg.rf.4b97d3d8c7b04bac6e0ad3a7a0a1bd4d.npz,True,unreviewed_kept,0,,,,
valid,205_1_3_35_jpg.rf.45d86f67b38ed684e2d3e4e8ee7b6901.jpg,205_1_3_35_jpg.rf.45d86f67b38ed684e2d3e4e8ee7b6901.npz,True,unreviewed_kept,0,,,,
valid,205_2_19_19_jpg.rf.fd1cbe84003eabd8515212a0d27b78b1.jpg,205_2_19_19_jpg.rf.fd1cbe84003eabd8515212a0d27b78b1.npz,True,unreviewed_kept,0,,,,
valid,205_3_8_38_jpg.rf.1a92450207d6147250a1dd4c15b846ba.jpg,205_3_8_38_jpg.rf.1a92450207d6147250a1dd4c15b846ba.npz,True,unreviewed_kept,0,,,,
valid,205_7_12_59_jpg.rf.eccaecdb2203b4f2dad3ab4ba13684b3.jpg,205_7_12_59_jpg.rf.eccaecdb2203b4f2dad3ab4ba13684b3.npz,True,unreviewed_kept,0,,,,
valid,205_7_13_38_jpg.rf.4bd876a421af5e9f534322b31f03737b.jpg,205_7_13_38_jpg.rf.4bd876a421af5e9f534322b31f03737b.npz,True,unreviewed_kept,0,,,,
valid,205_7_13_42_jpg.rf.1443912ed8bce28d73906e5bb44c6858.jpg,205_7_13_42_jpg.rf.1443912ed8bce28d73906e5bb44c6858.npz,True,unreviewed_kept,0,,,,
valid,205_8_10_36_jpg.rf.e5ba9b1bede7f19ec0f30adf34c84926.jpg,205_8_10_36_jpg.rf.e5ba9b1bede7f19ec0f30adf34c84926.npz,True,unreviewed_kept,0,,,,
valid,205_8_11_18_jpg.rf.b4d3a2a11b900b635ad2eb06d83e1d72.jpg,205_8_11_18_jpg.rf.b4d3a2a11b900b635ad2eb06d83e1d72.npz,True,unreviewed_kept,0,,,,
valid,206_1_14_10_jpg.rf.501e4b4cd8c91079bb3e1d4ea6f972ef.jpg,206_1_14_10_jpg.rf.501e4b4cd8c91079bb3e1d4ea6f972ef.npz,True,unreviewed_kept,0,,,,
valid,206_2_10_27_jpg.rf.6f5358e9b5ea96e3edc89a66bef92733.jpg,206_2_10_27_jpg.rf.6f5358e9b5ea96e3edc89a66bef92733.npz,True,unreviewed_kept,0,,,,
valid,206_2_11_54_jpg.rf.3b91573873cac88f45d5050a00bdc4ab.jpg,206_2_11_54_jpg.rf.3b91573873cac88f45d5050a00bdc4ab.npz,True,unreviewed_kept,0,,,,
valid,206_2_14_50_jpg.rf.69106a67f30649d193d8f8f9a79d64fc.jpg,206_2_14_50_jpg.rf.69106a67f30649d193d8f8f9a79d64fc.npz,True,unreviewed_kept,0,,,,
valid,206_2_20_62_jpg.rf.8c898bf4f916b8ad7395f5e6899e6214.jpg,206_2_20_62_jpg.rf.8c898bf4f916b8ad7395f5e6899e6214.npz,True,unreviewed_kept,0,,,,
valid,206_3_14_37_jpg.rf.b2ee656ca9656f79bda7279cc9471878.jpg,206_3_14_37_jpg.rf.b2ee656ca9656f79bda7279cc9471878.npz,True,unreviewed_kept,0,,,,
valid,206_3_7_18_jpg.rf.6e30d9a2054e968f9e7c7a84340ae4e1.jpg,206_3_7_18_jpg.rf.6e30d9a2054e968f9e7c7a84340ae4e1.npz,True,unreviewed_kept,0,,,,
valid,206_4_21_24_jpg.rf.3311958c84e32f4e25261561619297fb.jpg,206_4_21_24_jpg.rf.3311958c84e32f4e25261561619297fb.npz,True,reviewed_kept,1,D,Y,N,
valid,206_5_10_16_jpg.rf.9e5c4d7db7d375990da49477825d5b5c.jpg,206_5_10_16_jpg.rf.9e5c4d7db7d375990da49477825d5b5c.npz,True,unreviewed_kept,0,,,,
valid,206_5_20_10_jpg.rf.cef3c22801670e15c8de83e7f7dd9ac8.jpg,206_5_20_10_jpg.rf.cef3c22801670e15c8de83e7f7dd9ac8.npz,True,unreviewed_kept,0,,,,
valid,206_5_3_6_jpg.rf.f533c2f761ea2307cb8d14747fcb00c7.jpg,206_5_3_6_jpg.rf.f533c2f761ea2307cb8d14747fcb00c7.npz,True,unreviewed_kept,0,,,,
valid,206_5_8_48_jpg.rf.d2576c12ef6fae69e1cda756eb781a57.jpg,206_5_8_48_jpg.rf.d2576c12ef6fae69e1cda756eb781a57.npz,True,unreviewed_kept,0,,,,
valid,206_6_12_45_jpg.rf.b98bbe2d6dd71b97f2023d0b76d09736.jpg,206_6_12_45_jpg.rf.b98bbe2d6dd71b97f2023d0b76d09736.npz,True,unreviewed_kept,0,,,,
valid,206_6_3_20_jpg.rf.dde7b5924b593401c9ee61e5867a694c.jpg,206_6_3_20_jpg.rf.dde7b5924b593401c9ee61e5867a694c.npz,True,unreviewed_kept,0,,,,
valid,206_6_6_23_jpg.rf.b2bd62f7e806601dd4e5602f6f3d4f0a.jpg,206_6_6_23_jpg.rf.b2bd62f7e806601dd4e5602f6f3d4f0a.npz,True,unreviewed_kept,0,,,,
valid,206_7_9_2_jpg.rf.a65eb0ae726e48d6097d4c23a98c178a.jpg,206_7_9_2_jpg.rf.a65eb0ae726e48d6097d4c23a98c178a.npz,True,unreviewed_kept,0,,,,
valid,206_7_9_45_jpg.rf.929b1b14ab8777bcf658dce44665aff7.jpg,206_7_9_45_jpg.rf.929b1b14ab8777bcf658dce44665aff7.npz,True,unreviewed_kept,0,,,,
valid,206_8_12_57_jpg.rf.5720bd44554a6705ca8ac92287b68384.jpg,206_8_12_57_jpg.rf.5720bd44554a6705ca8ac92287b68384.npz,True,unreviewed_kept,0,,,,
valid,207_0_16_49_jpg.rf.0ec9cc68487bfbf4d40d85757040c197.jpg,207_0_16_49_jpg.rf.0ec9cc68487bfbf4d40d85757040c197.npz,True,unreviewed_kept,0,,,,
valid,207_1_12_55_jpg.rf.a737e3db376df35a21629afe381fd2de.jpg,207_1_12_55_jpg.rf.a737e3db376df35a21629afe381fd2de.npz,True,unreviewed_kept,0,,,,
valid,207_1_15_31_jpg.rf.087a590f08c3c6debf206665c2346787.jpg,207_1_15_31_jpg.rf.087a590f08c3c6debf206665c2346787.npz,True,unreviewed_kept,0,,,,
valid,207_1_16_37_jpg.rf.209ef6fd12e23935b01245172318361f.jpg,207_1_16_37_jpg.rf.209ef6fd12e23935b01245172318361f.npz,True,unreviewed_kept,0,,,,
valid,207_2_9_53_jpg.rf.a8886c37b6c945d6bee723444b9db483.jpg,207_2_9_53_jpg.rf.a8886c37b6c945d6bee723444b9db483.npz,True,unreviewed_kept,0,,,,
valid,207_3_24_62_jpg.rf.45d9f645917bd3ef394eb485b01815f3.jpg,207_3_24_62_jpg.rf.45d9f645917bd3ef394eb485b01815f3.npz,True,unreviewed_kept,0,,,,
valid,207_3_25_12_jpg.rf.f9a73f070c724ce173d8df21d73f979a.jpg,207_3_25_12_jpg.rf.f9a73f070c724ce173d8df21d73f979a.npz,True,unreviewed_kept,0,,,,
valid,207_4_21_63_jpg.rf.b52dc01af581fa6580ab7521dd0e1ec9.jpg,207_4_21_63_jpg.rf.b52dc01af581fa6580ab7521dd0e1ec9.npz,True,unreviewed_kept,0,,,,
valid,207_4_4_37_jpg.rf.454b0a58772cab46c3f94c2d121d2fa3.jpg,207_4_4_37_jpg.rf.454b0a58772cab46c3f94c2d121d2fa3.npz,True,unreviewed_kept,0,,,,
valid,207_5_10_63_jpg.rf.e0bf59da126d95c13f3fd81f1788943e.jpg,207_5_10_63_jpg.rf.e0bf59da126d95c13f3fd81f1788943e.npz,True,unreviewed_kept,0,,,,
valid,207_5_20_29_jpg.rf.23af9e1bdb505ed832e03475a20d5cd3.jpg,207_5_20_29_jpg.rf.23af9e1bdb505ed832e03475a20d5cd3.npz,True,unreviewed_kept,0,,,,
valid,207_5_5_30_jpg.rf.3b074d062e26cbcad6ec753ee0d04d45.jpg,207_5_5_30_jpg.rf.3b074d062e26cbcad6ec753ee0d04d45.npz,True,unreviewed_kept,0,,,,
valid,207_5_8_55_jpg.rf.a60d9724f021c719966427ba65696330.jpg,207_5_8_55_jpg.rf.a60d9724f021c719966427ba65696330.npz,True,unreviewed_kept,0,,,,
valid,207_7_11_34_jpg.rf.03ed517aeac8dbdea41e58dc0d83af96.jpg,207_7_11_34_jpg.rf.03ed517aeac8dbdea41e58dc0d83af96.npz,True,unreviewed_kept,0,,,,
valid,207_7_14_34_jpg.rf.c5bae029d363f514db6853b1eedfffb9.jpg,207_7_14_34_jpg.rf.c5bae029d363f514db6853b1eedfffb9.npz,True,unreviewed_kept,0,,,,
valid,207_7_19_27_jpg.rf.f569f389687528914435d4ce3b315688.jpg,207_7_19_27_jpg.rf.f569f389687528914435d4ce3b315688.npz,True,unreviewed_kept,0,,,,
valid,207_9_13_44_jpg.rf.b4ef89b09cb7c9d3c40a04220557a135.jpg,207_9_13_44_jpg.rf.b4ef89b09cb7c9d3c40a04220557a135.npz,True,unreviewed_kept,0,,,,
valid,208_0_9_56_jpg.rf.0b3766dc749feb0972e101e927ce45f5.jpg,208_0_9_56_jpg.rf.0b3766dc749feb0972e101e927ce45f5.npz,True,unreviewed_kept,0,,,,
valid,208_1_10_20_jpg.rf.65fe422f7c0db0456da0d08913a84017.jpg,208_1_10_20_jpg.rf.65fe422f7c0db0456da0d08913a84017.npz,True,unreviewed_kept,0,,,,
valid,208_1_10_52_jpg.rf.55627d412ca35ec99b2d09ad8bc8a783.jpg,208_1_10_52_jpg.rf.55627d412ca35ec99b2d09ad8bc8a783.npz,True,unreviewed_kept,0,,,,
valid,208_1_11_16_jpg.rf.a9fd767ec913a2858dd7d9b7352f79bf.jpg,208_1_11_16_jpg.rf.a9fd767ec913a2858dd7d9b7352f79bf.npz,True,unreviewed_kept,0,,,,
valid,208_1_7_59_jpg.rf.ebcda15b81f2e4527fd9097c787ad26a.jpg,208_1_7_59_jpg.rf.ebcda15b81f2e4527fd9097c787ad26a.npz,True,unreviewed_kept,0,,,,
valid,208_1_8_45_jpg.rf.b208cd6a352bb163d5190696ece7f669.jpg,208_1_8_45_jpg.rf.b208cd6a352bb163d5190696ece7f669.npz,True,unreviewed_kept,0,,,,
valid,208_2_11_44_jpg.rf.786d12582dc4fe8574350dd5cb67acbd.jpg,208_2_11_44_jpg.rf.786d12582dc4fe8574350dd5cb67acbd.npz,True,unreviewed_kept,0,,,,
valid,208_2_12_29_jpg.rf.e96992050e4895e70a83a5beb48e15c7.jpg,208_2_12_29_jpg.rf.e96992050e4895e70a83a5beb48e15c7.npz,True,unreviewed_kept,0,,,,
valid,208_2_14_2_jpg.rf.61e594ad2beeddd288ac0e5acb28cb92.jpg,208_2_14_2_jpg.rf.61e594ad2beeddd288ac0e5acb28cb92.npz,True,unreviewed_kept,0,,,,
valid,208_2_14_58_jpg.rf.4a7084ce187d65d26016be2343a543c2.jpg,208_2_14_58_jpg.rf.4a7084ce187d65d26016be2343a543c2.npz,True,unreviewed_kept,0,,,,
valid,208_2_18_39_jpg.rf.db678d95797c5d774364c3709fb786e7.jpg,208_2_18_39_jpg.rf.db678d95797c5d774364c3709fb786e7.npz,True,unreviewed_kept,0,,,,
valid,208_3_15_10_jpg.rf.dc9e9af44cf19915da3548a7505a2229.jpg,208_3_15_10_jpg.rf.dc9e9af44cf19915da3548a7505a2229.npz,True,unreviewed_kept,0,,,,
valid,208_3_15_32_jpg.rf.a9a3bf29d6eee716cb879d7c4cdf1227.jpg,208_3_15_32_jpg.rf.a9a3bf29d6eee716cb879d7c4cdf1227.npz,True,unreviewed_kept,0,,,,
valid,208_3_16_11_jpg.rf.972aa5f8cb37b67051e02ee6ee0190d4.jpg,208_3_16_11_jpg.rf.972aa5f8cb37b67051e02ee6ee0190d4.npz,True,unreviewed_kept,0,,,,
valid,208_3_20_29_jpg.rf.63e008ba3162b8c5fdb1a2eb0a194d85.jpg,208_3_20_29_jpg.rf.63e008ba3162b8c5fdb1a2eb0a194d85.npz,True,unreviewed_kept,0,,,,
valid,208_3_4_13_jpg.rf.a976e3fda528916de01f2012803c3964.jpg,208_3_4_13_jpg.rf.a976e3fda528916de01f2012803c3964.npz,True,unreviewed_kept,0,,,,
valid,208_3_5_35_jpg.rf.19531a87c2f50c13d4b01dbd0bee2a0e.jpg,208_3_5_35_jpg.rf.19531a87c2f50c13d4b01dbd0bee2a0e.npz,True,unreviewed_kept,0,,,,
valid,208_3_6_28_jpg.rf.32b8eb96c5504f776ed1b5b63cd7431f.jpg,208_3_6_28_jpg.rf.32b8eb96c5504f776ed1b5b63cd7431f.npz,True,unreviewed_kept,0,,,,
valid,208_3_7_51_jpg.rf.fc353f5f5e5435f990790a72bcb235e4.jpg,208_3_7_51_jpg.rf.fc353f5f5e5435f990790a72bcb235e4.npz,True,unreviewed_kept,0,,,,
valid,208_4_10_31_jpg.rf.9c0045404162a22fa8fde2a8cb761062.jpg,208_4_10_31_jpg.rf.9c0045404162a22fa8fde2a8cb761062.npz,True,unreviewed_kept,0,,,,
valid,208_4_14_18_jpg.rf.2ab60c2a1b3bd8b1bdfeb0cd6ddb9e2f.jpg,208_4_14_18_jpg.rf.2ab60c2a1b3bd8b1bdfeb0cd6ddb9e2f.npz,True,unreviewed_kept,0,,,,
valid,208_4_20_20_jpg.rf.62599dff5be63d56b21910562d30b52e.jpg,208_4_20_20_jpg.rf.62599dff5be63d56b21910562d30b52e.npz,True,unreviewed_kept,0,,,,
valid,208_4_7_42_jpg.rf.b2eb0c8f77aa360fe825e456162fe7f4.jpg,208_4_7_42_jpg.rf.b2eb0c8f77aa360fe825e456162fe7f4.npz,True,unreviewed_kept,0,,,,
valid,208_5_15_20_jpg.rf.8c8feadb8cbe469a444784f33c8c4bb6.jpg,208_5_15_20_jpg.rf.8c8feadb8cbe469a444784f33c8c4bb6.npz,True,unreviewed_kept,0,,,,
valid,208_5_16_33_jpg.rf.75290b610af456c59ce4785127abc26c.jpg,208_5_16_33_jpg.rf.75290b610af456c59ce4785127abc26c.npz,True,unreviewed_kept,0,,,,
valid,208_5_19_46_jpg.rf.06e024ceac0b2a848dcabd6fc6e35195.jpg,208_5_19_46_jpg.rf.06e024ceac0b2a848dcabd6fc6e35195.npz,True,unreviewed_kept,0,,,,
valid,208_5_22_50_jpg.rf.ca7ffe36336552552d8834e185889e02.jpg,208_5_22_50_jpg.rf.ca7ffe36336552552d8834e185889e02.npz,True,unreviewed_kept,0,,,,
valid,208_5_2_7_jpg.rf.105a5b2613ea58d6f067a4bae8171ebe.jpg,208_5_2_7_jpg.rf.105a5b2613ea58d6f067a4bae8171ebe.npz,True,unreviewed_kept,0,,,,
valid,208_5_6_64_jpg.rf.f19695ff74e798d365dca394502f550f.jpg,208_5_6_64_jpg.rf.f19695ff74e798d365dca394502f550f.npz,True,unreviewed_kept,0,,,,
valid,208_6_14_8_jpg.rf.d49dc545966794b519b60bc91c0fbaad.jpg,208_6_14_8_jpg.rf.d49dc545966794b519b60bc91c0fbaad.npz,True,unreviewed_kept,0,,,,
valid,208_6_1_64_jpg.rf.d679ff669437e8bfe9e35a1c6f38ff01.jpg,208_6_1_64_jpg.rf.d679ff669437e8bfe9e35a1c6f38ff01.npz,True,unreviewed_kept,0,,,,
valid,208_6_21_44_jpg.rf.50956630a66faf1ce68e4909f6827ff0.jpg,208_6_21_44_jpg.rf.50956630a66faf1ce68e4909f6827ff0.npz,True,unreviewed_kept,0,,,,
valid,208_6_4_29_jpg.rf.441153a5476ee3f6cdf376b3ca48f90a.jpg,208_6_4_29_jpg.rf.441153a5476ee3f6cdf376b3ca48f90a.npz,True,unreviewed_kept,0,,,,
valid,208_6_6_26_jpg.rf.4554c8fa3b6263fd4eb2828370fe9e20.jpg,208_6_6_26_jpg.rf.4554c8fa3b6263fd4eb2828370fe9e20.npz,True,unreviewed_kept,0,,,,
valid,208_7_13_26_jpg.rf.6c356a0a4cbfef09fbc18119ccfaf601.jpg,208_7_13_26_jpg.rf.6c356a0a4cbfef09fbc18119ccfaf601.npz,True,unreviewed_kept,0,,,,
valid,208_7_17_6_jpg.rf.de8e845601835431455c7dcb8e80df33.jpg,208_7_17_6_jpg.rf.de8e845601835431455c7dcb8e80df33.npz,True,unreviewed_kept,0,,,,
valid,208_7_22_30_jpg.rf.bc9c5070628cfdbb2f13eb238a9bd3b5.jpg,208_7_22_30_jpg.rf.bc9c5070628cfdbb2f13eb238a9bd3b5.npz,True,unreviewed_kept,0,,,,
valid,208_7_23_30_jpg.rf.bec4e5cb8cd5b381a9ca3fd844e6e605.jpg,208_7_23_30_jpg.rf.bec4e5cb8cd5b381a9ca3fd844e6e605.npz,True,unreviewed_kept,0,,,,
valid,208_7_6_10_jpg.rf.9dfc0505b32664e9c0accd2debb4c811.jpg,208_7_6_10_jpg.rf.9dfc0505b32664e9c0accd2debb4c811.npz,True,unreviewed_kept,0,,,,
valid,208_7_7_42_jpg.rf.39072944ddb3764b3ef0fc1f26880968.jpg,208_7_7_42_jpg.rf.39072944ddb3764b3ef0fc1f26880968.npz,True,unreviewed_kept,0,,,,
valid,208_7_8_19_jpg.rf.fdc07cd1a1460b37d738d4e79440cf29.jpg,208_7_8_19_jpg.rf.fdc07cd1a1460b37d738d4e79440cf29.npz,True,unreviewed_kept,0,,,,
valid,301_10_16_36_jpg.rf.90c946232649455abd477ac2595bd36a.jpg,301_10_16_36_jpg.rf.90c946232649455abd477ac2595bd36a.npz,True,unreviewed_kept,0,,,,
valid,301_10_16_52_jpg.rf.312fbd3dfad79130a1c8aab1f397325f.jpg,301_10_16_52_jpg.rf.312fbd3dfad79130a1c8aab1f397325f.npz,True,unreviewed_kept,0,,,,
valid,301_11_16_11_jpg.rf.49ba1552e27e30e82f92cbe2ed53355a.jpg,301_11_16_11_jpg.rf.49ba1552e27e30e82f92cbe2ed53355a.npz,True,unreviewed_kept,0,,,,
valid,301_12_17_49_jpg.rf.fcb2250eda9b5cc859bd8e77a2fc1825.jpg,301_12_17_49_jpg.rf.fcb2250eda9b5cc859bd8e77a2fc1825.npz,True,unreviewed_kept,0,,,,
test,102_1_3_61_jpg.rf.5dee7ed789b8425999e6aeb6fbf0fd6e.jpg,102_1_3_61_jpg.rf.5dee7ed789b8425999e6aeb6fbf0fd6e.npz,True,test_unmodified,0,,,,
test,102_1_4_62_jpg.rf.6f9a35181e076f722657165534f366c8.jpg,102_1_4_62_jpg.rf.6f9a35181e076f722657165534f366c8.npz,True,test_unmodified,0,,,,
test,102_3_4_58_jpg.rf.59f538ce0f8a2d21b8e9ad8683dc5004.jpg,102_3_4_58_jpg.rf.59f538ce0f8a2d21b8e9ad8683dc5004.npz,True,test_unmodified,0,,,,
test,15_239_101_64_47_jpg.rf.a073305f5fef8d549c1d5a46b5d949d2.jpg,15_239_101_64_47_jpg.rf.a073305f5fef8d549c1d5a46b5d949d2.npz,True,test_unmodified,0,,,,
test,15_239_101_65_47_jpg.rf.ebe0ccdf84c633eed32bfdb852e0da6b.jpg,15_239_101_65_47_jpg.rf.ebe0ccdf84c633eed32bfdb852e0da6b.npz,True,test_unmodified,0,,,,
test,15_239_203_35_22_jpg.rf.7b073484bd5ad882680b4be909c743fc.jpg,15_239_203_35_22_jpg.rf.7b073484bd5ad882680b4be909c743fc.npz,True,test_unmodified,0,,,,
test,15_242_202_100_56_jpg.rf.1434e6edca240193415f266996b300e2.jpg,15_242_202_100_56_jpg.rf.1434e6edca240193415f266996b300e2.npz,True,test_unmodified,0,,,,
test,15_242_202_118_84_jpg.rf.e10c54da36dbcc79dae992137d41203f.jpg,15_242_202_118_84_jpg.rf.e10c54da36dbcc79dae992137d41203f.npz,True,test_unmodified,0,,,,
test,15_242_202_118_88_jpg.rf.0698d8264393a6e9288d73648ee5e1d5.jpg,15_242_202_118_88_jpg.rf.0698d8264393a6e9288d73648ee5e1d5.npz,True,test_unmodified,0,,,,
test,15_242_202_12_107_jpg.rf.aef16e22ce7a4f41f56e6145f736ff64.jpg,15_242_202_12_107_jpg.rf.aef16e22ce7a4f41f56e6145f736ff64.npz,True,test_unmodified,0,,,,
test,15_242_202_12_117_jpg.rf.f70ffa3b158261b62b537d13b28821f1.jpg,15_242_202_12_117_jpg.rf.f70ffa3b158261b62b537d13b28821f1.npz,True,test_unmodified,0,,,,
test,15_242_202_133_35_jpg.rf.65afa4026099ca348e106adaef51d43e.jpg,15_242_202_133_35_jpg.rf.65afa4026099ca348e106adaef51d43e.npz,True,test_unmodified,0,,,,
test,15_242_202_137_58_jpg.rf.3e8b97a72fdecb44de0b72e53c600539.jpg,15_242_202_137_58_jpg.rf.3e8b97a72fdecb44de0b72e53c600539.npz,True,test_unmodified,0,,,,
test,15_242_202_167_14_jpg.rf.3898e361dff68d0b3a1f53bf420f5a86.jpg,15_242_202_167_14_jpg.rf.3898e361dff68d0b3a1f53bf420f5a86.npz,True,test_unmodified,0,,,,
test,15_242_208_18_23_jpg.rf.b0029b4cb0ea1cceca909f81cd90b62e.jpg,15_242_208_18_23_jpg.rf.b0029b4cb0ea1cceca909f81cd90b62e.npz,True,test_unmodified,0,,,,
test,15_242_208_18_9_jpg.rf.9802e96f8e362e037cf73954d90cf0ec.jpg,15_242_208_18_9_jpg.rf.9802e96f8e362e037cf73954d90cf0ec.npz,True,test_unmodified,0,,,,
test,15_242_208_198_52_jpg.rf.9cef99188be2bec8e3a60bd7d6c47c42.jpg,15_242_208_198_52_jpg.rf.9cef99188be2bec8e3a60bd7d6c47c42.npz,True,test_unmodified,0,,,,
test,15_242_208_199_29_jpg.rf.d70ea5be159f32f2f775770b505bc235.jpg,15_242_208_199_29_jpg.rf.d70ea5be159f32f2f775770b505bc235.npz,True,test_unmodified,0,,,,
test,15_242_208_19_13_jpg.rf.005876ff63ddc776ca366ff261023f6c.jpg,15_242_208_19_13_jpg.rf.005876ff63ddc776ca366ff261023f6c.npz,True,test_unmodified,0,,,,
test,15_242_208_19_17_jpg.rf.11ae2f4f37889f526f0d7448c6a71ae9.jpg,15_242_208_19_17_jpg.rf.11ae2f4f37889f526f0d7448c6a71ae9.npz,True,test_unmodified,0,,,,
test,15_242_208_19_7_jpg.rf.d5ed7aeab3c793d49a5820591cb314bb.jpg,15_242_208_19_7_jpg.rf.d5ed7aeab3c793d49a5820591cb314bb.npz,True,test_unmodified,0,,,,
test,15_242_208_20_11_jpg.rf.4f19052609cd4f6d39146486fa69de3f.jpg,15_242_208_20_11_jpg.rf.4f19052609cd4f6d39146486fa69de3f.npz,True,test_unmodified,0,,,,
test,15_242_208_20_23_jpg.rf.0033de25744dea9fd9c370beab5f5a81.jpg,15_242_208_20_23_jpg.rf.0033de25744dea9fd9c370beab5f5a81.npz,True,test_unmodified,0,,,,
test,15_242_208_20_27_jpg.rf.79a9f5d91d78c8ab83d4183b7c6a166e.jpg,15_242_208_20_27_jpg.rf.79a9f5d91d78c8ab83d4183b7c6a166e.npz,True,test_unmodified,0,,,,
test,15_242_208_21_16_jpg.rf.e983504c5acc162325fd707cd83bc559.jpg,15_242_208_21_16_jpg.rf.e983504c5acc162325fd707cd83bc559.npz,True,test_unmodified,0,,,,
test,15_242_208_21_17_jpg.rf.bf34a7204e662bbc844d5da7c1d37b7e.jpg,15_242_208_21_17_jpg.rf.bf34a7204e662bbc844d5da7c1d37b7e.npz,True,test_unmodified,0,,,,
test,15_242_208_22_14_jpg.rf.ed42578d9560659e6401097149c4eb08.jpg,15_242_208_22_14_jpg.rf.ed42578d9560659e6401097149c4eb08.npz,True,test_unmodified,0,,,,
test,15_242_208_22_23_jpg.rf.e60b5393b576323d30ef976bf14baa56.jpg,15_242_208_22_23_jpg.rf.e60b5393b576323d30ef976bf14baa56.npz,True,test_unmodified,0,,,,
test,15_242_208_22_25_jpg.rf.fd753629d16d41c29bb56c642f5e104e.jpg,15_242_208_22_25_jpg.rf.fd753629d16d41c29bb56c642f5e104e.npz,True,test_unmodified,0,,,,
test,15_242_208_22_27_jpg.rf.2a39ef1006226fbda30ad677d7a774c0.jpg,15_242_208_22_27_jpg.rf.2a39ef1006226fbda30ad677d7a774c0.npz,True,test_unmodified,0,,,,
test,15_242_208_23_13_jpg.rf.2d8073d957a570d4ae86adfdf7747b27.jpg,15_242_208_23_13_jpg.rf.2d8073d957a570d4ae86adfdf7747b27.npz,True,test_unmodified,0,,,,
test,15_242_208_23_16_jpg.rf.dae0f3b7a08d1d930f5007fbb703c7b2.jpg,15_242_208_23_16_jpg.rf.dae0f3b7a08d1d930f5007fbb703c7b2.npz,True,test_unmodified,0,,,,
test,15_242_208_23_23_jpg.rf.79b8586dfa2203ece5169f67575f36c8.jpg,15_242_208_23_23_jpg.rf.79b8586dfa2203ece5169f67575f36c8.npz,True,test_unmodified,0,,,,
test,15_242_208_23_27_jpg.rf.b35919971f26b4f313fa41ee40f30df5.jpg,15_242_208_23_27_jpg.rf.b35919971f26b4f313fa41ee40f30df5.npz,True,test_unmodified,0,,,,
test,15_242_208_25_18_jpg.rf.642e7957fc6cd100bc2e3253730b7600.jpg,15_242_208_25_18_jpg.rf.642e7957fc6cd100bc2e3253730b7600.npz,True,test_unmodified,0,,,,
test,15_242_208_25_23_jpg.rf.c0308c12bc9c967491aac54cfd4df19b.jpg,15_242_208_25_23_jpg.rf.c0308c12bc9c967491aac54cfd4df19b.npz,True,test_unmodified,0,,,,
test,15_242_208_25_26_jpg.rf.e663fca14e63d9e81e9584d4cb887a89.jpg,15_242_208_25_26_jpg.rf.e663fca14e63d9e81e9584d4cb887a89.npz,True,test_unmodified,0,,,,
test,15_242_208_26_12_jpg.rf.8bf61e2e7b936cfe2c1cb9eb89ff6eeb.jpg,15_242_208_26_12_jpg.rf.8bf61e2e7b936cfe2c1cb9eb89ff6eeb.npz,True,test_unmodified,0,,,,
test,15_242_208_26_13_jpg.rf.52a22a0a4a8edf2655df634d10b02ce8.jpg,15_242_208_26_13_jpg.rf.52a22a0a4a8edf2655df634d10b02ce8.npz,True,test_unmodified,0,,,,
test,15_242_208_26_15_jpg.rf.227ae4ac5937892b4f3303595b58d358.jpg,15_242_208_26_15_jpg.rf.227ae4ac5937892b4f3303595b58d358.npz,True,test_unmodified,0,,,,
test,15_242_208_26_27_jpg.rf.c48f7609d894e6a9afe0e6b0fd2c4651.jpg,15_242_208_26_27_jpg.rf.c48f7609d894e6a9afe0e6b0fd2c4651.npz,True,test_unmodified,0,,,,
test,15_242_208_27_10_jpg.rf.b9b5514f088b4a78229a85bb5dcfbf4e.jpg,15_242_208_27_10_jpg.rf.b9b5514f088b4a78229a85bb5dcfbf4e.npz,True,test_unmodified,0,,,,
test,15_242_208_27_15_jpg.rf.f39ff9403f3404fcf8abc9a8c784564c.jpg,15_242_208_27_15_jpg.rf.f39ff9403f3404fcf8abc9a8c784564c.npz,True,test_unmodified,0,,,,
test,15_242_208_27_18_jpg.rf.615edf150807e4ef6e71c6136191bbb3.jpg,15_242_208_27_18_jpg.rf.615edf150807e4ef6e71c6136191bbb3.npz,True,test_unmodified,0,,,,
test,15_242_208_28_19_jpg.rf.b3e418c2ea0edd4fe810137d8855bbfd.jpg,15_242_208_28_19_jpg.rf.b3e418c2ea0edd4fe810137d8855bbfd.npz,True,test_unmodified,0,,,,
test,15_242_208_28_28_jpg.rf.3e786b3b43f16215d6d3ca700896842f.jpg,15_242_208_28_28_jpg.rf.3e786b3b43f16215d6d3ca700896842f.npz,True,test_unmodified,0,,,,
test,15_242_208_29_21_jpg.rf.cebe6cbe63df958bd61ac5779025873c.jpg,15_242_208_29_21_jpg.rf.cebe6cbe63df958bd61ac5779025873c.npz,True,test_unmodified,0,,,,
test,15_242_208_31_12_jpg.rf.67e217efd2c53835775de1c1d3d3cf1c.jpg,15_242_208_31_12_jpg.rf.67e217efd2c53835775de1c1d3d3cf1c.npz,True,test_unmodified,0,,,,
test,15_242_208_32_10_jpg.rf.a8d158932c186ff8c3a01adca20564dd.jpg,15_242_208_32_10_jpg.rf.a8d158932c186ff8c3a01adca20564dd.npz,True,test_unmodified,0,,,,
test,15_242_208_32_7_jpg.rf.c02fcd868f518be43e9944181a90b13e.jpg,15_242_208_32_7_jpg.rf.c02fcd868f518be43e9944181a90b13e.npz,True,test_unmodified,0,,,,
test,15_242_208_33_15_jpg.rf.4fae6a969fdbe99a2cc9544d797072ce.jpg,15_242_208_33_15_jpg.rf.4fae6a969fdbe99a2cc9544d797072ce.npz,True,test_unmodified,0,,,,
test,15_242_208_33_19_jpg.rf.ecf342ea70ebaf870de2b1f9bdd46dc3.jpg,15_242_208_33_19_jpg.rf.ecf342ea70ebaf870de2b1f9bdd46dc3.npz,True,test_unmodified,0,,,,
test,15_242_208_33_20_jpg.rf.b66356818cf81eafa7fdb56f13d61ba0.jpg,15_242_208_33_20_jpg.rf.b66356818cf81eafa7fdb56f13d61ba0.npz,True,test_unmodified,0,,,,
test,15_242_208_35_10_jpg.rf.c26ae0677430d210e504e030f353eab5.jpg,15_242_208_35_10_jpg.rf.c26ae0677430d210e504e030f353eab5.npz,True,test_unmodified,0,,,,
test,15_242_208_35_8_jpg.rf.6845ffb02da1f73d02bef361f9a92ebc.jpg,15_242_208_35_8_jpg.rf.6845ffb02da1f73d02bef361f9a92ebc.npz,True,test_unmodified,0,,,,
test,15_242_208_36_15_jpg.rf.72e5f4afc3cf5a2ee40cc4b9d54d1a52.jpg,15_242_208_36_15_jpg.rf.72e5f4afc3cf5a2ee40cc4b9d54d1a52.npz,True,test_unmodified,0,,,,
test,15_242_208_36_25_jpg.rf.cddbffd2b7686ece1191a5be980360eb.jpg,15_242_208_36_25_jpg.rf.cddbffd2b7686ece1191a5be980360eb.npz,True,test_unmodified,0,,,,
test,15_242_208_36_8_jpg.rf.ebd2cfbee39b4e290c653f576c96f42a.jpg,15_242_208_36_8_jpg.rf.ebd2cfbee39b4e290c653f576c96f42a.npz,True,test_unmodified,0,,,,
test,15_242_208_37_20_jpg.rf.be36116b11a4033e93bfa949fdd0f1c1.jpg,15_242_208_37_20_jpg.rf.be36116b11a4033e93bfa949fdd0f1c1.npz,True,test_unmodified,0,,,,
test,15_242_208_38_11_jpg.rf.e8cc00cbbffc19caa4cf7295dd9b5aab.jpg,15_242_208_38_11_jpg.rf.e8cc00cbbffc19caa4cf7295dd9b5aab.npz,True,test_unmodified,0,,,,
test,15_242_208_40_12_jpg.rf.df0be0ba4033f82223269d4d8fbc7a49.jpg,15_242_208_40_12_jpg.rf.df0be0ba4033f82223269d4d8fbc7a49.npz,True,test_unmodified,0,,,,
test,15_242_211_19_9_jpg.rf.dd2541dd48852d85119dd2da8edcc250.jpg,15_242_211_19_9_jpg.rf.dd2541dd48852d85119dd2da8edcc250.npz,True,test_unmodified,0,,,,
test,15_242_211_22_10_jpg.rf.4876f1d706e9cd4c575ab571409e173e.jpg,15_242_211_22_10_jpg.rf.4876f1d706e9cd4c575ab571409e173e.npz,True,test_unmodified,0,,,,
test,15_242_211_22_8_jpg.rf.94ef8c2af24e4dccf0a0eccd5adba5a5.jpg,15_242_211_22_8_jpg.rf.94ef8c2af24e4dccf0a0eccd5adba5a5.npz,True,test_unmodified,0,,,,
test,15_242_211_23_2_jpg.rf.27a52e732d953b33163bcab40ab58135.jpg,15_242_211_23_2_jpg.rf.27a52e732d953b33163bcab40ab58135.npz,True,test_unmodified,0,,,,
test,15_242_211_23_5_jpg.rf.bce9e259e9b31c54bd8c587f87469bb0.jpg,15_242_211_23_5_jpg.rf.bce9e259e9b31c54bd8c587f87469bb0.npz,True,test_unmodified,0,,,,
test,15_242_212_18_13_jpg.rf.a476804b4eefc193938bb38ba9121514.jpg,15_242_212_18_13_jpg.rf.a476804b4eefc193938bb38ba9121514.npz,True,test_unmodified,0,,,,
test,15_242_212_19_17_jpg.rf.ee63dbfeedda1f6be93416972ae99d1d.jpg,15_242_212_19_17_jpg.rf.ee63dbfeedda1f6be93416972ae99d1d.npz,True,test_unmodified,0,,,,
test,15_242_212_20_13_jpg.rf.5fdbb3b68659833bfc19dd237efa8b44.jpg,15_242_212_20_13_jpg.rf.5fdbb3b68659833bfc19dd237efa8b44.npz,True,test_unmodified,0,,,,
test,15_242_212_20_20_jpg.rf.ce22a17983a8811259897e7a56953f90.jpg,15_242_212_20_20_jpg.rf.ce22a17983a8811259897e7a56953f90.npz,True,test_unmodified,0,,,,
test,15_242_212_20_21_jpg.rf.f45ddcbe8e9b9c20dfc208c6cbfb44ad.jpg,15_242_212_20_21_jpg.rf.f45ddcbe8e9b9c20dfc208c6cbfb44ad.npz,True,test_unmodified,0,,,,
test,15_242_212_21_14_jpg.rf.d7cae3d1aa43bc1405dfbbb1517494e2.jpg,15_242_212_21_14_jpg.rf.d7cae3d1aa43bc1405dfbbb1517494e2.npz,True,test_unmodified,0,,,,
test,15_242_212_21_26_jpg.rf.c6df846542e25f81268f2293acd40aab.jpg,15_242_212_21_26_jpg.rf.c6df846542e25f81268f2293acd40aab.npz,True,test_unmodified,0,,,,
test,15_242_212_22_16_jpg.rf.f5b6662459d7632ee3e9dea0b8cc19f1.jpg,15_242_212_22_16_jpg.rf.f5b6662459d7632ee3e9dea0b8cc19f1.npz,True,test_unmodified,0,,,,
test,15_242_212_22_18_jpg.rf.74c8762f0aeb5e645dd400fcc549913a.jpg,15_242_212_22_18_jpg.rf.74c8762f0aeb5e645dd400fcc549913a.npz,True,test_unmodified,0,,,,
test,15_242_212_24_11_jpg.rf.08eb728d26908123f0e010d35d42510c.jpg,15_242_212_24_11_jpg.rf.08eb728d26908123f0e010d35d42510c.npz,True,test_unmodified,0,,,,
test,15_242_212_24_19_jpg.rf.e5742fa53faa2d4acbe6412b5afd1a74.jpg,15_242_212_24_19_jpg.rf.e5742fa53faa2d4acbe6412b5afd1a74.npz,True,test_unmodified,0,,,,
test,15_242_212_24_23_jpg.rf.d4236dd476a5db9c3b56bba338e5a67b.jpg,15_242_212_24_23_jpg.rf.d4236dd476a5db9c3b56bba338e5a67b.npz,True,test_unmodified,0,,,,
test,15_242_212_25_13_jpg.rf.b90b94b97df4bcf4cfa72ac1c7973873.jpg,15_242_212_25_13_jpg.rf.b90b94b97df4bcf4cfa72ac1c7973873.npz,True,test_unmodified,0,,,,
test,15_242_212_25_14_jpg.rf.b17fcf13f81341dc054581a3d964a591.jpg,15_242_212_25_14_jpg.rf.b17fcf13f81341dc054581a3d964a591.npz,True,test_unmodified,0,,,,
test,15_242_212_25_16_jpg.rf.3264de8e4b369a6263ba97bcf2ef8c00.jpg,15_242_212_25_16_jpg.rf.3264de8e4b369a6263ba97bcf2ef8c00.npz,True,test_unmodified,0,,,,
test,15_242_212_25_20_jpg.rf.a3dd06f193d23fdffa23cc60fffbd882.jpg,15_242_212_25_20_jpg.rf.a3dd06f193d23fdffa23cc60fffbd882.npz,True,test_unmodified,0,,,,
test,15_242_212_25_25_jpg.rf.0daaf2cdd76e8d9be6e603a6755e663a.jpg,15_242_212_25_25_jpg.rf.0daaf2cdd76e8d9be6e603a6755e663a.npz,True,test_unmodified,0,,,,
test,15_242_212_25_7_jpg.rf.f5d7e574975c923a1bdfe748d96f55a7.jpg,15_242_212_25_7_jpg.rf.f5d7e574975c923a1bdfe748d96f55a7.npz,True,test_unmodified,0,,,,
test,15_242_212_26_14_jpg.rf.268be714e5849beab291d7b15df77a73.jpg,15_242_212_26_14_jpg.rf.268be714e5849beab291d7b15df77a73.npz,True,test_unmodified,0,,,,
test,15_242_212_26_20_jpg.rf.cbc7ba040191b1fe7567797f28851082.jpg,15_242_212_26_20_jpg.rf.cbc7ba040191b1fe7567797f28851082.npz,True,test_unmodified,0,,,,
test,15_242_212_26_24_jpg.rf.d7b1718b5019a05385bc7edcfcac4aa2.jpg,15_242_212_26_24_jpg.rf.d7b1718b5019a05385bc7edcfcac4aa2.npz,True,test_unmodified,0,,,,
test,15_242_212_26_6_jpg.rf.189bdd100026aa878ef3ab5949118d7f.jpg,15_242_212_26_6_jpg.rf.189bdd100026aa878ef3ab5949118d7f.npz,True,test_unmodified,0,,,,
test,15_242_212_26_9_jpg.rf.354d1c7c0ca854912633f792101d4b83.jpg,15_242_212_26_9_jpg.rf.354d1c7c0ca854912633f792101d4b83.npz,True,test_unmodified,0,,,,
test,15_242_212_27_5_jpg.rf.b3fd2f55e6ef0e5c2f54a70494003d1a.jpg,15_242_212_27_5_jpg.rf.b3fd2f55e6ef0e5c2f54a70494003d1a.npz,True,test_unmodified,0,,,,
test,16_224_101_109_11_jpg.rf.7b68e5acb5b7a668daea0f76e5e5dea7.jpg,16_224_101_109_11_jpg.rf.7b68e5acb5b7a668daea0f76e5e5dea7.npz,True,test_unmodified,0,,,,
test,16_224_101_110_45_jpg.rf.991622bbb6181ef0723166412530412e.jpg,16_224_101_110_45_jpg.rf.991622bbb6181ef0723166412530412e.npz,True,test_unmodified,0,,,,
test,16_224_101_111_34_jpg.rf.b6c214acee76cff3fd6bace9906a0aa1.jpg,16_224_101_111_34_jpg.rf.b6c214acee76cff3fd6bace9906a0aa1.npz,True,test_unmodified,0,,,,
test,16_224_101_111_42_jpg.rf.b8f829d49815af2ec5ff1433811ca2e0.jpg,16_224_101_111_42_jpg.rf.b8f829d49815af2ec5ff1433811ca2e0.npz,True,test_unmodified,0,,,,
test,16_224_101_111_44_jpg.rf.743fbb24dbf9f2bb7a300ae39b4bd8d9.jpg,16_224_101_111_44_jpg.rf.743fbb24dbf9f2bb7a300ae39b4bd8d9.npz,True,test_unmodified,0,,,,
test,16_224_101_112_29_jpg.rf.dc7c613f80c5d6bb1a8073a33d582b0f.jpg,16_224_101_112_29_jpg.rf.dc7c613f80c5d6bb1a8073a33d582b0f.npz,True,test_unmodified,0,,,,
test,16_224_603_158_53_jpg.rf.8e3c2bc3ca6bd504352849d9312bb3a1.jpg,16_224_603_158_53_jpg.rf.8e3c2bc3ca6bd504352849d9312bb3a1.npz,True,test_unmodified,0,,,,
test,16_224_603_159_48_jpg.rf.2b3f52f8b568eccede25af67b79976b8.jpg,16_224_603_159_48_jpg.rf.2b3f52f8b568eccede25af67b79976b8.npz,True,test_unmodified,0,,,,
test,16_224_603_160_48_jpg.rf.15982a5c8bb02a313f8571ca399c69b3.jpg,16_224_603_160_48_jpg.rf.15982a5c8bb02a313f8571ca399c69b3.npz,True,test_unmodified,0,,,,
test,16_224_603_162_34_jpg.rf.616f4a7702d9cc8794af9a2f77ff682c.jpg,16_224_603_162_34_jpg.rf.616f4a7702d9cc8794af9a2f77ff682c.npz,True,test_unmodified,0,,,,
test,16_224_603_162_38_jpg.rf.880a43618f309d49771af20accaf4155.jpg,16_224_603_162_38_jpg.rf.880a43618f309d49771af20accaf4155.npz,True,test_unmodified,0,,,,
test,16_224_604_89_44_jpg.rf.1c4655aa871631b74fb7b8095938d58d.jpg,16_224_604_89_44_jpg.rf.1c4655aa871631b74fb7b8095938d58d.npz,True,test_unmodified,0,,,,
test,16_224_604_89_60_jpg.rf.816dfc532ae7b75a7c11a02f5aa3a086.jpg,16_224_604_89_60_jpg.rf.816dfc532ae7b75a7c11a02f5aa3a086.npz,True,test_unmodified,0,,,,
test,16_224_604_90_12_jpg.rf.af7285b66502b1dc78bc7ba05ebef92c.jpg,16_224_604_90_12_jpg.rf.af7285b66502b1dc78bc7ba05ebef92c.npz,True,test_unmodified,0,,,,
test,16_224_604_92_31_jpg.rf.8356e38064280d88767548c7aef3e2f7.jpg,16_224_604_92_31_jpg.rf.8356e38064280d88767548c7aef3e2f7.npz,True,test_unmodified,0,,,,
test,16_224_606_176_20_jpg.rf.a266e6cbc59c7871d627b9daf9a19b3c.jpg,16_224_606_176_20_jpg.rf.a266e6cbc59c7871d627b9daf9a19b3c.npz,True,test_unmodified,0,,,,
test,16_224_606_178_27_jpg.rf.47071204fea52d1580d781d020db5ff2.jpg,16_224_606_178_27_jpg.rf.47071204fea52d1580d781d020db5ff2.npz,True,test_unmodified,0,,,,
test,16_224_606_179_24_jpg.rf.bd3ddfe32a984070a94293c5bb1d2102.jpg,16_224_606_179_24_jpg.rf.bd3ddfe32a984070a94293c5bb1d2102.npz,True,test_unmodified,0,,,,
test,16_253_302_18_13_jpg.rf.f26cdfc16f5e5a13fdba771313aa3468.jpg,16_253_302_18_13_jpg.rf.f26cdfc16f5e5a13fdba771313aa3468.npz,True,test_unmodified,0,,,,
test,16_253_302_19_8_jpg.rf.c77568c7a91c9a076f37324d56184e34.jpg,16_253_302_19_8_jpg.rf.c77568c7a91c9a076f37324d56184e34.npz,True,test_unmodified,0,,,,
test,16_253_308_19_15_jpg.rf.89cbb1ce0a425c5dbe966db95ff03ce0.jpg,16_253_308_19_15_jpg.rf.89cbb1ce0a425c5dbe966db95ff03ce0.npz,True,test_unmodified,0,,,,
test,16_253_308_22_13_jpg.rf.004f83e96a6c89938787d8a199b699e3.jpg,16_253_308_22_13_jpg.rf.004f83e96a6c89938787d8a199b699e3.npz,True,test_unmodified,0,,,,
test,16_253_308_22_9_jpg.rf.61baf2c77bea3451155cf994f45da1ce.jpg,16_253_308_22_9_jpg.rf.61baf2c77bea3451155cf994f45da1ce.npz,True,test_unmodified,0,,,,
test,16_253_308_23_15_jpg.rf.29f0209fdf4639b52f9d236ecd950184.jpg,16_253_308_23_15_jpg.rf.29f0209fdf4639b52f9d236ecd950184.npz,True,test_unmodified,0,,,,
test,16_256_202_21_5_jpg.rf.d6a2360d4172609911294a95da60bf1d.jpg,16_256_202_21_5_jpg.rf.d6a2360d4172609911294a95da60bf1d.npz,True,test_unmodified,0,,,,
test,16_256_205_15_10_jpg.rf.268bef5bbd63267f8e0d8c73a258797b.jpg,16_256_205_15_10_jpg.rf.268bef5bbd63267f8e0d8c73a258797b.npz,True,test_unmodified,0,,,,
test,16_256_207_37_5_jpg.rf.55edad937ac9edbffdcf3fa2b53fc8da.jpg,16_256_207_37_5_jpg.rf.55edad937ac9edbffdcf3fa2b53fc8da.npz,True,test_unmodified,0,,,,
test,17_209_102_10_22_jpg.rf.f8a9d02c4d5df5b0c52bb3ae62216e7b.jpg,17_209_102_10_22_jpg.rf.f8a9d02c4d5df5b0c52bb3ae62216e7b.npz,True,test_unmodified,0,,,,
test,17_209_102_10_29_jpg.rf.80c8b80962c0c546a6984681e54d550e.jpg,17_209_102_10_29_jpg.rf.80c8b80962c0c546a6984681e54d550e.npz,True,test_unmodified,0,,,,
test,17_209_102_10_35_jpg.rf.d9afe33a91498629c749ec69f6c2bdb8.jpg,17_209_102_10_35_jpg.rf.d9afe33a91498629c749ec69f6c2bdb8.npz,True,test_unmodified,0,,,,
test,17_209_102_11_14_jpg.rf.3986c772b6029446f6a7275fc3cf37c0.jpg,17_209_102_11_14_jpg.rf.3986c772b6029446f6a7275fc3cf37c0.npz,True,test_unmodified,0,,,,
test,17_209_102_11_26_jpg.rf.f50aa16b394d2da49df557686ad790ff.jpg,17_209_102_11_26_jpg.rf.f50aa16b394d2da49df557686ad790ff.npz,True,test_unmodified,0,,,,
test,17_209_102_11_33_jpg.rf.c3385d79005679eae408cc54e580db0d.jpg,17_209_102_11_33_jpg.rf.c3385d79005679eae408cc54e580db0d.npz,True,test_unmodified,0,,,,
test,17_209_102_6_27_jpg.rf.672d7343112a8ab3038a87f840f917ca.jpg,17_209_102_6_27_jpg.rf.672d7343112a8ab3038a87f840f917ca.npz,True,test_unmodified,0,,,,
test,17_209_102_6_29_jpg.rf.e024bc724da4b19de34ef95699f4dd53.jpg,17_209_102_6_29_jpg.rf.e024bc724da4b19de34ef95699f4dd53.npz,True,test_unmodified,0,,,,
test,17_209_102_6_32_jpg.rf.825329a57d7b9e50008aed197aa434f8.jpg,17_209_102_6_32_jpg.rf.825329a57d7b9e50008aed197aa434f8.npz,True,test_unmodified,0,,,,
test,17_209_102_8_14_jpg.rf.25df7ff0345f45b4bd040a62303c3f5e.jpg,17_209_102_8_14_jpg.rf.25df7ff0345f45b4bd040a62303c3f5e.npz,True,test_unmodified,0,,,,
test,17_209_102_8_31_jpg.rf.a54e2ba49785d281ff9cfcbfa0ddf2bd.jpg,17_209_102_8_31_jpg.rf.a54e2ba49785d281ff9cfcbfa0ddf2bd.npz,True,test_unmodified,0,,,,
test,17_209_102_8_32_jpg.rf.85215ba036b56350f7579a10f57c8dac.jpg,17_209_102_8_32_jpg.rf.85215ba036b56350f7579a10f57c8dac.npz,True,test_unmodified,0,,,,
test,17_209_102_9_21_jpg.rf.3fb85ec0e1155a9a349e5235d5227c86.jpg,17_209_102_9_21_jpg.rf.3fb85ec0e1155a9a349e5235d5227c86.npz,True,test_unmodified,0,,,,
test,17_209_102_9_24_jpg.rf.2ce92bb3871aa7d6de56d618bc6ed51e.jpg,17_209_102_9_24_jpg.rf.2ce92bb3871aa7d6de56d618bc6ed51e.npz,True,test_unmodified,0,,,,
test,17_209_102_9_32_jpg.rf.66d2b1ea74afe0ddbeb1a485033ab3cc.jpg,17_209_102_9_32_jpg.rf.66d2b1ea74afe0ddbeb1a485033ab3cc.npz,True,test_unmodified,0,,,,
test,17_228_801_66_20_jpg.rf.72ad24a94cb717d45576e8f8e6a325da.jpg,17_228_801_66_20_jpg.rf.72ad24a94cb717d45576e8f8e6a325da.npz,True,test_unmodified,0,,,,
test,17_228_801_69_53_jpg.rf.b1f0ca722650688f5796377dae458c9b.jpg,17_228_801_69_53_jpg.rf.b1f0ca722650688f5796377dae458c9b.npz,True,test_unmodified,0,,,,
test,17_228_801_91_54_jpg.rf.ac166d218ab235125da23275f02d805b.jpg,17_228_801_91_54_jpg.rf.ac166d218ab235125da23275f02d805b.npz,True,test_unmodified,0,,,,
test,17_234_102_12_8_jpg.rf.73f970e38f2813c483f46126c6ab2274.jpg,17_234_102_12_8_jpg.rf.73f970e38f2813c483f46126c6ab2274.npz,True,test_unmodified,0,,,,
test,17_234_102_13_8_jpg.rf.10a0b87f022b4a46bbc1170f7b383e15.jpg,17_234_102_13_8_jpg.rf.10a0b87f022b4a46bbc1170f7b383e15.npz,True,test_unmodified,0,,,,
test,17_234_102_15_10_jpg.rf.c957a78443a74c3bb89b438c9e553358.jpg,17_234_102_15_10_jpg.rf.c957a78443a74c3bb89b438c9e553358.npz,True,test_unmodified,0,,,,
test,17_234_212_75_32_jpg.rf.38ccf41960244ae986943302777bbb67.jpg,17_234_212_75_32_jpg.rf.38ccf41960244ae986943302777bbb67.npz,True,test_unmodified,0,,,,
test,18_211_205_5_16_jpg.rf.bf75a638c36cfdcad8a3daab413ff30c.jpg,18_211_205_5_16_jpg.rf.bf75a638c36cfdcad8a3daab413ff30c.npz,True,test_unmodified,0,,,,
test,18_211_205_5_19_jpg.rf.a520851bd21c6f891a7c6d65a4b2d231.jpg,18_211_205_5_19_jpg.rf.a520851bd21c6f891a7c6d65a4b2d231.npz,True,test_unmodified,0,,,,
test,18_211_205_5_20_jpg.rf.a880bc4662ebae6cb6da6f5d89cb09ef.jpg,18_211_205_5_20_jpg.rf.a880bc4662ebae6cb6da6f5d89cb09ef.npz,True,test_unmodified,0,,,,
test,18_211_205_7_11_jpg.rf.c8be159c788fd072b5446c080ad28528.jpg,18_211_205_7_11_jpg.rf.c8be159c788fd072b5446c080ad28528.npz,True,test_unmodified,0,,,,
test,18_211_205_7_12_jpg.rf.8c92cb9a4fe031c99f0c387c55e920e7.jpg,18_211_205_7_12_jpg.rf.8c92cb9a4fe031c99f0c387c55e920e7.npz,True,test_unmodified,0,,,,
test,18_211_206_24_7_jpg.rf.426e623d75c58142fb0e51ed099fa68f.jpg,18_211_206_24_7_jpg.rf.426e623d75c58142fb0e51ed099fa68f.npz,True,test_unmodified,0,,,,
test,18_211_Masson_205_110_82_jpg.rf.9d0a6e21bf0890d9e2042c4c57225005.jpg,18_211_Masson_205_110_82_jpg.rf.9d0a6e21bf0890d9e2042c4c57225005.npz,True,test_unmodified,0,,,,
test,18_211_Masson_205_111_11_jpg.rf.7ba64ac64c3cdaf10077a8159b26a06d.jpg,18_211_Masson_205_111_11_jpg.rf.7ba64ac64c3cdaf10077a8159b26a06d.npz,True,test_unmodified,0,,,,
test,18_211_Masson_205_111_30_jpg.rf.7de7985bf4873c45635a173331d08769.jpg,18_211_Masson_205_111_30_jpg.rf.7de7985bf4873c45635a173331d08769.npz,True,test_unmodified,0,,,,
test,18_211_Masson_205_38_84_jpg.rf.509a2761242e8cace996363a8ff4a1d6.jpg,18_211_Masson_205_38_84_jpg.rf.509a2761242e8cace996363a8ff4a1d6.npz,True,test_unmodified,0,,,,
test,18_211_Masson_205_39_50_jpg.rf.c44353801b0a849fb4e621226fd6c07f.jpg,18_211_Masson_205_39_50_jpg.rf.c44353801b0a849fb4e621226fd6c07f.npz,True,test_unmodified,0,,,,
test,18_211_Masson_205_39_52_jpg.rf.71e2fdd65ac5f70803bae820733f335a.jpg,18_211_Masson_205_39_52_jpg.rf.71e2fdd65ac5f70803bae820733f335a.npz,True,test_unmodified,0,,,,
test,18_211_Masson_207_118_13_jpg.rf.3b9014fd2a50b8d5a84b704a6394a301.jpg,18_211_Masson_207_118_13_jpg.rf.3b9014fd2a50b8d5a84b704a6394a301.npz,True,test_unmodified,0,,,,
test,18_211_Masson_207_121_26_jpg.rf.bbb2dac42b74b4fde541f7c92a381a21.jpg,18_211_Masson_207_121_26_jpg.rf.bbb2dac42b74b4fde541f7c92a381a21.npz,True,test_unmodified,0,,,,
test,18_211_Masson_208_100_82_jpg.rf.ec616ab18fc7229dd018e252a412ea7a.jpg,18_211_Masson_208_100_82_jpg.rf.ec616ab18fc7229dd018e252a412ea7a.npz,True,test_unmodified,0,,,,
test,18_211_Masson_208_6_19_jpg.rf.99fad3748098aec92bfe5b26082680e5.jpg,18_211_Masson_208_6_19_jpg.rf.99fad3748098aec92bfe5b26082680e5.npz,True,test_unmodified,0,,,,
test,18_217_116_55_6_jpg.rf.232e013e40d23ef908ea74d3ec2fd805.jpg,18_217_116_55_6_jpg.rf.232e013e40d23ef908ea74d3ec2fd805.npz,True,test_unmodified,0,,,,
test,18_217_209_34_33_jpg.rf.de4a920d90029d565543df94f19b9601.jpg,18_217_209_34_33_jpg.rf.de4a920d90029d565543df94f19b9601.npz,True,test_unmodified,0,,,,
test,18_217_212_44_6_jpg.rf.babd0d22b32865d404b469c6b232ff5d.jpg,18_217_212_44_6_jpg.rf.babd0d22b32865d404b469c6b232ff5d.npz,True,test_unmodified,0,,,,
test,18_217_212_49_5_jpg.rf.a5eaeae806a55abd2ab80b79560696bc.jpg,18_217_212_49_5_jpg.rf.a5eaeae806a55abd2ab80b79560696bc.npz,True,test_unmodified,0,,,,
test,18_217_212_51_7_jpg.rf.4311acbbaa831c15b3d9cc1259994179.jpg,18_217_212_51_7_jpg.rf.4311acbbaa831c15b3d9cc1259994179.npz,True,test_unmodified,0,,,,
test,18_217_212_54_22_jpg.rf.3ee6f9540ad5a09589ca0141f922c58d.jpg,18_217_212_54_22_jpg.rf.3ee6f9540ad5a09589ca0141f922c58d.npz,True,test_unmodified,0,,,,
test,18_217_212_54_7_jpg.rf.f53b0a5a23483ec020ff9a1bbecf0a84.jpg,18_217_212_54_7_jpg.rf.f53b0a5a23483ec020ff9a1bbecf0a84.npz,True,test_unmodified,0,,,,
test,18_217_212_56_11_jpg.rf.530b51d253a8c048541a9bef27f244ee.jpg,18_217_212_56_11_jpg.rf.530b51d253a8c048541a9bef27f244ee.npz,True,test_unmodified,0,,,,
test,18_217_212_56_22_jpg.rf.1feb418d1017f4d0e69f855e0f0ca8f9.jpg,18_217_212_56_22_jpg.rf.1feb418d1017f4d0e69f855e0f0ca8f9.npz,True,test_unmodified,0,,,,
test,18_217_212_57_4_jpg.rf.0387c46212766de650f790de3374718f.jpg,18_217_212_57_4_jpg.rf.0387c46212766de650f790de3374718f.npz,True,test_unmodified,0,,,,
test,18_217_212_57_5_jpg.rf.eb4d18928f82c6a4db0a5c3412477be3.jpg,18_217_212_57_5_jpg.rf.eb4d18928f82c6a4db0a5c3412477be3.npz,True,test_unmodified,0,,,,
test,18_217_217_44_22_jpg.rf.26baa6637f4d0facfb10268d267a020d.jpg,18_217_217_44_22_jpg.rf.26baa6637f4d0facfb10268d267a020d.npz,True,test_unmodified,0,,,,
test,18_217_217_44_23_jpg.rf.61831188980d84698b183ba09d3f07b3.jpg,18_217_217_44_23_jpg.rf.61831188980d84698b183ba09d3f07b3.npz,True,test_unmodified,0,,,,
test,18_217_217_45_24_jpg.rf.19d20d929704ca3c2cfa4024da3a27d4.jpg,18_217_217_45_24_jpg.rf.19d20d929704ca3c2cfa4024da3a27d4.npz,True,test_unmodified,0,,,,
test,18_217_217_45_25_jpg.rf.d6f4463db67f75802b5cfd0ca3563a73.jpg,18_217_217_45_25_jpg.rf.d6f4463db67f75802b5cfd0ca3563a73.npz,True,test_unmodified,0,,,,
test,18_217_217_46_27_jpg.rf.84512d33269af77626354e00e62990b4.jpg,18_217_217_46_27_jpg.rf.84512d33269af77626354e00e62990b4.npz,True,test_unmodified,0,,,,
test,18_217_217_46_32_jpg.rf.2d29d8421c0a6d15cd99b90582434bba.jpg,18_217_217_46_32_jpg.rf.2d29d8421c0a6d15cd99b90582434bba.npz,True,test_unmodified,0,,,,
test,18_217_217_47_24_jpg.rf.5118159fb220656452d98df73867205f.jpg,18_217_217_47_24_jpg.rf.5118159fb220656452d98df73867205f.npz,True,test_unmodified,0,,,,
test,18_217_217_49_25_jpg.rf.3b90c0c5b50035f7d6bca7d956f99b2e.jpg,18_217_217_49_25_jpg.rf.3b90c0c5b50035f7d6bca7d956f99b2e.npz,True,test_unmodified,0,,,,
test,18_217_217_50_10_jpg.rf.6e61d9cdc4411a5fdcb905ddc25f53d1.jpg,18_217_217_50_10_jpg.rf.6e61d9cdc4411a5fdcb905ddc25f53d1.npz,True,test_unmodified,0,,,,
test,18_217_217_50_17_jpg.rf.2f7b58e753dffa4c70aa5eaabf657fdf.jpg,18_217_217_50_17_jpg.rf.2f7b58e753dffa4c70aa5eaabf657fdf.npz,True,test_unmodified,0,,,,
test,18_217_217_51_34_jpg.rf.0cbbda9693b4bcd8f357dcb1814b5589.jpg,18_217_217_51_34_jpg.rf.0cbbda9693b4bcd8f357dcb1814b5589.npz,True,test_unmodified,0,,,,
test,18_217_217_52_14_jpg.rf.dacefc3e5c34db7f751aa005e6acfc17.jpg,18_217_217_52_14_jpg.rf.dacefc3e5c34db7f751aa005e6acfc17.npz,True,test_unmodified,0,,,,
test,18_217_217_52_25_jpg.rf.be79d56d27dce2c2347795845dc4c69e.jpg,18_217_217_52_25_jpg.rf.be79d56d27dce2c2347795845dc4c69e.npz,True,test_unmodified,0,,,,
test,18_217_217_53_9_jpg.rf.af401639fb61ae29fcbd9f4385cbf3bf.jpg,18_217_217_53_9_jpg.rf.af401639fb61ae29fcbd9f4385cbf3bf.npz,True,test_unmodified,0,,,,
test,18_217_217_54_27_jpg.rf.c3e8e5ba43af57fb6731df9040c0ca7d.jpg,18_217_217_54_27_jpg.rf.c3e8e5ba43af57fb6731df9040c0ca7d.npz,True,test_unmodified,0,,,,
test,18_217_217_54_29_jpg.rf.4a9f56f446c32da9ecbd3065f039177f.jpg,18_217_217_54_29_jpg.rf.4a9f56f446c32da9ecbd3065f039177f.npz,True,test_unmodified,0,,,,
test,18_217_217_55_23_jpg.rf.974e159066bb398b14dcac6ae662f2f0.jpg,18_217_217_55_23_jpg.rf.974e159066bb398b14dcac6ae662f2f0.npz,True,test_unmodified,0,,,,
test,18_217_217_55_31_jpg.rf.e4718802887d68c048f1d6a03fcfe460.jpg,18_217_217_55_31_jpg.rf.e4718802887d68c048f1d6a03fcfe460.npz,True,test_unmodified,0,,,,
test,18_217_217_56_19_jpg.rf.61555ff7a63a7eda499d2478c49c37ef.jpg,18_217_217_56_19_jpg.rf.61555ff7a63a7eda499d2478c49c37ef.npz,True,test_unmodified,0,,,,
test,18_217_217_57_2_jpg.rf.15a9f44f3a7d6b8ac4a0be06e9aed387.jpg,18_217_217_57_2_jpg.rf.15a9f44f3a7d6b8ac4a0be06e9aed387.npz,True,test_unmodified,0,,,,
test,18_217_217_60_1_jpg.rf.7c582bd12b77a83deb7c3338ad73ed21.jpg,18_217_217_60_1_jpg.rf.7c582bd12b77a83deb7c3338ad73ed21.npz,True,test_unmodified,0,,,,
test,18_217_217_61_13_jpg.rf.7012b4ad6c5c7b0a3eb0430954adb68a.jpg,18_217_217_61_13_jpg.rf.7012b4ad6c5c7b0a3eb0430954adb68a.npz,True,test_unmodified,0,,,,
test,18_217_217_61_27_jpg.rf.b3c0adb19d25f89036e0a6dc746efd24.jpg,18_217_217_61_27_jpg.rf.b3c0adb19d25f89036e0a6dc746efd24.npz,True,test_unmodified,0,,,,
test,18_217_217_62_18_jpg.rf.59a14de122e2fbc6f092703a7cb10757.jpg,18_217_217_62_18_jpg.rf.59a14de122e2fbc6f092703a7cb10757.npz,True,test_unmodified,0,,,,
test,18_217_217_62_19_jpg.rf.ef51a6fc89bb04937e47cd11295b62dd.jpg,18_217_217_62_19_jpg.rf.ef51a6fc89bb04937e47cd11295b62dd.npz,True,test_unmodified,0,,,,
test,18_217_217_62_21_jpg.rf.27737fcd50b084c129869ae6c2089c2d.jpg,18_217_217_62_21_jpg.rf.27737fcd50b084c129869ae6c2089c2d.npz,True,test_unmodified,0,,,,
test,18_217_217_62_22_jpg.rf.816e1dc311ac9df04eea78196c4ed019.jpg,18_217_217_62_22_jpg.rf.816e1dc311ac9df04eea78196c4ed019.npz,True,test_unmodified,0,,,,
test,18_217_217_63_12_jpg.rf.ba7e81c93351952c7209743ca8f6ed82.jpg,18_217_217_63_12_jpg.rf.ba7e81c93351952c7209743ca8f6ed82.npz,True,test_unmodified,0,,,,
test,18_217_217_63_23_jpg.rf.adb076ad1a047bca94c53298ed02d6f7.jpg,18_217_217_63_23_jpg.rf.adb076ad1a047bca94c53298ed02d6f7.npz,True,test_unmodified,0,,,,
test,18_217_217_64_8_jpg.rf.2346b57fe5cdee5bb0ec36d84d4147a4.jpg,18_217_217_64_8_jpg.rf.2346b57fe5cdee5bb0ec36d84d4147a4.npz,True,test_unmodified,0,,,,
test,18_217_218_52_24_jpg.rf.c1877e55dc8134431693d6a8f0aaa803.jpg,18_217_218_52_24_jpg.rf.c1877e55dc8134431693d6a8f0aaa803.npz,True,test_unmodified,0,,,,
test,18_217_218_52_33_jpg.rf.8a38c3573034896f56192b5bc2ff7a6a.jpg,18_217_218_52_33_jpg.rf.8a38c3573034896f56192b5bc2ff7a6a.npz,True,test_unmodified,0,,,,
test,18_217_218_53_27_jpg.rf.366c8424a8e26cdc521c086bd0cb6485.jpg,18_217_218_53_27_jpg.rf.366c8424a8e26cdc521c086bd0cb6485.npz,True,test_unmodified,0,,,,
test,18_217_218_53_6_jpg.rf.b1e9176fdbd3edb533498d2f72a0861d.jpg,18_217_218_53_6_jpg.rf.b1e9176fdbd3edb533498d2f72a0861d.npz,True,test_unmodified,0,,,,
test,18_217_218_54_23_jpg.rf.5f168d91cb1e95fa1bb7b2b7e18a3548.jpg,18_217_218_54_23_jpg.rf.5f168d91cb1e95fa1bb7b2b7e18a3548.npz,True,test_unmodified,0,,,,
test,18_217_218_54_4_jpg.rf.44c50ffe29c6bfee41d4ebb77ccf8681.jpg,18_217_218_54_4_jpg.rf.44c50ffe29c6bfee41d4ebb77ccf8681.npz,True,test_unmodified,0,,,,
test,18_217_218_55_25_jpg.rf.13dfb199f9f32127fd1690aa97aca9d2.jpg,18_217_218_55_25_jpg.rf.13dfb199f9f32127fd1690aa97aca9d2.npz,True,test_unmodified,0,,,,
test,18_217_218_56_18_jpg.rf.0bdb38e5e64ac8243f62e3df3b3add0d.jpg,18_217_218_56_18_jpg.rf.0bdb38e5e64ac8243f62e3df3b3add0d.npz,True,test_unmodified,0,,,,
test,18_217_218_56_8_jpg.rf.b5c04f86d01e3e0c0bc28be9d28391f1.jpg,18_217_218_56_8_jpg.rf.b5c04f86d01e3e0c0bc28be9d28391f1.npz,True,test_unmodified,0,,,,
test,18_217_218_57_32_jpg.rf.167455c83b2fc123b3a936cb7c3e55b4.jpg,18_217_218_57_32_jpg.rf.167455c83b2fc123b3a936cb7c3e55b4.npz,True,test_unmodified,0,,,,
test,18_217_218_57_33_jpg.rf.a65c5b35ed11e203eb715e66c213841c.jpg,18_217_218_57_33_jpg.rf.a65c5b35ed11e203eb715e66c213841c.npz,True,test_unmodified,0,,,,
test,18_217_218_58_18_jpg.rf.491194546f61284ed1fd1efa14144ebe.jpg,18_217_218_58_18_jpg.rf.491194546f61284ed1fd1efa14144ebe.npz,True,test_unmodified,0,,,,
test,18_217_218_68_19_jpg.rf.8149be19b49327dc5f52722bfb7f7b1c.jpg,18_217_218_68_19_jpg.rf.8149be19b49327dc5f52722bfb7f7b1c.npz,True,test_unmodified,0,,,,
test,18_217_219_20_5_jpg.rf.07d12ba15ce90dc39fa918367081cf5a.jpg,18_217_219_20_5_jpg.rf.07d12ba15ce90dc39fa918367081cf5a.npz,True,test_unmodified,0,,,,
test,18_217_219_70_14_jpg.rf.f47c55fb85fc29a0d1886856c91b3c15.jpg,18_217_219_70_14_jpg.rf.f47c55fb85fc29a0d1886856c91b3c15.npz,True,test_unmodified,0,,,,
test,18_217_219_70_9_jpg.rf.c5f37ee0288beefd1ae84664a26e7f2b.jpg,18_217_219_70_9_jpg.rf.c5f37ee0288beefd1ae84664a26e7f2b.npz,True,test_unmodified,0,,,,
test,18_217_219_71_21_jpg.rf.de3b8fdc047546eefbb5deede4af3ed4.jpg,18_217_219_71_21_jpg.rf.de3b8fdc047546eefbb5deede4af3ed4.npz,True,test_unmodified,0,,,,
test,18_219_203_58_16_jpg.rf.a5cb29ddc2df6717d03abb74f87a5748.jpg,18_219_203_58_16_jpg.rf.a5cb29ddc2df6717d03abb74f87a5748.npz,True,test_unmodified,0,,,,
test,18_219_203_63_10_jpg.rf.e6cac2b1606ec539812635e2eb32325e.jpg,18_219_203_63_10_jpg.rf.e6cac2b1606ec539812635e2eb32325e.npz,True,test_unmodified,0,,,,
test,18_219_208_49_22_jpg.rf.f09f49adc46574ea386af865930a625e.jpg,18_219_208_49_22_jpg.rf.f09f49adc46574ea386af865930a625e.npz,True,test_unmodified,0,,,,
test,18_219_208_51_7_jpg.rf.1fc59ab51cecc5fe958ac926ba498eb3.jpg,18_219_208_51_7_jpg.rf.1fc59ab51cecc5fe958ac926ba498eb3.npz,True,test_unmodified,0,,,,
test,18_228_Masson_207_34_34_jpg.rf.9aa889af224ad59a3879689cc9e83abf.jpg,18_228_Masson_207_34_34_jpg.rf.9aa889af224ad59a3879689cc9e83abf.npz,True,test_unmodified,0,,,,
test,18_228_Masson_208_66_15_jpg.rf.fbfa9ca41be04558bec060621c82e911.jpg,18_228_Masson_208_66_15_jpg.rf.fbfa9ca41be04558bec060621c82e911.npz,True,test_unmodified,0,,,,
test,18_228_Masson_208_66_38_jpg.rf.a9bbfebdd0aa0a693fa0f9a2fecbb060.jpg,18_228_Masson_208_66_38_jpg.rf.a9bbfebdd0aa0a693fa0f9a2fecbb060.npz,True,test_unmodified,0,,,,
test,18_228_Masson_208_67_14_jpg.rf.d4320e1746d63a7abd5f8c50ab837648.jpg,18_228_Masson_208_67_14_jpg.rf.d4320e1746d63a7abd5f8c50ab837648.npz,True,test_unmodified,0,,,,
test,18_228_Masson_208_68_37_jpg.rf.352283a3c9d3d789255a9d0407ceee79.jpg,18_228_Masson_208_68_37_jpg.rf.352283a3c9d3d789255a9d0407ceee79.npz,True,test_unmodified,0,,,,
test,18_228_Masson_208_70_16_jpg.rf.8de6414f7eaca2c8f60de8c8cddc72ba.jpg,18_228_Masson_208_70_16_jpg.rf.8de6414f7eaca2c8f60de8c8cddc72ba.npz,True,test_unmodified,0,,,,
test,18_228_Masson_505_102_39_jpg.rf.31aa4d6ba0582421c0edab79cd330489.jpg,18_228_Masson_505_102_39_jpg.rf.31aa4d6ba0582421c0edab79cd330489.npz,True,test_unmodified,0,,,,
test,18_228_Masson_505_103_28_jpg.rf.821b502ea142265abc01ebf709cb9c7d.jpg,18_228_Masson_505_103_28_jpg.rf.821b502ea142265abc01ebf709cb9c7d.npz,True,test_unmodified,0,,,,
test,18_228_Masson_505_81_26_jpg.rf.cee0edc331f4f4f94b86445ed2be20d5.jpg,18_228_Masson_505_81_26_jpg.rf.cee0edc331f4f4f94b86445ed2be20d5.npz,True,test_unmodified,0,,,,
test,18_228_Masson_505_82_25_jpg.rf.c3580be43279597053eefa868903b296.jpg,18_228_Masson_505_82_25_jpg.rf.c3580be43279597053eefa868903b296.npz,True,test_unmodified,0,,,,
test,18_228_Masson_505_82_31_jpg.rf.c71085dea589639b419c16a93f239bf2.jpg,18_228_Masson_505_82_31_jpg.rf.c71085dea589639b419c16a93f239bf2.npz,True,test_unmodified,0,,,,
test,18_228_Masson_505_83_23_jpg.rf.db7885970b58dfa425f6496daac21f24.jpg,18_228_Masson_505_83_23_jpg.rf.db7885970b58dfa425f6496daac21f24.npz,True,test_unmodified,0,,,,
test,18_228_Masson_505_83_31_jpg.rf.d741ab65c5d1de3f42bd71fde8ce5207.jpg,18_228_Masson_505_83_31_jpg.rf.d741ab65c5d1de3f42bd71fde8ce5207.npz,True,test_unmodified,0,,,,
test,18_228_Masson_505_84_28_jpg.rf.55f45407f95a92570bf9d4d15b097c3e.jpg,18_228_Masson_505_84_28_jpg.rf.55f45407f95a92570bf9d4d15b097c3e.npz,True,test_unmodified,0,,,,
test,18_228_Masson_505_86_25_jpg.rf.031f64180b64fbd286e0bd768f93b1df.jpg,18_228_Masson_505_86_25_jpg.rf.031f64180b64fbd286e0bd768f93b1df.npz,True,test_unmodified,0,,,,
test,18_228_Masson_505_87_28_jpg.rf.8f08414b1a306a2b6f5289fd4d556cef.jpg,18_228_Masson_505_87_28_jpg.rf.8f08414b1a306a2b6f5289fd4d556cef.npz,True,test_unmodified,0,,,,
test,18_228_Masson_505_88_28_jpg.rf.02336a78956b4a86cbdecf66fe2609b2.jpg,18_228_Masson_505_88_28_jpg.rf.02336a78956b4a86cbdecf66fe2609b2.npz,True,test_unmodified,0,,,,
test,18_228_Masson_505_89_21_jpg.rf.0be407416345c1e2f130b397a7fd0dc7.jpg,18_228_Masson_505_89_21_jpg.rf.0be407416345c1e2f130b397a7fd0dc7.npz,True,test_unmodified,0,,,,
test,18_228_Masson_505_92_22_jpg.rf.1b39813b2c14976ebd7d3ab55481cce1.jpg,18_228_Masson_505_92_22_jpg.rf.1b39813b2c14976ebd7d3ab55481cce1.npz,True,test_unmodified,0,,,,
test,18_228_Masson_505_93_23_jpg.rf.550cf2662be01051c4e89a9c547f76cb.jpg,18_228_Masson_505_93_23_jpg.rf.550cf2662be01051c4e89a9c547f76cb.npz,True,test_unmodified,0,,,,
test,18_228_Masson_505_94_26_jpg.rf.b20540be68e3249a6278e95ec65282fa.jpg,18_228_Masson_505_94_26_jpg.rf.b20540be68e3249a6278e95ec65282fa.npz,True,test_unmodified,0,,,,
test,18_228_Masson_505_98_29_jpg.rf.4e4ee1d21c51f2c79373ab47d4be8e09.jpg,18_228_Masson_505_98_29_jpg.rf.4e4ee1d21c51f2c79373ab47d4be8e09.npz,True,test_unmodified,0,,,,
test,18_228_Masson_505_99_27_jpg.rf.adcbd9573b3a1d387c5d14edbeb950ef.jpg,18_228_Masson_505_99_27_jpg.rf.adcbd9573b3a1d387c5d14edbeb950ef.npz,True,test_unmodified,0,,,,
test,18_229_Masson_201_107_1_jpg.rf.f795ff384f96d1203a9e921449d8eb5f.jpg,18_229_Masson_201_107_1_jpg.rf.f795ff384f96d1203a9e921449d8eb5f.npz,True,test_unmodified,0,,,,
test,18_229_Masson_201_10_24_jpg.rf.874a5efd4dd91c8621696beeff7068a5.jpg,18_229_Masson_201_10_24_jpg.rf.874a5efd4dd91c8621696beeff7068a5.npz,True,test_unmodified,0,,,,
test,18_229_Masson_201_118_23_jpg.rf.e1471af4e1bab36c3565130ab64b819a.jpg,18_229_Masson_201_118_23_jpg.rf.e1471af4e1bab36c3565130ab64b819a.npz,True,test_unmodified,0,,,,
test,18_229_Masson_201_122_36_jpg.rf.5747df981747367e28f9d34cca3206f9.jpg,18_229_Masson_201_122_36_jpg.rf.5747df981747367e28f9d34cca3206f9.npz,True,test_unmodified,0,,,,
test,18_229_Masson_201_12_23_jpg.rf.45009e4d0a935e3de9326d4d131dce75.jpg,18_229_Masson_201_12_23_jpg.rf.45009e4d0a935e3de9326d4d131dce75.npz,True,test_unmodified,0,,,,
test,18_229_Masson_201_14_21_jpg.rf.74bade966a2c28506fa86ec780bf0d54.jpg,18_229_Masson_201_14_21_jpg.rf.74bade966a2c28506fa86ec780bf0d54.npz,True,test_unmodified,0,,,,
test,18_229_Masson_201_18_25_jpg.rf.e9b7dc674742205d45d77838e3164bc2.jpg,18_229_Masson_201_18_25_jpg.rf.e9b7dc674742205d45d77838e3164bc2.npz,True,test_unmodified,0,,,,
test,18_229_Masson_201_36_15_jpg.rf.891e9f19f537c481806ab3c770977647.jpg,18_229_Masson_201_36_15_jpg.rf.891e9f19f537c481806ab3c770977647.npz,True,test_unmodified,0,,,,
test,18_229_Masson_201_43_51_jpg.rf.87efcd7d20e54785366433b0aed4a56b.jpg,18_229_Masson_201_43_51_jpg.rf.87efcd7d20e54785366433b0aed4a56b.npz,True,test_unmodified,0,,,,
test,18_229_Masson_201_44_14_jpg.rf.f715a7321af609b20aebf09e59feb9b1.jpg,18_229_Masson_201_44_14_jpg.rf.f715a7321af609b20aebf09e59feb9b1.npz,True,test_unmodified,0,,,,
test,18_229_Masson_201_65_59_jpg.rf.4d9edb5bf1244a18b906c1654cd79f16.jpg,18_229_Masson_201_65_59_jpg.rf.4d9edb5bf1244a18b906c1654cd79f16.npz,True,test_unmodified,0,,,,
test,18_229_Masson_201_70_43_jpg.rf.ebad954d30abff85ad591b557930159d.jpg,18_229_Masson_201_70_43_jpg.rf.ebad954d30abff85ad591b557930159d.npz,True,test_unmodified,0,,,,
test,18_229_Masson_201_79_11_jpg.rf.b5e12e058c2006e507e19a19454f62a5.jpg,18_229_Masson_201_79_11_jpg.rf.b5e12e058c2006e507e19a19454f62a5.npz,True,test_unmodified,0,,,,
test,18_229_Masson_201_79_8_jpg.rf.6fb02573bb72fbd430bee98f547773dc.jpg,18_229_Masson_201_79_8_jpg.rf.6fb02573bb72fbd430bee98f547773dc.npz,True,test_unmodified,0,,,,
test,18_229_Masson_201_83_26_jpg.rf.d6bc700db21a97e293e3734dedaa71bb.jpg,18_229_Masson_201_83_26_jpg.rf.d6bc700db21a97e293e3734dedaa71bb.npz,True,test_unmodified,0,,,,
test,18_229_Masson_201_84_38_jpg.rf.b1f9add317d9f31a7ff35e9705422aa1.jpg,18_229_Masson_201_84_38_jpg.rf.b1f9add317d9f31a7ff35e9705422aa1.npz,True,test_unmodified,0,,,,
test,18_229_Masson_201_89_31_jpg.rf.6d13cb79c6d1e63ed19f2d66a372f0b0.jpg,18_229_Masson_201_89_31_jpg.rf.6d13cb79c6d1e63ed19f2d66a372f0b0.npz,True,test_unmodified,0,,,,
test,18_229_Masson_201_89_55_jpg.rf.ec2b6ac5401a175d7089c7d0109c15ca.jpg,18_229_Masson_201_89_55_jpg.rf.ec2b6ac5401a175d7089c7d0109c15ca.npz,True,test_unmodified,0,,,,
test,18_229_Masson_201_97_39_jpg.rf.d913ac78830f62cf021b5c7888bb1326.jpg,18_229_Masson_201_97_39_jpg.rf.d913ac78830f62cf021b5c7888bb1326.npz,True,test_unmodified,0,,,,
test,18_229_Masson_202_100_28_jpg.rf.f2b6e057618324d7a3f62a7dbfae7df8.jpg,18_229_Masson_202_100_28_jpg.rf.f2b6e057618324d7a3f62a7dbfae7df8.npz,True,test_unmodified,0,,,,
test,18_229_Masson_202_107_54_jpg.rf.800f26cf8030a96b1ffe18cbef17e649.jpg,18_229_Masson_202_107_54_jpg.rf.800f26cf8030a96b1ffe18cbef17e649.npz,True,test_unmodified,0,,,,
test,18_229_Masson_202_115_36_jpg.rf.4c42d63836adff2fb7e1ba6139311f99.jpg,18_229_Masson_202_115_36_jpg.rf.4c42d63836adff2fb7e1ba6139311f99.npz,True,test_unmodified,0,,,,
test,18_229_Masson_202_118_50_jpg.rf.ae024a34f914521fff2a883c31e1e0b5.jpg,18_229_Masson_202_118_50_jpg.rf.ae024a34f914521fff2a883c31e1e0b5.npz,True,test_unmodified,0,,,,
test,18_229_Masson_202_11_24_jpg.rf.43a3aef54b2a0f2b991cc911eaf0068d.jpg,18_229_Masson_202_11_24_jpg.rf.43a3aef54b2a0f2b991cc911eaf0068d.npz,True,test_unmodified,0,,,,
test,18_229_Masson_202_20_40_jpg.rf.a9a0a7889ce00b0ca1084a848e7e3f6a.jpg,18_229_Masson_202_20_40_jpg.rf.a9a0a7889ce00b0ca1084a848e7e3f6a.npz,True,test_unmodified,0,,,,
test,18_229_Masson_202_23_33_jpg.rf.e48db761d420c016d46139f1fd4c6afe.jpg,18_229_Masson_202_23_33_jpg.rf.e48db761d420c016d46139f1fd4c6afe.npz,True,test_unmodified,0,,,,
test,18_229_Masson_202_3_16_jpg.rf.5b4ec9e9293fafa14779e251ab70c6ae.jpg,18_229_Masson_202_3_16_jpg.rf.5b4ec9e9293fafa14779e251ab70c6ae.npz,True,test_unmodified,0,,,,
test,18_229_Masson_202_42_47_jpg.rf.03a71d72dafaaf46dae13f99c35f98bf.jpg,18_229_Masson_202_42_47_jpg.rf.03a71d72dafaaf46dae13f99c35f98bf.npz,True,test_unmodified,0,,,,
test,18_229_Masson_202_44_26_jpg.rf.ad9ff5928b25b5dca7206803c7b33bd5.jpg,18_229_Masson_202_44_26_jpg.rf.ad9ff5928b25b5dca7206803c7b33bd5.npz,True,test_unmodified,0,,,,
test,18_229_Masson_202_51_24_jpg.rf.1e6614206a2fe7dcc9a74c81a6df6689.jpg,18_229_Masson_202_51_24_jpg.rf.1e6614206a2fe7dcc9a74c81a6df6689.npz,True,test_unmodified,0,,,,
test,18_229_Masson_202_53_67_jpg.rf.b5e3cc79b6750e5652d6242d5cfd750c.jpg,18_229_Masson_202_53_67_jpg.rf.b5e3cc79b6750e5652d6242d5cfd750c.npz,True,test_unmodified,0,,,,
test,18_229_Masson_202_53_68_jpg.rf.1e0a3a3434e6fac1bb8998fa74fb9caf.jpg,18_229_Masson_202_53_68_jpg.rf.1e0a3a3434e6fac1bb8998fa74fb9caf.npz,True,test_unmodified,0,,,,
test,18_229_Masson_202_62_58_jpg.rf.3f703035b191254ad8a28ba728bf6827.jpg,18_229_Masson_202_62_58_jpg.rf.3f703035b191254ad8a28ba728bf6827.npz,True,test_unmodified,0,,,,
test,18_229_Masson_202_63_52_jpg.rf.04509a5157b8d67f5d7a5530cffaa9f1.jpg,18_229_Masson_202_63_52_jpg.rf.04509a5157b8d67f5d7a5530cffaa9f1.npz,True,test_unmodified,0,,,,
test,18_229_Masson_202_78_42_jpg.rf.c499bd09dee577cf2d023bd6217c19a0.jpg,18_229_Masson_202_78_42_jpg.rf.c499bd09dee577cf2d023bd6217c19a0.npz,True,test_unmodified,0,,,,
test,18_229_Masson_202_78_44_jpg.rf.aa9c963368fe773ceb56172acbf9cde6.jpg,18_229_Masson_202_78_44_jpg.rf.aa9c963368fe773ceb56172acbf9cde6.npz,True,test_unmodified,0,,,,
test,18_229_Masson_202_8_17_jpg.rf.3196e91c6d40a78932d038ab9a17f792.jpg,18_229_Masson_202_8_17_jpg.rf.3196e91c6d40a78932d038ab9a17f792.npz,True,test_unmodified,0,,,,
test,18_229_Masson_202_94_11_jpg.rf.ccf167713a7b5904615da8bd6243913c.jpg,18_229_Masson_202_94_11_jpg.rf.ccf167713a7b5904615da8bd6243913c.npz,True,test_unmodified,0,,,,
test,18_229_Masson_202_96_27_jpg.rf.d91bc5b7e4e95624257f97f5b04a1e65.jpg,18_229_Masson_202_96_27_jpg.rf.d91bc5b7e4e95624257f97f5b04a1e65.npz,True,test_unmodified,0,,,,
test,18_229_Masson_202_99_65_jpg.rf.da89309f29817e2d1083162300a3ba1b.jpg,18_229_Masson_202_99_65_jpg.rf.da89309f29817e2d1083162300a3ba1b.npz,True,test_unmodified,0,,,,
test,18_229_Masson_203_123_6_jpg.rf.45445e385a3a71ce4f67c2ee18ca5daf.jpg,18_229_Masson_203_123_6_jpg.rf.45445e385a3a71ce4f67c2ee18ca5daf.npz,True,test_unmodified,0,,,,
test,18_229_Masson_203_4_20_jpg.rf.89ebd8bf295b75552e44bf99a4cd2693.jpg,18_229_Masson_203_4_20_jpg.rf.89ebd8bf295b75552e44bf99a4cd2693.npz,True,test_unmodified,0,,,,
test,18_229_Masson_203_8_19_jpg.rf.2c0414cc0f94db0439024403b2d305fe.jpg,18_229_Masson_203_8_19_jpg.rf.2c0414cc0f94db0439024403b2d305fe.npz,True,test_unmodified,0,,,,
test,18_229_Masson_203_91_11_jpg.rf.8ccc373a8105af65bbf38f5be837598c.jpg,18_229_Masson_203_91_11_jpg.rf.8ccc373a8105af65bbf38f5be837598c.npz,True,test_unmodified,0,,,,
test,18_229_Masson_302_26_24_jpg.rf.a55b18b6103550477bac9fb8ba1b76cb.jpg,18_229_Masson_302_26_24_jpg.rf.a55b18b6103550477bac9fb8ba1b76cb.npz,True,test_unmodified,0,,,,
test,18_229_Masson_302_26_26_jpg.rf.eeb2099231f39574e99b4fc186d6d85e.jpg,18_229_Masson_302_26_26_jpg.rf.eeb2099231f39574e99b4fc186d6d85e.npz,True,test_unmodified,0,,,,
test,18_229_Masson_302_37_19_jpg.rf.309f5c5de24f933fb4932b0964980e6e.jpg,18_229_Masson_302_37_19_jpg.rf.309f5c5de24f933fb4932b0964980e6e.npz,True,test_unmodified,0,,,,
test,18_229_Masson_302_41_40_jpg.rf.2e0c401c8046b29031cffb5049516302.jpg,18_229_Masson_302_41_40_jpg.rf.2e0c401c8046b29031cffb5049516302.npz,True,test_unmodified,0,,,,
test,18_236_202_129_6_jpg.rf.ae86ec238c2560b17aace98bb36ff524.jpg,18_236_202_129_6_jpg.rf.ae86ec238c2560b17aace98bb36ff524.npz,True,test_unmodified,0,,,,
test,18_236_203_76_7_jpg.rf.6afa5a608a138c47749f0a1ad6f40603.jpg,18_236_203_76_7_jpg.rf.6afa5a608a138c47749f0a1ad6f40603.npz,True,test_unmodified,0,,,,
test,18_236_203_79_37_jpg.rf.429a8cfa1ee9598c7d33178ec2ec4dbf.jpg,18_236_203_79_37_jpg.rf.429a8cfa1ee9598c7d33178ec2ec4dbf.npz,True,test_unmodified,0,,,,
test,18_236_303_50_21_jpg.rf.4064899db036c9f74612f5712bd95c91.jpg,18_236_303_50_21_jpg.rf.4064899db036c9f74612f5712bd95c91.npz,True,test_unmodified,0,,,,
test,18_236_303_52_16_jpg.rf.8f5efd6e2982ae46b6216b7bd6d291cf.jpg,18_236_303_52_16_jpg.rf.8f5efd6e2982ae46b6216b7bd6d291cf.npz,True,test_unmodified,0,,,,
test,18_236_303_65_37_jpg.rf.46367f1030fb49d3eadb79bf6ed3267e.jpg,18_236_303_65_37_jpg.rf.46367f1030fb49d3eadb79bf6ed3267e.npz,True,test_unmodified,0,,,,
test,18_236_401_97_15_jpg.rf.f6afeb08603c32104ccc0b8b35127345.jpg,18_236_401_97_15_jpg.rf.f6afeb08603c32104ccc0b8b35127345.npz,True,test_unmodified,0,,,,
test,18_236_401_98_36_jpg.rf.1d8f4163cc6c1e69653e5d35414518f7.jpg,18_236_401_98_36_jpg.rf.1d8f4163cc6c1e69653e5d35414518f7.npz,True,test_unmodified,0,,,,
test,19_212_D1208_20_4_jpg.rf.8d501b91a2c04471967873883883ee2f.jpg,19_212_D1208_20_4_jpg.rf.8d501b91a2c04471967873883883ee2f.npz,True,test_unmodified,0,,,,
test,19_212_D1208_20_8_jpg.rf.17b274f413f1c4d62d578d680d064fb0.jpg,19_212_D1208_20_8_jpg.rf.17b274f413f1c4d62d578d680d064fb0.npz,True,test_unmodified,0,,,,
test,19_212_D1208_25_5_jpg.rf.783f87034828205be8a76c5dd318e40e.jpg,19_212_D1208_25_5_jpg.rf.783f87034828205be8a76c5dd318e40e.npz,True,test_unmodified,0,,,,
test,19_212_D1208_27_5_jpg.rf.519b4b9a0094f8b195f364cb6d8ae16c.jpg,19_212_D1208_27_5_jpg.rf.519b4b9a0094f8b195f364cb6d8ae16c.npz,True,test_unmodified,0,,,,
test,19_212_D1208_29_2_jpg.rf.fd4788a6a5b62df5836e0b94cde1f837.jpg,19_212_D1208_29_2_jpg.rf.fd4788a6a5b62df5836e0b94cde1f837.npz,True,test_unmodified,0,,,,
test,19_212_E1202_21_2_jpg.rf.c544e586bb7f5d019efbc173085aab11.jpg,19_212_E1202_21_2_jpg.rf.c544e586bb7f5d019efbc173085aab11.npz,True,test_unmodified,0,,,,
test,19_212_E1202_21_5_jpg.rf.b8838dee0bc14f2ced4737fff190f803.jpg,19_212_E1202_21_5_jpg.rf.b8838dee0bc14f2ced4737fff190f803.npz,True,test_unmodified,0,,,,
test,201_0_14_60_jpg.rf.6a4a93946ca35da9e3d367cbe65d9a99.jpg,201_0_14_60_jpg.rf.6a4a93946ca35da9e3d367cbe65d9a99.npz,True,test_unmodified,0,,,,
test,201_10_4_3_jpg.rf.b86deef6db6fc886c697803ee4230c6b.jpg,201_10_4_3_jpg.rf.b86deef6db6fc886c697803ee4230c6b.npz,True,test_unmodified,0,,,,
test,201_10_7_19_jpg.rf.b3254b60fc48ec22409adaff3bec9a1a.jpg,201_10_7_19_jpg.rf.b3254b60fc48ec22409adaff3bec9a1a.npz,True,test_unmodified,0,,,,
test,201_10_8_21_jpg.rf.0f6b39bd291473bb3f8554290d59180e.jpg,201_10_8_21_jpg.rf.0f6b39bd291473bb3f8554290d59180e.npz,True,test_unmodified,0,,,,
test,201_10_9_51_jpg.rf.c270d6205043a829f2478a397a01f3a4.jpg,201_10_9_51_jpg.rf.c270d6205043a829f2478a397a01f3a4.npz,True,test_unmodified,0,,,,
test,201_10_9_57_jpg.rf.5da0933503aee673c7b776a5914ce84e.jpg,201_10_9_57_jpg.rf.5da0933503aee673c7b776a5914ce84e.npz,True,test_unmodified,0,,,,
test,201_11_10_29_jpg.rf.21af9148225fa40e1f8a0965b5240124.jpg,201_11_10_29_jpg.rf.21af9148225fa40e1f8a0965b5240124.npz,True,test_unmodified,0,,,,
test,201_1_13_34_jpg.rf.e29b19e9131fd5451a594460b4925b3d.jpg,201_1_13_34_jpg.rf.e29b19e9131fd5451a594460b4925b3d.npz,True,test_unmodified,0,,,,
test,201_1_16_63_jpg.rf.0a0f794b1f88412e075dafc9f2e6636c.jpg,201_1_16_63_jpg.rf.0a0f794b1f88412e075dafc9f2e6636c.npz,True,test_unmodified,0,,,,
test,201_2_10_15_jpg.rf.0560080e8c1766439fcd64de2f28e60f.jpg,201_2_10_15_jpg.rf.0560080e8c1766439fcd64de2f28e60f.npz,True,test_unmodified,0,,,,
test,201_2_15_32_jpg.rf.4b0b3a6d67537b6b70ff32afb70a8e4c.jpg,201_2_15_32_jpg.rf.4b0b3a6d67537b6b70ff32afb70a8e4c.npz,True,test_unmodified,0,,,,
test,201_2_20_47_jpg.rf.5cab5e7a65d8284fcce53dd9bb345531.jpg,201_2_20_47_jpg.rf.5cab5e7a65d8284fcce53dd9bb345531.npz,True,test_unmodified,0,,,,
test,201_2_8_55_jpg.rf.7957d771c2cb3359bd391c4139b744dc.jpg,201_2_8_55_jpg.rf.7957d771c2cb3359bd391c4139b744dc.npz,True,test_unmodified,0,,,,
test,201_3_8_32_jpg.rf.4d1936b34e81e833378b8091bc7c494b.jpg,201_3_8_32_jpg.rf.4d1936b34e81e833378b8091bc7c494b.npz,True,test_unmodified,0,,,,
test,201_4_7_1_jpg.rf.3db02034b2b214ef7134762433ca7d14.jpg,201_4_7_1_jpg.rf.3db02034b2b214ef7134762433ca7d14.npz,True,test_unmodified,0,,,,
test,201_5_11_15_jpg.rf.209dc2db73c911b61c2e0223a7d502d8.jpg,201_5_11_15_jpg.rf.209dc2db73c911b61c2e0223a7d502d8.npz,True,test_unmodified,0,,,,
test,201_5_18_24_jpg.rf.20c32646a66be342072075b023594526.jpg,201_5_18_24_jpg.rf.20c32646a66be342072075b023594526.npz,True,test_unmodified,0,,,,
test,201_5_21_43_jpg.rf.10d4d4be2fa27e3df4e268d42c7ed704.jpg,201_5_21_43_jpg.rf.10d4d4be2fa27e3df4e268d42c7ed704.npz,True,test_unmodified,0,,,,
test,201_5_8_40_jpg.rf.8bb07dc3f4d2dcafb14ae190878c7592.jpg,201_5_8_40_jpg.rf.8bb07dc3f4d2dcafb14ae190878c7592.npz,True,test_unmodified,0,,,,
test,201_6_10_3_jpg.rf.4bfd95f19e2a066661cef4e52bf14ff4.jpg,201_6_10_3_jpg.rf.4bfd95f19e2a066661cef4e52bf14ff4.npz,True,test_unmodified,0,,,,
test,201_6_18_37_jpg.rf.d6926a05dafc2e323a62cc69ee2de9c2.jpg,201_6_18_37_jpg.rf.d6926a05dafc2e323a62cc69ee2de9c2.npz,True,test_unmodified,0,,,,
test,201_7_4_55_jpg.rf.41c1d6c39eb3335687883b8037982ddd.jpg,201_7_4_55_jpg.rf.41c1d6c39eb3335687883b8037982ddd.npz,True,test_unmodified,0,,,,
test,201_8_14_5_jpg.rf.094c3bdb588451ac12d5e7ff28bda0d2.jpg,201_8_14_5_jpg.rf.094c3bdb588451ac12d5e7ff28bda0d2.npz,True,test_unmodified,0,,,,
test,201_8_18_54_jpg.rf.f0f2fcdfb3c2d7586e43177e14bb6f88.jpg,201_8_18_54_jpg.rf.f0f2fcdfb3c2d7586e43177e14bb6f88.npz,True,test_unmodified,0,,,,
test,201_8_7_48_jpg.rf.3b63c64833ab12967e5f5e25cc87f1e8.jpg,201_8_7_48_jpg.rf.3b63c64833ab12967e5f5e25cc87f1e8.npz,True,test_unmodified,0,,,,
test,201_9_3_55_jpg.rf.eba211dcc6695e3e299d586931c15ee0.jpg,201_9_3_55_jpg.rf.eba211dcc6695e3e299d586931c15ee0.npz,True,test_unmodified,0,,,,
test,201_9_3_7_jpg.rf.9d84a574acb35343101a6f6f12e02f05.jpg,201_9_3_7_jpg.rf.9d84a574acb35343101a6f6f12e02f05.npz,True,test_unmodified,0,,,,
test,201_9_4_28_jpg.rf.4aa03f9eaf9634c7310f7e0eb2f58f9f.jpg,201_9_4_28_jpg.rf.4aa03f9eaf9634c7310f7e0eb2f58f9f.npz,True,test_unmodified,0,,,,
test,201_9_4_62_jpg.rf.27f3c42ab2a1a3d19fb4ffa70ffb5c22.jpg,201_9_4_62_jpg.rf.27f3c42ab2a1a3d19fb4ffa70ffb5c22.npz,True,test_unmodified,0,,,,
test,201_9_8_60_jpg.rf.ea2e641cdca1fa220eeb5736ea87d0e2.jpg,201_9_8_60_jpg.rf.ea2e641cdca1fa220eeb5736ea87d0e2.npz,True,test_unmodified,0,,,,
test,202_0_14_46_jpg.rf.9eb521641d54313d375eb11f7511cac8.jpg,202_0_14_46_jpg.rf.9eb521641d54313d375eb11f7511cac8.npz,True,test_unmodified,0,,,,
test,202_1_18_11_jpg.rf.1019f1003ac48ba2a7a479a302d0cbc7.jpg,202_1_18_11_jpg.rf.1019f1003ac48ba2a7a479a302d0cbc7.npz,True,test_unmodified,0,,,,
test,202_2_10_56_jpg.rf.62cdc5f34a7c1a2a80203fa4cc04194f.jpg,202_2_10_56_jpg.rf.62cdc5f34a7c1a2a80203fa4cc04194f.npz,True,test_unmodified,0,,,,
test,202_2_13_8_jpg.rf.c686cd0c868f8ce2e56bc4deaeaf9778.jpg,202_2_13_8_jpg.rf.c686cd0c868f8ce2e56bc4deaeaf9778.npz,True,test_unmodified,0,,,,
test,202_2_8_12_jpg.rf.4c5abf344b0ac3296110c72044a8d702.jpg,202_2_8_12_jpg.rf.4c5abf344b0ac3296110c72044a8d702.npz,True,test_unmodified,0,,,,
test,202_2_8_24_jpg.rf.742a09af0e3d100c6741d0571df8c8b3.jpg,202_2_8_24_jpg.rf.742a09af0e3d100c6741d0571df8c8b3.npz,True,test_unmodified,0,,,,
test,202_2_8_8_jpg.rf.74cf05228917ce2ef2042a4709a5b12a.jpg,202_2_8_8_jpg.rf.74cf05228917ce2ef2042a4709a5b12a.npz,True,test_unmodified,0,,,,
test,202_4_9_11_jpg.rf.64aedd51bf58d6a31fbf27e1cdde68c6.jpg,202_4_9_11_jpg.rf.64aedd51bf58d6a31fbf27e1cdde68c6.npz,True,test_unmodified,0,,,,
test,202_4_9_43_jpg.rf.e30656622793e791c132bc6753dd25c1.jpg,202_4_9_43_jpg.rf.e30656622793e791c132bc6753dd25c1.npz,True,test_unmodified,0,,,,
test,202_5_15_5_jpg.rf.ffbc5a5cd38a83e6e0f2ab5a58466a0e.jpg,202_5_15_5_jpg.rf.ffbc5a5cd38a83e6e0f2ab5a58466a0e.npz,True,test_unmodified,0,,,,
test,202_6_19_21_jpg.rf.fcfa50a794a9fec5778b8ca275dd7dc9.jpg,202_6_19_21_jpg.rf.fcfa50a794a9fec5778b8ca275dd7dc9.npz,True,test_unmodified,0,,,,
test,202_7_10_18_jpg.rf.6b3313bdde62e9e1278a5c83fb1e571e.jpg,202_7_10_18_jpg.rf.6b3313bdde62e9e1278a5c83fb1e571e.npz,True,test_unmodified,0,,,,
test,202_7_15_47_jpg.rf.f2d7fd564832c3dfbccdd017197d9ced.jpg,202_7_15_47_jpg.rf.f2d7fd564832c3dfbccdd017197d9ced.npz,True,test_unmodified,0,,,,
test,202_7_18_29_jpg.rf.d61cb573b27dd31a43c6be4feca03075.jpg,202_7_18_29_jpg.rf.d61cb573b27dd31a43c6be4feca03075.npz,True,test_unmodified,0,,,,
test,202_7_22_18_jpg.rf.fc7e3a42e6006dea3738175c48ac5762.jpg,202_7_22_18_jpg.rf.fc7e3a42e6006dea3738175c48ac5762.npz,True,test_unmodified,0,,,,
test,203_2_12_64_jpg.rf.c147d91ba99d851be9db036e2ba0be97.jpg,203_2_12_64_jpg.rf.c147d91ba99d851be9db036e2ba0be97.npz,True,test_unmodified,0,,,,
test,203_5_4_23_jpg.rf.bdfcfb1dc71bb9d40a56ba717b762544.jpg,203_5_4_23_jpg.rf.bdfcfb1dc71bb9d40a56ba717b762544.npz,True,test_unmodified,0,,,,
test,203_6_5_64_jpg.rf.dc8568dbd574a08c3122cc23ec5dfd82.jpg,203_6_5_64_jpg.rf.dc8568dbd574a08c3122cc23ec5dfd82.npz,True,test_unmodified,0,,,,
test,204_1_17_52_jpg.rf.fa3d86bef83e1c6cb6d68fe92992d0c8.jpg,204_1_17_52_jpg.rf.fa3d86bef83e1c6cb6d68fe92992d0c8.npz,True,test_unmodified,0,,,,
test,204_2_11_55_jpg.rf.d7b0d901e7529b90b985225a63defbd5.jpg,204_2_11_55_jpg.rf.d7b0d901e7529b90b985225a63defbd5.npz,True,test_unmodified,0,,,,
test,204_3_18_35_jpg.rf.10851bb946747130394069a5d9b627fc.jpg,204_3_18_35_jpg.rf.10851bb946747130394069a5d9b627fc.npz,True,test_unmodified,0,,,,
test,205_9_2_4_jpg.rf.7d8af6f1071e28c4f6448971fb067bbc.jpg,205_9_2_4_jpg.rf.7d8af6f1071e28c4f6448971fb067bbc.npz,True,test_unmodified,0,,,,
test,206_2_16_15_jpg.rf.cbd6e83381422df87fb615c6aba188a5.jpg,206_2_16_15_jpg.rf.cbd6e83381422df87fb615c6aba188a5.npz,True,test_unmodified,0,,,,
test,206_2_9_19_jpg.rf.5c3694146388168fec4ed0b41a915fc2.jpg,206_2_9_19_jpg.rf.5c3694146388168fec4ed0b41a915fc2.npz,True,test_unmodified,0,,,,
test,206_4_15_29_jpg.rf.f38a94990e9899f9be28a7c655f20e26.jpg,206_4_15_29_jpg.rf.f38a94990e9899f9be28a7c655f20e26.npz,True,test_unmodified,0,,,,
test,206_4_4_38_jpg.rf.a44c330082e6f691136aa4530af0fb67.jpg,206_4_4_38_jpg.rf.a44c330082e6f691136aa4530af0fb67.npz,True,test_unmodified,0,,,,
test,207_0_10_57_jpg.rf.2913c1b9493de3e4e5727c516c6b7ad2.jpg,207_0_10_57_jpg.rf.2913c1b9493de3e4e5727c516c6b7ad2.npz,True,test_unmodified,0,,,,
test,207_1_10_27_jpg.rf.c8a89bc059b7255c1c1195b48d41ade1.jpg,207_1_10_27_jpg.rf.c8a89bc059b7255c1c1195b48d41ade1.npz,True,test_unmodified,0,,,,
test,207_1_12_17_jpg.rf.b193def7b662bc8fc8d60c9365971a61.jpg,207_1_12_17_jpg.rf.b193def7b662bc8fc8d60c9365971a61.npz,True,test_unmodified,0,,,,
test,207_1_12_9_jpg.rf.1477c981bebfb7f51bdd55870b25088e.jpg,207_1_12_9_jpg.rf.1477c981bebfb7f51bdd55870b25088e.npz,True,test_unmodified,0,,,,
test,207_1_13_6_jpg.rf.3ced8bd4118f86e8d3d7c57a08f88054.jpg,207_1_13_6_jpg.rf.3ced8bd4118f86e8d3d7c57a08f88054.npz,True,test_unmodified,0,,,,
test,207_1_21_55_jpg.rf.dd51f9ed6743646047ba4ee707959102.jpg,207_1_21_55_jpg.rf.dd51f9ed6743646047ba4ee707959102.npz,True,test_unmodified,0,,,,
test,207_1_8_49_jpg.rf.2d7813e52527671f456238d3d26f7e47.jpg,207_1_8_49_jpg.rf.2d7813e52527671f456238d3d26f7e47.npz,True,test_unmodified,0,,,,
test,207_1_9_20_jpg.rf.2062a816ce5d07a7489a6b983cdf45ec.jpg,207_1_9_20_jpg.rf.2062a816ce5d07a7489a6b983cdf45ec.npz,True,test_unmodified,0,,,,
test,207_2_13_49_jpg.rf.6d263d573cfa26290d85c9fb1ecc5ce3.jpg,207_2_13_49_jpg.rf.6d263d573cfa26290d85c9fb1ecc5ce3.npz,True,test_unmodified,0,,,,
test,207_2_19_8_jpg.rf.a38089b7e5e8b1c8a05d87a56722175f.jpg,207_2_19_8_jpg.rf.a38089b7e5e8b1c8a05d87a56722175f.npz,True,test_unmodified,0,,,,
test,207_2_8_35_jpg.rf.7346b51adfb23c3a1e6b9aac53563c24.jpg,207_2_8_35_jpg.rf.7346b51adfb23c3a1e6b9aac53563c24.npz,True,test_unmodified,0,,,,
test,207_3_16_20_jpg.rf.b20497138d82ce8fef64c633dc023cd5.jpg,207_3_16_20_jpg.rf.b20497138d82ce8fef64c633dc023cd5.npz,True,test_unmodified,0,,,,
test,207_5_21_31_jpg.rf.8ebae066bd581c43db28c29ebea7aeae.jpg,207_5_21_31_jpg.rf.8ebae066bd581c43db28c29ebea7aeae.npz,True,test_unmodified,0,,,,
test,207_7_17_9_jpg.rf.317a38bc9deaf153457cbe85c33bbe71.jpg,207_7_17_9_jpg.rf.317a38bc9deaf153457cbe85c33bbe71.npz,True,test_unmodified,0,,,,
test,207_7_18_53_jpg.rf.1737d97214aa64ae2fdf5ac9937471bb.jpg,207_7_18_53_jpg.rf.1737d97214aa64ae2fdf5ac9937471bb.npz,True,test_unmodified,0,,,,
test,207_8_8_20_jpg.rf.d0706c3caa234837b91ddee93eeeb0e6.jpg,207_8_8_20_jpg.rf.d0706c3caa234837b91ddee93eeeb0e6.npz,True,test_unmodified,0,,,,
test,207_8_9_31_jpg.rf.05907a92e876f7b9e46bb44c87b254b9.jpg,207_8_9_31_jpg.rf.05907a92e876f7b9e46bb44c87b254b9.npz,True,test_unmodified,0,,,,
test,208_2_9_5_jpg.rf.76cd3d3786673bd28e8a0d41982f37f2.jpg,208_2_9_5_jpg.rf.76cd3d3786673bd28e8a0d41982f37f2.npz,True,test_unmodified,0,,,,
test,208_3_13_33_jpg.rf.30adb7493b3d0abcd2d395c5491f6ca0.jpg,208_3_13_33_jpg.rf.30adb7493b3d0abcd2d395c5491f6ca0.npz,True,test_unmodified,0,,,,
test,208_3_8_42_jpg.rf.939db8ea49d27c750720beda3cbf5f70.jpg,208_3_8_42_jpg.rf.939db8ea49d27c750720beda3cbf5f70.npz,True,test_unmodified,0,,,,
test,208_4_14_6_jpg.rf.4766855e1574d9306fdfec0015b5cfbf.jpg,208_4_14_6_jpg.rf.4766855e1574d9306fdfec0015b5cfbf.npz,True,test_unmodified,0,,,,
test,208_4_22_5_jpg.rf.094c9ba3e03da12f89f705ec8887a49f.jpg,208_4_22_5_jpg.rf.094c9ba3e03da12f89f705ec8887a49f.npz,True,test_unmodified,0,,,,
test,208_4_7_5_jpg.rf.aa66f1e836f06cf906434ebe921f725a.jpg,208_4_7_5_jpg.rf.aa66f1e836f06cf906434ebe921f725a.npz,True,test_unmodified,0,,,,
test,208_5_18_29_jpg.rf.eca85ba509a657aefe47f7c019599364.jpg,208_5_18_29_jpg.rf.eca85ba509a657aefe47f7c019599364.npz,True,test_unmodified,0,,,,
test,208_5_21_61_jpg.rf.dacb98669db9a708b6c0bf546200d5d7.jpg,208_5_21_61_jpg.rf.dacb98669db9a708b6c0bf546200d5d7.npz,True,test_unmodified,0,,,,
test,208_5_3_26_jpg.rf.21970590bd1c95c75223e77365691cb7.jpg,208_5_3_26_jpg.rf.21970590bd1c95c75223e77365691cb7.npz,True,test_unmodified,0,,,,
test,208_5_4_26_jpg.rf.86663feda8045c2d386fc4511a56bb6e.jpg,208_5_4_26_jpg.rf.86663feda8045c2d386fc4511a56bb6e.npz,True,test_unmodified,0,,,,
test,208_5_5_14_jpg.rf.8972af4f08bbc078d7d8cbb9eee1713b.jpg,208_5_5_14_jpg.rf.8972af4f08bbc078d7d8cbb9eee1713b.npz,True,test_unmodified,0,,,,
test,208_5_6_18_jpg.rf.39681e03f4a201e35ef1dcf25e349982.jpg,208_5_6_18_jpg.rf.39681e03f4a201e35ef1dcf25e349982.npz,True,test_unmodified,0,,,,
test,208_6_2_41_jpg.rf.c7556bb7b2b58d588e650421e3486479.jpg,208_6_2_41_jpg.rf.c7556bb7b2b58d588e650421e3486479.npz,True,test_unmodified,0,,,,
test,208_7_16_16_jpg.rf.ceb82088e7dc1a560c4a1357966f2017.jpg,208_7_16_16_jpg.rf.ceb82088e7dc1a560c4a1357966f2017.npz,True,test_unmodified,0,,,,
test,208_7_21_3_jpg.rf.fb26e3ddedf3f26704bed3072a3a1494.jpg,208_7_21_3_jpg.rf.fb26e3ddedf3f26704bed3072a3a1494.npz,True,test_unmodified,0,,,,
test,208_7_7_62_jpg.rf.037f2402cfff82d98403ba1bf13954de.jpg,208_7_7_62_jpg.rf.037f2402cfff82d98403ba1bf13954de.npz,True,test_unmodified,0,,,,
test,208_7_8_10_jpg.rf.f9a0ded3f245c505290900607a87af7d.jpg,208_7_8_10_jpg.rf.f9a0ded3f245c505290900607a87af7d.npz,True,test_unmodified,0,,,,
test,208_7_8_17_jpg.rf.d530bdbac66c6066c88a4d2a415c8e7d.jpg,208_7_8_17_jpg.rf.d530bdbac66c6066c88a4d2a415c8e7d.npz,True,test_unmodified,0,,,,
test,213_2_12_63_jpg.rf.bb12d2cfa0a561c6c4f007ff2e4d7476.jpg,213_2_12_63_jpg.rf.bb12d2cfa0a561c6c4f007ff2e4d7476.npz,True,test_unmodified,0,,,,
test,301_0_8_53_jpg.rf.f261a75a931c5d6c17bf7f52eae25ea5.jpg,301_0_8_53_jpg.rf.f261a75a931c5d6c17bf7f52eae25ea5.npz,True,test_unmodified,0,,,,
test,301_0_9_12_jpg.rf.40da860746e5199e602c32c7be5751bf.jpg,301_0_9_12_jpg.rf.40da860746e5199e602c32c7be5751bf.npz,True,test_unmodified,0,,,,
test,301_10_17_6_jpg.rf.1de0c1cc969d58f0e16427d934230bb8.jpg,301_10_17_6_jpg.rf.1de0c1cc969d58f0e16427d934230bb8.npz,True,test_unmodified,0,,,,
test,301_11_18_10_jpg.rf.22c7765f2ca826e001c260709d4a9c28.jpg,301_11_18_10_jpg.rf.22c7765f2ca826e001c260709d4a9c28.npz,True,test_unmodified,0,,,,
test,303_6_12_27_jpg.rf.56b1a97d9ed421c4149b42f08be6fa38.jpg,303_6_12_27_jpg.rf.56b1a97d9ed421c4149b42f08be6fa38.npz,True,test_unmodified,0,,,,
