image_file,mask_file,tta_rank_by_worst,tta_overall_dice,no_tta_overall_dice,tta_minus_no_tta,tta_overall_jaccard,no_tta_overall_jaccard,class_0_dice,class_0_jaccard,class_0_fp_pixels,class_0_fn_pixels,class_0_true_pixels,class_0_pred_pixels,class_0_prob_mean,class_1_dice,class_1_jaccard,class_1_fp_pixels,class_1_fn_pixels,class_1_true_pixels,class_1_pred_pixels,class_1_prob_mean,class_2_dice,class_2_jaccard,class_2_fp_pixels,class_2_fn_pixels,class_2_true_pixels,class_2_pred_pixels,class_2_prob_mean,class_3_dice,class_3_jaccard,class_3_fp_pixels,class_3_fn_pixels,class_3_true_pixels,class_3_pred_pixels,class_3_prob_mean,tta_panel_available,no_tta_panel_available,auto_hint
201_3_22_52_jpg.rf.a0a0484c47c5cf11c5e1d34d2e5da7b8.jpg,201_3_22_52_jpg.rf.a0a0484c47c5cf11c5e1d34d2e5da7b8.npz,1,2.390857303802285e-11,0.2009873390197754,-0.20098733899586682,2.390857303802285e-11,0.11172091960906982,1.0,1.0,0.0,0.0,0.0,0.0,0.00028037320589646697,1.0,1.0,0.0,0.0,0.0,0.0,0.00035144874709658325,1.0,1.0,0.0,0.0,0.0,0.0,0.00017347189714200795,2.390857303802285e-11,2.390857303802285e-11,36572.0,5254.0,5254.0,36572.0,0.15731725096702576,yes,no,D_check_TTA_harm
201_4_17_30_jpg.rf.0e9c0c3d5ac9b736e2bb3778417cadec.jpg,201_4_17_30_jpg.rf.0e9c0c3d5ac9b736e2bb3778417cadec.npz,2,3.392015140990523e-11,3.348849669793097e-11,4.3165471197426086e-13,3.392015140990523e-11,3.348849669793097e-11,1.0,1.0,0.0,0.0,0.0,0.0,0.00029185591847635806,1.0,1.0,0.0,0.0,0.0,0.0,0.0003506079374346882,1.0,1.0,0.0,0.0,0.0,0.0,0.00017025053966790438,3.392015140990523e-11,3.392015140990523e-11,3.0,29478.0,29478.0,3.0,0.022730138152837753,yes,yes,A_B_E_check_hard_miss_or_threshold
19_212_E1202_17_8_jpg.rf.9e7b4a760b91e590511affcac37f803d.jpg,19_212_E1202_17_8_jpg.rf.9e7b4a760b91e590511affcac37f803d.npz,3,3.439854304176926e-11,3.165859241427427e-11,2.7399506274949914e-12,3.439854304176926e-11,3.165859241427427e-11,1.0,1.0,0.0,0.0,0.0,0.0,0.00023718512966297567,3.439854304176926e-11,3.439854304176926e-11,15505.0,13566.0,13566.0,15505.0,0.0681041032075882,1.0,1.0,0.0,0.0,0.0,0.0,0.001383146271109581,1.0,1.0,0.0,0.0,0.0,0.0,0.0003705259587150067,yes,yes,A_B_E_check_hard_miss_or_threshold
301_1_8_21_jpg.rf.a85b93a54435b6521e51d3e2ecc2beb1.jpg,301_1_8_21_jpg.rf.a85b93a54435b6521e51d3e2ecc2beb1.npz,4,3.733293535423954e-11,2.770543516827928e-11,9.627500185960258e-12,3.733293535423954e-11,2.770543516827928e-11,1.0,1.0,0.0,0.0,0.0,0.0,0.00029369929688982666,1.0,1.0,0.0,0.0,0.0,0.0,0.00035806981031782925,1.0,1.0,0.0,0.0,0.0,0.0,0.000174289831193164,3.733293535423954e-11,3.733293535423954e-11,16314.0,10472.0,10472.0,16314.0,0.08867096900939941,yes,yes,A_B_E_check_hard_miss_or_threshold
18_228_Masson_207_33_21_jpg.rf.fa459fb908f502b94970b1867b4321fd.jpg,18_228_Masson_207_33_21_jpg.rf.fa459fb908f502b94970b1867b4321fd.npz,5,3.837593090527669e-11,3.813591803458749e-11,2.400128706891991e-13,3.837593090527669e-11,3.813591803458749e-11,5.685048265480219e-11,5.685048265480219e-11,17590.0,0.0,0.0,17590.0,0.07667230069637299,1.0,1.0,0.0,0.0,0.0,0.0,0.00034592414158396423,1.1809163369402853e-10,1.1809163369402853e-10,0.0,8468.0,8468.0,0.0,0.00023373577278107405,1.0,1.0,0.0,0.0,0.0,0.0,0.0004004339571110904,yes,yes,B_or_C_check_class2
16_224_604_90_60_jpg.rf.36c065f49836810209158d3afc3d3719.jpg,16_224_604_90_60_jpg.rf.36c065f49836810209158d3afc3d3719.npz,6,4.518957083532449e-11,4.556639093822312e-11,-3.76820102898634e-13,4.518957083532449e-11,4.556639093822312e-11,5.32141344877779e-11,5.32141344877779e-11,0.0,18792.0,18792.0,0.0,0.00028876267606392503,1.0,1.0,0.0,0.0,0.0,0.0,0.0007307928754016757,2.996703718505245e-10,2.996703718505245e-10,3337.0,0.0,0.0,3337.0,0.015731310471892357,1.0,1.0,0.0,0.0,0.0,0.0,0.0003473757242318243,yes,yes,A_B_check_hard_miss
17_228_801_92_39_jpg.rf.72d28916f76dc73170afc885f59f0786.jpg,17_228_801_92_39_jpg.rf.72d28916f76dc73170afc885f59f0786.npz,7,6.03318228709071e-11,5.897617116890075e-11,1.3556517020063552e-12,6.03318228709071e-11,5.897617116890075e-11,6.03318228709071e-11,6.03318228709071e-11,6900.0,9675.0,9675.0,6900.0,0.031177056953310966,1.0,1.0,0.0,0.0,0.0,0.0,0.0003692912869155407,1.0,1.0,0.0,0.0,0.0,0.0,0.00019116420298814774,1.0,1.0,0.0,0.0,0.0,0.0,0.0005806399276480079,yes,yes,A_B_E_check_hard_miss_or_threshold
18_217_218_52_20_jpg.rf.1af96ac9534792faefad1703f33057e3.jpg,18_217_218_52_20_jpg.rf.1af96ac9534792faefad1703f33057e3.npz,8,6.167889810004823e-11,0.07176780700683594,-0.07176780694515704,6.167889810004823e-11,0.03721948713064194,1.0,1.0,0.0,0.0,0.0,0.0,0.0002450038737151772,1.0,1.0,0.0,0.0,0.0,0.0,0.0005040789255872369,6.167889810004823e-11,6.167889810004823e-11,7025.0,9188.0,9188.0,7025.0,0.03404969349503517,1.0,1.0,0.0,0.0,0.0,0.0,0.00041326548671349883,yes,yes,B_or_C_check_class2
18_236_203_78_40_jpg.rf.ca3a6efee503bbd283ca8cdf848de145.jpg,18_236_203_78_40_jpg.rf.ca3a6efee503bbd283ca8cdf848de145.npz,9,6.350819176104139e-11,6.131208041271208e-11,2.1961113483293104e-12,6.350819176104139e-11,6.131208041271208e-11,6.350819176104139e-11,6.350819176104139e-11,8204.0,7542.0,7542.0,8204.0,0.03583650290966034,1.0,1.0,0.0,0.0,0.0,0.0,0.0003337720117997378,1.0,1.0,0.0,0.0,0.0,0.0,0.0002016097423620522,1.0,1.0,0.0,0.0,0.0,0.0,0.00038166699232533574,yes,yes,A_B_E_check_hard_miss_or_threshold
18_217_218_54_22_jpg.rf.5317b45b2825f45463bcf0b45ef0c9a6.jpg,18_217_218_54_22_jpg.rf.5317b45b2825f45463bcf0b45ef0c9a6.npz,10,6.816632674988554e-11,1.0082677748268765e-10,-3.2660450732802104e-11,6.816632674988554e-11,1.0082677748268765e-10,1.0,1.0,0.0,0.0,0.0,0.0,0.00024474752717651427,1.0,1.0,0.0,0.0,0.0,0.0,0.0005003288970328867,6.816632674988554e-11,6.816632674988554e-11,6392.0,8278.0,8278.0,6392.0,0.030316533520817757,1.0,1.0,0.0,0.0,0.0,0.0,0.00039789584116078913,yes,yes,B_or_C_check_class2
18_219_206_53_21_jpg.rf.f7896ecea2d6193ad842ce21e32614c3.jpg,18_219_206_53_21_jpg.rf.f7896ecea2d6193ad842ce21e32614c3.npz,11,7.46547199059755e-11,5.339883743515905e-11,2.1255882470816445e-11,7.46547199059755e-11,5.339883743515905e-11,1.0,1.0,0.0,0.0,0.0,0.0,0.006023584399372339,1.0,1.0,0.0,0.0,0.0,0.0,0.0003700335219036788,7.46547199059755e-11,7.46547199059755e-11,67.0,13328.0,13328.0,67.0,0.0006624403758905828,1.0,1.0,0.0,0.0,0.0,0.0,0.000366591673810035,yes,yes,B_or_C_check_class2
17_228_801_98_54_jpg.rf.8ebe0185f05300a712afcec4033fed36.jpg,17_228_801_98_54_jpg.rf.8ebe0185f05300a712afcec4033fed36.npz,12,8.037939064342581e-11,8.037939064342581e-11,0.0,8.037939064342581e-11,8.037939064342581e-11,8.037939064342581e-11,8.037939064342581e-11,0.0,12441.0,12441.0,0.0,0.0005545287276618183,1.0,1.0,0.0,0.0,0.0,0.0,0.00040473463013768196,1.0,1.0,0.0,0.0,0.0,0.0,0.0012687311973422766,1.0,1.0,0.0,0.0,0.0,0.0,0.0005899204988963902,yes,yes,A_B_check_hard_miss
18_217_217_51_6_jpg.rf.cbf35fe70230dbd98b899f57b71253c0.jpg,18_217_217_51_6_jpg.rf.cbf35fe70230dbd98b899f57b71253c0.npz,13,8.04117050723363e-11,0.09242016822099686,-0.09242016814058515,8.04117050723363e-11,0.04844891279935837,1.0,1.0,0.0,0.0,0.0,0.0,0.00023892050376161933,1.0,1.0,0.0,0.0,0.0,0.0,0.00048223373596556485,8.04117050723363e-11,8.04117050723363e-11,0.0,12436.0,12436.0,0.0,0.004458637908101082,1.0,1.0,0.0,0.0,0.0,0.0,0.00038326557842083275,yes,yes,B_or_C_check_class2
16_224_603_160_41_jpg.rf.16d345140514dc1a1af7b2fa01bb9539.jpg,16_224_603_160_41_jpg.rf.16d345140514dc1a1af7b2fa01bb9539.npz,14,9.073587020624885e-11,0.011019283905625343,-0.011019283814889473,9.073587020624885e-11,0.005540166050195694,1.0,1.0,0.0,0.0,0.0,0.0,0.00025664432905614376,1.0,1.0,0.0,0.0,0.0,0.0,0.0004701003199443221,9.073587020624885e-11,9.073587020624885e-11,0.0,11021.0,11021.0,0.0,0.01550593227148056,1.0,1.0,0.0,0.0,0.0,0.0,0.00037883647019043565,yes,yes,B_or_C_check_class2
15_242_208_32_9_jpg.rf.0e39eaba59504ed99549fc6b45c89bc2.jpg,15_242_208_32_9_jpg.rf.0e39eaba59504ed99549fc6b45c89bc2.npz,15,1.006542557635548e-10,1.0094892283207813e-10,-2.9466706852332436e-13,1.006542557635548e-10,1.0094892283207813e-10,1.0,1.0,0.0,0.0,0.0,0.0,0.00022699084365740418,1.006542557635548e-10,1.006542557635548e-10,29.0,9906.0,9906.0,29.0,0.005813473369926214,1.0,1.0,0.0,0.0,0.0,0.0,0.00022659583191853017,1.0,1.0,0.0,0.0,0.0,0.0,0.00032333689159713686,yes,yes,A_B_check_hard_miss
18_217_217_62_1_jpg.rf.f3d0b4b397bdf2eefd02e85a512e50b4.jpg,18_217_217_62_1_jpg.rf.f3d0b4b397bdf2eefd02e85a512e50b4.npz,16,1.0098969577265748e-10,0.02028105966746807,-0.020281059566478375,1.0098969577265748e-10,0.010244414210319519,1.0,1.0,0.0,0.0,0.0,0.0,0.00024477351689711213,1.0,1.0,0.0,0.0,0.0,0.0,0.0005266231601126492,1.0098969577265748e-10,1.0098969577265748e-10,4142.0,5760.0,5760.0,4142.0,0.0351339690387249,1.0,1.0,0.0,0.0,0.0,0.0,0.00041591376066207886,yes,yes,B_or_C_check_class2
206_4_21_24_jpg.rf.3311958c84e32f4e25261561619297fb.jpg,206_4_21_24_jpg.rf.3311958c84e32f4e25261561619297fb.npz,17,1.1610356426272617e-10,0.06449437886476517,-0.0644943787486616,1.1610356426272617e-10,0.033321723341941833,1.0,1.0,0.0,0.0,0.0,0.0,0.00039813315379433334,1.0,1.0,0.0,0.0,0.0,0.0,0.00034935836447402835,1.0,1.0,0.0,0.0,0.0,0.0,0.00017958115495275706,1.1610356426272617e-10,1.1610356426272617e-10,0.0,8613.0,8613.0,0.0,0.007090706378221512,yes,yes,A_B_check_hard_miss
18_219_208_50_7_jpg.rf.9c206cc9c51976566adb31964a912234.jpg,18_219_208_50_7_jpg.rf.9c206cc9c51976566adb31964a912234.npz,18,1.2351777933794494e-10,5.643341002836699e-11,6.708436930957795e-11,1.2351777933794494e-10,5.643341002836699e-11,1.0,1.0,0.0,0.0,0.0,0.0,0.00026380695635452867,1.0,1.0,0.0,0.0,0.0,0.0,0.0003778088139370084,1.2351777933794494e-10,1.2351777933794494e-10,0.0,8096.0,8096.0,0.0,0.010820313356816769,1.0,1.0,0.0,0.0,0.0,0.0,0.00037569593405351043,yes,yes,B_or_C_check_class2
18_217_217_64_23_jpg.rf.f719b993024ad8ab816629426b394ba6.jpg,18_217_217_64_23_jpg.rf.f719b993024ad8ab816629426b394ba6.npz,19,1.2650221148380325e-10,0.1703173965215683,-0.1703173963950661,1.2650221148380325e-10,0.09308575838804245,1.0,1.0,0.0,0.0,0.0,0.0,0.00023987358144950122,1.0,1.0,0.0,0.0,0.0,0.0,0.0004818239249289036,1.2650221148380325e-10,1.2650221148380325e-10,0.0,7905.0,7905.0,0.0,0.0034776211250573397,1.0,1.0,0.0,0.0,0.0,0.0,0.0003740387037396431,yes,yes,B_or_C_check_class2
18_237_201_54_23_jpg.rf.ea40bdb839fb751855303f63a8799345.jpg,18_237_201_54_23_jpg.rf.ea40bdb839fb751855303f63a8799345.npz,20,1.390047243976511e-10,1.390047243976511e-10,0.0,1.390047243976511e-10,1.390047243976511e-10,1.390047243976511e-10,1.390047243976511e-10,0.0,7194.0,7194.0,0.0,0.00038590881740674376,1.0,1.0,0.0,0.0,0.0,0.0,0.00030310387955978513,1.0,1.0,0.0,0.0,0.0,0.0,0.0001725452020764351,1.0,1.0,0.0,0.0,0.0,0.0,0.0003447780036367476,yes,yes,A_B_check_hard_miss
15_242_212_21_18_jpg.rf.4ae76912c424e7d0af66547c399bdec2.jpg,15_242_212_21_18_jpg.rf.4ae76912c424e7d0af66547c399bdec2.npz,21,1.3923698305440269e-10,1.3923698305440269e-10,0.0,1.3923698305440269e-10,1.3923698305440269e-10,1.0,1.0,0.0,0.0,0.0,0.0,0.00024326276616193354,1.3923698305440269e-10,1.3923698305440269e-10,0.0,7182.0,7182.0,0.0,0.0007499591447412968,1.0,1.0,0.0,0.0,0.0,0.0,0.00018209173867944628,1.0,1.0,0.0,0.0,0.0,0.0,0.0003349102917127311,yes,yes,A_B_check_hard_miss
18_219_206_47_11_jpg.rf.8579f1db5fdbf16323f63367e7fdef60.jpg,18_219_206_47_11_jpg.rf.8579f1db5fdbf16323f63367e7fdef60.npz,22,1.4120304925313576e-10,0.0023525955621153116,-0.0023525954209122624,1.4120304925313576e-10,0.0011776830069720745,1.0,1.0,0.0,0.0,0.0,0.0,0.0002560316934250295,1.0,1.0,0.0,0.0,0.0,0.0,0.00048349524149671197,1.4120304925313576e-10,1.4120304925313576e-10,1014.0,6068.0,6068.0,1014.0,0.01304340548813343,1.0,1.0,0.0,0.0,0.0,0.0,0.0003706364950630814,yes,yes,B_or_C_check_class2
18_219_208_47_23_jpg.rf.d810af158793a9a6def617ab06576dd3.jpg,18_219_208_47_23_jpg.rf.d810af158793a9a6def617ab06576dd3.npz,23,1.4585764540608892e-10,1.4048889829254563e-10,5.368747113543293e-12,1.4585764540608892e-10,1.4048889829254563e-10,1.3297872802908728e-09,1.3297872802908728e-09,752.0,0.0,0.0,752.0,0.013841603882610798,1.0,1.0,0.0,0.0,0.0,0.0,0.0004262864822521806,1.638269936377057e-10,1.638269936377057e-10,2399.0,3705.0,3705.0,2399.0,0.01032374519854784,1.0,1.0,0.0,0.0,0.0,0.0,0.00038742998731322587,yes,yes,B_or_C_check_class2
16_253_308_22_4_jpg.rf.ef9c649ffcc6a336a384d207682ed7b8.jpg,16_253_308_22_4_jpg.rf.ef9c649ffcc6a336a384d207682ed7b8.npz,24,1.470588234520065e-10,1.470588234520065e-10,0.0,1.470588234520065e-10,1.470588234520065e-10,1.0,1.0,0.0,0.0,0.0,0.0,0.0002348310372326523,1.470588234520065e-10,1.470588234520065e-10,0.0,6800.0,6800.0,0.0,0.0006588235846720636,1.0,1.0,0.0,0.0,0.0,0.0,0.00024885195307433605,1.0,1.0,0.0,0.0,0.0,0.0,0.0003217481717001647,yes,yes,A_B_check_hard_miss
16_256_202_21_13_jpg.rf.201efadecc0e06839292fd761b6639ff.jpg,16_256_202_21_13_jpg.rf.201efadecc0e06839292fd761b6639ff.npz,25,1.477759720147631e-10,1.477759720147631e-10,0.0,1.477759720147631e-10,1.477759720147631e-10,1.0,1.0,0.0,0.0,0.0,0.0,0.00020820590725634247,1.477759720147631e-10,1.477759720147631e-10,0.0,6767.0,6767.0,0.0,0.012793365865945816,1.0,1.0,0.0,0.0,0.0,0.0,0.000259432039456442,1.0,1.0,0.0,0.0,0.0,0.0,0.0003354516811668873,yes,yes,A_B_check_hard_miss
18_217_217_55_27_jpg.rf.c8c6793df4c6cec985c6a6d41de79679.jpg,18_217_217_55_27_jpg.rf.c8c6793df4c6cec985c6a6d41de79679.npz,26,1.4841199102999525e-10,0.5257217288017273,-0.5257217286533153,1.4841199102999525e-10,0.3565959930419922,1.0,1.0,0.0,0.0,0.0,0.0,0.0002265164366690442,1.0,1.0,0.0,0.0,0.0,0.0,0.0004938524216413498,1.4841199102999525e-10,1.4841199102999525e-10,0.0,6738.0,6738.0,0.0,0.004774629604071379,1.0,1.0,0.0,0.0,0.0,0.0,0.00036106325569562614,yes,no,D_check_TTA_harm
16_224_101_110_46_jpg.rf.d81abddbf53d16a14492824d98ee6c69.jpg,16_224_101_110_46_jpg.rf.d81abddbf53d16a14492824d98ee6c69.npz,27,1.516300279780225e-10,1.516300279780225e-10,0.0,1.516300279780225e-10,1.516300279780225e-10,1.0,1.0,0.0,0.0,0.0,0.0,0.00021472205116879195,1.0,1.0,0.0,0.0,0.0,0.0,0.000512368103954941,1.516300279780225e-10,1.516300279780225e-10,0.0,6595.0,6595.0,0.0,0.0072819567285478115,1.0,1.0,0.0,0.0,0.0,0.0,0.00037040337338112295,yes,yes,B_or_C_check_class2
18_219_208_49_8_jpg.rf.26a93d179bb3294982c01ce7e7a41dcd.jpg,18_219_208_49_8_jpg.rf.26a93d179bb3294982c01ce7e7a41dcd.npz,28,1.5332719816019136e-10,1.5332719816019136e-10,0.0,1.5332719816019136e-10,1.5332719816019136e-10,1.0,1.0,0.0,0.0,0.0,0.0,0.00026274356059730053,1.0,1.0,0.0,0.0,0.0,0.0,0.00045356733608059585,1.5332719816019136e-10,1.5332719816019136e-10,0.0,6522.0,6522.0,0.0,0.01494933757930994,1.0,1.0,0.0,0.0,0.0,0.0,0.0004034843004774302,yes,yes,B_or_C_check_class2
16_224_606_183_17_jpg.rf.9dbff09ae04884e51ba929474514b246.jpg,16_224_606_183_17_jpg.rf.9dbff09ae04884e51ba929474514b246.npz,29,1.5349194137925792e-10,0.2661244869232178,-0.26612448676972583,1.5349194137925792e-10,0.15348534286022186,1.0,1.0,0.0,0.0,0.0,0.0,0.00025277407257817686,1.0,1.0,0.0,0.0,0.0,0.0,0.000441874610260129,1.5349194137925792e-10,1.5349194137925792e-10,413.0,6102.0,6102.0,413.0,0.004548434633761644,1.0,1.0,0.0,0.0,0.0,0.0,0.0003456245467532426,yes,no,D_check_TTA_harm
15_242_208_19_8_jpg.rf.5fb77c12e1beabb429d523bf5a166be1.jpg,15_242_208_19_8_jpg.rf.5fb77c12e1beabb429d523bf5a166be1.npz,30,1.5571473277464776e-10,1.201489879809614e-10,3.556574479368635e-11,1.5571473277464776e-10,1.201489879809614e-10,1.0,1.0,0.0,0.0,0.0,0.0,0.00022410038218367845,1.5571473277464776e-10,1.5571473277464776e-10,2572.0,3850.0,3850.0,2572.0,0.011595387943089008,1.0,1.0,0.0,0.0,0.0,0.0,0.00024100334849208593,1.0,1.0,0.0,0.0,0.0,0.0,0.00032240935252048075,yes,yes,A_B_check_hard_miss
19_212_E1202_20_3_jpg.rf.291a527581aa38d11fa1bd33646a1b46.jpg,19_212_E1202_20_3_jpg.rf.291a527581aa38d11fa1bd33646a1b46.npz,31,1.5644555095839507e-10,1.5644555095839507e-10,0.0,1.5644555095839507e-10,1.5644555095839507e-10,1.0,1.0,0.0,0.0,0.0,0.0,0.00025486538652330637,1.5644555095839507e-10,1.5644555095839507e-10,0.0,6392.0,6392.0,0.0,0.00046400344581343234,1.0,1.0,0.0,0.0,0.0,0.0,0.0001786628708941862,1.0,1.0,0.0,0.0,0.0,0.0,0.000348017958458513,yes,yes,A_B_check_hard_miss
17_209_102_7_20_jpg.rf.4a5f66fe8e059247765f7a15a2c05d1a.jpg,17_209_102_7_20_jpg.rf.4a5f66fe8e059247765f7a15a2c05d1a.npz,32,1.9182812283080608e-10,0.42364680767059326,-0.42364680747876515,1.9182812283080608e-10,0.26875120401382446,1.0,1.0,0.0,0.0,0.0,0.0,0.00022210950555745512,1.0,1.0,0.0,0.0,0.0,0.0,0.0004892440047115088,1.9182812283080608e-10,1.9182812283080608e-10,0.0,5213.0,5213.0,0.0,0.0022475733421742916,1.0,1.0,0.0,0.0,0.0,0.0,0.0003529186942614615,yes,no,D_check_TTA_harm
18_219_208_52_25_jpg.rf.01e9383a1102c9e384ce0e013dfcd7ab.jpg,18_219_208_52_25_jpg.rf.01e9383a1102c9e384ce0e013dfcd7ab.npz,33,2.2356359818953564e-10,2.2356359818953564e-10,0.0,2.2356359818953564e-10,2.2356359818953564e-10,1.0,1.0,0.0,0.0,0.0,0.0,0.00025111608556471765,1.0,1.0,0.0,0.0,0.0,0.0,0.0003976688894908875,2.2356359818953564e-10,2.2356359818953564e-10,0.0,4473.0,4473.0,0.0,0.0004849840479437262,1.0,1.0,0.0,0.0,0.0,0.0,0.0003826050669886172,yes,yes,B_or_C_check_class2
15_242_212_17_7_jpg.rf.8f8295a83cf29f3273b6de9443c7840a.jpg,15_242_212_17_7_jpg.rf.8f8295a83cf29f3273b6de9443c7840a.npz,34,3.124999981007903e-10,3.124999981007903e-10,0.0,3.124999981007903e-10,3.124999981007903e-10,1.0,1.0,0.0,0.0,0.0,0.0,0.00026302071637474,3.124999981007903e-10,3.124999981007903e-10,0.0,3200.0,3200.0,0.0,0.0013986802659928799,1.0,1.0,0.0,0.0,0.0,0.0,0.0002058154350379482,1.0,1.0,0.0,0.0,0.0,0.0,0.00033122781314887106,yes,yes,A_B_check_hard_miss
18_211_205_6_15_jpg.rf.537f45cc11c8485a5597bf95c8a72dae.jpg,18_211_205_6_15_jpg.rf.537f45cc11c8485a5597bf95c8a72dae.npz,35,3.2679739470076186e-10,3.2679739470076186e-10,0.0,3.2679739470076186e-10,3.2679739470076186e-10,1.0,1.0,0.0,0.0,0.0,0.0,0.00021463177108671516,3.2679739470076186e-10,3.2679739470076186e-10,0.0,3060.0,3060.0,0.0,0.0007986834971234202,1.0,1.0,0.0,0.0,0.0,0.0,0.00028195371851325035,1.0,1.0,0.0,0.0,0.0,0.0,0.0002971932990476489,yes,yes,A_B_check_hard_miss
15_242_208_18_11_jpg.rf.e0282f1843d979a57b1d6aa2140139f6.jpg,15_242_208_18_11_jpg.rf.e0282f1843d979a57b1d6aa2140139f6.npz,36,3.3046926306568025e-10,3.3046926306568025e-10,0.0,3.3046926306568025e-10,3.3046926306568025e-10,1.0,1.0,0.0,0.0,0.0,0.0,0.0002202337491326034,3.3046926306568025e-10,3.3046926306568025e-10,0.0,3026.0,3026.0,0.0,0.0015896065160632133,1.0,1.0,0.0,0.0,0.0,0.0,0.00022423961490858346,1.0,1.0,0.0,0.0,0.0,0.0,0.000300826650345698,yes,yes,A_B_check_hard_miss
18_219_208_49_21_jpg.rf.758f8a1ddb3ed57e97a0f14e9d262981.jpg,18_219_208_49_21_jpg.rf.758f8a1ddb3ed57e97a0f14e9d262981.npz,37,3.360215161674063e-10,8.27472049214073e-11,2.5327431124599897e-10,3.360215161674063e-10,8.27472049214073e-11,1.0,1.0,0.0,0.0,0.0,0.0,0.00967533141374588,1.0,1.0,0.0,0.0,0.0,0.0,0.00045105809113010764,3.360215161674063e-10,3.360215161674063e-10,0.0,2976.0,2976.0,0.0,0.008170951157808304,1.0,1.0,0.0,0.0,0.0,0.0,0.0004213293141219765,yes,yes,B_or_C_check_class2
16_253_308_34_4_jpg.rf.c1487d1c8a92bde85994cfc673ce448b.jpg,16_253_308_34_4_jpg.rf.c1487d1c8a92bde85994cfc673ce448b.npz,38,0.0005145025788806379,0.5333003401756287,-0.532785837596748,0.000257317500654608,0.36360567808151245,1.0,1.0,0.0,0.0,0.0,0.0,0.00024587943335063756,0.0005145025788806379,0.000257317500654608,28.0,31054.0,31062.0,36.0,0.03234107419848442,1.0,1.0,0.0,0.0,0.0,0.0,0.00024777784710749984,1.0,1.0,0.0,0.0,0.0,0.0,0.0003953559207729995,yes,no,D_check_TTA_harm
17_209_102_6_26_jpg.rf.8474901f98f2d28915a3bcf1363dfac2.jpg,17_209_102_6_26_jpg.rf.8474901f98f2d28915a3bcf1363dfac2.npz,39,0.010427528992295265,3.4940600412980416e-10,0.010427528642889261,0.005241090431809425,3.4940600412980416e-10,1.0,1.0,0.0,0.0,0.0,0.0,0.00022152054589241743,1.0,1.0,0.0,0.0,0.0,0.0,0.0005392234306782484,0.010427528992295265,0.005241090431809425,0.0,2847.0,2862.0,15.0,0.004817405715584755,1.0,1.0,0.0,0.0,0.0,0.0,0.0003696626808959991,yes,yes,B_or_C_check_class2
17_209_102_6_30_jpg.rf.ec7a893c9423a9fe8922f3e4ec021293.jpg,17_209_102_6_30_jpg.rf.ec7a893c9423a9fe8922f3e4ec021293.npz,40,0.014657980762422085,0.053223866969347,-0.038565886206924915,0.007383100688457489,0.02733949013054371,1.0,1.0,0.0,0.0,0.0,0.0,0.000238096879911609,1.0,1.0,0.0,0.0,0.0,0.0,0.00048619115841574967,0.014657980762422085,0.007383100688457489,1752.0,6718.0,6781.0,1815.0,0.023519396781921387,1.0,1.0,0.0,0.0,0.0,0.0,0.000386811705539003,yes,yes,B_or_C_check_class2
18_211_206_23_24_jpg.rf.98a604c3c6f7208d5c71607f96eb6f8f.jpg,18_211_206_23_24_jpg.rf.98a604c3c6f7208d5c71607f96eb6f8f.npz,41,0.05821417272090912,0.07635810226202011,-0.018143929541110992,0.029979707673192024,0.03969455137848854,1.0,1.0,0.0,0.0,0.0,0.0,0.00023266483913175762,0.05821417272090912,0.029979707673192024,6455.0,8364.0,8822.0,6913.0,0.03641762584447861,1.0,1.0,0.0,0.0,0.0,0.0,0.00024934811517596245,1.0,1.0,0.0,0.0,0.0,0.0,0.00033807253930717707,yes,yes,A_B_E_check_hard_miss_or_threshold
17_228_803_192_14_jpg.rf.f23b68987f8ccc0330bba7e303a9f24d.jpg,17_228_803_192_14_jpg.rf.f23b68987f8ccc0330bba7e303a9f24d.npz,42,0.061037711799144745,0.019560428336262703,0.04147728346288204,0.031479574739933014,0.009876810945570469,0.061037711799144745,0.031479574739933014,3644.0,50013.0,51757.0,5388.0,0.04424501955509186,1.0,1.0,0.0,0.0,0.0,0.0,0.0004300313303247094,1.0,1.0,0.0,0.0,0.0,0.0,0.0002023933338932693,1.0,1.0,0.0,0.0,0.0,0.0,0.0003999029577244073,yes,yes,A_B_E_check_hard_miss_or_threshold
17_234_212_75_30_jpg.rf.603fa53c4bbc5886d7b8fc19c7aed559.jpg,17_234_212_75_30_jpg.rf.603fa53c4bbc5886d7b8fc19c7aed559.npz,43,0.062248412519693375,0.08966447412967682,-0.027416061609983444,0.03212404251098633,0.046936504542827606,1.0,1.0,0.0,0.0,0.0,0.0,0.00024034050875343382,1.0,1.0,0.0,0.0,0.0,0.0,0.0004960112273693085,0.062248412519693375,0.03212404251098633,4.0,22593.0,23343.0,754.0,0.02443862520158291,1.0,1.0,0.0,0.0,0.0,0.0,0.00037487689405679703,yes,yes,B_or_C_check_class2
18_217_218_52_28_jpg.rf.e264348e72524fd9bfbeb64db1f3e1d1.jpg,18_217_218_52_28_jpg.rf.e264348e72524fd9bfbeb64db1f3e1d1.npz,44,0.062333036214113235,0.10977726429700851,-0.04744422808289528,0.03216911852359772,0.05807636305689812,1.0,1.0,0.0,0.0,0.0,0.0,0.0002452628395985812,1.0,1.0,0.0,0.0,0.0,0.0,0.0004862630448769778,0.062333036214113235,0.03216911852359772,4176.0,8460.0,8880.0,4596.0,0.029452502727508545,1.0,1.0,0.0,0.0,0.0,0.0,0.00038470907020382583,yes,yes,B_or_C_check_class2
18_217_212_55_2_jpg.rf.429e1a907d4fd09b0516c0cf959f6785.jpg,18_217_212_55_2_jpg.rf.429e1a907d4fd09b0516c0cf959f6785.npz,45,0.1519925892353058,1.3267878462563942e-10,0.151992589102627,0.08224674314260483,1.3267878462563942e-10,1.0,1.0,0.0,0.0,0.0,0.0,0.00026289254310540855,1.0,1.0,0.0,0.0,0.0,0.0,0.0004406114458106458,0.1519925892353058,0.08224674314260483,2861.0,4459.0,5115.0,3517.0,0.026999041438102722,1.0,1.0,0.0,0.0,0.0,0.0,0.0004082204832229763,yes,yes,B_or_C_check_class2
202_2_16_35_jpg.rf.6af83252894f02e88e53866e17951d98.jpg,202_2_16_35_jpg.rf.6af83252894f02e88e53866e17951d98.npz,46,0.15515409409999847,9.989012395017483e-11,0.15515409400010835,0.08410137891769409,9.989012395017483e-11,1.0,1.0,0.0,0.0,0.0,0.0,0.00028920447221025825,1.0,1.0,0.0,0.0,0.0,0.0,0.00031644085538573563,1.0,1.0,0.0,0.0,0.0,0.0,0.00016804924234747887,0.15515409409999847,0.08410137891769409,0.0,3975.0,4340.0,365.0,0.01174870878458023,yes,yes,A_B_check_hard_miss
18_217_217_53_7_jpg.rf.90981208c4c9d68dc01dee098e37672a.jpg,18_217_217_53_7_jpg.rf.90981208c4c9d68dc01dee098e37672a.npz,47,0.16428324580192566,0.18084964156150818,-0.01656639575958252,0.08949270099401474,0.09941434860229492,1.0,1.0,0.0,0.0,0.0,0.0,0.00024060308351181448,1.0,1.0,0.0,0.0,0.0,0.0,0.0005129462224431336,0.16428324580192566,0.08949270099401474,10020.0,9382.0,11289.0,11927.0,0.05373235419392586,1.0,1.0,0.0,0.0,0.0,0.0,0.0003941330360248685,yes,no,B_or_C_check_class2
19_212_E1202_19_2_jpg.rf.51fa2352272b2020f67c4ccb8e098005.jpg,19_212_E1202_19_2_jpg.rf.51fa2352272b2020f67c4ccb8e098005.npz,48,0.16986678540706635,0.15540540218353271,0.01446138322353363,0.09281662851572037,0.0842490866780281,1.0,1.0,0.0,0.0,0.0,0.0,0.00023257045540958643,0.16986678540706635,0.09281662851572037,15.0,22856.0,25196.0,2355.0,0.025438789278268814,1.0,1.0,0.0,0.0,0.0,0.0,0.0002192795800510794,1.0,1.0,0.0,0.0,0.0,0.0,0.00034511255216784775,yes,yes,A_B_check_hard_miss
19_212_E1202_18_3_jpg.rf.7223de565978f12f274a5fa46c20af6a.jpg,19_212_E1202_18_3_jpg.rf.7223de565978f12f274a5fa46c20af6a.npz,49,0.1809178590774536,0.13442230224609375,0.04649555683135986,0.0994555726647377,0.07205398380756378,1.0,1.0,0.0,0.0,0.0,0.0,0.00023271545069292188,0.1809178590774536,0.0994555726647377,0.0,16045.0,17817.0,1772.0,0.021879175677895546,1.0,1.0,0.0,0.0,0.0,0.0,0.0002616936108097434,1.0,1.0,0.0,0.0,0.0,0.0,0.00034266652073711157,yes,yes,A_B_check_hard_miss
16_224_603_160_51_jpg.rf.8bd1b0196d14aab81ab1996f708b89d9.jpg,16_224_603_160_51_jpg.rf.8bd1b0196d14aab81ab1996f708b89d9.npz,50,0.18369531631469727,8.421052744012059e-11,0.18369531623048674,0.10113684087991714,8.421052744012059e-11,1.0,1.0,0.0,0.0,0.0,0.0,0.00024873361689969897,1.0,1.0,0.0,0.0,0.0,0.0,0.0005000961245968938,0.18369531631469727,0.10113684087991714,0.0,10674.0,11875.0,1201.0,0.007201842963695526,1.0,1.0,0.0,0.0,0.0,0.0,0.0003512880939524621,yes,yes,B_or_C_check_class2
16_224_603_160_52_jpg.rf.4330192f0b514c6eba2b75f6827f4138.jpg,16_224_603_160_52_jpg.rf.4330192f0b514c6eba2b75f6827f4138.npz,51,0.2152605503797531,0.27935123443603516,-0.06409068405628204,0.1206117495894432,0.1623522788286209,1.0,1.0,0.0,0.0,0.0,0.0,0.00025310550699941814,1.0,1.0,0.0,0.0,0.0,0.0,0.000488991558086127,0.2152605503797531,0.1206117495894432,3846.0,8804.0,10539.0,5581.0,0.01912524551153183,1.0,1.0,0.0,0.0,0.0,0.0,0.00037048442754894495,no,no,B_or_C_check_class2
18_217_218_52_19_jpg.rf.da1105a5715869b41a541300b146a345.jpg,18_217_218_52_19_jpg.rf.da1105a5715869b41a541300b146a345.npz,52,0.2246491014957428,0.42824628949165344,-0.20359718799591064,0.12653785943984985,0.27246397733688354,1.0,1.0,0.0,0.0,0.0,0.0,0.00024401795235462487,1.0,1.0,0.0,0.0,0.0,0.0,0.0005286965169943869,0.2246491014957428,0.12653785943984985,6048.0,15606.0,18743.0,9185.0,0.04862590506672859,1.0,1.0,0.0,0.0,0.0,0.0,0.0004204777651466429,no,no,D_check_TTA_harm
17_228_801_74_33_jpg.rf.b451abe3d8d97175a009b2354b98b0e7.jpg,17_228_801_74_33_jpg.rf.b451abe3d8d97175a009b2354b98b0e7.npz,53,0.23476065695285797,0.2486242651939392,-0.013863608241081238,0.13299083709716797,0.14195941388607025,0.23476065695285797,0.13299083709716797,10316.0,6054.0,8565.0,12827.0,0.050019633024930954,1.0,1.0,0.0,0.0,0.0,0.0,0.0003526529762893915,1.0,1.0,0.0,0.0,0.0,0.0,0.00019572819292079657,1.0,1.0,0.0,0.0,0.0,0.0,0.00038782667252235115,no,no,review
18_217_217_62_6_jpg.rf.dd40d309dbb000f607302c82566a2827.jpg,18_217_217_62_6_jpg.rf.dd40d309dbb000f607302c82566a2827.npz,54,0.2558111548423767,0.0434853695333004,0.2123257853090763,0.1466648280620575,0.022225935012102127,1.0,1.0,0.0,0.0,0.0,0.0,0.0002462416305206716,1.0,1.0,0.0,0.0,0.0,0.0,0.00046755431685596704,0.2558111548423767,0.1466648280620575,4495.0,7863.0,9987.0,6619.0,0.03115423396229744,1.0,1.0,0.0,0.0,0.0,0.0,0.0004143282421864569,no,yes,B_or_C_check_class2
18_217_217_55_17_jpg.rf.617ef63e9b0b66890a091f00150dd362.jpg,18_217_217_55_17_jpg.rf.617ef63e9b0b66890a091f00150dd362.npz,55,0.2580892741680145,0.32434359192848206,-0.06625431776046753,0.14816446602344513,0.1935621052980423,1.0,1.0,0.0,0.0,0.0,0.0,0.0002432600304018706,1.0,1.0,0.0,0.0,0.0,0.0,0.00047194340731948614,0.2580892741680145,0.14816446602344513,2718.0,14685.0,17712.0,5745.0,0.026048336178064346,1.0,1.0,0.0,0.0,0.0,0.0,0.0004170091706328094,no,no,B_or_C_check_class2
18_217_218_57_16_jpg.rf.8453040828a61285544f80ab328be522.jpg,18_217_218_57_16_jpg.rf.8453040828a61285544f80ab328be522.npz,56,0.2641339898109436,0.09943661838769913,0.16469737142324448,0.15216265618801117,0.05231954902410507,1.0,1.0,0.0,0.0,0.0,0.0,0.00024182916968129575,1.0,1.0,0.0,0.0,0.0,0.0,0.0005129356286488473,0.2641339898109436,0.15216265618801117,5682.0,865.0,2040.0,6857.0,0.04631573706865311,1.0,1.0,0.0,0.0,0.0,0.0,0.00043791483039967716,no,yes,B_or_C_check_class2
18_217_219_70_16_jpg.rf.0fe7d114a5d9f20f09c27693babe1461.jpg,18_217_219_70_16_jpg.rf.0fe7d114a5d9f20f09c27693babe1461.npz,57,0.2664642333984375,0.19412952661514282,0.07233470678329468,0.15371140837669373,0.1074991375207901,1.0,1.0,0.0,0.0,0.0,0.0,0.00024050712818279862,1.0,1.0,0.0,0.0,0.0,0.0,0.0005149904172867537,0.2664642333984375,0.15371140837669373,1099.0,2766.0,3468.0,1801.0,0.012676085345447063,1.0,1.0,0.0,0.0,0.0,0.0,0.0004975276533514261,no,no,B_or_C_check_class2
18_217_218_53_3_jpg.rf.9fcdcf9a320fbe4e806a34537b75e241.jpg,18_217_218_53_3_jpg.rf.9fcdcf9a320fbe4e806a34537b75e241.npz,58,0.26800239086151123,0.2453157603740692,0.022686630487442017,0.1547360122203827,0.13980621099472046,1.0,1.0,0.0,0.0,0.0,0.0,0.0002502049901522696,1.0,1.0,0.0,0.0,0.0,0.0,0.0004540208901744336,0.26800239086151123,0.1547360122203827,0.0,8549.0,10114.0,1565.0,0.012672800570726395,1.0,1.0,0.0,0.0,0.0,0.0,0.0003817170509137213,no,no,B_or_C_check_class2
15_242_208_24_6_jpg.rf.ae4cfbef4c6629d68d8821d0eeb6c3fb.jpg,15_242_208_24_6_jpg.rf.ae4cfbef4c6629d68d8821d0eeb6c3fb.npz,59,0.2790156900882721,0.2786717414855957,0.0003439486026763916,0.1621256321668625,0.16189344227313995,1.0,1.0,0.0,0.0,0.0,0.0,0.0002216150751337409,0.2790156900882721,0.1621256321668625,0.0,15499.0,18498.0,2999.0,0.023765843361616135,1.0,1.0,0.0,0.0,0.0,0.0,0.0002528236072976142,1.0,1.0,0.0,0.0,0.0,0.0,0.00034019979648292065,no,no,review
18_211_Masson_205_111_35_jpg.rf.99ccb032588165835275ec00fb89b1fc.jpg,18_211_Masson_205_111_35_jpg.rf.99ccb032588165835275ec00fb89b1fc.npz,60,0.28003692626953125,0.3277798891067505,-0.04774296283721924,0.162815660238266,0.19601480662822723,1.0,1.0,0.0,0.0,0.0,0.0,0.0003128540702164173,1.0,1.0,0.0,0.0,0.0,0.0,0.0004889233969151974,0.28003692626953125,0.162815660238266,60.0,13201.0,15780.0,2639.0,0.023157646879553795,1.0,1.0,0.0,0.0,0.0,0.0,0.00041013152804225683,no,no,B_or_C_check_class2
18_217_218_53_28_jpg.rf.f7d51c5cb228c6ad8cde2c6bdc27aa66.jpg,18_217_218_53_28_jpg.rf.f7d51c5cb228c6ad8cde2c6bdc27aa66.npz,61,0.3195456564426422,0.28042155504226685,0.039124101400375366,0.1901543140411377,0.1630757600069046,1.0,1.0,0.0,0.0,0.0,0.0,0.0002324364468222484,1.0,1.0,0.0,0.0,0.0,0.0,0.0004998099175281823,0.3195456564426422,0.1901543140411377,1.0,12699.0,15681.0,2983.0,0.026522701606154442,1.0,1.0,0.0,0.0,0.0,0.0,0.0003698758373502642,no,no,review
18_217_218_53_34_jpg.rf.b1d87539886b9b5e422176393834248e.jpg,18_217_218_53_34_jpg.rf.b1d87539886b9b5e422176393834248e.npz,62,0.3201283812522888,0.28577712178230286,0.03435125946998596,0.19056718051433563,0.16670942306518555,1.0,1.0,0.0,0.0,0.0,0.0,0.00024706361000426114,1.0,1.0,0.0,0.0,0.0,0.0,0.0004943087697029114,0.3201283812522888,0.19056718051433563,10144.0,5954.0,9744.0,13934.0,0.06535518169403076,1.0,1.0,0.0,0.0,0.0,0.0,0.0003861034638248384,no,no,review
15_242_212_20_16_jpg.rf.8b5cfd09b2f702ff24af05445113e1e6.jpg,15_242_212_20_16_jpg.rf.8b5cfd09b2f702ff24af05445113e1e6.npz,63,0.32166430354118347,0.43233275413513184,-0.11066845059394836,0.19165672361850739,0.27578094601631165,1.0,1.0,0.0,0.0,0.0,0.0,0.00024318804207723588,0.32166430354118347,0.19165672361850739,15263.0,7757.0,13215.0,20721.0,0.09552566707134247,1.0,1.0,0.0,0.0,0.0,0.0,0.00022611272288486362,1.0,1.0,0.0,0.0,0.0,0.0,0.0003752436605282128,no,no,review
18_217_217_48_25_jpg.rf.6b200205edf0f71814388540c7836d0c.jpg,18_217_217_48_25_jpg.rf.6b200205edf0f71814388540c7836d0c.npz,64,0.32400184869766235,0.24026702344417572,0.08373482525348663,0.19331872463226318,0.13653607666492462,1.0,1.0,0.0,0.0,0.0,0.0,0.00025573777384124696,1.0,1.0,0.0,0.0,0.0,0.0,0.0004844141367357224,0.32400184869766235,0.19331872463226318,1826.0,17323.0,21912.0,6415.0,0.04604842886328697,1.0,1.0,0.0,0.0,0.0,0.0,0.0004292715457268059,no,no,review
18_217_217_63_7_jpg.rf.53b132bfd64c8c299e701034c128f429.jpg,18_217_217_63_7_jpg.rf.53b132bfd64c8c299e701034c128f429.npz,65,0.35165759921073914,0.3779425024986267,-0.026284903287887573,0.2133401483297348,0.2330019176006317,1.0,1.0,0.0,0.0,0.0,0.0,0.00023300931206904352,1.0,1.0,0.0,0.0,0.0,0.0,0.00047376513248309493,0.35165759921073914,0.2133401483297348,6012.0,7834.0,11589.0,9767.0,0.05156322196125984,1.0,1.0,0.0,0.0,0.0,0.0,0.00038457117625512183,no,no,review
18_217_218_57_18_jpg.rf.bbe787b337a3edbc78414b67361fbff3.jpg,18_217_218_57_18_jpg.rf.bbe787b337a3edbc78414b67361fbff3.npz,66,0.3529756963253021,0.3598540723323822,-0.006878376007080078,0.2143111526966095,0.2194036990404129,1.0,1.0,0.0,0.0,0.0,0.0,0.00026110708131454885,1.0,1.0,0.0,0.0,0.0,0.0,0.0005375092732720077,0.3529756963253021,0.2143111526966095,18015.0,1837.0,7252.0,23430.0,0.10613735765218735,1.0,1.0,0.0,0.0,0.0,0.0,0.00044381097541190684,no,no,review
16_224_603_158_48_jpg.rf.b3ff966a30e9a3d4677a6aa3325976f6.jpg,16_224_603_158_48_jpg.rf.b3ff966a30e9a3d4677a6aa3325976f6.npz,67,0.3620780110359192,0.43127405643463135,-0.06919604539871216,0.2210593819618225,0.27491995692253113,1.0,1.0,0.0,0.0,0.0,0.0,0.00025591874145902693,1.0,1.0,0.0,0.0,0.0,0.0,0.0004946563276462257,0.3620780110359192,0.2210593819618225,9311.0,5277.0,9417.0,13451.0,0.07783026993274689,1.0,1.0,0.0,0.0,0.0,0.0,0.0003875517286360264,no,no,review
16_253_308_33_18_jpg.rf.1f7625ad1fc43b787fbf8c98bd62c92b.jpg,16_253_308_33_18_jpg.rf.1f7625ad1fc43b787fbf8c98bd62c92b.npz,68,0.3672531843185425,0.34856513142585754,0.018688052892684937,0.22492967545986176,0.2110680490732193,1.0,1.0,0.0,0.0,0.0,0.0,0.0002463048731442541,0.3672531843185425,0.22492967545986176,7817.0,10091.0,15288.0,13014.0,0.0675787404179573,1.0,1.0,0.0,0.0,0.0,0.0,0.00029042153619229794,1.0,1.0,0.0,0.0,0.0,0.0,0.0004193745262455195,no,no,review
18_217_217_48_26_jpg.rf.0599d567bc4b9f172aeb4e3a03a7b2cf.jpg,18_217_217_48_26_jpg.rf.0599d567bc4b9f172aeb4e3a03a7b2cf.npz,69,0.36908867955207825,0.4010908007621765,-0.03200212121009827,0.22630824148654938,0.2508527636528015,1.0,1.0,0.0,0.0,0.0,0.0,0.0002476755471434444,1.0,1.0,0.0,0.0,0.0,0.0,0.0005516681121662259,0.36908867955207825,0.22630824148654938,4636.0,15309.0,21143.0,10470.0,0.04959343001246452,1.0,1.0,0.0,0.0,0.0,0.0,0.00038455796311609447,no,no,review
18_217_218_55_22_jpg.rf.799a8ce560a882a0b3a940ad290ef4c9.jpg,18_217_218_55_22_jpg.rf.799a8ce560a882a0b3a940ad290ef4c9.npz,70,0.380387544631958,0.39870262145996094,-0.01831507682800293,0.23486332595348358,0.24898724257946014,1.0,1.0,0.0,0.0,0.0,0.0,0.0002453959605190903,1.0,1.0,0.0,0.0,0.0,0.0,0.0005161636509001255,0.380387544631958,0.23486332595348358,3892.0,15645.0,21642.0,9889.0,0.06068582460284233,1.0,1.0,0.0,0.0,0.0,0.0,0.00041881148354150355,no,no,review
18_229_Masson_202_121_24_jpg.rf.fe1a311a5a6d4855c94146c1e8e03c9d.jpg,18_229_Masson_202_121_24_jpg.rf.fe1a311a5a6d4855c94146c1e8e03c9d.npz,71,0.3832285404205322,0.3766723871231079,0.006556153297424316,0.23703321814537048,0.23203718662261963,0.3832285404205322,0.23703321814537048,657.0,15627.0,20686.0,5716.0,0.03368306905031204,1.0,1.0,0.0,0.0,0.0,0.0,0.00036089171771891415,1.0,1.0,0.0,0.0,0.0,0.0,0.00021633243886753917,1.0,1.0,0.0,0.0,0.0,0.0,0.0003684643015731126,no,no,review
201_8_19_10_jpg.rf.675f56b5b690c30f11b7c6cf1c9772b6.jpg,201_8_19_10_jpg.rf.675f56b5b690c30f11b7c6cf1c9772b6.npz,72,0.38674411177635193,0.3918185234069824,-0.005074411630630493,0.2397289276123047,0.24364073574543,1.0,1.0,0.0,0.0,0.0,0.0,0.00028437896980904043,1.0,1.0,0.0,0.0,0.0,0.0,0.0003684015537146479,1.0,1.0,0.0,0.0,0.0,0.0,0.00017608064808882773,0.38674411177635193,0.2397289276123047,23039.0,296.0,7654.0,30397.0,0.13826900720596313,no,no,review
18_217_217_48_9_jpg.rf.3348c32d8c344d26be8f15f44d887bb7.jpg,18_217_217_48_9_jpg.rf.3348c32d8c344d26be8f15f44d887bb7.npz,73,0.3894438147544861,0.38517534732818604,0.004268467426300049,0.2418070286512375,0.23852457106113434,1.0,1.0,0.0,0.0,0.0,0.0,0.00026712261023931205,1.0,1.0,0.0,0.0,0.0,0.0,0.0005152299418114126,0.3894438147544861,0.2418070286512375,25633.0,1690.0,10404.0,34347.0,0.1484432965517044,1.0,1.0,0.0,0.0,0.0,0.0,0.0004731393710244447,no,no,review
208_7_12_22_jpg.rf.7996f5ca2c766120e5cb4fcd81d68d6b.jpg,208_7_12_22_jpg.rf.7996f5ca2c766120e5cb4fcd81d68d6b.npz,74,0.4055643081665039,0.40015679597854614,0.005407512187957764,0.2543622851371765,0.2501224875450134,1.0,1.0,0.0,0.0,0.0,0.0,0.0002918517857324332,1.0,1.0,0.0,0.0,0.0,0.0,0.00036701990757137537,1.0,1.0,0.0,0.0,0.0,0.0,0.00017850547737907618,0.4055643081665039,0.2543622851371765,11402.0,43295.0,61954.0,30061.0,0.11490596830844879,no,no,review
18_217_217_50_7_jpg.rf.3804fa2ed3f6486f4eef50f45bcc1747.jpg,18_217_217_50_7_jpg.rf.3804fa2ed3f6486f4eef50f45bcc1747.npz,75,0.4064326286315918,0.4365599453449249,-0.03012731671333313,0.2550457715988159,0.27923035621643066,1.0,1.0,0.0,0.0,0.0,0.0,0.0002576381084509194,1.0,1.0,0.0,0.0,0.0,0.0,0.0005021497490815818,0.4064326286315918,0.2550457715988159,9401.0,4108.0,8733.0,14026.0,0.059893373399972916,1.0,1.0,0.0,0.0,0.0,0.0,0.0004267523472663015,no,no,review
15_242_211_21_20_jpg.rf.482d0c3be91eb6878ccc8f0bb5ab8cb9.jpg,15_242_211_21_20_jpg.rf.482d0c3be91eb6878ccc8f0bb5ab8cb9.npz,76,0.41463521122932434,0.166706383228302,0.24792882800102234,0.2615393102169037,0.09093272686004639,1.0,1.0,0.0,0.0,0.0,0.0,0.00023296572908293456,0.41463521122932434,0.2615393102169037,2414.0,10817.0,15503.0,7100.0,0.035623759031295776,1.0,1.0,0.0,0.0,0.0,0.0,0.0002577535342425108,1.0,1.0,0.0,0.0,0.0,0.0,0.00035271988599561155,no,yes,review
16_253_308_34_2_jpg.rf.80adae62f5e473939108c4b07c748264.jpg,16_253_308_34_2_jpg.rf.80adae62f5e473939108c4b07c748264.npz,77,0.41508275270462036,0.18110236525535583,0.23398038744926453,0.2618955373764038,0.09956710040569305,1.0,1.0,0.0,0.0,0.0,0.0,0.000240216453676112,0.41508275270462036,0.2618955373764038,5205.0,11936.0,18018.0,11287.0,0.047860968858003616,1.0,1.0,0.0,0.0,0.0,0.0,0.0002923857537098229,1.0,1.0,0.0,0.0,0.0,0.0,0.0003659203357528895,no,no,review
15_242_208_22_26_jpg.rf.c03a4140f9c4e0ecb8ffb87a381b21ec.jpg,15_242_208_22_26_jpg.rf.c03a4140f9c4e0ecb8ffb87a381b21ec.npz,78,0.4176688492298126,0.40100550651550293,0.016663342714309692,0.2639579474925995,0.25078603625297546,1.0,1.0,0.0,0.0,0.0,0.0,0.00023345429508481175,0.4176688492298126,0.2639579474925995,22868.0,229.0,8512.0,31151.0,0.13746385276317596,1.0,1.0,0.0,0.0,0.0,0.0,0.0002756655740085989,1.0,1.0,0.0,0.0,0.0,0.0,0.0004215348744764924,no,no,review
207_4_5_42_jpg.rf.3b53262dbfd51d69f1041c3dadf019a2.jpg,207_4_5_42_jpg.rf.3b53262dbfd51d69f1041c3dadf019a2.npz,79,0.4251371920108795,0.42135223746299744,0.00378495454788208,0.26995187997817993,0.26690706610679626,1.0,1.0,0.0,0.0,0.0,0.0,0.00027699649217538536,1.0,1.0,0.0,0.0,0.0,0.0,0.0003174245939590037,1.0,1.0,0.0,0.0,0.0,0.0,0.0001613997301319614,0.4251371920108795,0.26995187997817993,210.0,12990.0,17871.0,5091.0,0.027449311688542366,no,no,review
207_6_7_17_jpg.rf.501566fb25a23bff2f54d68445490473.jpg,207_6_7_17_jpg.rf.501566fb25a23bff2f54d68445490473.npz,80,0.4262459874153137,0.4258206784725189,0.0004253089427947998,0.2708466351032257,0.27050328254699707,1.0,1.0,0.0,0.0,0.0,0.0,0.00029650755459442735,1.0,1.0,0.0,0.0,0.0,0.0,0.00037463518674485385,1.0,1.0,0.0,0.0,0.0,0.0,0.00018317639478482306,0.4262459874153137,0.2708466351032257,25612.0,7485.0,19779.0,37906.0,0.16036392748355865,no,no,review
18_217_217_53_19_jpg.rf.8e93f4fe98567006a5b49948150b2d9c.jpg,18_217_217_53_19_jpg.rf.8e93f4fe98567006a5b49948150b2d9c.npz,81,0.43030375242233276,0.38065305352211,0.04965069890022278,0.2741318643093109,0.2350657880306244,1.0,1.0,0.0,0.0,0.0,0.0,0.0002507570316083729,1.0,1.0,0.0,0.0,0.0,0.0,0.0005828992580063641,0.43030375242233276,0.2741318643093109,9181.0,5430.0,10948.0,14699.0,0.08406226336956024,1.0,1.0,0.0,0.0,0.0,0.0,0.00046158116310834885,no,no,review
15_242_208_18_15_jpg.rf.f16fbc7ef6208e85052cf3e64ebdd87f.jpg,15_242_208_18_15_jpg.rf.f16fbc7ef6208e85052cf3e64ebdd87f.npz,82,0.43281129002571106,0.4021018445491791,0.030709445476531982,0.2761704921722412,0.25164422392845154,1.0,1.0,0.0,0.0,0.0,0.0,0.0002311302232556045,0.43281129002571106,0.2761704921722412,8754.0,10911.0,18414.0,16257.0,0.07079152762889862,1.0,1.0,0.0,0.0,0.0,0.0,0.0002495803346391767,1.0,1.0,0.0,0.0,0.0,0.0,0.00038552950718440115,no,no,review
206_7_9_45_jpg.rf.929b1b14ab8777bcf658dce44665aff7.jpg,206_7_9_45_jpg.rf.929b1b14ab8777bcf658dce44665aff7.npz,83,0.43363794684410095,0.3539851903915405,0.07965275645256042,0.2768440246582031,0.21505588293075562,1.0,1.0,0.0,0.0,0.0,0.0,0.0002886422153096646,1.0,1.0,0.0,0.0,0.0,0.0,0.0003632197913248092,1.0,1.0,0.0,0.0,0.0,0.0,0.0001767978392308578,0.43363794684410095,0.2768440246582031,10466.0,26966.0,41296.0,24796.0,0.12443804740905762,no,no,review
17_234_212_76_22_jpg.rf.250fcb23269f015f6acc60f0c2b0f1e6.jpg,17_234_212_76_22_jpg.rf.250fcb23269f015f6acc60f0c2b0f1e6.npz,84,0.43408626317977905,0.35397300124168396,0.08011326193809509,0.2772095501422882,0.21504689753055573,1.0,1.0,0.0,0.0,0.0,0.0,0.00027829743339680135,1.0,1.0,0.0,0.0,0.0,0.0,0.0004921234212815762,0.43408626317977905,0.2772095501422882,23122.0,5640.0,16671.0,34153.0,0.16958443820476532,1.0,1.0,0.0,0.0,0.0,0.0,0.0005037764785811305,no,no,review
15_239_101_63_44_jpg.rf.e93b62cdee82e2b549dc314571f0aa02.jpg,15_239_101_63_44_jpg.rf.e93b62cdee82e2b549dc314571f0aa02.npz,85,0.44079869985580444,0.47872576117515564,-0.037927061319351196,0.2827080190181732,0.3146873712539673,1.0,1.0,0.0,0.0,0.0,0.0,0.000239360480918549,1.0,1.0,0.0,0.0,0.0,0.0,0.0005000985111109912,0.44079869985580444,0.2827080190181732,1861.0,14466.0,20901.0,8296.0,0.042382486164569855,1.0,1.0,0.0,0.0,0.0,0.0,0.00035328316153027117,no,no,review
18_217_217_57_27_jpg.rf.8e5cf6e41877416c74fd57d6872baf48.jpg,18_217_217_57_27_jpg.rf.8e5cf6e41877416c74fd57d6872baf48.npz,86,0.4506016969680786,0.3888477385044098,0.06175395846366882,0.29082366824150085,0.24134761095046997,1.0,1.0,0.0,0.0,0.0,0.0,0.00025623670080676675,1.0,1.0,0.0,0.0,0.0,0.0,0.0005034944042563438,0.4506016969680786,0.29082366824150085,3147.0,11645.0,17711.0,9213.0,0.059441130608320236,1.0,1.0,0.0,0.0,0.0,0.0,0.00043567136162891984,no,no,review
15_242_208_18_7_jpg.rf.09bda2be5321d8ad3bf066471f1b8700.jpg,15_242_208_18_7_jpg.rf.09bda2be5321d8ad3bf066471f1b8700.npz,87,0.45325765013694763,0.34525322914123535,0.10800442099571228,0.2930401861667633,0.20864413678646088,1.0,1.0,0.0,0.0,0.0,0.0,0.0002357689809286967,0.45325765013694763,0.2930401861667633,20333.0,1628.0,10731.0,29436.0,0.1400608867406845,1.0,1.0,0.0,0.0,0.0,0.0,0.000268870237050578,1.0,1.0,0.0,0.0,0.0,0.0,0.00039733239100314677,no,no,review
201_3_15_37_jpg.rf.0c59a3c329402175f02de39279be7921.jpg,201_3_15_37_jpg.rf.0c59a3c329402175f02de39279be7921.npz,88,0.45354345440864563,0.45180371403694153,0.0017397403717041016,0.29327914118766785,0.2918258607387543,1.0,1.0,0.0,0.0,0.0,0.0,0.0002850615419447422,1.0,1.0,0.0,0.0,0.0,0.0,0.0003325768338982016,1.0,1.0,0.0,0.0,0.0,0.0,0.0001719410065561533,0.45354345440864563,0.29327914118766785,11672.0,673.0,5796.0,16795.0,0.07845451682806015,no,no,review
18_217_217_61_3_jpg.rf.796a92d7705456e2df5f25fd30371603.jpg,18_217_217_61_3_jpg.rf.796a92d7705456e2df5f25fd30371603.npz,89,0.45443016290664673,0.6495089530944824,-0.1950787901878357,0.2940211296081543,0.48094281554222107,1.0,1.0,0.0,0.0,0.0,0.0,0.00026148746837861836,1.0,1.0,0.0,0.0,0.0,0.0,0.0005138808046467602,0.45443016290664673,0.2940211296081543,9397.0,14266.0,24121.0,19252.0,0.09351406246423721,1.0,1.0,0.0,0.0,0.0,0.0,0.0004766685888171196,no,no,review
18_229_Masson_201_133_28_jpg.rf.b89183f3f241a17b611cc7d189d89004.jpg,18_229_Masson_201_133_28_jpg.rf.b89183f3f241a17b611cc7d189d89004.npz,90,0.4557570219039917,0.4846346378326416,-0.028877615928649902,0.29513299465179443,0.31981372833251953,0.4557570219039917,0.29513299465179443,4433.0,12555.0,19668.0,11546.0,0.06190665438771248,1.0,1.0,0.0,0.0,0.0,0.0,0.0003803493455052376,1.0,1.0,0.0,0.0,0.0,0.0,0.00020199324353598058,1.0,1.0,0.0,0.0,0.0,0.0,0.00037246820284053683,no,no,review
201_6_12_23_jpg.rf.d39e01147bd7597e82ce6ee8998d49d5.jpg,201_6_12_23_jpg.rf.d39e01147bd7597e82ce6ee8998d49d5.npz,91,0.4559469223022461,4.1066074152329435e-11,0.45594692226118,0.2952922582626343,4.1066074152329435e-11,1.0,1.0,0.0,0.0,0.0,0.0,0.0002756707835942507,1.0,1.0,0.0,0.0,0.0,0.0,0.00032848658156581223,1.0,1.0,0.0,0.0,0.0,0.0,0.00016969958960544318,0.4559469223022461,0.2952922582626343,14483.0,2492.0,9605.0,21596.0,0.09085498750209808,no,yes,review
18_217_217_60_7_jpg.rf.1ff32ef005e93184786710018aacb0a5.jpg,18_217_217_60_7_jpg.rf.1ff32ef005e93184786710018aacb0a5.npz,92,0.4624238908290863,0.48376673460006714,-0.021342843770980835,0.3007486164569855,0.31905823945999146,1.0,1.0,0.0,0.0,0.0,0.0,0.00025275006191805005,1.0,1.0,0.0,0.0,0.0,0.0,0.0005163840251043439,0.4624238908290863,0.3007486164569855,814.0,29730.0,42867.0,13951.0,0.06386786699295044,1.0,1.0,0.0,0.0,0.0,0.0,0.00041208535549230874,no,no,review
18_217_218_53_4_jpg.rf.58ea5816478e1c1df6affeac5529b7dd.jpg,18_217_218_53_4_jpg.rf.58ea5816478e1c1df6affeac5529b7dd.npz,93,0.46371713280677795,0.2697954773902893,0.19392165541648865,0.3018435835838318,0.1559327244758606,1.0,1.0,0.0,0.0,0.0,0.0,0.00024503833265043795,1.0,1.0,0.0,0.0,0.0,0.0,0.000484341784613207,0.46371713280677795,0.3018435835838318,4854.0,7340.0,12612.0,10126.0,0.05423244461417198,1.0,1.0,0.0,0.0,0.0,0.0,0.00039670063415542245,no,no,review
15_242_208_19_12_jpg.rf.5ac326ff43ebf5966eaf7963741c5167.jpg,15_242_208_19_12_jpg.rf.5ac326ff43ebf5966eaf7963741c5167.npz,94,0.46662405133247375,0.395672082901001,0.07095196843147278,0.3043115735054016,0.24662794172763824,1.0,1.0,0.0,0.0,0.0,0.0,0.00023945940483827144,0.46662405133247375,0.3043115735054016,5691.0,150.0,2705.0,8246.0,0.03845857083797455,1.0,1.0,0.0,0.0,0.0,0.0,0.00022655668726656586,1.0,1.0,0.0,0.0,0.0,0.0,0.0003588875406421721,no,no,review
203_2_16_9_jpg.rf.0c933230ae030e1051bcc303b0b628a3.jpg,203_2_16_9_jpg.rf.0c933230ae030e1051bcc303b0b628a3.npz,95,0.46988677978515625,0.33084186911582947,0.13904491066932678,0.3070928156375885,0.19820882380008698,1.0,1.0,0.0,0.0,0.0,0.0,0.00028363766614347696,1.0,1.0,0.0,0.0,0.0,0.0,0.00037113376311026514,1.0,1.0,0.0,0.0,0.0,0.0,0.0001761387102305889,0.46988677978515625,0.3070928156375885,23526.0,27508.0,50126.0,46144.0,0.20652544498443604,no,no,review
18_228_Masson_505_100_31_jpg.rf.68cb8518a642dd00f21431af70208cd6.jpg,18_228_Masson_505_100_31_jpg.rf.68cb8518a642dd00f21431af70208cd6.npz,96,0.4704659879207611,0.4505937397480011,0.01987224817276001,0.30758777260780334,0.2908170521259308,0.4704659879207611,0.30758777260780334,8336.0,11028.0,19630.0,16938.0,0.08196636289358139,1.0,1.0,0.0,0.0,0.0,0.0,0.0003588231047615409,1.0,1.0,0.0,0.0,0.0,0.0,0.0001969098229892552,1.0,1.0,0.0,0.0,0.0,0.0,0.00039393670158460736,no,no,review
17_209_102_9_23_jpg.rf.79d567ed1be5c18398d618d489410f9c.jpg,17_209_102_9_23_jpg.rf.79d567ed1be5c18398d618d489410f9c.npz,97,0.47444409132003784,0.44152459502220154,0.032919496297836304,0.31099751591682434,0.28330546617507935,1.0,1.0,0.0,0.0,0.0,0.0,0.00025173151516355574,1.0,1.0,0.0,0.0,0.0,0.0,0.0004948339192196727,0.47444409132003784,0.31099751591682434,17233.0,11342.0,24240.0,30131.0,0.1423431932926178,1.0,1.0,0.0,0.0,0.0,0.0,0.000476655550301075,no,no,review
208_6_23_26_jpg.rf.4a33129657fb85b07e530a31d6cddefd.jpg,208_6_23_26_jpg.rf.4a33129657fb85b07e530a31d6cddefd.npz,98,0.47726088762283325,0.5670598745346069,-0.08979898691177368,0.31342262029647827,0.39573174715042114,1.0,1.0,0.0,0.0,0.0,0.0,0.00029432534938678145,1.0,1.0,0.0,0.0,0.0,0.0,0.00036053668009117246,1.0,1.0,0.0,0.0,0.0,0.0,0.00017740008479449898,0.47726088762283325,0.31342262029647827,22264.0,7828.0,21565.0,36001.0,0.14007668197155,no,no,review
18_229_Masson_201_16_20_jpg.rf.936cb06495217823f2e283aa416f51ca.jpg,18_229_Masson_201_16_20_jpg.rf.936cb06495217823f2e283aa416f51ca.npz,99,0.48025497794151306,0.4810831844806671,-0.0008282065391540527,0.3160102367401123,0.31672778725624084,0.48025497794151306,0.3160102367401123,20655.0,17013.0,34416.0,38058.0,0.19060279428958893,1.0,1.0,0.0,0.0,0.0,0.0,0.0004115777846891433,1.0,1.0,0.0,0.0,0.0,0.0,0.00023381292703561485,1.0,1.0,0.0,0.0,0.0,0.0,0.00043104280484840274,no,no,review
15_242_208_19_12_jpg.rf.36cf9841b29bf820303f7e8149a5d0b8.jpg,15_242_208_19_12_jpg.rf.36cf9841b29bf820303f7e8149a5d0b8.npz,100,0.48041826486587524,0.36646872758865356,0.11394953727722168,0.31615161895751953,0.22434142231941223,1.0,1.0,0.0,0.0,0.0,0.0,0.00024125410709530115,0.48041826486587524,0.31615161895751953,5288.0,178.0,2705.0,7815.0,0.03975365683436394,1.0,1.0,0.0,0.0,0.0,0.0,0.00022335397079586983,1.0,1.0,0.0,0.0,0.0,0.0,0.000358296325430274,no,no,review
15_242_208_22_13_jpg.rf.f09711942882f00671eb85f77635566d.jpg,15_242_208_22_13_jpg.rf.f09711942882f00671eb85f77635566d.npz,101,0.486522376537323,0.47936463356018066,0.007157742977142334,0.32145991921424866,0.31523969769477844,1.0,1.0,0.0,0.0,0.0,0.0,0.0002278849424328655,0.486522376537323,0.32145991921424866,18097.0,2781.0,12672.0,27988.0,0.12125883996486664,1.0,1.0,0.0,0.0,0.0,0.0,0.00024355515779461712,1.0,1.0,0.0,0.0,0.0,0.0,0.00035225984174758196,no,no,review
201_9_4_63_jpg.rf.a0b10a572131c02f44db72107507c9ec.jpg,201_9_4_63_jpg.rf.a0b10a572131c02f44db72107507c9ec.npz,102,0.4867247939109802,0.5980311632156372,-0.11130636930465698,0.3216366469860077,0.4265652298927307,1.0,1.0,0.0,0.0,0.0,0.0,0.0002889840106945485,1.0,1.0,0.0,0.0,0.0,0.0,0.0003520385071169585,1.0,1.0,0.0,0.0,0.0,0.0,0.00017508644668851048,0.4867247939109802,0.3216366469860077,3684.0,11801.0,19143.0,11026.0,0.05887039750814438,no,no,review
15_242_208_199_41_jpg.rf.1902d98547fb8634117500e8b2bf7663.jpg,15_242_208_199_41_jpg.rf.1902d98547fb8634117500e8b2bf7663.npz,103,0.489004522562027,0.4692251980304718,0.019779324531555176,0.3236307203769684,0.30652791261672974,1.0,1.0,0.0,0.0,0.0,0.0,0.0002502522838767618,1.0,1.0,0.0,0.0,0.0,0.0,0.0005795803153887391,0.489004522562027,0.3236307203769684,5873.0,215.0,3128.0,8786.0,0.039819084107875824,1.0,1.0,0.0,0.0,0.0,0.0,0.00036019968683831394,no,no,review
15_242_208_26_26_jpg.rf.aac3f8ce935b5dedf6cef352c8867384.jpg,15_242_208_26_26_jpg.rf.aac3f8ce935b5dedf6cef352c8867384.npz,104,0.49012914299964905,0.5603606104850769,-0.07023146748542786,0.32461661100387573,0.38923677802085876,1.0,1.0,0.0,0.0,0.0,0.0,0.00023494688502978534,0.49012914299964905,0.32461661100387573,13256.0,9601.0,20587.0,24242.0,0.10974660515785217,1.0,1.0,0.0,0.0,0.0,0.0,0.0002612775133457035,1.0,1.0,0.0,0.0,0.0,0.0,0.0003900138253811747,no,no,review
17_209_102_7_23_jpg.rf.8c18606c2ef97a837b4b203f3ca7c05d.jpg,17_209_102_7_23_jpg.rf.8c18606c2ef97a837b4b203f3ca7c05d.npz,105,0.49149689078330994,0.6243366599082947,-0.13283976912498474,0.32581761479377747,0.4538440704345703,1.0,1.0,0.0,0.0,0.0,0.0,0.00023916084319353104,1.0,1.0,0.0,0.0,0.0,0.0,0.0004957034252583981,0.49149689078330994,0.32581761479377747,2692.0,12109.0,19262.0,9845.0,0.05751487612724304,1.0,1.0,0.0,0.0,0.0,0.0,0.00040360947605222464,no,no,review
208_4_19_16_jpg.rf.f2af798e2dd60db2a8a8eb47990b5df0.jpg,208_4_19_16_jpg.rf.f2af798e2dd60db2a8a8eb47990b5df0.npz,106,0.49301376938819885,0.5831557512283325,-0.09014198184013367,0.3271521329879761,0.41158774495124817,1.0,1.0,0.0,0.0,0.0,0.0,0.00029686736525036395,1.0,1.0,0.0,0.0,0.0,0.0,0.0003740052052307874,1.0,1.0,0.0,0.0,0.0,0.0,0.00018035477842204273,0.49301376938819885,0.3271521329879761,9413.0,20413.0,34915.0,23915.0,0.1263587921857834,no,no,review
18_217_217_61_2_jpg.rf.0f170802b098ea233234690027c73e56.jpg,18_217_217_61_2_jpg.rf.0f170802b098ea233234690027c73e56.npz,107,0.49499064683914185,0.48997554183006287,0.0050151050090789795,0.3288953900337219,0.32448187470436096,1.0,1.0,0.0,0.0,0.0,0.0,0.00024742676760070026,1.0,1.0,0.0,0.0,0.0,0.0,0.0005055117071606219,0.49499064683914185,0.3288953900337219,2650.0,6524.0,11020.0,7146.0,0.03306702524423599,1.0,1.0,0.0,0.0,0.0,0.0,0.00039471054333262146,no,no,review
15_242_208_31_14_jpg.rf.74bc31071d05e2b2de41ccf7949f66dd.jpg,15_242_208_31_14_jpg.rf.74bc31071d05e2b2de41ccf7949f66dd.npz,108,0.4973871111869812,0.4471666216850281,0.050220489501953125,0.33101481199264526,0.2879681885242462,1.0,1.0,0.0,0.0,0.0,0.0,0.0002184699260396883,0.4973871111869812,0.33101481199264526,1994.0,33881.0,51632.0,19745.0,0.08796919882297516,1.0,1.0,0.0,0.0,0.0,0.0,0.000271133438218385,1.0,1.0,0.0,0.0,0.0,0.0,0.0003483125183265656,no,no,review
15_242_208_30_22_jpg.rf.3dd115636b65953b6ebc0d79e509de6f.jpg,15_242_208_30_22_jpg.rf.3dd115636b65953b6ebc0d79e509de6f.npz,109,0.49978479743003845,0.4851517379283905,0.01463305950164795,0.33314207196235657,0.3202642500400543,1.0,1.0,0.0,0.0,0.0,0.0,0.0002286852104589343,0.49978479743003845,0.33314207196235657,15766.0,6315.0,17346.0,26797.0,0.12209658324718475,1.0,1.0,0.0,0.0,0.0,0.0,0.0002721650234889239,1.0,1.0,0.0,0.0,0.0,0.0,0.00040080584585666656,no,no,review
18_217_218_55_8_jpg.rf.dab0b8f915d296f12ecb81749cbca219.jpg,18_217_218_55_8_jpg.rf.dab0b8f915d296f12ecb81749cbca219.npz,110,0.499796986579895,0.45434078574180603,0.04545620083808899,0.3331529200077057,0.2939462959766388,1.0,1.0,0.0,0.0,0.0,0.0,0.0002404822880635038,1.0,1.0,0.0,0.0,0.0,0.0,0.0004896250320598483,0.499796986579895,0.3331529200077057,840.0,6552.0,10245.0,4533.0,0.023994142189621925,1.0,1.0,0.0,0.0,0.0,0.0,0.0003668732533697039,no,no,review
18_229_Masson_201_17_16_jpg.rf.bdc0aecc8dc6b010e0382150bea43a1e.jpg,18_229_Masson_201_17_16_jpg.rf.bdc0aecc8dc6b010e0382150bea43a1e.npz,111,0.5013107061386108,0.611924946308136,-0.11061424016952515,0.33449941873550415,0.44084423780441284,0.5013107061386108,0.33449941873550415,13258.0,10712.0,22760.0,25306.0,0.1441565454006195,1.0,1.0,0.0,0.0,0.0,0.0,0.00044242586591280997,1.0,1.0,0.0,0.0,0.0,0.0,0.00023597005929332227,1.0,1.0,0.0,0.0,0.0,0.0,0.00040283548878505826,no,no,review
301_12_16_8_jpg.rf.7a54ce2bd6a5f454bf2f79dc505ff3d1.jpg,301_12_16_8_jpg.rf.7a54ce2bd6a5f454bf2f79dc505ff3d1.npz,112,0.501688539981842,0.4840145707130432,0.017673969268798828,0.3348359763622284,0.3192738890647888,1.0,1.0,0.0,0.0,0.0,0.0,0.00027603309717960656,1.0,1.0,0.0,0.0,0.0,0.0,0.00035029149148613214,1.0,1.0,0.0,0.0,0.0,0.0,0.00018697183986660093,0.501688539981842,0.3348359763622284,18033.0,559.0,9918.0,27392.0,0.11161552369594574,no,no,review
18_211_206_20_11_jpg.rf.7e6806662f33d7a38165d298a23aa2d7.jpg,18_211_206_20_11_jpg.rf.7e6806662f33d7a38165d298a23aa2d7.npz,113,0.502799928188324,0.2858271598815918,0.21697276830673218,0.3358268141746521,0.16674350202083588,1.0,1.0,0.0,0.0,0.0,0.0,0.00024996453430503607,0.502799928188324,0.3358268141746521,7755.0,36639.0,59086.0,30202.0,0.15559805929660797,1.0,1.0,0.0,0.0,0.0,0.0,0.0003177683975081891,1.0,1.0,0.0,0.0,0.0,0.0,0.0004499143688008189,no,no,review
208_7_23_30_jpg.rf.bec4e5cb8cd5b381a9ca3fd844e6e605.jpg,208_7_23_30_jpg.rf.bec4e5cb8cd5b381a9ca3fd844e6e605.npz,114,0.5067888498306274,0.5684497952461243,-0.061660945415496826,0.33939531445503235,0.39708688855171204,1.0,1.0,0.0,0.0,0.0,0.0,0.0002989790227729827,1.0,1.0,0.0,0.0,0.0,0.0,0.00038998579839244485,1.0,1.0,0.0,0.0,0.0,0.0,0.0001898274931591004,0.5067888498306274,0.33939531445503235,21536.0,7306.0,22124.0,36354.0,0.1450984925031662,no,no,review
15_242_211_19_18_jpg.rf.4433cdcbab8c09147be3e72f4311d9de.jpg,15_242_211_19_18_jpg.rf.4433cdcbab8c09147be3e72f4311d9de.npz,115,0.5072962045669556,0.4772283136844635,0.030067890882492065,0.3398505747318268,0.3133945167064667,1.0,1.0,0.0,0.0,0.0,0.0,0.00024464112357236445,0.5072962045669556,0.3398505747318268,8375.0,30589.0,50648.0,28434.0,0.1269916146993637,1.0,1.0,0.0,0.0,0.0,0.0,0.00028079436742700636,1.0,1.0,0.0,0.0,0.0,0.0,0.0004212232306599617,no,no,review
207_7_8_58_jpg.rf.29404cb3c4f003a6f840033fbe630b69.jpg,207_7_8_58_jpg.rf.29404cb3c4f003a6f840033fbe630b69.npz,116,0.515937328338623,0.794001579284668,-0.2780642509460449,0.34765198826789856,0.6583769917488098,1.0,1.0,0.0,0.0,0.0,0.0,0.00029573359643109143,1.0,1.0,0.0,0.0,0.0,0.0,0.00033386307768523693,1.0,1.0,0.0,0.0,0.0,0.0,0.00016936470638029277,0.515937328338623,0.34765198826789856,2097.0,3279.0,6144.0,4962.0,0.028214266523718834,no,no,D_check_TTA_harm
17_209_102_10_16_jpg.rf.1a3a9c9b0a5b612646a08f0c76540103.jpg,17_209_102_10_16_jpg.rf.1a3a9c9b0a5b612646a08f0c76540103.npz,117,0.5168223977088928,0.46883389353752136,0.04798850417137146,0.34845617413520813,0.3061940371990204,1.0,1.0,0.0,0.0,0.0,0.0,0.000253346428507939,1.0,1.0,0.0,0.0,0.0,0.0,0.00049968296661973,0.5168223977088928,0.34845617413520813,15753.0,4568.0,15436.0,26621.0,0.1342962086200714,1.0,1.0,0.0,0.0,0.0,0.0,0.00047025017556734383,no,no,review
206_8_12_27_jpg.rf.45fa151c68469b2bca9931ba496f5922.jpg,206_8_12_27_jpg.rf.45fa151c68469b2bca9931ba496f5922.npz,118,0.5184197425842285,0.49380719661712646,0.02461254596710205,0.3499099910259247,0.32785123586654663,1.0,1.0,0.0,0.0,0.0,0.0,0.0003030122898053378,1.0,1.0,0.0,0.0,0.0,0.0,0.0003476252022664994,1.0,1.0,0.0,0.0,0.0,0.0,0.0001798451557988301,0.5184197425842285,0.3499099910259247,10000.0,1556.0,7776.0,16220.0,0.07047206163406372,no,no,review
18_229_Masson_201_83_33_jpg.rf.6a0f4b4440d929880d3414b6a2eb04cc.jpg,18_229_Masson_201_83_33_jpg.rf.6a0f4b4440d929880d3414b6a2eb04cc.npz,119,0.519448459148407,0.4672485291957855,0.05219992995262146,0.3508479595184326,0.3048429787158966,0.519448459148407,0.3508479595184326,4464.0,26694.0,43534.0,21304.0,0.10602395236492157,1.0,1.0,0.0,0.0,0.0,0.0,0.00039516956894658506,1.0,1.0,0.0,0.0,0.0,0.0,0.00022953053121455014,1.0,1.0,0.0,0.0,0.0,0.0,0.00040056725265458226,no,no,review
18_217_217_51_9_jpg.rf.8b96a333a8806ee79a32cfdfdc4420ba.jpg,18_217_217_51_9_jpg.rf.8b96a333a8806ee79a32cfdfdc4420ba.npz,120,0.5201835036277771,0.4648420214653015,0.055341482162475586,0.3515188992023468,0.30279749631881714,1.0,1.0,0.0,0.0,0.0,0.0,0.00025079972692765296,1.0,1.0,0.0,0.0,0.0,0.0,0.0004963422543369234,0.5201835036277771,0.3515188992023468,924.0,22088.0,34562.0,13398.0,0.054828666150569916,1.0,1.0,0.0,0.0,0.0,0.0,0.000405925908125937,no,no,review
18_228_Masson_208_74_29_jpg.rf.6d5b52e499204e305cb4e9f832a8b696.jpg,18_228_Masson_208_74_29_jpg.rf.6d5b52e499204e305cb4e9f832a8b696.npz,121,0.5219730138778687,0.6414670348167419,-0.11949402093887329,0.353155255317688,0.4721762537956238,0.5219730138778687,0.353155255317688,7.0,11012.0,17028.0,6023.0,0.025075124576687813,1.0,1.0,0.0,0.0,0.0,0.0,0.0005240915343165398,1.0,1.0,0.0,0.0,0.0,0.0,0.0008316445746459067,1.0,1.0,0.0,0.0,0.0,0.0,0.000361124548362568,no,no,review
18_217_217_47_13_jpg.rf.9f6c878a41b103e62a7f23006c3f0432.jpg,18_217_217_47_13_jpg.rf.9f6c878a41b103e62a7f23006c3f0432.npz,122,0.5241255164146423,0.5886414051055908,-0.06451588869094849,0.35512876510620117,0.4170743227005005,1.0,1.0,0.0,0.0,0.0,0.0,0.00023335780133493245,1.0,1.0,0.0,0.0,0.0,0.0,0.00048332754522562027,0.5241255164146423,0.35512876510620117,17.0,16335.0,25340.0,9022.0,0.05429066717624664,1.0,1.0,0.0,0.0,0.0,0.0,0.000371420057490468,no,no,review
18_217_218_56_9_jpg.rf.114d3c528c981b79debcffcfba265f55.jpg,18_217_218_56_9_jpg.rf.114d3c528c981b79debcffcfba265f55.npz,123,0.5267722010612488,0.6416485905647278,-0.114876389503479,0.357563316822052,0.47237303853034973,1.0,1.0,0.0,0.0,0.0,0.0,0.00025085287052206695,1.0,1.0,0.0,0.0,0.0,0.0,0.0004541461239568889,0.5267722010612488,0.357563316822052,289.0,9424.0,14830.0,5695.0,0.02598409727215767,1.0,1.0,0.0,0.0,0.0,0.0,0.00039278718759305775,no,no,review
16_256_202_23_5_jpg.rf.a64354d012985c61db4f797f5b82c412.jpg,16_256_202_23_5_jpg.rf.a64354d012985c61db4f797f5b82c412.npz,124,0.5269636511802673,0.5327933430671692,-0.0058296918869018555,0.35773974657058716,0.363134503364563,1.0,1.0,0.0,0.0,0.0,0.0,0.00020904395205434412,0.5269636511802673,0.35773974657058716,7446.0,7080.0,15171.0,15537.0,0.06813247501850128,1.0,1.0,0.0,0.0,0.0,0.0,0.0002059609250864014,1.0,1.0,0.0,0.0,0.0,0.0,0.00033479504054412246,no,no,review
206_2_13_8_jpg.rf.bc6691220c03f6957e1b72e2f0e85885.jpg,206_2_13_8_jpg.rf.bc6691220c03f6957e1b72e2f0e85885.npz,125,0.5313344597816467,0.492771714925766,0.03856274485588074,0.36178043484687805,0.3269389867782593,1.0,1.0,0.0,0.0,0.0,0.0,0.00029130824259482324,1.0,1.0,0.0,0.0,0.0,0.0,0.0003713696787599474,1.0,1.0,0.0,0.0,0.0,0.0,0.00018118815205525607,0.5313344597816467,0.36178043484687805,27129.0,2695.0,19601.0,44035.0,0.16079559922218323,no,no,review
18_217_219_74_2_jpg.rf.fce4d9528475cbd302567ccc5646e46e.jpg,18_217_219_74_2_jpg.rf.fce4d9528475cbd302567ccc5646e46e.npz,126,0.5320045948028564,0.41060370206832886,0.12140089273452759,0.362402081489563,0.25833943486213684,1.0,1.0,0.0,0.0,0.0,0.0,0.00024039404524955899,1.0,1.0,0.0,0.0,0.0,0.0,0.0004595450882334262,0.5320045948028564,0.362402081489563,60.0,2382.0,3770.0,1448.0,0.007747730705887079,1.0,1.0,0.0,0.0,0.0,0.0,0.0004210726183373481,no,no,review
15_242_208_30_25_jpg.rf.c3dc0be97d96e5094189130c14097a0e.jpg,15_242_208_30_25_jpg.rf.c3dc0be97d96e5094189130c14097a0e.npz,127,0.5353314280509949,0.5763476490974426,-0.041016221046447754,0.3654966354370117,0.40483734011650085,1.0,1.0,0.0,0.0,0.0,0.0,0.00024309360014740378,0.5353314280509949,0.3654966354370117,9135.0,16787.0,31719.0,24067.0,0.11516473442316055,1.0,1.0,0.0,0.0,0.0,0.0,0.00026551983319222927,1.0,1.0,0.0,0.0,0.0,0.0,0.00039408454904332757,no,no,review
15_242_208_35_15_jpg.rf.d3f29dc7822472e8c37283bf4936684f.jpg,15_242_208_35_15_jpg.rf.d3f29dc7822472e8c37283bf4936684f.npz,128,0.5357485413551331,0.659041166305542,-0.12329262495040894,0.3658856153488159,0.4914701282978058,1.0,1.0,0.0,0.0,0.0,0.0,0.000248212949372828,0.5357485413551331,0.3658856153488159,17763.0,25320.0,50179.0,42622.0,0.19844211637973785,1.0,1.0,0.0,0.0,0.0,0.0,0.00025067379465326667,1.0,1.0,0.0,0.0,0.0,0.0,0.0004299383144825697,no,no,review
202_4_15_41_jpg.rf.453ca449bbffbbbf29e0755945ef8cdf.jpg,202_4_15_41_jpg.rf.453ca449bbffbbbf29e0755945ef8cdf.npz,129,0.5376182198524475,0.46640703082084656,0.07121118903160095,0.3676319420337677,0.3041270077228546,1.0,1.0,0.0,0.0,0.0,0.0,0.0002903575077652931,1.0,1.0,0.0,0.0,0.0,0.0,0.00035743735497817397,1.0,1.0,0.0,0.0,0.0,0.0,0.00017386565741617233,0.5376182198524475,0.3676319420337677,7436.0,11628.0,22711.0,18519.0,0.08729758113622665,no,no,review
15_242_208_35_15_jpg.rf.5f2c3af828f4609980b69e134e940116.jpg,15_242_208_35_15_jpg.rf.5f2c3af828f4609980b69e134e940116.npz,130,0.5376875400543213,0.5672648549079895,-0.029577314853668213,0.36769676208496094,0.3959314227104187,1.0,1.0,0.0,0.0,0.0,0.0,0.00022668119345325977,0.5376875400543213,0.36769676208496094,9454.0,26660.0,47661.0,30455.0,0.14293690025806427,1.0,1.0,0.0,0.0,0.0,0.0,0.0002673013077583164,1.0,1.0,0.0,0.0,0.0,0.0,0.0003965010691899806,no,no,review
16_253_308_33_7_jpg.rf.0c6dd0877fa84ccc4d3384b219631e2e.jpg,16_253_308_33_7_jpg.rf.0c6dd0877fa84ccc4d3384b219631e2e.npz,131,0.5452260971069336,0.5183112621307373,0.02691483497619629,0.37478405237197876,0.3498111665248871,1.0,1.0,0.0,0.0,0.0,0.0,0.0002427587896818295,0.5452260971069336,0.37478405237197876,7446.0,11373.0,22654.0,18727.0,0.08707956969738007,1.0,1.0,0.0,0.0,0.0,0.0,0.0002737907925620675,1.0,1.0,0.0,0.0,0.0,0.0,0.00039577827556058764,no,no,review
17_209_102_9_34_jpg.rf.baa8ee94a0537dde489d5f3670955960.jpg,17_209_102_9_34_jpg.rf.baa8ee94a0537dde489d5f3670955960.npz,132,0.5635737180709839,0.581305742263794,-0.01773202419281006,0.39234429597854614,0.40974703431129456,1.0,1.0,0.0,0.0,0.0,0.0,0.00024137292348314077,1.0,1.0,0.0,0.0,0.0,0.0,0.0004932814044877887,0.5635737180709839,0.39234429597854614,1686.0,13760.0,23733.0,11659.0,0.06825575232505798,1.0,1.0,0.0,0.0,0.0,0.0,0.00044686588807962835,no,no,review
18_217_217_56_21_jpg.rf.aa0d53e99c580c76d2e39d1b452d002e.jpg,18_217_217_56_21_jpg.rf.aa0d53e99c580c76d2e39d1b452d002e.npz,133,0.5679097175598145,0.42481836676597595,0.1430913507938385,0.39656001329421997,0.26969486474990845,1.0,1.0,0.0,0.0,0.0,0.0,0.0002577588602434844,1.0,1.0,0.0,0.0,0.0,0.0,0.0005218949518166482,0.5679097175598145,0.39656001329421997,5357.0,14711.0,27899.0,18545.0,0.09689482301473618,1.0,1.0,0.0,0.0,0.0,0.0,0.000461978605017066,no,no,review
18_229_Masson_202_146_19_jpg.rf.4a0f66f0d2bba68a8c5c5969ce5e110e.jpg,18_229_Masson_202_146_19_jpg.rf.4a0f66f0d2bba68a8c5c5969ce5e110e.npz,134,0.5714032649993896,0.7179087996482849,-0.14650553464889526,0.3999752104282379,0.5599514245986938,0.5714032649993896,0.3999752104282379,7768.0,21287.0,40655.0,27136.0,0.13875682651996613,1.0,1.0,0.0,0.0,0.0,0.0,0.0004120023804716766,1.0,1.0,0.0,0.0,0.0,0.0,0.00023367002722807229,1.0,1.0,0.0,0.0,0.0,0.0,0.0004070131399203092,no,no,review
18_229_Masson_202_88_50_jpg.rf.1c2dbd31d8fc2ded81d59f1a55cd71f4.jpg,18_229_Masson_202_88_50_jpg.rf.1c2dbd31d8fc2ded81d59f1a55cd71f4.npz,135,0.5736141800880432,0.5036986470222473,0.0699155330657959,0.4021451771259308,0.33662915229797363,0.5736141800880432,0.4021451771259308,7476.0,216.0,5390.0,12650.0,0.05629720911383629,1.0,1.0,0.0,0.0,0.0,0.0,0.0004069882270414382,1.0,1.0,0.0,0.0,0.0,0.0,0.0003406879841350019,1.0,1.0,0.0,0.0,0.0,0.0,0.0003589452535379678,no,no,review
301_10_16_36_jpg.rf.90c946232649455abd477ac2595bd36a.jpg,301_10_16_36_jpg.rf.90c946232649455abd477ac2595bd36a.npz,136,0.5742395520210266,0.5701780915260315,0.004061460494995117,0.40276017785072327,0.3987756073474884,1.0,1.0,0.0,0.0,0.0,0.0,0.0002925833105109632,1.0,1.0,0.0,0.0,0.0,0.0,0.00033772800816223025,1.0,1.0,0.0,0.0,0.0,0.0,0.00018137485312763602,0.5742395520210266,0.40276017785072327,6946.0,5777.0,14357.0,15526.0,0.07166241109371185,no,no,review
18_211_Masson_205_111_36_jpg.rf.d62c6e2af96f59e423b0de39c8d8922e.jpg,18_211_Masson_205_111_36_jpg.rf.d62c6e2af96f59e423b0de39c8d8922e.npz,137,0.5772611498832703,1.1810558087077538e-10,0.5772611497651647,0.40573936700820923,1.1810558087077538e-10,1.0,1.0,0.0,0.0,0.0,0.0,0.00027037342078983784,1.0,1.0,0.0,0.0,0.0,0.0,0.00045998833957128227,0.5772611498832703,0.40573936700820923,4864.0,955.0,4928.0,8837.0,0.032551173120737076,1.0,1.0,0.0,0.0,0.0,0.0,0.0003674804756883532,no,yes,review
202_8_17_22_jpg.rf.ba9ef4f36e5796ab47524cacfdc7c5d6.jpg,202_8_17_22_jpg.rf.ba9ef4f36e5796ab47524cacfdc7c5d6.npz,138,0.5818796157836914,0.5116336345672607,0.07024598121643066,0.4103175401687622,0.34375518560409546,1.0,1.0,0.0,0.0,0.0,0.0,0.0002851184399332851,1.0,1.0,0.0,0.0,0.0,0.0,0.00034808251075446606,1.0,1.0,0.0,0.0,0.0,0.0,0.00017169992497656494,0.5818796157836914,0.4103175401687622,3828.0,16953.0,31413.0,18288.0,0.09794998914003372,no,no,review
15_242_212_23_23_jpg.rf.c892b21e8212a9264a8e73e28e346c29.jpg,15_242_212_23_23_jpg.rf.c892b21e8212a9264a8e73e28e346c29.npz,139,0.5828563570976257,0.47808554768562317,0.10477080941200256,0.4112895727157593,0.31413429975509644,1.0,1.0,0.0,0.0,0.0,0.0,0.00023928924929350615,0.5828563570976257,0.4112895727157593,1260.0,11349.0,20158.0,10069.0,0.07096922397613525,1.0,1.0,0.0,0.0,0.0,0.0,0.00025724354782141745,1.0,1.0,0.0,0.0,0.0,0.0,0.00039392165490426123,no,no,review
15_242_208_29_18_jpg.rf.d0091ad83bcb8e4fe839861188e17ca6.jpg,15_242_208_29_18_jpg.rf.d0091ad83bcb8e4fe839861188e17ca6.npz,140,0.5857844948768616,0.6301693320274353,-0.04438483715057373,0.41421160101890564,0.46003445982933044,1.0,1.0,0.0,0.0,0.0,0.0,0.00021767553698737174,0.5857844948768616,0.41421160101890564,2180.0,10128.0,18831.0,10883.0,0.05332273244857788,1.0,1.0,0.0,0.0,0.0,0.0,0.000268420233624056,1.0,1.0,0.0,0.0,0.0,0.0,0.0003486095811240375,no,no,review
208_4_20_7_jpg.rf.714b54456d3695adb7a1e4c8d491f4f9.jpg,208_4_20_7_jpg.rf.714b54456d3695adb7a1e4c8d491f4f9.npz,141,0.5884266495704651,0.6497446298599243,-0.06131798028945923,0.4168586730957031,0.48120132088661194,1.0,1.0,0.0,0.0,0.0,0.0,0.00029911365709267557,1.0,1.0,0.0,0.0,0.0,0.0,0.0003842390433419496,1.0,1.0,0.0,0.0,0.0,0.0,0.00018487402121536434,0.5884266495704651,0.4168586730957031,10172.0,14629.0,32358.0,27901.0,0.12905997037887573,no,no,review
201_7_5_17_jpg.rf.2b5d8646899ea0cee51488d851955f52.jpg,201_7_5_17_jpg.rf.2b5d8646899ea0cee51488d851955f52.npz,142,0.5920563340187073,0.5169887542724609,0.07506757974624634,0.420511394739151,0.34860745072364807,1.0,1.0,0.0,0.0,0.0,0.0,0.0002868329465854913,1.0,1.0,0.0,0.0,0.0,0.0,0.00033642479684203863,1.0,1.0,0.0,0.0,0.0,0.0,0.00017488775483798236,0.5920563340187073,0.420511394739151,12069.0,328.0,9324.0,21065.0,0.09650693088769913,no,no,review
15_242_212_16_20_jpg.rf.42253b761e484b32be5ecba86d538373.jpg,15_242_212_16_20_jpg.rf.42253b761e484b32be5ecba86d538373.npz,143,0.592586100101471,0.583642303943634,0.008943796157836914,0.42104610800743103,0.41207268834114075,1.0,1.0,0.0,0.0,0.0,0.0,0.0002358665078645572,0.592586100101471,0.42104610800743103,15849.0,2802.0,16366.0,29413.0,0.13208208978176117,1.0,1.0,0.0,0.0,0.0,0.0,0.00024802135885693133,1.0,1.0,0.0,0.0,0.0,0.0,0.00038768743979744613,no,no,review
15_242_202_139_40_jpg.rf.64884bf0b806707579dfb818f660f29d.jpg,15_242_202_139_40_jpg.rf.64884bf0b806707579dfb818f660f29d.npz,144,0.5978959202766418,0.5974827408790588,0.0004131793975830078,0.4264276623725891,0.42600739002227783,0.5978959202766418,0.4264276623725891,502.0,10697.0,19023.0,8828.0,0.04326998442411423,1.0,1.0,0.0,0.0,0.0,0.0,0.0003445844922680408,1.0,1.0,0.0,0.0,0.0,0.0,0.0002221959293819964,1.0,1.0,0.0,0.0,0.0,0.0,0.0003669491270557046,no,no,review
18_229_Masson_202_114_21_jpg.rf.872a5ff476a33cc073e82272cb705d77.jpg,18_229_Masson_202_114_21_jpg.rf.872a5ff476a33cc073e82272cb705d77.npz,145,0.5988302230834961,0.8880603909492493,-0.2892301678657532,0.42737877368927,0.7986588478088379,0.5988302230834961,0.42737877368927,5480.0,9541.0,20752.0,16691.0,0.07864673435688019,1.0,1.0,0.0,0.0,0.0,0.0,0.0003582020290195942,1.0,1.0,0.0,0.0,0.0,0.0,0.00020046185818500817,1.0,1.0,0.0,0.0,0.0,0.0,0.0003776404191739857,no,no,D_check_TTA_harm
16_224_101_109_20_jpg.rf.af29368d525150f78f91e9b4a2d02026.jpg,16_224_101_109_20_jpg.rf.af29368d525150f78f91e9b4a2d02026.npz,146,0.6009520888328552,0.6019975543022156,-0.0010454654693603516,0.4295436143875122,0.4306126832962036,1.0,1.0,0.0,0.0,0.0,0.0,0.00023433637397829443,1.0,1.0,0.0,0.0,0.0,0.0,0.0004808813682757318,0.6009520888328552,0.4295436143875122,8659.0,6178.0,17350.0,19831.0,0.09027110040187836,1.0,1.0,0.0,0.0,0.0,0.0,0.00038807475357316434,no,no,review
18_217_217_50_6_jpg.rf.950b8de4c3a353350d807eeb5aab3c0c.jpg,18_217_217_50_6_jpg.rf.950b8de4c3a353350d807eeb5aab3c0c.npz,147,0.6009593605995178,0.49462366104125977,0.10633569955825806,0.42955103516578674,0.3285714387893677,1.0,1.0,0.0,0.0,0.0,0.0,0.0002512663195375353,1.0,1.0,0.0,0.0,0.0,0.0,0.0005289442487992346,0.6009593605995178,0.42955103516578674,5482.0,3336.0,9976.0,12122.0,0.0570707730948925,1.0,1.0,0.0,0.0,0.0,0.0,0.0004114691400900483,no,no,review
208_2_7_16_jpg.rf.5f08af2b3f70a2ccfb1093c3e4d462cc.jpg,208_2_7_16_jpg.rf.5f08af2b3f70a2ccfb1093c3e4d462cc.npz,148,0.603817880153656,0.6500437259674072,-0.04622584581375122,0.4324778914451599,0.48152947425842285,1.0,1.0,0.0,0.0,0.0,0.0,0.0002946671156678349,1.0,1.0,0.0,0.0,0.0,0.0,0.00034518635948188603,1.0,1.0,0.0,0.0,0.0,0.0,0.00017806635878514498,0.603817880153656,0.4324778914451599,5036.0,2726.0,8641.0,10951.0,0.04961380735039711,no,no,review
16_224_101_108_43_jpg.rf.d2a00d05cb03daf78088881bca0aa7ab.jpg,16_224_101_108_43_jpg.rf.d2a00d05cb03daf78088881bca0aa7ab.npz,149,0.6038721799850464,0.5717751383781433,0.032097041606903076,0.4325335919857025,0.40033969283103943,1.0,1.0,0.0,0.0,0.0,0.0,0.00022994713799562305,1.0,1.0,0.0,0.0,0.0,0.0,0.0005023570265620947,0.6038721799850464,0.4325335919857025,438.0,6232.0,11316.0,5522.0,0.026799755170941353,1.0,1.0,0.0,0.0,0.0,0.0,0.0003444631292950362,no,no,review
18_229_Masson_201_18_21_jpg.rf.75fd02ad7396d5182901445b6634cec7.jpg,18_229_Masson_201_18_21_jpg.rf.75fd02ad7396d5182901445b6634cec7.npz,150,0.6043856739997864,0.683352530002594,-0.07896685600280762,0.4330606460571289,0.5190094709396362,0.6043856739997864,0.4330606460571289,37784.0,2827.0,33848.0,68805.0,0.27973243594169617,1.0,1.0,0.0,0.0,0.0,0.0,0.00039893604116514325,1.0,1.0,0.0,0.0,0.0,0.0,0.00024535570992156863,1.0,1.0,0.0,0.0,0.0,0.0,0.0004658160323742777,no,no,review
15_242_212_26_8_jpg.rf.222b650b3b094e816e47b8e7cc6a4152.jpg,15_242_212_26_8_jpg.rf.222b650b3b094e816e47b8e7cc6a4152.npz,151,0.6056260466575623,0.5954669713973999,0.010159075260162354,0.43433547019958496,0.42396080493927,1.0,1.0,0.0,0.0,0.0,0.0,0.0002565796603448689,0.6056260466575623,0.43433547019958496,21123.0,27665.0,65126.0,58584.0,0.2524156868457794,1.0,1.0,0.0,0.0,0.0,0.0,0.00027133477851748466,1.0,1.0,0.0,0.0,0.0,0.0,0.00047419554903171957,no,no,review
18_229_Masson_202_101_18_jpg.rf.c9e5c1dec555a0b44664d807b1f07c3c.jpg,18_229_Masson_202_101_18_jpg.rf.c9e5c1dec555a0b44664d807b1f07c3c.npz,152,0.6092208027839661,0.6455455422401428,-0.03632473945617676,0.4380428194999695,0.4766092598438263,0.6092208027839661,0.4380428194999695,222.0,8966.0,16128.0,7384.0,0.035935841500759125,1.0,1.0,0.0,0.0,0.0,0.0,0.000347507739206776,1.0,1.0,0.0,0.0,0.0,0.0,0.0001920239592436701,1.0,1.0,0.0,0.0,0.0,0.0,0.0003738846571650356,no,no,review
18_217_217_49_9_jpg.rf.d0a5df747168ea4406fbb44440743166.jpg,18_217_217_49_9_jpg.rf.d0a5df747168ea4406fbb44440743166.npz,153,0.6121458411216736,0.5665403008460999,0.04560554027557373,0.44107362627983093,0.3952258229255676,1.0,1.0,0.0,0.0,0.0,0.0,0.00025671013281680644,1.0,1.0,0.0,0.0,0.0,0.0,0.0005011218599975109,0.6121458411216736,0.44107362627983093,8441.0,3387.0,12721.0,17775.0,0.08106295019388199,1.0,1.0,0.0,0.0,0.0,0.0,0.0004468730476219207,no,no,review
208_6_6_26_jpg.rf.4554c8fa3b6263fd4eb2828370fe9e20.jpg,208_6_6_26_jpg.rf.4554c8fa3b6263fd4eb2828370fe9e20.npz,154,0.6143336296081543,0.610575258731842,0.003758370876312256,0.44334885478019714,0.4394446313381195,1.0,1.0,0.0,0.0,0.0,0.0,0.00029171572532504797,1.0,1.0,0.0,0.0,0.0,0.0,0.00033818575320765376,1.0,1.0,0.0,0.0,0.0,0.0,0.00017344551451969892,0.6143336296081543,0.44334885478019714,379.0,11928.0,21730.0,10181.0,0.05830098316073418,no,no,review
16_256_207_24_12_jpg.rf.2da67095f5db842e69a330917e226c31.jpg,16_256_207_24_12_jpg.rf.2da67095f5db842e69a330917e226c31.npz,155,0.6208561658859253,0.3940623104572296,0.22679385542869568,0.45017507672309875,0.245378315448761,1.0,1.0,0.0,0.0,0.0,0.0,0.00024055602261796594,0.6208561658859253,0.45017507672309875,10422.0,1198.0,10712.0,19936.0,0.10569929331541061,1.0,1.0,0.0,0.0,0.0,0.0,0.00024518714053556323,1.0,1.0,0.0,0.0,0.0,0.0,0.0004050946154166013,no,no,review
18_217_217_49_32_jpg.rf.5a88b3dd4c591e4a393db5de71f6ab38.jpg,18_217_217_49_32_jpg.rf.5a88b3dd4c591e4a393db5de71f6ab38.npz,156,0.6220837235450745,0.5427347421646118,0.07934898138046265,0.45146700739860535,0.37243372201919556,1.0,1.0,0.0,0.0,0.0,0.0,0.0002514658262953162,1.0,1.0,0.0,0.0,0.0,0.0,0.0004810028476640582,0.6220837235450745,0.45146700739860535,8806.0,4898.0,16177.0,20085.0,0.09097792208194733,1.0,1.0,0.0,0.0,0.0,0.0,0.00045136461267247796,no,no,review
15_242_212_24_22_jpg.rf.2f17b78499237d6ca9567886f5d92f21.jpg,15_242_212_24_22_jpg.rf.2f17b78499237d6ca9567886f5d92f21.npz,157,0.6277735233306885,0.5415864586830139,0.08618706464767456,0.4574853479862213,0.3713531792163849,1.0,1.0,0.0,0.0,0.0,0.0,0.00024187391682062298,0.6277735233306885,0.4574853479862213,8146.0,9821.0,24972.0,23297.0,0.11075051873922348,1.0,1.0,0.0,0.0,0.0,0.0,0.0002511129714548588,1.0,1.0,0.0,0.0,0.0,0.0,0.00041515950579196215,no,no,review
17_209_102_9_17_jpg.rf.988236f25cdb2814b72f026ac29a806c.jpg,17_209_102_9_17_jpg.rf.988236f25cdb2814b72f026ac29a806c.npz,158,0.6340681314468384,0.6724130511283875,-0.03834491968154907,0.4642018675804138,0.5064926743507385,1.0,1.0,0.0,0.0,0.0,0.0,0.00026444383547641337,1.0,1.0,0.0,0.0,0.0,0.0,0.00046276155626401305,0.6340681314468384,0.4642018675804138,6584.0,11444.0,27063.0,22203.0,0.10895300656557083,1.0,1.0,0.0,0.0,0.0,0.0,0.0004177582450211048,no,no,review
16_224_603_161_44_jpg.rf.5c90e541b4a884a1f22c3aa60dc2c4d2.jpg,16_224_603_161_44_jpg.rf.5c90e541b4a884a1f22c3aa60dc2c4d2.npz,159,0.6382901072502136,0.6628857851028442,-0.024595677852630615,0.46874162554740906,0.4957585632801056,1.0,1.0,0.0,0.0,0.0,0.0,0.00023474963381886482,1.0,1.0,0.0,0.0,0.0,0.0,0.0005701151676476002,0.6382901072502136,0.46874162554740906,1954.0,3986.0,9227.0,7195.0,0.03255495801568031,1.0,1.0,0.0,0.0,0.0,0.0,0.00034977038740180433,no,no,review
15_242_208_35_16_jpg.rf.3b4a244e869c3c6b7c31b882628035a1.jpg,15_242_208_35_16_jpg.rf.3b4a244e869c3c6b7c31b882628035a1.npz,160,0.6397474408149719,0.47538265585899353,0.1643647849559784,0.470315158367157,0.31180456280708313,1.0,1.0,0.0,0.0,0.0,0.0,0.00026386312674731016,0.6397474408149719,0.470315158367157,42063.0,7114.0,50779.0,85728.0,0.3549203872680664,1.0,1.0,0.0,0.0,0.0,0.0,0.0002553324156906456,1.0,1.0,0.0,0.0,0.0,0.0,0.00045184590271674097,no,no,review
15_242_208_34_6_jpg.rf.e51800eef69ab737b2d07197086e6353.jpg,15_242_208_34_6_jpg.rf.e51800eef69ab737b2d07197086e6353.npz,161,0.6435914635658264,0.6764820218086243,-0.03289055824279785,0.47448205947875977,0.5111241936683655,1.0,1.0,0.0,0.0,0.0,0.0,0.0003048173966817558,0.6435914635658264,0.47448205947875977,57058.0,420.0,52316.0,108954.0,0.45671698451042175,1.0,1.0,0.0,0.0,0.0,0.0,0.00029489301959984004,1.0,1.0,0.0,0.0,0.0,0.0,0.0005480151739902794,no,no,review
18_228_Masson_505_83_33_jpg.rf.bd0ab48a383f568af4bfc3fc4e926061.jpg,18_228_Masson_505_83_33_jpg.rf.bd0ab48a383f568af4bfc3fc4e926061.npz,162,0.6441750526428223,0.6341129541397095,0.010062098503112793,0.47511669993400574,0.4642499089241028,0.6441750526428223,0.47511669993400574,11912.0,6.0,10794.0,22700.0,0.09575442224740982,1.0,1.0,0.0,0.0,0.0,0.0,0.00040312911733053625,1.0,1.0,0.0,0.0,0.0,0.0,0.00021944352192804217,1.0,1.0,0.0,0.0,0.0,0.0,0.0003829982306342572,no,no,review
18_229_Masson_201_69_27_jpg.rf.6e44c9ee4998a3b67dbaa1a9f603215b.jpg,18_229_Masson_201_69_27_jpg.rf.6e44c9ee4998a3b67dbaa1a9f603215b.npz,163,0.6476936936378479,0.9071989059448242,-0.2595052123069763,0.47895488142967224,0.8301592469215393,0.6476936936378479,0.47895488142967224,0.0,12045.0,23117.0,11072.0,0.04977845028042793,1.0,1.0,0.0,0.0,0.0,0.0,0.00048363651148974895,1.0,1.0,0.0,0.0,0.0,0.0,0.0013498574262484908,1.0,1.0,0.0,0.0,0.0,0.0,0.00036251521669328213,no,no,D_check_TTA_harm
18_237_503_42_16_jpg.rf.b521b513e847cdca3d7111b46618efae.jpg,18_237_503_42_16_jpg.rf.b521b513e847cdca3d7111b46618efae.npz,164,0.6487555503845215,0.6481858491897583,0.0005697011947631836,0.4801170527935028,0.47949329018592834,0.6487555503845215,0.4801170527935028,1936.0,7124.0,15491.0,10303.0,0.045199811458587646,1.0,1.0,0.0,0.0,0.0,0.0,0.0003431329096201807,1.0,1.0,0.0,0.0,0.0,0.0,0.00019586936105042696,1.0,1.0,0.0,0.0,0.0,0.0,0.0003964377392549068,no,no,review
15_242_208_22_24_jpg.rf.c81a06b062fb0ce3ad42bf8616f4acbf.jpg,15_242_208_22_24_jpg.rf.c81a06b062fb0ce3ad42bf8616f4acbf.npz,165,0.6499578356742859,0.614726185798645,0.03523164987564087,0.48143523931503296,0.4437578618526459,1.0,1.0,0.0,0.0,0.0,0.0,0.0002500710543245077,0.6499578356742859,0.48143523931503296,9313.0,18508.0,44337.0,35142.0,0.1618598997592926,1.0,1.0,0.0,0.0,0.0,0.0,0.0002954917144961655,1.0,1.0,0.0,0.0,0.0,0.0,0.0004243217990733683,no,no,review
18_217_217_45_8_jpg.rf.7f39d6128717dbee89ce10f2b430e666.jpg,18_217_217_45_8_jpg.rf.7f39d6128717dbee89ce10f2b430e666.npz,166,0.6502348780632019,0.49404096603393555,0.15619391202926636,0.4817392826080322,0.3280573785305023,1.0,1.0,0.0,0.0,0.0,0.0,0.00025799204013310373,1.0,1.0,0.0,0.0,0.0,0.0,0.0004621875996235758,0.6502348780632019,0.4817392826080322,4259.0,1176.0,6228.0,9311.0,0.0511467345058918,1.0,1.0,0.0,0.0,0.0,0.0,0.0004385729553177953,no,no,review
202_4_15_52_jpg.rf.08d106edb0ac028cb8dc11d635e82980.jpg,202_4_15_52_jpg.rf.08d106edb0ac028cb8dc11d635e82980.npz,167,0.6567556858062744,0.6319794654846191,0.024776220321655273,0.48893243074417114,0.4619663655757904,1.0,1.0,0.0,0.0,0.0,0.0,0.0002828995056916028,1.0,1.0,0.0,0.0,0.0,0.0,0.00034923001658171415,1.0,1.0,0.0,0.0,0.0,0.0,0.00017241014575120062,0.6567556858062744,0.48893243074417114,9042.0,8436.0,25157.0,25763.0,0.11504067480564117,no,no,review
18_217_217_45_13_jpg.rf.e35b2e71b246eb7c77b90a4e98baa4b5.jpg,18_217_217_45_13_jpg.rf.e35b2e71b246eb7c77b90a4e98baa4b5.npz,168,0.6603996753692627,0.6196781396865845,0.04072153568267822,0.4929825961589813,0.44893741607666016,1.0,1.0,0.0,0.0,0.0,0.0,0.00024373708583880216,1.0,1.0,0.0,0.0,0.0,0.0,0.0004915689933113754,0.6603996753692627,0.4929825961589813,3799.0,2234.0,8100.0,9665.0,0.045794807374477386,1.0,1.0,0.0,0.0,0.0,0.0,0.00039005730650387704,no,no,review
207_1_15_31_jpg.rf.087a590f08c3c6debf206665c2346787.jpg,207_1_15_31_jpg.rf.087a590f08c3c6debf206665c2346787.npz,169,0.6613261103630066,0.6799488663673401,-0.018622756004333496,0.4940158426761627,0.5150927901268005,1.0,1.0,0.0,0.0,0.0,0.0,0.00028802838642150164,1.0,1.0,0.0,0.0,0.0,0.0,0.00032235178514383733,1.0,1.0,0.0,0.0,0.0,0.0,0.00016482677892781794,0.6613261103630066,0.4940158426761627,450.0,5807.0,11916.0,6559.0,0.03425026684999466,no,no,review
201_9_14_16_jpg.rf.5ca69141b03c9b4188037eabf2d40108.jpg,201_9_14_16_jpg.rf.5ca69141b03c9b4188037eabf2d40108.npz,170,0.6618759632110596,0.8283011317253113,-0.1664251685142517,0.49462977051734924,0.706923246383667,1.0,1.0,0.0,0.0,0.0,0.0,0.0002892244956456125,1.0,1.0,0.0,0.0,0.0,0.0,0.0003748279414139688,1.0,1.0,0.0,0.0,0.0,0.0,0.00017841816588770598,0.6618759632110596,0.49462977051734924,2090.0,12120.0,26028.0,15998.0,0.12063087522983551,no,no,review
16_224_101_110_19_jpg.rf.7f66c019bc48c28a97f7c3311cdd5c0a.jpg,16_224_101_110_19_jpg.rf.7f66c019bc48c28a97f7c3311cdd5c0a.npz,171,0.6622625589370728,0.7146589756011963,-0.052396416664123535,0.4950616657733917,0.5560072660446167,1.0,1.0,0.0,0.0,0.0,0.0,0.00023417212651111186,1.0,1.0,0.0,0.0,0.0,0.0,0.00048571883235126734,0.6622625589370728,0.4950616657733917,5079.0,4379.0,13652.0,14352.0,0.06413577497005463,1.0,1.0,0.0,0.0,0.0,0.0,0.0003900417359545827,no,no,review
201_3_9_46_jpg.rf.0f26f7a5b08f139fca6db801914a191b.jpg,201_3_9_46_jpg.rf.0f26f7a5b08f139fca6db801914a191b.npz,172,0.6630294919013977,0.6639522314071655,-0.0009227395057678223,0.49591928720474243,0.49695244431495667,1.0,1.0,0.0,0.0,0.0,0.0,0.0002805115364026278,1.0,1.0,0.0,0.0,0.0,0.0,0.00033531402004882693,1.0,1.0,0.0,0.0,0.0,0.0,0.00016859157767612487,0.6630294919013977,0.49591928720474243,7597.0,2347.0,12130.0,17380.0,0.07824245095252991,no,no,review
15_242_208_18_4_jpg.rf.dba4f23cba0742c99a799f2cbcd9dcac.jpg,15_242_208_18_4_jpg.rf.dba4f23cba0742c99a799f2cbcd9dcac.npz,173,0.6636170148849487,0.6571230292320251,0.006493985652923584,0.4965769648551941,0.4893397092819214,1.0,1.0,0.0,0.0,0.0,0.0,0.00031663457048125565,0.6636170148849487,0.4965769648551941,56283.0,8207.0,71820.0,119896.0,0.5126420855522156,1.0,1.0,0.0,0.0,0.0,0.0,0.00031789473723620176,1.0,1.0,0.0,0.0,0.0,0.0,0.0005954377702437341,no,no,review
201_5_21_51_jpg.rf.315797af6ebaf863977024ec65addddb.jpg,201_5_21_51_jpg.rf.315797af6ebaf863977024ec65addddb.npz,174,0.6647933125495911,0.6403849124908447,0.024408400058746338,0.49789541959762573,0.47100454568862915,1.0,1.0,0.0,0.0,0.0,0.0,0.0002697764430195093,1.0,1.0,0.0,0.0,0.0,0.0,0.00033893901854753494,1.0,1.0,0.0,0.0,0.0,0.0,0.00017304510402027518,0.6647933125495911,0.49789541959762573,27863.0,170.0,27968.0,55661.0,0.2194894254207611,no,no,review
15_242_208_40_21_jpg.rf.f6c2e12f29c1178844be7c8b9a2126a8.jpg,15_242_208_40_21_jpg.rf.f6c2e12f29c1178844be7c8b9a2126a8.npz,175,0.6652432680130005,0.7135518193244934,-0.04830855131149292,0.49840039014816284,0.5546681880950928,1.0,1.0,0.0,0.0,0.0,0.0,0.0002440172538626939,0.6652432680130005,0.49840039014816284,11476.0,1067.0,13530.0,23939.0,0.10464651882648468,1.0,1.0,0.0,0.0,0.0,0.0,0.00020412725280039012,1.0,1.0,0.0,0.0,0.0,0.0,0.0003736737126018852,no,no,review
201_13_10_19_jpg.rf.b558fa706deae99ec084e748fd1f05fd.jpg,201_13_10_19_jpg.rf.b558fa706deae99ec084e748fd1f05fd.npz,176,0.6654203534126282,0.7004097700119019,-0.03498941659927368,0.49859920144081116,0.5389466285705566,1.0,1.0,0.0,0.0,0.0,0.0,0.0003016333212144673,1.0,1.0,0.0,0.0,0.0,0.0,0.0003506696957629174,1.0,1.0,0.0,0.0,0.0,0.0,0.00017926760483533144,0.6654203534126282,0.49859920144081116,5787.0,6025.0,17771.0,17533.0,0.06737325340509415,no,no,review
201_9_6_12_jpg.rf.ed85619ca206aab38c8bed4f370449cb.jpg,201_9_6_12_jpg.rf.ed85619ca206aab38c8bed4f370449cb.npz,177,0.6664615869522095,9.225943620183585e-11,0.66646158685995,0.4997693598270416,9.225943620183585e-11,1.0,1.0,0.0,0.0,0.0,0.0,0.00029368288232944906,1.0,1.0,0.0,0.0,0.0,0.0,0.0003327931626699865,1.0,1.0,0.0,0.0,0.0,0.0,0.00017533241771161556,0.6664615869522095,0.4997693598270416,0.0,5422.0,10839.0,5417.0,0.03526534140110016,no,yes,review
15_242_208_36_26_jpg.rf.9bec177bcaeea238aee34e0236f0ca46.jpg,15_242_208_36_26_jpg.rf.9bec177bcaeea238aee34e0236f0ca46.npz,178,0.6667023301124573,0.6953253149986267,-0.028622984886169434,0.5000401139259338,0.5329491496086121,1.0,1.0,0.0,0.0,0.0,0.0,0.00023759144823998213,0.6667023301124573,0.5000401139259338,14729.0,10210.0,35153.0,39672.0,0.17384229600429535,1.0,1.0,0.0,0.0,0.0,0.0,0.0002874897327274084,1.0,1.0,0.0,0.0,0.0,0.0,0.0004123163816984743,no,no,review
18_228_Masson_505_103_29_jpg.rf.ffb4781c3e9443877b939a402c09e977.jpg,18_228_Masson_505_103_29_jpg.rf.ffb4781c3e9443877b939a402c09e977.npz,179,0.6675439476966858,0.6625479459762573,0.004996001720428467,0.5009875893592834,0.4953807294368744,0.6675439476966858,0.5009875893592834,3785.0,4805.0,13429.0,12409.0,0.052610330283641815,1.0,1.0,0.0,0.0,0.0,0.0,0.00035265946644358337,1.0,1.0,0.0,0.0,0.0,0.0,0.00018306267156731337,1.0,1.0,0.0,0.0,0.0,0.0,0.00036441656993702054,no,no,review
15_242_212_18_19_jpg.rf.79299cc61d68a84a12d1297d23a15316.jpg,15_242_212_18_19_jpg.rf.79299cc61d68a84a12d1297d23a15316.npz,180,0.6685065627098083,0.5700538754463196,0.09845268726348877,0.5020727515220642,0.39865410327911377,1.0,1.0,0.0,0.0,0.0,0.0,0.00025309494230896235,0.6685065627098083,0.5020727515220642,8995.0,7100.0,23329.0,25224.0,0.10829215496778488,1.0,1.0,0.0,0.0,0.0,0.0,0.00024233924341388047,1.0,1.0,0.0,0.0,0.0,0.0,0.00040545768570154905,no,no,review
203_0_15_61_jpg.rf.59f508c96646b99ecea77c7509de4962.jpg,203_0_15_61_jpg.rf.59f508c96646b99ecea77c7509de4962.npz,181,0.6791585683822632,0.6219802498817444,0.0571783185005188,0.5141863226890564,0.45135805010795593,1.0,1.0,0.0,0.0,0.0,0.0,0.0002915260847657919,1.0,1.0,0.0,0.0,0.0,0.0,0.00035472147283144295,1.0,1.0,0.0,0.0,0.0,0.0,0.00017514315550215542,0.6791585683822632,0.5141863226890564,8897.0,10794.0,31635.0,29738.0,0.11315954476594925,no,no,review
15_242_208_38_8_jpg.rf.e7aadc7dff977e0d2d3dc55d37b6681a.jpg,15_242_208_38_8_jpg.rf.e7aadc7dff977e0d2d3dc55d37b6681a.npz,182,0.6792547702789307,0.6866711974143982,-0.007416427135467529,0.5142965912818909,0.5228478908538818,1.0,1.0,0.0,0.0,0.0,0.0,0.0002442616969347,0.6792547702789307,0.5142965912818909,9326.0,27637.0,66776.0,48465.0,0.20526380836963654,1.0,1.0,0.0,0.0,0.0,0.0,0.00028624245896935463,1.0,1.0,0.0,0.0,0.0,0.0,0.00044628707109950483,no,no,review
16_256_202_24_3_jpg.rf.4c1b2a08751a388a72f0da5ce0210ece.jpg,16_256_202_24_3_jpg.rf.4c1b2a08751a388a72f0da5ce0210ece.npz,183,0.6801779270172119,0.7490629553794861,-0.06888502836227417,0.5153558254241943,0.5988014936447144,1.0,1.0,0.0,0.0,0.0,0.0,0.00024781047250144184,0.6801779270172119,0.5153558254241943,0.0,12940.0,26700.0,13760.0,0.062390752136707306,1.0,1.0,0.0,0.0,0.0,0.0,0.00016585698176641017,1.0,1.0,0.0,0.0,0.0,0.0,0.0003595306188799441,no,no,review
17_209_102_11_21_jpg.rf.28c0c5d2af34dfb59165ebd63f2190b8.jpg,17_209_102_11_21_jpg.rf.28c0c5d2af34dfb59165ebd63f2190b8.npz,184,0.682172417640686,0.7141509056091309,-0.031978487968444824,0.517649233341217,0.5553924441337585,1.0,1.0,0.0,0.0,0.0,0.0,0.00023567868629470468,1.0,1.0,0.0,0.0,0.0,0.0,0.0005388839053921402,0.682172417640686,0.517649233341217,3018.0,2243.0,7889.0,8664.0,0.03822264447808266,1.0,1.0,0.0,0.0,0.0,0.0,0.0003465283662080765,no,no,review
15_242_212_17_15_jpg.rf.fe34c445eafd6ca58c7d4546c47b73d5.jpg,15_242_212_17_15_jpg.rf.fe34c445eafd6ca58c7d4546c47b73d5.npz,185,0.6859633922576904,0.6783312559127808,0.007632136344909668,0.5220276117324829,0.5132384896278381,1.0,1.0,0.0,0.0,0.0,0.0,0.00025673123309388757,0.6859633922576904,0.5220276117324829,28135.0,1256.0,33356.0,60235.0,0.25517529249191284,1.0,1.0,0.0,0.0,0.0,0.0,0.0002501702110748738,1.0,1.0,0.0,0.0,0.0,0.0,0.00045226499787531793,no,no,review
15_242_208_199_39_jpg.rf.f19675c00a71a7d20ae172d4f5cdd5f4.jpg,15_242_208_199_39_jpg.rf.f19675c00a71a7d20ae172d4f5cdd5f4.npz,186,0.6860581636428833,0.7372416853904724,-0.05118352174758911,0.5221374034881592,0.5838343501091003,1.0,1.0,0.0,0.0,0.0,0.0,0.00023576301464345306,1.0,1.0,0.0,0.0,0.0,0.0,0.0005338451010175049,0.6860581636428833,0.5221374034881592,1247.0,318.0,2028.0,2957.0,0.012706678360700607,1.0,1.0,0.0,0.0,0.0,0.0,0.00033560008159838617,no,no,review
17_209_102_11_23_jpg.rf.19964cdd19367800b2c257ce35246f17.jpg,17_209_102_11_23_jpg.rf.19964cdd19367800b2c257ce35246f17.npz,187,0.6870098114013672,0.7145168781280518,-0.02750706672668457,0.5232406258583069,0.5558353066444397,1.0,1.0,0.0,0.0,0.0,0.0,0.00023890954616945237,1.0,1.0,0.0,0.0,0.0,0.0,0.0004711040237452835,0.6870098114013672,0.5232406258583069,4447.0,4692.0,14722.0,14477.0,0.07771137356758118,1.0,1.0,0.0,0.0,0.0,0.0,0.0004222217248752713,no,no,review
15_242_211_20_8_jpg.rf.950728d54a845dd1d8c6405a9c0faac5.jpg,15_242_211_20_8_jpg.rf.950728d54a845dd1d8c6405a9c0faac5.npz,188,0.6876736283302307,0.7023245692253113,-0.014650940895080566,0.5240111351013184,0.5412174463272095,1.0,1.0,0.0,0.0,0.0,0.0,0.0002672240661922842,0.6876736283302307,0.5240111351013184,29216.0,10808.0,54870.0,73278.0,0.303053081035614,1.0,1.0,0.0,0.0,0.0,0.0,0.00027477796538732946,1.0,1.0,0.0,0.0,0.0,0.0,0.00046777474926784635,no,no,review
15_242_208_29_16_jpg.rf.814c7d9a145bb826b5fd836eabe4352a.jpg,15_242_208_29_16_jpg.rf.814c7d9a145bb826b5fd836eabe4352a.npz,189,0.6877556443214417,0.6812248229980469,0.006530821323394775,0.5241064429283142,0.5165587067604065,1.0,1.0,0.0,0.0,0.0,0.0,0.0002612559183035046,0.6877556443214417,0.5241064429283142,25824.0,2189.0,33040.0,56675.0,0.2574528157711029,1.0,1.0,0.0,0.0,0.0,0.0,0.00025749276392161846,1.0,1.0,0.0,0.0,0.0,0.0,0.00045163914910517633,no,no,review
16_224_101_109_29_jpg.rf.4a8ac32d6f131f29003516e4a810bee1.jpg,16_224_101_109_29_jpg.rf.4a8ac32d6f131f29003516e4a810bee1.npz,190,0.6883031725883484,0.6751200556755066,0.013183116912841797,0.524742603302002,0.5095707178115845,1.0,1.0,0.0,0.0,0.0,0.0,0.00022770366922486573,1.0,1.0,0.0,0.0,0.0,0.0,0.000609158887527883,0.6883031725883484,0.524742603302002,2273.0,3451.0,9771.0,8593.0,0.038003068417310715,1.0,1.0,0.0,0.0,0.0,0.0,0.0003510420792736113,no,no,review
16_256_202_21_10_jpg.rf.ecfb6cd9ac9353091d0a964919c63bab.jpg,16_256_202_21_10_jpg.rf.ecfb6cd9ac9353091d0a964919c63bab.npz,191,0.6887679100036621,0.7710354328155518,-0.08226752281188965,0.5252830386161804,0.627386212348938,1.0,1.0,0.0,0.0,0.0,0.0,0.00022337547852657735,0.6887679100036621,0.5252830386161804,0.0,5032.0,10600.0,5568.0,0.03060873970389366,1.0,1.0,0.0,0.0,0.0,0.0,0.0002315127640031278,1.0,1.0,0.0,0.0,0.0,0.0,0.0003392414655536413,no,no,review
15_242_211_20_13_jpg.rf.1f7695cf48d06dc64c179bef0565d1e2.jpg,15_242_211_20_13_jpg.rf.1f7695cf48d06dc64c179bef0565d1e2.npz,192,0.6895382404327393,0.624650239944458,0.06488800048828125,0.5261796116828918,0.45417556166648865,1.0,1.0,0.0,0.0,0.0,0.0,0.0002701057819649577,0.6895382404327393,0.5261796116828918,28359.0,15956.0,65168.0,77571.0,0.33088940382003784,1.0,1.0,0.0,0.0,0.0,0.0,0.00031053548445925117,1.0,1.0,0.0,0.0,0.0,0.0,0.0005269685643725097,no,no,review
17_209_102_6_33_jpg.rf.992f8ad1332d3c668e7e1f7f8fbddc85.jpg,17_209_102_6_33_jpg.rf.992f8ad1332d3c668e7e1f7f8fbddc85.npz,193,0.6902170777320862,0.693609356880188,-0.0033922791481018066,0.5269705653190613,0.5309356451034546,1.0,1.0,0.0,0.0,0.0,0.0,0.00025829358492046595,1.0,1.0,0.0,0.0,0.0,0.0,0.0004795528366230428,0.6902170777320862,0.5269705653190613,441.0,4882.0,10812.0,6371.0,0.029812408611178398,1.0,1.0,0.0,0.0,0.0,0.0,0.00039368009311147034,no,no,review
16_253_308_34_19_jpg.rf.b42a9c2a7ffd36b5a7c94176cd78ecdb.jpg,16_253_308_34_19_jpg.rf.b42a9c2a7ffd36b5a7c94176cd78ecdb.npz,194,0.6918722987174988,0.6643285751342773,0.027543723583221436,0.5289027094841003,0.4973742365837097,1.0,1.0,0.0,0.0,0.0,0.0,0.00025696211378090084,0.6918722987174988,0.5289027094841003,6040.0,7896.0,23542.0,21686.0,0.10346251726150513,1.0,1.0,0.0,0.0,0.0,0.0,0.0002396931522525847,1.0,1.0,0.0,0.0,0.0,0.0,0.0004128585569560528,no,no,review
208_1_10_58_jpg.rf.ecc29e81a3a91764bc721146887449f0.jpg,208_1_10_58_jpg.rf.ecc29e81a3a91764bc721146887449f0.npz,195,0.6919025182723999,0.7015249133110046,-0.009622395038604736,0.5289379954338074,0.5402682423591614,1.0,1.0,0.0,0.0,0.0,0.0,0.0002934632357209921,1.0,1.0,0.0,0.0,0.0,0.0,0.0003782868152484298,1.0,1.0,0.0,0.0,0.0,0.0,0.00018871114298235625,0.6919025182723999,0.5289379954338074,20755.0,3109.0,29905.0,47551.0,0.2080865204334259,no,no,review
17_209_102_11_34_jpg.rf.ac1a87149507fb46ade463a1913f32c0.jpg,17_209_102_11_34_jpg.rf.ac1a87149507fb46ade463a1913f32c0.npz,196,0.6957789063453674,0.6791492104530334,0.016629695892333984,0.5334823131561279,0.5141755938529968,1.0,1.0,0.0,0.0,0.0,0.0,0.00024154770653694868,1.0,1.0,0.0,0.0,0.0,0.0,0.0005450256285257638,0.6957789063453674,0.5334823131561279,6440.0,450.0,8329.0,14319.0,0.061048950999975204,1.0,1.0,0.0,0.0,0.0,0.0,0.0003805456217378378,no,no,review
202_1_10_29_jpg.rf.333601b5534ccbcda0ed27e4daa4bd8e.jpg,202_1_10_29_jpg.rf.333601b5534ccbcda0ed27e4daa4bd8e.npz,197,0.697035551071167,0.7093989253044128,-0.01236337423324585,0.5349613428115845,0.5496655106544495,1.0,1.0,0.0,0.0,0.0,0.0,0.0002718162431847304,1.0,1.0,0.0,0.0,0.0,0.0,0.0003204549429938197,1.0,1.0,0.0,0.0,0.0,0.0,0.00016356256674043834,0.697035551071167,0.5349613428115845,572.0,11273.0,24899.0,14198.0,0.059480275958776474,no,no,review
208_7_13_26_jpg.rf.6c356a0a4cbfef09fbc18119ccfaf601.jpg,208_7_13_26_jpg.rf.6c356a0a4cbfef09fbc18119ccfaf601.npz,198,0.697823166847229,0.6979783177375793,-0.0001551508903503418,0.5358896851539612,0.5360727310180664,1.0,1.0,0.0,0.0,0.0,0.0,0.0002869924937840551,1.0,1.0,0.0,0.0,0.0,0.0,0.0003585002850741148,1.0,1.0,0.0,0.0,0.0,0.0,0.00017263459449168295,0.697823166847229,0.5358896851539612,290.0,21823.0,47356.0,25823.0,0.12983351945877075,no,no,review
15_242_208_22_15_jpg.rf.c6af011b1aaafa7f92158c50c0a2fb6a.jpg,15_242_208_22_15_jpg.rf.c6af011b1aaafa7f92158c50c0a2fb6a.npz,199,0.6990020275115967,0.6653240919113159,0.03367793560028076,0.5372813940048218,0.49849116802215576,1.0,1.0,0.0,0.0,0.0,0.0,0.00024312657478731126,0.6990020275115967,0.5372813940048218,18655.0,738.0,23256.0,41173.0,0.16914591193199158,1.0,1.0,0.0,0.0,0.0,0.0,0.00024353402841370553,1.0,1.0,0.0,0.0,0.0,0.0,0.0004012089630123228,no,no,review
15_242_211_19_12_jpg.rf.24346c158d307b8abd6a8a8c1806971c.jpg,15_242_211_19_12_jpg.rf.24346c158d307b8abd6a8a8c1806971c.npz,200,0.7035201787948608,0.82842618227005,-0.12490600347518921,0.5426387190818787,0.7071053981781006,1.0,1.0,0.0,0.0,0.0,0.0,0.00022110150894150138,0.7035201787948608,0.5426387190818787,788.0,5015.0,11900.0,7673.0,0.03346553444862366,1.0,1.0,0.0,0.0,0.0,0.0,0.00023589796910528094,1.0,1.0,0.0,0.0,0.0,0.0,0.00033045877353288233,no,no,review
18_229_Masson_302_37_32_jpg.rf.f513e0d1a059e50552419780b4a0ca16.jpg,18_229_Masson_302_37_32_jpg.rf.f513e0d1a059e50552419780b4a0ca16.npz,201,0.7078990936279297,0.6205859184265137,0.08731317520141602,0.547866702079773,0.44989094138145447,0.7078990936279297,0.547866702079773,29960.0,6897.0,51558.0,74621.0,0.37526077032089233,1.0,1.0,0.0,0.0,0.0,0.0,0.00047695121611468494,1.0,1.0,0.0,0.0,0.0,0.0,0.00029228770290501416,1.0,1.0,0.0,0.0,0.0,0.0,0.0004914191667921841,no,no,review
18_229_Masson_302_26_12_jpg.rf.a2241e10e5fe05f1e07c1f593e958be1.jpg,18_229_Masson_302_26_12_jpg.rf.a2241e10e5fe05f1e07c1f593e958be1.npz,202,0.7089246511459351,0.6360941529273987,0.07283049821853638,0.5490962266921997,0.4663769006729126,0.7089246511459351,0.5490962266921997,21355.0,14867.0,58977.0,65465.0,0.2799408435821533,1.0,1.0,0.0,0.0,0.0,0.0,0.0005100304260849953,1.0,1.0,0.0,0.0,0.0,0.0,0.00028522935463115573,1.0,1.0,0.0,0.0,0.0,0.0,0.0004538251378107816,no,no,review
18_236_203_78_13_jpg.rf.5a203acd28e32027596062a72c860182.jpg,18_236_203_78_13_jpg.rf.5a203acd28e32027596062a72c860182.npz,203,0.7092331051826477,0.7094994187355042,-0.0002663135528564453,0.5494664311408997,0.5497862100601196,0.7092331051826477,0.5494664311408997,229.0,10664.0,23949.0,13514.0,0.058273881673812866,1.0,1.0,0.0,0.0,0.0,0.0,0.00035031497827731073,1.0,1.0,0.0,0.0,0.0,0.0,0.00019563034584280103,1.0,1.0,0.0,0.0,0.0,0.0,0.00036486692260950804,no,no,review
201_9_6_46_jpg.rf.f6f6d63bcc398879eafb843833184e29.jpg,201_9_6_46_jpg.rf.f6f6d63bcc398879eafb843833184e29.npz,204,0.7101276516914368,0.7247830629348755,-0.01465541124343872,0.5505410432815552,0.5683606266975403,1.0,1.0,0.0,0.0,0.0,0.0,0.00027963993488810956,1.0,1.0,0.0,0.0,0.0,0.0,0.00031771414796821773,1.0,1.0,0.0,0.0,0.0,0.0,0.0001701724686427042,0.7101276516914368,0.5505410432815552,8814.0,4312.0,20390.0,24892.0,0.10656505823135376,no,no,review
201_8_5_6_jpg.rf.bfc22135a0d0a5d10f695ddfa187c2df.jpg,201_8_5_6_jpg.rf.bfc22135a0d0a5d10f695ddfa187c2df.npz,205,0.7107779383659363,0.9159345626831055,-0.2051566243171692,0.5513231158256531,0.8449071049690247,1.0,1.0,0.0,0.0,0.0,0.0,0.00029821303905919194,1.0,1.0,0.0,0.0,0.0,0.0,0.0003409408964216709,1.0,1.0,0.0,0.0,0.0,0.0,0.0001743823231663555,0.7107779383659363,0.5513231158256531,4481.0,419.0,6440.0,10502.0,0.05403650552034378,no,no,D_check_TTA_harm
18_229_Masson_202_68_36_jpg.rf.617f73ac21736a3584904d31df66a851.jpg,18_229_Masson_202_68_36_jpg.rf.617f73ac21736a3584904d31df66a851.npz,206,0.7146628499031067,0.7534658312797546,-0.03880298137664795,0.556011974811554,0.6044486165046692,0.7146628499031067,0.556011974811554,1707.0,5102.0,13629.0,10234.0,0.04606892913579941,1.0,1.0,0.0,0.0,0.0,0.0,0.0003638654015958309,1.0,1.0,0.0,0.0,0.0,0.0,0.0002093763614539057,1.0,1.0,0.0,0.0,0.0,0.0,0.0003835792886093259,no,no,review
15_242_212_20_7_jpg.rf.33fc8885e9313ede2060a8b43fbb1522.jpg,15_242_212_20_7_jpg.rf.33fc8885e9313ede2060a8b43fbb1522.npz,207,0.7149505615234375,0.747240424156189,-0.032289862632751465,0.5563603639602661,0.5964755415916443,1.0,1.0,0.0,0.0,0.0,0.0,0.0003655092150438577,0.7149505615234375,0.5563603639602661,9214.0,6037.0,25163.0,28340.0,0.12074577063322067,1.0,1.0,0.0,0.0,0.0,0.0,0.0002535110979806632,1.0,1.0,0.0,0.0,0.0,0.0,0.00040071617695502937,no,no,review
18_229_Masson_202_67_25_jpg.rf.659820c6b56d026e657f9564b213cb6d.jpg,18_229_Masson_202_67_25_jpg.rf.659820c6b56d026e657f9564b213cb6d.npz,208,0.716001570224762,0.7585351467132568,-0.04253357648849487,0.5576342940330505,0.611000120639801,0.716001570224762,0.5576342940330505,1071.0,28982.0,66866.0,38955.0,0.1680137813091278,1.0,1.0,0.0,0.0,0.0,0.0,0.0004261362482793629,1.0,1.0,0.0,0.0,0.0,0.0,0.00028073167777620256,1.0,1.0,0.0,0.0,0.0,0.0,0.00042472785571590066,no,no,review
15_242_208_26_11_jpg.rf.37db2a4ea685490178f091f2f33fdf1e.jpg,15_242_208_26_11_jpg.rf.37db2a4ea685490178f091f2f33fdf1e.npz,209,0.7160707116127014,0.7082327604293823,0.007837951183319092,0.5577181577682495,0.5482665300369263,1.0,1.0,0.0,0.0,0.0,0.0,0.00026521875406615436,0.7160707116127014,0.5577181577682495,12288.0,18980.0,58409.0,51717.0,0.21587154269218445,1.0,1.0,0.0,0.0,0.0,0.0,0.0002580402069725096,1.0,1.0,0.0,0.0,0.0,0.0,0.0004563257680274546,no,no,review
201_0_14_34_jpg.rf.03fb054fe28e0dd5a098e8706df23028.jpg,201_0_14_34_jpg.rf.03fb054fe28e0dd5a098e8706df23028.npz,210,0.7163106203079224,0.7345098853111267,-0.018199265003204346,0.5580093264579773,0.5804153084754944,1.0,1.0,0.0,0.0,0.0,0.0,0.00028382588061504066,1.0,1.0,0.0,0.0,0.0,0.0,0.00037378448178060353,1.0,1.0,0.0,0.0,0.0,0.0,0.00017995807866100222,0.7163106203079224,0.5580093264579773,2267.0,33098.0,77746.0,46915.0,0.21262149512767792,no,no,review
18_211_206_19_8_jpg.rf.4b56579b4734376865fbd5ab787fb086.jpg,18_211_206_19_8_jpg.rf.4b56579b4734376865fbd5ab787fb086.npz,211,0.7167527675628662,0.6506607532501221,0.06609201431274414,0.5585461258888245,0.48220694065093994,1.0,1.0,0.0,0.0,0.0,0.0,0.00024330605810973793,0.7167527675628662,0.5585461258888245,3139.0,8047.0,22200.0,17292.0,0.08238033950328827,1.0,1.0,0.0,0.0,0.0,0.0,0.00028702442068606615,1.0,1.0,0.0,0.0,0.0,0.0,0.0003744068380910903,no,no,review
201_2_14_211_jpg.rf.c602a7895a491ca4cd57c40fbca0bc8a.jpg,201_2_14_211_jpg.rf.c602a7895a491ca4cd57c40fbca0bc8a.npz,212,0.7205823659896851,0.6972028613090515,0.023379504680633545,0.5632112622261047,0.5351584553718567,1.0,1.0,0.0,0.0,0.0,0.0,0.00027201540069654584,1.0,1.0,0.0,0.0,0.0,0.0,0.0003168176917824894,1.0,1.0,0.0,0.0,0.0,0.0,0.00016217918891925365,0.7205823659896851,0.5632112622261047,2978.0,4737.0,14685.0,12926.0,0.06082286313176155,no,no,review
207_1_12_12_jpg.rf.383c16066bda4f5ee1605652265dfc7f.jpg,207_1_12_12_jpg.rf.383c16066bda4f5ee1605652265dfc7f.npz,213,0.7214162945747375,0.7280677556991577,-0.006651461124420166,0.5642307996749878,0.5724107623100281,1.0,1.0,0.0,0.0,0.0,0.0,0.0002915741060860455,1.0,1.0,0.0,0.0,0.0,0.0,0.00036712479777634144,1.0,1.0,0.0,0.0,0.0,0.0,0.000185152908670716,0.7214162945747375,0.5642307996749878,1079.0,17741.0,42109.0,25447.0,0.11385639011859894,no,no,review
15_242_208_39_13_jpg.rf.82bf289633aff6f1097712973904095c.jpg,15_242_208_39_13_jpg.rf.82bf289633aff6f1097712973904095c.npz,214,0.7218610048294067,0.7419242262840271,-0.02006322145462036,0.5647750496864319,0.589729368686676,1.0,1.0,0.0,0.0,0.0,0.0,0.00021690528956241906,0.7218610048294067,0.5647750496864319,6295.0,15693.0,44226.0,34828.0,0.15214993059635162,1.0,1.0,0.0,0.0,0.0,0.0,0.0002462700940668583,1.0,1.0,0.0,0.0,0.0,0.0,0.00035610509803518653,no,no,review
207_5_5_30_jpg.rf.3b074d062e26cbcad6ec753ee0d04d45.jpg,207_5_5_30_jpg.rf.3b074d062e26cbcad6ec753ee0d04d45.npz,215,0.7220835089683533,0.7470478415489197,-0.024964332580566406,0.5650474429130554,0.596230149269104,1.0,1.0,0.0,0.0,0.0,0.0,0.0002979049168061465,1.0,1.0,0.0,0.0,0.0,0.0,0.0003270199813414365,1.0,1.0,0.0,0.0,0.0,0.0,0.000169958351762034,0.7220835089683533,0.5650474429130554,2364.0,752.0,4800.0,6412.0,0.026356330141425133,no,no,review
18_229_Masson_202_9_22_jpg.rf.084960cbfcd71f03af595ec9c070d25b.jpg,18_229_Masson_202_9_22_jpg.rf.084960cbfcd71f03af595ec9c070d25b.npz,216,0.7226837277412415,0.7241115570068359,-0.0014278292655944824,0.565782904624939,0.5675351023674011,0.7226837277412415,0.565782904624939,8509.0,171.0,11481.0,19819.0,0.08615757524967194,1.0,1.0,0.0,0.0,0.0,0.0,0.0003836010000668466,1.0,1.0,0.0,0.0,0.0,0.0,0.00021486454352270812,1.0,1.0,0.0,0.0,0.0,0.0,0.0003882580203935504,no,no,review
16_224_603_158_40_jpg.rf.e3d83becffaa7e5ec17a3807b0e68d55.jpg,16_224_603_158_40_jpg.rf.e3d83becffaa7e5ec17a3807b0e68d55.npz,217,0.7241100072860718,0.8376243710517883,-0.11351436376571655,0.5675333142280579,0.7206141948699951,1.0,1.0,0.0,0.0,0.0,0.0,0.0002614578406792134,1.0,1.0,0.0,0.0,0.0,0.0,0.0004764218465425074,0.7241100072860718,0.5675333142280579,507.0,1539.0,4224.0,3192.0,0.02235889807343483,1.0,1.0,0.0,0.0,0.0,0.0,0.00039838036173023283,no,no,review
15_242_212_21_16_jpg.rf.c10ff20b1b6b8a00e10d5f3b3249c6f0.jpg,15_242_212_21_16_jpg.rf.c10ff20b1b6b8a00e10d5f3b3249c6f0.npz,218,0.7243773937225342,0.7731087803840637,-0.04873138666152954,0.5678618550300598,0.6301363706588745,1.0,1.0,0.0,0.0,0.0,0.0,0.0002546859032008797,0.7243773937225342,0.5678618550300598,1744.0,7464.0,19564.0,13844.0,0.06739542633295059,1.0,1.0,0.0,0.0,0.0,0.0,0.00022190499294083565,1.0,1.0,0.0,0.0,0.0,0.0,0.00038533072802238166,no,no,review
16_224_603_161_44_jpg.rf.9263b854335df74bb18a9c96a20f5af8.jpg,16_224_603_161_44_jpg.rf.9263b854335df74bb18a9c96a20f5af8.npz,219,0.726036548614502,0.7154993414878845,0.010537207126617432,0.5699037313461304,0.5570252537727356,1.0,1.0,0.0,0.0,0.0,0.0,0.00023845273244660348,1.0,1.0,0.0,0.0,0.0,0.0,0.0005663206102326512,0.726036548614502,0.5699037313461304,1232.0,3281.0,9261.0,7212.0,0.03372197970747948,1.0,1.0,0.0,0.0,0.0,0.0,0.0003487603971734643,no,no,review
15_242_208_23_26_jpg.rf.d96b085849323b98ff0dafd4e562cd2b.jpg,15_242_208_23_26_jpg.rf.d96b085849323b98ff0dafd4e562cd2b.npz,220,0.7269091010093689,0.7241601943969727,0.0027489066123962402,0.5709797143936157,0.5675949454307556,1.0,1.0,0.0,0.0,0.0,0.0,0.00025814209948293865,0.7269091010093689,0.5709797143936157,18328.0,4749.0,35462.0,49041.0,0.21516352891921997,1.0,1.0,0.0,0.0,0.0,0.0,0.00027253676671534777,1.0,1.0,0.0,0.0,0.0,0.0,0.00043112397543154657,no,no,review
16_224_603_159_55_jpg.rf.62048ecda8a3e6afe60b0e1547e27e3f.jpg,16_224_603_159_55_jpg.rf.62048ecda8a3e6afe60b0e1547e27e3f.npz,221,0.727095901966095,0.7502738833427429,-0.02317798137664795,0.5712102651596069,0.6003506779670715,1.0,1.0,0.0,0.0,0.0,0.0,0.00022990466095507145,1.0,1.0,0.0,0.0,0.0,0.0,0.0006109084933996201,0.727095901966095,0.5712102651596069,1430.0,2779.0,8386.0,7037.0,0.03235303610563278,1.0,1.0,0.0,0.0,0.0,0.0,0.0003181560314260423,no,no,review
207_8_12_31_jpg.rf.cad38249ccfccb97b81bd0755472f66b.jpg,207_8_12_31_jpg.rf.cad38249ccfccb97b81bd0755472f66b.npz,222,0.7290300130844116,0.7303771376609802,-0.0013471245765686035,0.573601245880127,0.57527095079422,1.0,1.0,0.0,0.0,0.0,0.0,0.0002850051096174866,1.0,1.0,0.0,0.0,0.0,0.0,0.0003370914200786501,1.0,1.0,0.0,0.0,0.0,0.0,0.00017121684504672885,0.7290300130844116,0.573601245880127,12354.0,739.0,18352.0,29967.0,0.13082177937030792,no,no,review
206_2_18_35_jpg.rf.096ff7aae7789a5d6096513fde088099.jpg,206_2_18_35_jpg.rf.096ff7aae7789a5d6096513fde088099.npz,223,0.7306894659996033,0.6329191327095032,0.0977703332901001,0.5756585001945496,0.4629712402820587,1.0,1.0,0.0,0.0,0.0,0.0,0.00032536365324631333,1.0,1.0,0.0,0.0,0.0,0.0,0.00036671734414994717,1.0,1.0,0.0,0.0,0.0,0.0,0.00017959231627173722,0.7306894659996033,0.5756585001945496,0.0,6621.0,15603.0,8982.0,0.04495276138186455,no,no,review
201_11_5_46_jpg.rf.a2a0d271373197db51d813ae3052f110.jpg,201_11_5_46_jpg.rf.a2a0d271373197db51d813ae3052f110.npz,224,0.7334453463554382,0.6724728941917419,0.06097245216369629,0.57908695936203,0.5065605640411377,1.0,1.0,0.0,0.0,0.0,0.0,0.00027609060634858906,1.0,1.0,0.0,0.0,0.0,0.0,0.00033794192131608725,1.0,1.0,0.0,0.0,0.0,0.0,0.00017627606575842947,0.7334453463554382,0.57908695936203,5144.0,9295.0,29160.0,25009.0,0.1178678497672081,no,no,review
18_229_Masson_201_12_16_jpg.rf.f359a1bb3585dc0f3cd3f70b31c1df5f.jpg,18_229_Masson_201_12_16_jpg.rf.f359a1bb3585dc0f3cd3f70b31c1df5f.npz,225,0.7359118461608887,0.7050628066062927,0.030849039554595947,0.5821681618690491,0.5444764494895935,0.7359118461608887,0.5821681618690491,12244.0,19253.0,63138.0,56129.0,0.24992212653160095,1.0,1.0,0.0,0.0,0.0,0.0,0.00040693447226658463,1.0,1.0,0.0,0.0,0.0,0.0,0.0002412218163954094,1.0,1.0,0.0,0.0,0.0,0.0,0.00046007896889932454,no,no,review
18_229_Masson_302_41_45_jpg.rf.6151aeb112f9a7296e63b1e3394bff14.jpg,18_229_Masson_302_41_45_jpg.rf.6151aeb112f9a7296e63b1e3394bff14.npz,226,0.7365483045578003,0.7628638744354248,-0.02631556987762451,0.5829651951789856,0.6166369915008545,0.7365483045578003,0.5829651951789856,7535.0,24937.0,70329.0,52927.0,0.23554356396198273,1.0,1.0,0.0,0.0,0.0,0.0,0.00039673110586591065,1.0,1.0,0.0,0.0,0.0,0.0,0.00028645526617765427,1.0,1.0,0.0,0.0,0.0,0.0,0.00045767807750962675,no,no,review
201_2_10_54_jpg.rf.a231e88929b5b7f939c899353f39b043.jpg,201_2_10_54_jpg.rf.a231e88929b5b7f939c899353f39b043.npz,227,0.7365884184837341,0.6288272142410278,0.1077612042427063,0.5830154418945312,0.4586053490638733,1.0,1.0,0.0,0.0,0.0,0.0,0.00027405869332142174,1.0,1.0,0.0,0.0,0.0,0.0,0.00033473814255557954,1.0,1.0,0.0,0.0,0.0,0.0,0.0001703823945717886,0.7365884184837341,0.5830154418945312,7711.0,268.0,11424.0,18867.0,0.09681566804647446,no,no,review
18_229_Masson_201_50_50_jpg.rf.e917e4324bd06e2f6198c82dfcf616ac.jpg,18_229_Masson_201_50_50_jpg.rf.e917e4324bd06e2f6198c82dfcf616ac.npz,228,0.7370810508728027,0.7146015763282776,0.022479474544525146,0.5836328864097595,0.5559378266334534,0.7370810508728027,0.5836328864097595,15388.0,13918.0,54997.0,56467.0,0.22593550384044647,1.0,1.0,0.0,0.0,0.0,0.0,0.0004182590637356043,1.0,1.0,0.0,0.0,0.0,0.0,0.00023948725720401853,1.0,1.0,0.0,0.0,0.0,0.0,0.00043412542436271906,no,no,review
15_242_208_22_9_jpg.rf.b9ee608d020f1de010cc8673e1e1082a.jpg,15_242_208_22_9_jpg.rf.b9ee608d020f1de010cc8673e1e1082a.npz,229,0.7373627424240112,0.7853516936302185,-0.047988951206207275,0.583986222743988,0.646567165851593,1.0,1.0,0.0,0.0,0.0,0.0,0.0002619369188323617,0.7373627424240112,0.583986222743988,19112.0,481.0,27985.0,46616.0,0.1972542256116867,1.0,1.0,0.0,0.0,0.0,0.0,0.00025566050317138433,1.0,1.0,0.0,0.0,0.0,0.0,0.0004156589275225997,no,no,review
15_242_208_22_9_jpg.rf.74dfda6f99a9beb3974deb0d98b9d109.jpg,15_242_208_22_9_jpg.rf.74dfda6f99a9beb3974deb0d98b9d109.npz,230,0.737724244594574,0.7610834836959839,-0.023359239101409912,0.5844398736953735,0.6143137812614441,1.0,1.0,0.0,0.0,0.0,0.0,0.00025647468282841146,0.737724244594574,0.5844398736953735,19068.0,492.0,28001.0,46577.0,0.19824635982513428,1.0,1.0,0.0,0.0,0.0,0.0,0.0002527246542740613,1.0,1.0,0.0,0.0,0.0,0.0,0.00040657666977494955,no,no,review
15_242_208_22_9_jpg.rf.68a01f0cf78b1a93e1c140b1f5ab7f27.jpg,15_242_208_22_9_jpg.rf.68a01f0cf78b1a93e1c140b1f5ab7f27.npz,231,0.7377907633781433,0.7288070321083069,0.008983731269836426,0.5845233201980591,0.5733252763748169,1.0,1.0,0.0,0.0,0.0,0.0,0.00026194285601377487,0.7377907633781433,0.5845233201980591,19068.0,513.0,28061.0,46616.0,0.1972516030073166,1.0,1.0,0.0,0.0,0.0,0.0,0.0002556640829425305,1.0,1.0,0.0,0.0,0.0,0.0,0.00041567895095795393,no,no,review
15_242_208_23_21_jpg.rf.575b5b3934f91a98ff657d283d70a191.jpg,15_242_208_23_21_jpg.rf.575b5b3934f91a98ff657d283d70a191.npz,232,0.7384963631629944,0.5511537194252014,0.18734264373779297,0.5854095816612244,0.38040870428085327,1.0,1.0,0.0,0.0,0.0,0.0,0.00023053924087435007,0.7384963631629944,0.5854095816612244,2378.0,2015.0,8218.0,8581.0,0.041768141090869904,1.0,1.0,0.0,0.0,0.0,0.0,0.00023794631124474108,1.0,1.0,0.0,0.0,0.0,0.0,0.0003492685791570693,no,no,review
18_217_218_53_20_jpg.rf.02f067d2a003dd16d4b61f8ef4316c1d.jpg,18_217_218_53_20_jpg.rf.02f067d2a003dd16d4b61f8ef4316c1d.npz,233,0.7417417168617249,0.8014187812805176,-0.059677064418792725,0.5894988179206848,0.6686395406723022,1.0,1.0,0.0,0.0,0.0,0.0,0.0002480825060047209,1.0,1.0,0.0,0.0,0.0,0.0,0.0005181548767723143,0.7417417168617249,0.5894988179206848,1448.0,7496.0,20340.0,14292.0,0.06691112369298935,1.0,1.0,0.0,0.0,0.0,0.0,0.00042433725320734084,no,no,review
208_6_19_55_jpg.rf.50657abace570d956a3a7b1a99ee388b.jpg,208_6_19_55_jpg.rf.50657abace570d956a3a7b1a99ee388b.npz,234,0.7417715191841125,0.6676532626152039,0.07411825656890869,0.5895363688468933,0.5011107325553894,1.0,1.0,0.0,0.0,0.0,0.0,0.00029537122463807464,1.0,1.0,0.0,0.0,0.0,0.0,0.0003667076525744051,1.0,1.0,0.0,0.0,0.0,0.0,0.00019375102419871837,0.7417715191841125,0.5895363688468933,501.0,12452.0,31056.0,19105.0,0.09617634117603302,no,no,review
17_209_102_11_22_jpg.rf.3ae50bf66864202c34a8d46c8a2dd96f.jpg,17_209_102_11_22_jpg.rf.3ae50bf66864202c34a8d46c8a2dd96f.npz,235,0.7422680258750916,0.7469561100006104,-0.004688084125518799,0.5901639461517334,0.5961132645606995,1.0,1.0,0.0,0.0,0.0,0.0,0.0002347147965338081,1.0,1.0,0.0,0.0,0.0,0.0,0.0005677006556652486,0.7422680258750916,0.5901639461517334,2194.0,2431.0,9091.0,8854.0,0.038758642971515656,1.0,1.0,0.0,0.0,0.0,0.0,0.000341657898388803,no,no,review
18_217_212_54_3_jpg.rf.f256af0e9fe72664319cf00a117e0fe3.jpg,18_217_212_54_3_jpg.rf.f256af0e9fe72664319cf00a117e0fe3.npz,236,0.7427505850791931,0.7410202622413635,0.0017303228378295898,0.5907742381095886,0.5885879397392273,1.0,1.0,0.0,0.0,0.0,0.0,0.00025509201805107296,1.0,1.0,0.0,0.0,0.0,0.0,0.0004704534076154232,0.7427505850791931,0.5907742381095886,2391.0,3127.0,11093.0,10357.0,0.048493970185518265,1.0,1.0,0.0,0.0,0.0,0.0,0.00036726598045788705,no,no,review
16_224_603_159_55_jpg.rf.477c984436cad49d30514937148ec4e6.jpg,16_224_603_159_55_jpg.rf.477c984436cad49d30514937148ec4e6.npz,237,0.7441585659980774,0.7253402471542358,0.018818318843841553,0.5925577282905579,0.569046139717102,1.0,1.0,0.0,0.0,0.0,0.0,0.0002281482156831771,1.0,1.0,0.0,0.0,0.0,0.0,0.000600392697378993,0.7441585659980774,0.5925577282905579,1205.0,2693.0,8362.0,6874.0,0.03111356310546398,1.0,1.0,0.0,0.0,0.0,0.0,0.0003147790557704866,no,no,review
202_1_16_28_jpg.rf.d093a932c683b048ad3e7520fdce6052.jpg,202_1_16_28_jpg.rf.d093a932c683b048ad3e7520fdce6052.npz,238,0.7445635199546814,0.7185570597648621,0.026006460189819336,0.5930714011192322,0.56074059009552,1.0,1.0,0.0,0.0,0.0,0.0,0.00028486805967986584,1.0,1.0,0.0,0.0,0.0,0.0,0.0003541662299539894,1.0,1.0,0.0,0.0,0.0,0.0,0.00017506461881566793,0.7445635199546814,0.5930714011192322,6613.0,4781.0,21387.0,23219.0,0.10247556865215302,no,no,review
17_209_102_11_22_jpg.rf.77568e8dd19ab7b8792d4b62d3ef746e.jpg,17_209_102_11_22_jpg.rf.77568e8dd19ab7b8792d4b62d3ef746e.npz,239,0.7499032020568848,0.7514176964759827,-0.0015144944190979004,0.5998761057853699,0.601816713809967,1.0,1.0,0.0,0.0,0.0,0.0,0.0002324966189917177,1.0,1.0,0.0,0.0,0.0,0.0,0.0005783179658465087,0.7499032020568848,0.5998761057853699,2208.0,2313.0,9091.0,8986.0,0.03937745839357376,1.0,1.0,0.0,0.0,0.0,0.0,0.0003374815278220922,no,no,review
15_242_212_20_14_jpg.rf.ab5548c81e20a650bfb7c42f7d882d94.jpg,15_242_212_20_14_jpg.rf.ab5548c81e20a650bfb7c42f7d882d94.npz,240,0.7509089112281799,0.8055806159973145,-0.05467170476913452,0.6011642813682556,0.6744537353515625,1.0,1.0,0.0,0.0,0.0,0.0,0.0002538910775911063,0.7509089112281799,0.6011642813682556,10876.0,6526.0,32756.0,37106.0,0.16348481178283691,1.0,1.0,0.0,0.0,0.0,0.0,0.0002698647149372846,1.0,1.0,0.0,0.0,0.0,0.0,0.0004202169948257506,no,no,review
208_2_12_29_jpg.rf.e96992050e4895e70a83a5beb48e15c7.jpg,208_2_12_29_jpg.rf.e96992050e4895e70a83a5beb48e15c7.npz,241,0.7515367269515991,0.684688925743103,0.0668478012084961,0.6019694209098816,0.5205528736114502,1.0,1.0,0.0,0.0,0.0,0.0,0.0002953392977360636,1.0,1.0,0.0,0.0,0.0,0.0,0.0003817637334577739,1.0,1.0,0.0,0.0,0.0,0.0,0.00018323179392609745,0.7515367269515991,0.6019694209098816,1059.0,16807.0,43827.0,28079.0,0.1304488331079483,no,no,review
15_242_208_199_38_jpg.rf.58ff86a364973bbe33b902164f919021.jpg,15_242_208_199_38_jpg.rf.58ff86a364973bbe33b902164f919021.npz,242,0.7518501281738281,0.7755007147789001,-0.02365058660507202,0.6023716926574707,0.6333206295967102,1.0,1.0,0.0,0.0,0.0,0.0,0.00023505226999986917,1.0,1.0,0.0,0.0,0.0,0.0,0.0005361767834983766,0.7518501281738281,0.6023716926574707,1365.0,781.0,4032.0,4616.0,0.021400971338152885,1.0,1.0,0.0,0.0,0.0,0.0,0.00032320417813025415,no,no,review
15_242_208_25_27_jpg.rf.35cbcd09346de63a308f9a39d203e066.jpg,15_242_208_25_27_jpg.rf.35cbcd09346de63a308f9a39d203e066.npz,243,0.7520148754119873,0.7457176446914673,0.0062972307205200195,0.6025832295417786,0.5945373177528381,1.0,1.0,0.0,0.0,0.0,0.0,0.000250049342866987,0.7520148754119873,0.6025832295417786,1277.0,14969.0,39602.0,25910.0,0.11238690465688705,1.0,1.0,0.0,0.0,0.0,0.0,0.00022764186724089086,1.0,1.0,0.0,0.0,0.0,0.0,0.0003899641742464155,no,no,review
17_209_102_11_22_jpg.rf.daf745bade31695fa013a5b013e4f769.jpg,17_209_102_11_22_jpg.rf.daf745bade31695fa013a5b013e4f769.npz,244,0.7531417608261108,0.7537029981613159,-0.0005612373352050781,0.6040316224098206,0.6047539114952087,1.0,1.0,0.0,0.0,0.0,0.0,0.00023248062643688172,1.0,1.0,0.0,0.0,0.0,0.0,0.0005778116174042225,0.7531417608261108,0.6040316224098206,2187.0,2272.0,9074.0,8989.0,0.03935129940509796,1.0,1.0,0.0,0.0,0.0,0.0,0.0003374097868800163,no,no,review
16_224_101_110_26_jpg.rf.9b444e51059294570611d8dc11688498.jpg,16_224_101_110_26_jpg.rf.9b444e51059294570611d8dc11688498.npz,245,0.7531721591949463,0.7380556464195251,0.015116512775421143,0.6040706634521484,0.5848559141159058,1.0,1.0,0.0,0.0,0.0,0.0,0.0002338397316634655,1.0,1.0,0.0,0.0,0.0,0.0,0.0005190258962102234,0.7531721591949463,0.6040706634521484,980.0,1082.0,4228.0,4126.0,0.01909332349896431,1.0,1.0,0.0,0.0,0.0,0.0,0.00034585001412779093,no,no,review
15_242_208_25_27_jpg.rf.30a8836cfd33ecd13eebcdd4757f56cb.jpg,15_242_208_25_27_jpg.rf.30a8836cfd33ecd13eebcdd4757f56cb.npz,246,0.75409334897995,0.759494423866272,-0.0054010748863220215,0.6052566766738892,0.6122459173202515,1.0,1.0,0.0,0.0,0.0,0.0,0.00025015673600137234,0.75409334897995,0.6052566766738892,1356.0,14654.0,39202.0,25904.0,0.11236105859279633,1.0,1.0,0.0,0.0,0.0,0.0,0.00022766806068830192,1.0,1.0,0.0,0.0,0.0,0.0,0.00038997604860924184,no,no,review
15_242_212_19_11_jpg.rf.f1baea89616738e250dc1077f8afaab1.jpg,15_242_212_19_11_jpg.rf.f1baea89616738e250dc1077f8afaab1.npz,247,0.7546880841255188,0.7570187449455261,-0.0023306608200073242,0.6060233116149902,0.6090346574783325,1.0,1.0,0.0,0.0,0.0,0.0,0.0002585671318229288,0.7546880841255188,0.6060233116149902,15374.0,10894.0,51300.0,55780.0,0.2517598867416382,1.0,1.0,0.0,0.0,0.0,0.0,0.00026304033235646784,1.0,1.0,0.0,0.0,0.0,0.0,0.0004557801876217127,no,no,review
18_229_Masson_201_28_33_jpg.rf.8031ba2bc9bc77edf571adf8989ad803.jpg,18_229_Masson_201_28_33_jpg.rf.8031ba2bc9bc77edf571adf8989ad803.npz,248,0.7556008100509644,0.6800273060798645,0.07557350397109985,0.607201337814331,0.5151828527450562,0.7556008100509644,0.607201337814331,116.0,3724.0,9660.0,6052.0,0.050298936665058136,1.0,1.0,0.0,0.0,0.0,0.0,0.0003474461263976991,1.0,1.0,0.0,0.0,0.0,0.0,0.0001974392362171784,1.0,1.0,0.0,0.0,0.0,0.0,0.0003797823446802795,no,no,review
204_4_19_26_jpg.rf.30308d91b9843d6bec6d046f111ec435.jpg,204_4_19_26_jpg.rf.30308d91b9843d6bec6d046f111ec435.npz,249,0.7556681632995605,0.6934568285942078,0.06221133470535278,0.6072883009910583,0.5307568907737732,1.0,1.0,0.0,0.0,0.0,0.0,0.00028609985020011663,1.0,1.0,0.0,0.0,0.0,0.0,0.0003506400971673429,1.0,1.0,0.0,0.0,0.0,0.0,0.00017537310486659408,0.7556681632995605,0.6072883009910583,4947.0,549.0,9048.0,13446.0,0.08223889768123627,no,no,review
18_228_Masson_208_65_50_jpg.rf.a8ede7a56a73f763622720fb67812fc6.jpg,18_228_Masson_208_65_50_jpg.rf.a8ede7a56a73f763622720fb67812fc6.npz,250,0.7587194442749023,0.8536539077758789,-0.09493446350097656,0.6112393140792847,0.7446738481521606,0.7587194442749023,0.6112393140792847,2776.0,88.0,4591.0,7279.0,0.02870425395667553,1.0,1.0,0.0,0.0,0.0,0.0,0.0003377065004315227,1.0,1.0,0.0,0.0,0.0,0.0,0.00019419520685914904,1.0,1.0,0.0,0.0,0.0,0.0,0.0003669832949526608,no,no,review
15_242_208_28_27_jpg.rf.7332c19dd444381dcfbd60fddb7ca66b.jpg,15_242_208_28_27_jpg.rf.7332c19dd444381dcfbd60fddb7ca66b.npz,251,0.7598398327827454,0.6924561858177185,0.06738364696502686,0.6126949191093445,0.5295854210853577,1.0,1.0,0.0,0.0,0.0,0.0,0.00022705766605213284,0.7598398327827454,0.6126949191093445,7151.0,6163.0,27225.0,28213.0,0.1347143054008484,1.0,1.0,0.0,0.0,0.0,0.0,0.0002567995397839695,1.0,1.0,0.0,0.0,0.0,0.0,0.0003844105522148311,no,no,review
15_242_208_34_6_jpg.rf.6f59451b8ea928c911de9f2dd7d09433.jpg,15_242_208_34_6_jpg.rf.6f59451b8ea928c911de9f2dd7d09433.npz,252,0.7607719898223877,0.7888875603675842,-0.028115570545196533,0.6139079928398132,0.651374340057373,1.0,1.0,0.0,0.0,0.0,0.0,0.0002787996781989932,0.7607719898223877,0.6139079928398132,32405.0,319.0,52352.0,84438.0,0.3637702167034149,1.0,1.0,0.0,0.0,0.0,0.0,0.0003006470506079495,1.0,1.0,0.0,0.0,0.0,0.0,0.0005306175444275141,no,no,review
16_256_205_14_18_jpg.rf.7be787c56cbb42d0d1f3848f29c22297.jpg,16_256_205_14_18_jpg.rf.7be787c56cbb42d0d1f3848f29c22297.npz,253,0.7614573836326599,0.7034302353858948,0.05802714824676514,0.6148011088371277,0.5425317287445068,1.0,1.0,0.0,0.0,0.0,0.0,0.00025168442516587675,0.7614573836326599,0.6148011088371277,4541.0,6681.0,24592.0,22452.0,0.09773007035255432,1.0,1.0,0.0,0.0,0.0,0.0,0.00019963063823524863,1.0,1.0,0.0,0.0,0.0,0.0,0.00036450690822675824,no,no,review
18_228_Masson_505_87_33_jpg.rf.b2097a7f40948a84bb3952fae42efadc.jpg,18_228_Masson_505_87_33_jpg.rf.b2097a7f40948a84bb3952fae42efadc.npz,254,0.7615596652030945,0.8130799531936646,-0.05152028799057007,0.614934504032135,0.6850334405899048,0.7615596652030945,0.614934504032135,591.0,10135.0,27264.0,17720.0,0.08105800300836563,1.0,1.0,0.0,0.0,0.0,0.0,0.0004066731489729136,1.0,1.0,0.0,0.0,0.0,0.0,0.0002171795058529824,1.0,1.0,0.0,0.0,0.0,0.0,0.00035891897277906537,no,no,review
15_242_208_17_27_jpg.rf.1b82993d9d6e19f4886630e9ea0ed3dd.jpg,15_242_208_17_27_jpg.rf.1b82993d9d6e19f4886630e9ea0ed3dd.npz,255,0.7618923783302307,0.7974388003349304,-0.03554642200469971,0.6153684258460999,0.6631170511245728,1.0,1.0,0.0,0.0,0.0,0.0,0.00023914487974252552,0.7618923783302307,0.6153684258460999,973.0,2686.0,8540.0,6827.0,0.04046749696135521,1.0,1.0,0.0,0.0,0.0,0.0,0.00022832084505353123,1.0,1.0,0.0,0.0,0.0,0.0,0.00034204553230665624,no,no,review
18_217_217_49_7_jpg.rf.4bbd5ee8a7b4dce0ad06e89f7cea95d3.jpg,18_217_217_49_7_jpg.rf.4bbd5ee8a7b4dce0ad06e89f7cea95d3.npz,256,0.7620314359664917,0.6970145106315613,0.06501692533493042,0.6155499219894409,0.5349364876747131,1.0,1.0,0.0,0.0,0.0,0.0,0.00026216954574920237,1.0,1.0,0.0,0.0,0.0,0.0,0.0005258227465674281,0.7620314359664917,0.6155499219894409,9990.0,2535.0,22589.0,30044.0,0.13330088555812836,1.0,1.0,0.0,0.0,0.0,0.0,0.00045333124580793083,no,no,review
15_242_208_19_28_jpg.rf.5e9128ad7a06b0c19a60bdf4b7076787.jpg,15_242_208_19_28_jpg.rf.5e9128ad7a06b0c19a60bdf4b7076787.npz,257,0.7625433206558228,0.7090939283370972,0.053449392318725586,0.6162182092666626,0.549299418926239,1.0,1.0,0.0,0.0,0.0,0.0,0.0002530579804442823,0.7625433206558228,0.6162182092666626,14999.0,2886.0,31603.0,43716.0,0.19523805379867554,1.0,1.0,0.0,0.0,0.0,0.0,0.0002561381843406707,1.0,1.0,0.0,0.0,0.0,0.0,0.000406982668209821,no,no,review
16_224_603_159_55_jpg.rf.caecde1950849a8748c12850e9a120d6.jpg,16_224_603_159_55_jpg.rf.caecde1950849a8748c12850e9a120d6.npz,258,0.7626836895942688,0.7556059956550598,0.007077693939208984,0.6164015531539917,0.6072079539299011,1.0,1.0,0.0,0.0,0.0,0.0,0.0002329587732674554,1.0,1.0,0.0,0.0,0.0,0.0,0.0005718012107536197,0.7626836895942688,0.6164015531539917,818.0,2751.0,8486.0,6553.0,0.02946733683347702,1.0,1.0,0.0,0.0,0.0,0.0,0.00032045028638094664,no,no,review
15_242_212_20_10_jpg.rf.9be26ba7c43ae6010eed844a84b0a7c1.jpg,15_242_212_20_10_jpg.rf.9be26ba7c43ae6010eed844a84b0a7c1.npz,259,0.763206958770752,0.8128604888916016,-0.04965353012084961,0.6170854568481445,0.6847219467163086,1.0,1.0,0.0,0.0,0.0,0.0,0.00023989833425730467,0.763206958770752,0.6170854568481445,10378.0,6126.0,32723.0,36975.0,0.1612538844347,1.0,1.0,0.0,0.0,0.0,0.0,0.000247742427745834,1.0,1.0,0.0,0.0,0.0,0.0,0.00036704380181618035,no,no,review
15_242_208_28_5_jpg.rf.5eb93058d3b54ee2d4b9a90d17b74059.jpg,15_242_208_28_5_jpg.rf.5eb93058d3b54ee2d4b9a90d17b74059.npz,260,0.7635339498519897,0.7205312848091125,0.0430026650428772,0.6175130605697632,0.5631487965583801,1.0,1.0,0.0,0.0,0.0,0.0,0.00024394976207986474,0.7635339498519897,0.6175130605697632,6454.0,2780.0,17688.0,21362.0,0.09550371766090393,1.0,1.0,0.0,0.0,0.0,0.0,0.0002232298138551414,1.0,1.0,0.0,0.0,0.0,0.0,0.00038150331238284707,no,no,review
15_242_208_29_13_jpg.rf.263dbaead42ede51ca32350301eb3f27.jpg,15_242_208_29_13_jpg.rf.263dbaead42ede51ca32350301eb3f27.npz,261,0.7639560103416443,0.7543848752975464,0.0095711350440979,0.6180654168128967,0.6056324243545532,1.0,1.0,0.0,0.0,0.0,0.0,0.0002500183181837201,0.7639560103416443,0.6180654168128967,15659.0,6172.0,41500.0,50987.0,0.218477264046669,1.0,1.0,0.0,0.0,0.0,0.0,0.0002602988970465958,1.0,1.0,0.0,0.0,0.0,0.0,0.00041127493022941053,no,no,review
18_228_Masson_505_86_29_jpg.rf.a9bab55e3cb5b5ee9f516e55e3395988.jpg,18_228_Masson_505_86_29_jpg.rf.a9bab55e3cb5b5ee9f516e55e3395988.npz,262,0.764047384262085,0.7635462880134583,0.000501096248626709,0.6181849837303162,0.6175292134284973,0.764047384262085,0.6181849837303162,166.0,2026.0,5575.0,3715.0,0.016220584511756897,1.0,1.0,0.0,0.0,0.0,0.0,0.00034507305826991796,1.0,1.0,0.0,0.0,0.0,0.0,0.00018163493950851262,1.0,1.0,0.0,0.0,0.0,0.0,0.0003516298602335155,no,no,review
15_242_208_30_12_jpg.rf.fb5b49e803555225f2eb66a43d2c2b56.jpg,15_242_208_30_12_jpg.rf.fb5b49e803555225f2eb66a43d2c2b56.npz,263,0.7662384510040283,0.7552447319030762,0.010993719100952148,0.6210588216781616,0.6067415475845337,1.0,1.0,0.0,0.0,0.0,0.0,0.00021362384723033756,0.7662384510040283,0.6210588216781616,2560.0,661.0,5940.0,7839.0,0.03320900723338127,1.0,1.0,0.0,0.0,0.0,0.0,0.00023514653730671853,1.0,1.0,0.0,0.0,0.0,0.0,0.00029878533678129315,no,no,review
18_228_Masson_505_87_20_jpg.rf.52d88a88ae43295446283e58b9c6081e.jpg,18_228_Masson_505_87_20_jpg.rf.52d88a88ae43295446283e58b9c6081e.npz,264,0.7694130539894104,0.7897949814796448,-0.020381927490234375,0.6252407431602478,0.652612566947937,0.7694130539894104,0.6252407431602478,12102.0,11832.0,51763.0,52033.0,0.22923454642295837,1.0,1.0,0.0,0.0,0.0,0.0,0.0004135324852541089,1.0,1.0,0.0,0.0,0.0,0.0,0.00024403352290391922,1.0,1.0,0.0,0.0,0.0,0.0,0.0004577437648549676,no,no,review
18_228_Masson_505_103_29_jpg.rf.d31432afa0950965e1395e8a0c17aaac.jpg,18_228_Masson_505_103_29_jpg.rf.d31432afa0950965e1395e8a0c17aaac.npz,265,0.7697114944458008,0.957622230052948,-0.18791073560714722,0.6256349682807922,0.9186902046203613,0.7697114944458008,0.6256349682807922,346.0,4739.0,13237.0,8844.0,0.04724099114537239,1.0,1.0,0.0,0.0,0.0,0.0,0.0003615451278164983,1.0,1.0,0.0,0.0,0.0,0.0,0.000188418198376894,1.0,1.0,0.0,0.0,0.0,0.0,0.0003629015409387648,no,no,review
18_236_303_48_54_jpg.rf.da439f9de8e6090339943f4635018640.jpg,18_236_303_48_54_jpg.rf.da439f9de8e6090339943f4635018640.npz,266,0.7697795629501343,0.6811018586158752,0.08867770433425903,0.6257249116897583,0.5164173245429993,0.7697795629501343,0.6257249116897583,776.0,4645.0,13708.0,9839.0,0.06251497566699982,1.0,1.0,0.0,0.0,0.0,0.0,0.0003539165772963315,1.0,1.0,0.0,0.0,0.0,0.0,0.00022952059225644916,1.0,1.0,0.0,0.0,0.0,0.0,0.00039901694981381297,no,no,review
18_229_Masson_201_111_47_jpg.rf.02f78398825179b7aeb836a945813659.jpg,18_229_Masson_201_111_47_jpg.rf.02f78398825179b7aeb836a945813659.npz,267,0.7708943486213684,0.7470144629478455,0.02387988567352295,0.6271994113922119,0.5961875915527344,0.7708943486213684,0.6271994113922119,409.0,5460.0,15334.0,10283.0,0.03781558945775032,1.0,1.0,0.0,0.0,0.0,0.0,0.00035743159241974354,1.0,1.0,0.0,0.0,0.0,0.0,0.00019495710148476064,1.0,1.0,0.0,0.0,0.0,0.0,0.0003724154084920883,no,no,review
15_242_208_30_12_jpg.rf.554034973a6cc30aad356ce51e429b6b.jpg,15_242_208_30_12_jpg.rf.554034973a6cc30aad356ce51e429b6b.npz,268,0.7713357210159302,0.7570837736129761,0.014251947402954102,0.6277839541435242,0.6091189384460449,1.0,1.0,0.0,0.0,0.0,0.0,0.0002168672945117578,0.7713357210159302,0.6277839541435242,923.0,2102.0,7204.0,6025.0,0.02666238509118557,1.0,1.0,0.0,0.0,0.0,0.0,0.0002269417600473389,1.0,1.0,0.0,0.0,0.0,0.0,0.00030058756237849593,no,no,review
15_242_208_22_13_jpg.rf.522298d5df4acd7aac20592ebcf13d66.jpg,15_242_208_22_13_jpg.rf.522298d5df4acd7aac20592ebcf13d66.npz,269,0.7722903490066528,0.778337836265564,-0.006047487258911133,0.6290496587753296,0.6371138095855713,1.0,1.0,0.0,0.0,0.0,0.0,0.00023891805903986096,0.7722903490066528,0.6290496587753296,7033.0,879.0,14296.0,20450.0,0.08751394599676132,1.0,1.0,0.0,0.0,0.0,0.0,0.00023794210574124008,1.0,1.0,0.0,0.0,0.0,0.0,0.0003451733209658414,no,no,review
15_242_211_22_11_jpg.rf.2a8c2eb3a141b3eeffc935f00a446a0b.jpg,15_242_211_22_11_jpg.rf.2a8c2eb3a141b3eeffc935f00a446a0b.npz,270,0.7732679843902588,0.7386418581008911,0.034626126289367676,0.6303479671478271,0.5855924487113953,1.0,1.0,0.0,0.0,0.0,0.0,0.00025477277813479304,0.7732679843902588,0.6303479671478271,13293.0,10493.0,51054.0,53854.0,0.23598091304302216,1.0,1.0,0.0,0.0,0.0,0.0,0.0002559973218012601,1.0,1.0,0.0,0.0,0.0,0.0,0.00042063501314260066,no,no,review
18_229_Masson_201_93_35_jpg.rf.490f1b2400475050cb223c4c53920949.jpg,18_229_Masson_201_93_35_jpg.rf.490f1b2400475050cb223c4c53920949.npz,271,0.7739315032958984,0.6343288421630859,0.1396026611328125,0.6312302350997925,0.4644814133644104,0.7739315032958984,0.6312302350997925,7857.0,10677.0,42402.0,39582.0,0.17064867913722992,1.0,1.0,0.0,0.0,0.0,0.0,0.00037260225508362055,1.0,1.0,0.0,0.0,0.0,0.0,0.000219978071982041,1.0,1.0,0.0,0.0,0.0,0.0,0.0004264625604264438,no,no,review
18_228_Masson_505_103_29_jpg.rf.f4c8261c0021c645fd0f60fd721915e6.jpg,18_228_Masson_505_103_29_jpg.rf.f4c8261c0021c645fd0f60fd721915e6.npz,272,0.7746985554695129,0.7580908536911011,0.016607701778411865,0.6322514414787292,0.6104238033294678,0.7746985554695129,0.6322514414787292,329.0,4679.0,13289.0,8939.0,0.04689047485589981,1.0,1.0,0.0,0.0,0.0,0.0,0.00036214792635291815,1.0,1.0,0.0,0.0,0.0,0.0,0.0001883296645246446,1.0,1.0,0.0,0.0,0.0,0.0,0.00036296583130024374,no,no,review
201_9_12_57_jpg.rf.cd34c73d849d85a6618d02211d18ddb3.jpg,201_9_12_57_jpg.rf.cd34c73d849d85a6618d02211d18ddb3.npz,273,0.7749276757240295,0.7721982598304749,0.0027294158935546875,0.6325566172599792,0.6289275288581848,1.0,1.0,0.0,0.0,0.0,0.0,0.00027070942451246083,1.0,1.0,0.0,0.0,0.0,0.0,0.0003418641281314194,1.0,1.0,0.0,0.0,0.0,0.0,0.00017447629943490028,0.7749276757240295,0.6325566172599792,3742.0,21379.0,64625.0,46988.0,0.20567253232002258,no,no,review
16_224_604_91_67_jpg.rf.230a75b26ef770a33cf58c2b9d5efa6f.jpg,16_224_604_91_67_jpg.rf.230a75b26ef770a33cf58c2b9d5efa6f.npz,274,0.7749406099319458,0.7651941180229187,0.0097464919090271,0.6325739026069641,0.6196877956390381,0.8246278166770935,0.7015886306762695,874.0,8349.0,30033.0,22558.0,0.09939823299646378,1.0,1.0,0.0,0.0,0.0,0.0,0.00035651950747705996,2.965599155135834e-10,2.965599155135834e-10,3372.0,0.0,0.0,3372.0,0.013964914716780186,1.0,1.0,0.0,0.0,0.0,0.0,0.00042000453686341643,no,no,review
15_242_208_35_26_jpg.rf.ca33a60d7a4f2b609a5cc0baf78d91f7.jpg,15_242_208_35_26_jpg.rf.ca33a60d7a4f2b609a5cc0baf78d91f7.npz,275,0.7750087976455688,0.7662645578384399,0.008744239807128906,0.6326647996902466,0.6210930943489075,1.0,1.0,0.0,0.0,0.0,0.0,0.0002475141955073923,0.7750087976455688,0.6326647996902466,16518.0,6468.0,46057.0,56107.0,0.24700342118740082,1.0,1.0,0.0,0.0,0.0,0.0,0.0002478682727087289,1.0,1.0,0.0,0.0,0.0,0.0,0.00040635079494677484,no,no,review
16_224_101_111_26_jpg.rf.2e167dc39fb1e603acc33b9970a64cf5.jpg,16_224_101_111_26_jpg.rf.2e167dc39fb1e603acc33b9970a64cf5.npz,276,0.7758376002311707,0.7944492101669312,-0.018611609935760498,0.6337701082229614,0.6589927077293396,1.0,1.0,0.0,0.0,0.0,0.0,0.00022612766770180315,1.0,1.0,0.0,0.0,0.0,0.0,0.0005278230528347194,0.7758376002311707,0.6337701082229614,503.0,4388.0,12852.0,8967.0,0.04030628502368927,1.0,1.0,0.0,0.0,0.0,0.0,0.00032373055000789464,no,no,review
201_9_12_57_jpg.rf.8b7649a05be05b0a670457af713ef6b7.jpg,201_9_12_57_jpg.rf.8b7649a05be05b0a670457af713ef6b7.npz,277,0.7764001488685608,0.7753547430038452,0.0010454058647155762,0.6345212459564209,0.6331259608268738,1.0,1.0,0.0,0.0,0.0,0.0,0.00027019556728191674,1.0,1.0,0.0,0.0,0.0,0.0,0.0003414390084799379,1.0,1.0,0.0,0.0,0.0,0.0,0.00017465915880165994,0.7764001488685608,0.6345212459564209,3689.0,21324.0,64750.0,47115.0,0.20517179369926453,no,no,review
15_242_208_19_18_jpg.rf.3c1256d3565d783f97c7463b49a8d55c.jpg,15_242_208_19_18_jpg.rf.3c1256d3565d783f97c7463b49a8d55c.npz,278,0.7767543196678162,0.7319301962852478,0.04482412338256836,0.6349945068359375,0.5772002339363098,1.0,1.0,0.0,0.0,0.0,0.0,0.00024846132146194577,0.7767543196678162,0.6349945068359375,14555.0,5125.0,39362.0,48792.0,0.20724506676197052,1.0,1.0,0.0,0.0,0.0,0.0,0.00027311884332448244,1.0,1.0,0.0,0.0,0.0,0.0,0.0004098463978152722,no,no,review
16_256_207_23_21_jpg.rf.94afcc5142d7c119552011cfc3808a25.jpg,16_256_207_23_21_jpg.rf.94afcc5142d7c119552011cfc3808a25.npz,279,0.7777031660079956,0.7933309078216553,-0.015627741813659668,0.6362637281417847,0.6574552655220032,1.0,1.0,0.0,0.0,0.0,0.0,0.0002591780212242156,0.7777031660079956,0.6362637281417847,7131.0,5778.0,28359.0,29712.0,0.13782435655593872,1.0,1.0,0.0,0.0,0.0,0.0,0.00024249812122434378,1.0,1.0,0.0,0.0,0.0,0.0,0.0003947959339711815,no,no,review
201_9_12_57_jpg.rf.49a8dfa39a417572d4eb1f02fc98c6b4.jpg,201_9_12_57_jpg.rf.49a8dfa39a417572d4eb1f02fc98c6b4.npz,280,0.7788408398628235,0.8591771125793457,-0.08033627271652222,0.6377881765365601,0.753120481967926,1.0,1.0,0.0,0.0,0.0,0.0,0.00027117584249936044,1.0,1.0,0.0,0.0,0.0,0.0,0.00034685651189647615,1.0,1.0,0.0,0.0,0.0,0.0,0.0001785050699254498,0.7788408398628235,0.6377881765365601,3915.0,20957.0,64752.0,47710.0,0.21757477521896362,no,no,review
203_2_9_59_jpg.rf.8d698f47365eec7058a137e04c9624af.jpg,203_2_9_59_jpg.rf.8d698f47365eec7058a137e04c9624af.npz,281,0.7792002558708191,0.8766180276870728,-0.09741777181625366,0.638270378112793,0.7803383469581604,1.0,1.0,0.0,0.0,0.0,0.0,0.0002773920423351228,1.0,1.0,0.0,0.0,0.0,0.0,0.0003236849734093994,1.0,1.0,0.0,0.0,0.0,0.0,0.00016529488493688405,0.7792002558708191,0.638270378112793,7934.0,741.0,16048.0,23241.0,0.09662948548793793,no,no,review
15_242_208_41_24_jpg.rf.7d6eb4d3666ace42f856d228e70803a4.jpg,15_242_208_41_24_jpg.rf.7d6eb4d3666ace42f856d228e70803a4.npz,282,0.7793882489204407,0.7345641851425171,0.044824063777923584,0.6385226249694824,0.5804831385612488,1.0,1.0,0.0,0.0,0.0,0.0,0.000282823370071128,0.7793882489204407,0.6385226249694824,34094.0,1736.0,65027.0,97385.0,0.4176315665245056,1.0,1.0,0.0,0.0,0.0,0.0,0.00027590637910179794,1.0,1.0,0.0,0.0,0.0,0.0,0.0005205523921176791,no,no,review
16_224_603_161_44_jpg.rf.49728fe0e2b7fb22f71ffa09021db42d.jpg,16_224_603_161_44_jpg.rf.49728fe0e2b7fb22f71ffa09021db42d.npz,283,0.7826879620552063,0.7700491547584534,0.01263880729675293,0.6429641842842102,0.6260812282562256,1.0,1.0,0.0,0.0,0.0,0.0,0.00023491753381676972,1.0,1.0,0.0,0.0,0.0,0.0,0.0005800139042548835,0.7826879620552063,0.6429641842842102,1022.0,2076.0,7655.0,6601.0,0.03023640811443329,1.0,1.0,0.0,0.0,0.0,0.0,0.00034519334440119565,no,no,review
205_6_10_25_jpg.rf.7ad5894e088229e82a750707f62bddd5.jpg,205_6_10_25_jpg.rf.7ad5894e088229e82a750707f62bddd5.npz,284,0.7848959565162659,0.9564441442489624,-0.17154818773269653,0.6459496021270752,0.9165241718292236,1.0,1.0,0.0,0.0,0.0,0.0,0.00028231568285264075,1.0,1.0,0.0,0.0,0.0,0.0,0.00033748827991075814,1.0,1.0,0.0,0.0,0.0,0.0,0.00017151677457150072,0.7848959565162659,0.6459496021270752,4223.0,790.0,9936.0,13369.0,0.07545718550682068,no,no,review
16_224_603_158_58_jpg.rf.ee67ff5e2397fd61bff46343bf9ba911.jpg,16_224_603_158_58_jpg.rf.ee67ff5e2397fd61bff46343bf9ba911.npz,285,0.7860215902328491,0.7260361909866333,0.05998539924621582,0.6474757194519043,0.5699033141136169,1.0,1.0,0.0,0.0,0.0,0.0,0.00023752184642944485,1.0,1.0,0.0,0.0,0.0,0.0,0.0005986409960314631,0.7860215902328491,0.6474757194519043,1312.0,2717.0,10117.0,8712.0,0.040338434278964996,1.0,1.0,0.0,0.0,0.0,0.0,0.00033804919803515077,no,no,review
18_229_Masson_202_68_44_jpg.rf.bf76a2a0ad4e747e3b17703499c227c0.jpg,18_229_Masson_202_68_44_jpg.rf.bf76a2a0ad4e747e3b17703499c227c0.npz,286,0.7862069010734558,0.9125946164131165,-0.12638771533966064,0.6477272510528564,0.8392404913902283,0.7862069010734558,0.6477272510528564,2880.0,3.0,5304.0,8181.0,0.035301242023706436,1.0,1.0,0.0,0.0,0.0,0.0,0.0003438253770582378,1.0,1.0,0.0,0.0,0.0,0.0,0.000197394605493173,1.0,1.0,0.0,0.0,0.0,0.0,0.0003733481571543962,no,no,review
18_228_Masson_505_103_36_jpg.rf.f86fff70d362d3ee91997495f6b27964.jpg,18_228_Masson_505_103_36_jpg.rf.f86fff70d362d3ee91997495f6b27964.npz,287,0.7869517803192139,0.7997891902923584,-0.012837409973144531,0.6487390995025635,0.6663739085197449,0.7869517803192139,0.6487390995025635,11380.0,1003.0,23873.0,34250.0,0.14277884364128113,1.0,1.0,0.0,0.0,0.0,0.0,0.0003831894719041884,1.0,1.0,0.0,0.0,0.0,0.0,0.00022474340221378952,1.0,1.0,0.0,0.0,0.0,0.0,0.00040354160591959953,no,no,review
18_229_Masson_202_107_57_jpg.rf.6d6c0509c245898b836611b018a8483f.jpg,18_229_Masson_202_107_57_jpg.rf.6d6c0509c245898b836611b018a8483f.npz,288,0.7943693995475769,0.7821841835975647,0.012185215950012207,0.6588829159736633,0.6422844529151917,0.7943693995475769,0.6588829159736633,1084.0,8981.0,28422.0,20525.0,0.09766539931297302,1.0,1.0,0.0,0.0,0.0,0.0,0.0003458966384641826,1.0,1.0,0.0,0.0,0.0,0.0,0.00020121668057981879,1.0,1.0,0.0,0.0,0.0,0.0,0.0003886291815433651,no,no,review
206_2_14_50_jpg.rf.69106a67f30649d193d8f8f9a79d64fc.jpg,206_2_14_50_jpg.rf.69106a67f30649d193d8f8f9a79d64fc.npz,289,0.7960318922996521,0.7929732203483582,0.0030586719512939453,0.6611735820770264,0.6569640040397644,1.0,1.0,0.0,0.0,0.0,0.0,0.0003029475046787411,1.0,1.0,0.0,0.0,0.0,0.0,0.00034638660144992173,1.0,1.0,0.0,0.0,0.0,0.0,0.00017658491560723633,0.7960318922996521,0.6611735820770264,3201.0,1199.0,9785.0,11787.0,0.05404071882367134,no,no,review
18_236_203_78_19_jpg.rf.7f00a79a39de2a890c16e684b5715ac2.jpg,18_236_203_78_19_jpg.rf.7f00a79a39de2a890c16e684b5715ac2.npz,290,0.7980131506919861,0.6854770183563232,0.11253613233566284,0.6639117002487183,0.5214644074440002,0.7980131506919861,0.6639117002487183,1419.0,10455.0,33911.0,24875.0,0.12251834571361542,1.0,1.0,0.0,0.0,0.0,0.0,0.0003903169999830425,1.0,1.0,0.0,0.0,0.0,0.0,0.00021912058582529426,1.0,1.0,0.0,0.0,0.0,0.0,0.00040448331856168807,no,no,review
201_9_12_57_jpg.rf.e61d3f99ae118efc927e349d1ab9a72d.jpg,201_9_12_57_jpg.rf.e61d3f99ae118efc927e349d1ab9a72d.npz,291,0.7984954118728638,0.7778985500335693,0.020596861839294434,0.6645795702934265,0.6365253329277039,1.0,1.0,0.0,0.0,0.0,0.0,0.0002732453285716474,1.0,1.0,0.0,0.0,0.0,0.0,0.0003565850493032485,1.0,1.0,0.0,0.0,0.0,0.0,0.00018476761761121452,0.7984954118728638,0.6645795702934265,3927.0,19055.0,64590.0,49462.0,0.22985722124576569,no,no,review
18_236_203_76_32_jpg.rf.33a7d6c26f1bd429702ed0eac98f309d.jpg,18_236_203_76_32_jpg.rf.33a7d6c26f1bd429702ed0eac98f309d.npz,292,0.8008233308792114,0.7772481441497803,0.023575186729431152,0.6678109169006348,0.635654866695404,0.8008233308792114,0.6678109169006348,531.0,7017.0,22191.0,15705.0,0.07267386466264725,1.0,1.0,0.0,0.0,0.0,0.0,0.00034281067200936377,1.0,1.0,0.0,0.0,0.0,0.0,0.00019211498147342354,1.0,1.0,0.0,0.0,0.0,0.0,0.0003846629988402128,no,no,review
15_242_208_31_5_jpg.rf.6b871148e186fad81f5688392f9d1cbd.jpg,15_242_208_31_5_jpg.rf.6b871148e186fad81f5688392f9d1cbd.npz,293,0.8013008832931519,0.7244743704795837,0.07682651281356812,0.6684753894805908,0.5679810643196106,1.0,1.0,0.0,0.0,0.0,0.0,0.00025008330703713,0.8013008832931519,0.6684753894805908,6796.0,5118.0,29141.0,30819.0,0.1364554911851883,1.0,1.0,0.0,0.0,0.0,0.0,0.0002265381917823106,1.0,1.0,0.0,0.0,0.0,0.0,0.0003834485250990838,no,no,review
15_242_212_20_22_jpg.rf.fa41d35ebd5e3d24bd374ab257d0d830.jpg,15_242_212_20_22_jpg.rf.fa41d35ebd5e3d24bd374ab257d0d830.npz,294,0.8025847673416138,0.6773278117179871,0.1252569556236267,0.6702643632888794,0.5120904445648193,1.0,1.0,0.0,0.0,0.0,0.0,0.00023641600273549557,0.8025847673416138,0.6702643632888794,4549.0,6327.0,28435.0,26657.0,0.12070386111736298,1.0,1.0,0.0,0.0,0.0,0.0,0.00023034516198094934,1.0,1.0,0.0,0.0,0.0,0.0,0.000380712648620829,no,no,review
15_242_208_30_25_jpg.rf.b76a3e18c97ee43518c65899ee1aa9aa.jpg,15_242_208_30_25_jpg.rf.b76a3e18c97ee43518c65899ee1aa9aa.npz,295,0.805418074131012,0.8293253779411316,-0.02390730381011963,0.6742258667945862,0.7084166407585144,1.0,1.0,0.0,0.0,0.0,0.0,0.00023974504438228905,0.805418074131012,0.6742258667945862,2849.0,3558.0,16818.0,16109.0,0.071221262216568,1.0,1.0,0.0,0.0,0.0,0.0,0.00024534875410608947,1.0,1.0,0.0,0.0,0.0,0.0,0.00037729673204012215,no,no,review
15_242_208_199_42_jpg.rf.b17279e6ef331b749a0126e95379b2a1.jpg,15_242_208_199_42_jpg.rf.b17279e6ef331b749a0126e95379b2a1.npz,296,0.8063802719116211,0.7596652507781982,0.04671502113342285,0.6755755543708801,0.6124679446220398,1.0,1.0,0.0,0.0,0.0,0.0,0.0002385959232924506,1.0,1.0,0.0,0.0,0.0,0.0,0.0005356264882721007,0.8063802719116211,0.6755755543708801,1077.0,2601.0,10260.0,8736.0,0.039571668952703476,1.0,1.0,0.0,0.0,0.0,0.0,0.00032966709113679826,no,no,review
18_229_Masson_201_20_18_jpg.rf.c72f73bc060810002aca9295598f92fc.jpg,18_229_Masson_201_20_18_jpg.rf.c72f73bc060810002aca9295598f92fc.npz,297,0.8067691326141357,0.7495551109313965,0.05721402168273926,0.6761215925216675,0.5994307398796082,0.8067691326141357,0.6761215925216675,6111.0,16326.0,63165.0,52950.0,0.24878253042697906,1.0,1.0,0.0,0.0,0.0,0.0,0.00045099397539161146,1.0,1.0,0.0,0.0,0.0,0.0,0.0002563205489423126,1.0,1.0,0.0,0.0,0.0,0.0,0.00045001835678704083,no,no,review
15_239_101_63_67_jpg.rf.4f61b53e2ecb714c05102e0381a19268.jpg,15_239_101_63_67_jpg.rf.4f61b53e2ecb714c05102e0381a19268.npz,298,0.8077982664108276,0.8101103901863098,-0.0023121237754821777,0.6775683760643005,0.6808281540870667,1.0,1.0,0.0,0.0,0.0,0.0,0.00022902205819264054,1.0,1.0,0.0,0.0,0.0,0.0,0.0005179726285859942,0.8077982664108276,0.6775683760643005,1739.0,1820.0,9299.0,9218.0,0.04055047780275345,1.0,1.0,0.0,0.0,0.0,0.0,0.00031644495902583003,no,no,review
16_224_603_162_39_jpg.rf.ad49d95e507da53b6b9a4d89d1fbf18f.jpg,16_224_603_162_39_jpg.rf.ad49d95e507da53b6b9a4d89d1fbf18f.npz,299,0.8078519105911255,0.822713315486908,-0.01486140489578247,0.677643895149231,0.6988216042518616,1.0,1.0,0.0,0.0,0.0,0.0,0.00024005577142816037,1.0,1.0,0.0,0.0,0.0,0.0,0.0005986670730635524,0.8078519105911255,0.677643895149231,3117.0,2394.0,13979.0,14702.0,0.06482366472482681,1.0,1.0,0.0,0.0,0.0,0.0,0.0003526782966218889,no,no,review
15_242_202_38_76_jpg.rf.a849953af12ab94d41220d42182b08a1.jpg,15_242_202_38_76_jpg.rf.a849953af12ab94d41220d42182b08a1.npz,300,0.8105257153511047,0.8008322715759277,0.009693443775177002,0.6814150810241699,0.6678234338760376,0.8105257153511047,0.6814150810241699,0.0,6610.0,20748.0,14138.0,0.06084955856204033,1.0,1.0,0.0,0.0,0.0,0.0,0.0003942291368730366,1.0,1.0,0.0,0.0,0.0,0.0,0.00025885654031299055,1.0,1.0,0.0,0.0,0.0,0.0,0.0003847016778308898,no,no,review
18_236_303_49_20_jpg.rf.487fa9d98947b5f5b2936a1d96258d47.jpg,18_236_303_49_20_jpg.rf.487fa9d98947b5f5b2936a1d96258d47.npz,301,0.8108325600624084,0.9015761613845825,-0.09074360132217407,0.68184894323349,0.8207907676696777,0.8108325600624084,0.68184894323349,3412.0,346.0,8400.0,11466.0,0.048514433205127716,1.0,1.0,0.0,0.0,0.0,0.0,0.000339481804985553,1.0,1.0,0.0,0.0,0.0,0.0,0.00018923237803392112,1.0,1.0,0.0,0.0,0.0,0.0,0.0003893910616170615,no,no,review
15_242_208_35_5_jpg.rf.b559ca9f9612e4f85e89c92513fce55b.jpg,15_242_208_35_5_jpg.rf.b559ca9f9612e4f85e89c92513fce55b.npz,302,0.8113694787025452,0.80604088306427,0.0053285956382751465,0.6826086044311523,0.67509925365448,1.0,1.0,0.0,0.0,0.0,0.0,0.0002551712386775762,0.8113694787025452,0.6826086044311523,6126.0,16305.0,64547.0,54368.0,0.23603156208992004,1.0,1.0,0.0,0.0,0.0,0.0,0.00025333865778520703,1.0,1.0,0.0,0.0,0.0,0.0,0.0004194639332126826,no,no,review
17_209_102_10_36_jpg.rf.9a6338ed72a065b235de9818be883764.jpg,17_209_102_10_36_jpg.rf.9a6338ed72a065b235de9818be883764.npz,303,0.8139980435371399,0.8000169396400452,0.013981103897094727,0.6863378286361694,0.6666901707649231,1.0,1.0,0.0,0.0,0.0,0.0,0.00024101803137455136,1.0,1.0,0.0,0.0,0.0,0.0,0.00047368716332130134,0.8139980435371399,0.6863378286361694,1400.0,2969.0,12529.0,10960.0,0.052602894604206085,1.0,1.0,0.0,0.0,0.0,0.0,0.0003987864183727652,no,no,review
18_229_Masson_202_131_14_jpg.rf.8e4458f725e3b007424f3367af7a38f6.jpg,18_229_Masson_202_131_14_jpg.rf.8e4458f725e3b007424f3367af7a38f6.npz,304,0.8142845630645752,0.9021081328392029,-0.08782356977462769,0.6867453455924988,0.8216729760169983,0.8142845630645752,0.6867453455924988,344.0,4326.0,14564.0,10582.0,0.049756970256567,1.0,1.0,0.0,0.0,0.0,0.0,0.00033316947519779205,1.0,1.0,0.0,0.0,0.0,0.0,0.00018896200344897807,1.0,1.0,0.0,0.0,0.0,0.0,0.00037386268377304077,no,no,review
18_229_Masson_201_13_15_jpg.rf.3aa3a74cdf02987e7f2f6bbb8cfc5735.jpg,18_229_Masson_201_13_15_jpg.rf.3aa3a74cdf02987e7f2f6bbb8cfc5735.npz,305,0.8149744868278503,0.7819004058837891,0.03307408094406128,0.6877273917198181,0.6419018507003784,0.8149744868278503,0.6877273917198181,11016.0,485.0,25814.0,36345.0,0.16282127797603607,1.0,1.0,0.0,0.0,0.0,0.0,0.0003546600346453488,1.0,1.0,0.0,0.0,0.0,0.0,0.0002086891618091613,1.0,1.0,0.0,0.0,0.0,0.0,0.00042321704677306116,no,no,review
201_9_14_10_jpg.rf.c9e8cf515b5b8f0a40d3cc6bf1a795ff.jpg,201_9_14_10_jpg.rf.c9e8cf515b5b8f0a40d3cc6bf1a795ff.npz,306,0.815068244934082,0.8167175650596619,-0.001649320125579834,0.6878609657287598,0.6902135610580444,1.0,1.0,0.0,0.0,0.0,0.0,0.0002588114875834435,1.0,1.0,0.0,0.0,0.0,0.0,0.0002961222198791802,1.0,1.0,0.0,0.0,0.0,0.0,0.00015707264537923038,0.815068244934082,0.6878609657287598,1154.0,10412.0,35900.0,26642.0,0.11628854274749756,no,no,review
15_242_208_19_5_jpg.rf.ac9fd9228e0824564820bbcc9797da53.jpg,15_242_208_19_5_jpg.rf.ac9fd9228e0824564820bbcc9797da53.npz,307,0.8154017329216003,0.8183637857437134,-0.002962052822113037,0.6883360743522644,0.692568302154541,1.0,1.0,0.0,0.0,0.0,0.0,0.00029646503389813006,0.8154017329216003,0.6883360743522644,37762.0,3219.0,93729.0,128272.0,0.5549116134643555,1.0,1.0,0.0,0.0,0.0,0.0,0.000257951847743243,1.0,1.0,0.0,0.0,0.0,0.0,0.0005059791728854179,no,no,review
15_242_212_25_26_jpg.rf.416c57416dd987970f8edbecf69da4b8.jpg,15_242_212_25_26_jpg.rf.416c57416dd987970f8edbecf69da4b8.npz,308,0.8154814839363098,0.8365517854690552,-0.02107030153274536,0.6884497404098511,0.7190279364585876,1.0,1.0,0.0,0.0,0.0,0.0,0.0002334517048439011,0.8154814839363098,0.6884497404098511,4375.0,7086.0,32412.0,29701.0,0.12428374588489532,1.0,1.0,0.0,0.0,0.0,0.0,0.0002279097243444994,1.0,1.0,0.0,0.0,0.0,0.0,0.00037300772964954376,no,no,review
201_1_16_41_jpg.rf.828e5b76e7caa184da9f85e02ed223c7.jpg,201_1_16_41_jpg.rf.828e5b76e7caa184da9f85e02ed223c7.npz,309,0.8173158168792725,0.8193339705467224,-0.002018153667449951,0.6910684704780579,0.69395911693573,1.0,1.0,0.0,0.0,0.0,0.0,0.00027948335628025234,1.0,1.0,0.0,0.0,0.0,0.0,0.00032714896951802075,1.0,1.0,0.0,0.0,0.0,0.0,0.00016568686987739056,0.8173158168792725,0.6910684704780579,1702.0,3936.0,16548.0,14314.0,0.06214486062526703,no,no,review
17_209_102_11_21_jpg.rf.a4260b9f7afe02f3957d1ab7dbe0c7d0.jpg,17_209_102_11_21_jpg.rf.a4260b9f7afe02f3957d1ab7dbe0c7d0.npz,310,0.8179627060890198,0.8264617919921875,-0.008499085903167725,0.6919940114021301,0.7042478322982788,1.0,1.0,0.0,0.0,0.0,0.0,0.00023720637545920908,1.0,1.0,0.0,0.0,0.0,0.0,0.0005361068178899586,0.8179627060890198,0.6919940114021301,1440.0,1430.0,7878.0,7888.0,0.03516208752989769,1.0,1.0,0.0,0.0,0.0,0.0,0.0003459634608589113,no,no,review
18_228_Masson_505_85_18_jpg.rf.66de92dbe8f1ff23e42736b028e8da42.jpg,18_228_Masson_505_85_18_jpg.rf.66de92dbe8f1ff23e42736b028e8da42.npz,311,0.8185341954231262,0.8382071256637573,-0.019672930240631104,0.692812442779541,0.721477210521698,0.8185341954231262,0.692812442779541,1661.0,1335.0,8092.0,8418.0,0.03556986153125763,1.0,1.0,0.0,0.0,0.0,0.0,0.0003412340010982007,1.0,1.0,0.0,0.0,0.0,0.0,0.00017850048607215285,1.0,1.0,0.0,0.0,0.0,0.0,0.00037993775913491845,no,no,review
15_242_208_33_17_jpg.rf.c98fcd28622f76b841ee356af203a130.jpg,15_242_208_33_17_jpg.rf.c98fcd28622f76b841ee356af203a130.npz,312,0.8188552856445312,0.820748507976532,-0.0018932223320007324,0.693272590637207,0.6959910988807678,1.0,1.0,0.0,0.0,0.0,0.0,0.00022899574832990766,0.8188552856445312,0.693272590637207,3911.0,197.0,9482.0,13196.0,0.05686710774898529,1.0,1.0,0.0,0.0,0.0,0.0,0.00020417620544321835,1.0,1.0,0.0,0.0,0.0,0.0,0.00033842099946923554,no,no,review
15_242_207_29_12_jpg.rf.02647456f8c70792282112440d30cd83.jpg,15_242_207_29_12_jpg.rf.02647456f8c70792282112440d30cd83.npz,313,0.8193681240081787,0.7751789093017578,0.0441892147064209,0.6940081715583801,0.6328915357589722,1.0,1.0,0.0,0.0,0.0,0.0,0.0002519772679079324,0.8193681240081787,0.6940081715583801,719.0,2437.0,9595.0,7877.0,0.03436865657567978,1.0,1.0,0.0,0.0,0.0,0.0,0.0002009539311984554,1.0,1.0,0.0,0.0,0.0,0.0,0.0003645221295300871,no,no,review
19_212_D1208_22_11_jpg.rf.11e7874d24e60a460ac8af12f920fbe0.jpg,19_212_D1208_22_11_jpg.rf.11e7874d24e60a460ac8af12f920fbe0.npz,314,0.8209291696548462,0.7734590172767639,0.047470152378082275,0.6962509751319885,0.6306018829345703,1.0,1.0,0.0,0.0,0.0,0.0,0.0002290780539624393,0.8209291696548462,0.6962509751319885,490.0,1495.0,6045.0,5040.0,0.022193418815732002,1.0,1.0,0.0,0.0,0.0,0.0,0.00021364573331084102,1.0,1.0,0.0,0.0,0.0,0.0,0.0003270064771641046,no,no,review
15_242_208_199_42_jpg.rf.a90f85295d97729fc1aa5b5d8450eec5.jpg,15_242_208_199_42_jpg.rf.a90f85295d97729fc1aa5b5d8450eec5.npz,315,0.8227841258049011,0.8751171827316284,-0.052333056926727295,0.6989237666130066,0.7779629826545715,1.0,1.0,0.0,0.0,0.0,0.0,0.00023517610679846257,1.0,1.0,0.0,0.0,0.0,0.0,0.0005557176773436368,0.8227841258049011,0.6989237666130066,1733.0,1680.0,9603.0,9656.0,0.04360959306359291,1.0,1.0,0.0,0.0,0.0,0.0,0.00033055429230444133,no,no,review
301_1_12_27_jpg.rf.781133b2ab64f087f202f5102df3fca4.jpg,301_1_12_27_jpg.rf.781133b2ab64f087f202f5102df3fca4.npz,316,0.8230352997779846,0.8564470410346985,-0.03341174125671387,0.6992862820625305,0.7489352226257324,1.0,1.0,0.0,0.0,0.0,0.0,0.00027900724671781063,1.0,1.0,0.0,0.0,0.0,0.0,0.00035022947122342885,1.0,1.0,0.0,0.0,0.0,0.0,0.0001711615768726915,0.8230352997779846,0.6992862820625305,11667.0,4217.0,41154.0,48604.0,0.21400563418865204,no,no,review
15_242_208_32_29_jpg.rf.4a9ba3af8e07e6a9ba609f1402ae755e.jpg,15_242_208_32_29_jpg.rf.4a9ba3af8e07e6a9ba609f1402ae755e.npz,317,0.8231191635131836,0.8358803987503052,-0.012761235237121582,0.6994073987007141,0.7180365920066833,1.0,1.0,0.0,0.0,0.0,0.0,0.00024225085508078337,0.8231191635131836,0.6994073987007141,6138.0,1978.0,20862.0,25022.0,0.10608606040477753,1.0,1.0,0.0,0.0,0.0,0.0,0.00026042561512440443,1.0,1.0,0.0,0.0,0.0,0.0,0.00038615326047874987,no,no,review
15_242_208_28_22_jpg.rf.71ab67a0ef71c1049d65cb99cd857fd1.jpg,15_242_208_28_22_jpg.rf.71ab67a0ef71c1049d65cb99cd857fd1.npz,318,0.8237500786781311,0.8250250220298767,-0.0012749433517456055,0.7003188729286194,0.7021638751029968,1.0,1.0,0.0,0.0,0.0,0.0,0.00024759783991612494,0.8237500786781311,0.7003188729286194,10875.0,684.0,27696.0,37887.0,0.1622607260942459,1.0,1.0,0.0,0.0,0.0,0.0,0.000222712304093875,1.0,1.0,0.0,0.0,0.0,0.0,0.00041024023084901273,no,no,review
17_209_102_10_32_jpg.rf.62a813f55ba17efffc041eba3f3901d3.jpg,17_209_102_10_32_jpg.rf.62a813f55ba17efffc041eba3f3901d3.npz,319,0.8238657116889954,0.8212370276451111,0.0026286840438842773,0.7004861235618591,0.6966939568519592,1.0,1.0,0.0,0.0,0.0,0.0,0.00023856112966313958,1.0,1.0,0.0,0.0,0.0,0.0,0.0005606736522167921,0.8238657116889954,0.7004861235618591,2512.0,2725.0,14973.0,14760.0,0.06508985161781311,1.0,1.0,0.0,0.0,0.0,0.0,0.0003806084278039634,no,no,review
15_242_208_28_20_jpg.rf.6d41ad608437aa01b189ae1d1496b43f.jpg,15_242_208_28_20_jpg.rf.6d41ad608437aa01b189ae1d1496b43f.npz,320,0.8244020342826843,0.8273705840110779,-0.0029685497283935547,0.7012618780136108,0.7055687308311462,1.0,1.0,0.0,0.0,0.0,0.0,0.00025460662436671555,0.8244020342826843,0.7012618780136108,12093.0,1804.0,34426.0,44715.0,0.19071471691131592,1.0,1.0,0.0,0.0,0.0,0.0,0.00022771050862502307,1.0,1.0,0.0,0.0,0.0,0.0,0.0003894875990226865,no,no,review
15_242_208_30_8_jpg.rf.bb2c6a602dd1a4d4d23816ad9201b123.jpg,15_242_208_30_8_jpg.rf.bb2c6a602dd1a4d4d23816ad9201b123.npz,321,0.8246753215789795,0.7971250414848328,0.02755028009414673,0.7016574740409851,0.6626831889152527,1.0,1.0,0.0,0.0,0.0,0.0,0.00023126522137317806,0.8246753215789795,0.7016574740409851,5517.0,3717.0,25434.0,27234.0,0.11829066276550293,1.0,1.0,0.0,0.0,0.0,0.0,0.0002354333846597001,1.0,1.0,0.0,0.0,0.0,0.0,0.0003766660811379552,no,no,review
201_10_8_38_jpg.rf.a5b5df5073e8c5b81978c316d9bfad70.jpg,201_10_8_38_jpg.rf.a5b5df5073e8c5b81978c316d9bfad70.npz,322,0.8254725933074951,0.824037492275238,0.00143510103225708,0.7028124928474426,0.7007344961166382,1.0,1.0,0.0,0.0,0.0,0.0,0.0002752466534730047,1.0,1.0,0.0,0.0,0.0,0.0,0.00030890016932971776,1.0,1.0,0.0,0.0,0.0,0.0,0.0001716751721687615,0.8254725933074951,0.7028124928474426,6384.0,273.0,16016.0,22127.0,0.09508472681045532,no,no,review
15_239_101_65_76_jpg.rf.ea9a0da83a8ca11a725a4576c49526d2.jpg,15_239_101_65_76_jpg.rf.ea9a0da83a8ca11a725a4576c49526d2.npz,323,0.8271186351776123,0.7990393042564392,0.028079330921173096,0.7052023410797119,0.6653334498405457,1.0,1.0,0.0,0.0,0.0,0.0,0.0002243550552520901,1.0,1.0,0.0,0.0,0.0,0.0,0.0005590823129750788,0.8271186351776123,0.7052023410797119,362.0,2800.0,10364.0,7926.0,0.0345359668135643,1.0,1.0,0.0,0.0,0.0,0.0,0.00033653201535344124,no,no,review
18_229_Masson_202_103_35_jpg.rf.2a30866386cd2c5507249833455993cd.jpg,18_229_Masson_202_103_35_jpg.rf.2a30866386cd2c5507249833455993cd.npz,324,0.82729172706604,0.8061859607696533,0.02110576629638672,0.7054539918899536,0.6753028035163879,0.82729172706604,0.7054539918899536,5296.0,6758.0,35628.0,34166.0,0.15262329578399658,1.0,1.0,0.0,0.0,0.0,0.0,0.0004219990223646164,1.0,1.0,0.0,0.0,0.0,0.0,0.0002513701911084354,1.0,1.0,0.0,0.0,0.0,0.0,0.0004159659147262573,no,no,review
15_242_202_92_68_jpg.rf.50a5c71b4d1001b68d8de5f3864fd2e8.jpg,15_242_202_92_68_jpg.rf.50a5c71b4d1001b68d8de5f3864fd2e8.npz,325,0.8279558420181274,0.6101729869842529,0.2177828550338745,0.7064203023910522,0.4390280246734619,0.8279558420181274,0.7064203023910522,54.0,6270.0,21487.0,15271.0,0.06939660757780075,1.0,1.0,0.0,0.0,0.0,0.0,0.0003607575490605086,1.0,1.0,0.0,0.0,0.0,0.0,0.0001940537040354684,1.0,1.0,0.0,0.0,0.0,0.0,0.00040141880162991583,no,no,review
15_242_208_18_27_jpg.rf.d8733f4b7c98ad77b2629c8f2b16cefe.jpg,15_242_208_18_27_jpg.rf.d8733f4b7c98ad77b2629c8f2b16cefe.npz,326,0.8280239105224609,0.8072165846824646,0.020807325839996338,0.7065194249153137,0.6767503619194031,1.0,1.0,0.0,0.0,0.0,0.0,0.00023437998606823385,0.8280239105224609,0.7065194249153137,986.0,396.0,3723.0,4313.0,0.019289936870336533,1.0,1.0,0.0,0.0,0.0,0.0,0.000220806134166196,1.0,1.0,0.0,0.0,0.0,0.0,0.00033228148822672665,no,no,review
201_2_14_62_jpg.rf.cc79384e3624bd85bcb61d4ecd94ecc2.jpg,201_2_14_62_jpg.rf.cc79384e3624bd85bcb61d4ecd94ecc2.npz,327,0.8296599388122559,0.7381008267402649,0.09155911207199097,0.7089049816131592,0.5849126577377319,1.0,1.0,0.0,0.0,0.0,0.0,0.0002819525543600321,1.0,1.0,0.0,0.0,0.0,0.0,0.00033529798383824527,1.0,1.0,0.0,0.0,0.0,0.0,0.00016859704919625074,0.8296599388122559,0.7089049816131592,902.0,3681.0,14842.0,12063.0,0.057426817715168,no,no,review
15_242_208_22_26_jpg.rf.191b836b62097d2909181220d527f349.jpg,15_242_208_22_26_jpg.rf.191b836b62097d2909181220d527f349.npz,328,0.8298958539962769,0.8324137926101685,-0.0025179386138916016,0.7092495560646057,0.7129356265068054,1.0,1.0,0.0,0.0,0.0,0.0,0.00023830289137549698,0.8298958539962769,0.7092495560646057,2153.0,8478.0,34411.0,28086.0,0.12484103441238403,1.0,1.0,0.0,0.0,0.0,0.0,0.00025481500779278576,1.0,1.0,0.0,0.0,0.0,0.0,0.00038784483331255615,no,no,review
18_228_Masson_505_93_33_jpg.rf.d557a48ed53abbec74430dc913329c23.jpg,18_228_Masson_505_93_33_jpg.rf.d557a48ed53abbec74430dc913329c23.npz,329,0.8323219418525696,0.8320333957672119,0.000288546085357666,0.7128008604049683,0.7123777270317078,0.8323219418525696,0.7128008604049683,5554.0,221.0,14554.0,19887.0,0.08551472425460815,1.0,1.0,0.0,0.0,0.0,0.0,0.00039485760498791933,1.0,1.0,0.0,0.0,0.0,0.0,0.000208380282856524,1.0,1.0,0.0,0.0,0.0,0.0,0.0003726670693140477,no,no,review
18_229_Masson_201_32_37_jpg.rf.e4d49104f12d8c25e3858d8980b9a380.jpg,18_229_Masson_201_32_37_jpg.rf.e4d49104f12d8c25e3858d8980b9a380.npz,330,0.8331378698348999,0.7869709730148315,0.04616689682006836,0.7139984965324402,0.6487652063369751,0.8331378698348999,0.7139984965324402,2241.0,462.0,7210.0,8989.0,0.038172535598278046,1.0,1.0,0.0,0.0,0.0,0.0,0.00032693971297703683,1.0,1.0,0.0,0.0,0.0,0.0,0.00018409406766295433,1.0,1.0,0.0,0.0,0.0,0.0,0.0003561648481991142,no,no,review
15_242_208_22_26_jpg.rf.f4b7af8c710746957e81cbd46b66554e.jpg,15_242_208_22_26_jpg.rf.f4b7af8c710746957e81cbd46b66554e.npz,331,0.8334932923316956,0.8293247818946838,0.004168510437011719,0.7145208120346069,0.7084158062934875,1.0,1.0,0.0,0.0,0.0,0.0,0.00023822217190172523,0.8334932923316956,0.7145208120346069,2066.0,8342.0,34392.0,28116.0,0.12496702373027802,1.0,1.0,0.0,0.0,0.0,0.0,0.0002552249061409384,1.0,1.0,0.0,0.0,0.0,0.0,0.0003879693103954196,no,no,review
18_236_303_56_53_jpg.rf.d98c6e8c2bdcc39258e6b3d3c81e0eb7.jpg,18_236_303_56_53_jpg.rf.d98c6e8c2bdcc39258e6b3d3c81e0eb7.npz,332,0.8343055844306946,0.8321899771690369,0.002115607261657715,0.7157155275344849,0.7126073241233826,0.8343055844306946,0.7157155275344849,387.0,9895.0,35781.0,26273.0,0.12396802008152008,1.0,1.0,0.0,0.0,0.0,0.0,0.00033955578692257404,1.0,1.0,0.0,0.0,0.0,0.0,0.0001988168223761022,1.0,1.0,0.0,0.0,0.0,0.0,0.00041642875294201076,no,no,review
15_242_208_40_7_jpg.rf.477b6f06b1579d499a60d2b84a794598.jpg,15_242_208_40_7_jpg.rf.477b6f06b1579d499a60d2b84a794598.npz,333,0.8352154493331909,0.8090896010398865,0.026125848293304443,0.7170557379722595,0.6793874502182007,1.0,1.0,0.0,0.0,0.0,0.0,0.00024187224335037172,0.8352154493331909,0.7170557379722595,9176.0,3636.0,36105.0,41645.0,0.18199096620082855,1.0,1.0,0.0,0.0,0.0,0.0,0.0002493117062840611,1.0,1.0,0.0,0.0,0.0,0.0,0.0004049644630867988,no,no,review
18_228_Masson_505_93_33_jpg.rf.534be7c78d915a227bb1d58dad439c2b.jpg,18_228_Masson_505_93_33_jpg.rf.534be7c78d915a227bb1d58dad439c2b.npz,334,0.8352539539337158,0.8312836289405823,0.003970324993133545,0.7171125411987305,0.7112791538238525,0.8352539539337158,0.7171125411987305,5410.0,237.0,14552.0,19725.0,0.08513536304235458,1.0,1.0,0.0,0.0,0.0,0.0,0.0003230706788599491,1.0,1.0,0.0,0.0,0.0,0.0,0.0001889611012302339,1.0,1.0,0.0,0.0,0.0,0.0,0.0003804691950790584,no,no,review
15_239_101_65_76_jpg.rf.d135a4794c22389c7b30a8e316307d3c.jpg,15_239_101_65_76_jpg.rf.d135a4794c22389c7b30a8e316307d3c.npz,335,0.8359597325325012,0.8643231987953186,-0.028363466262817383,0.7181535959243774,0.7610644102096558,1.0,1.0,0.0,0.0,0.0,0.0,0.00022432288096752018,1.0,1.0,0.0,0.0,0.0,0.0,0.0005593440728262067,0.8359597325325012,0.7181535959243774,295.0,2703.0,10342.0,7934.0,0.034557197242975235,1.0,1.0,0.0,0.0,0.0,0.0,0.0003364639123901725,no,no,review
15_242_208_18_22_jpg.rf.00609e7ee8a2562874609d040707614f.jpg,15_242_208_18_22_jpg.rf.00609e7ee8a2562874609d040707614f.npz,336,0.8363011479377747,0.8044487237930298,0.03185242414474487,0.7186577320098877,0.6728684306144714,1.0,1.0,0.0,0.0,0.0,0.0,0.00023709294328000396,0.8363011479377747,0.7186577320098877,1697.0,6402.0,27090.0,22385.0,0.09661374986171722,1.0,1.0,0.0,0.0,0.0,0.0,0.0002324127999600023,1.0,1.0,0.0,0.0,0.0,0.0,0.00037379967398010194,no,no,review
17_209_102_10_32_jpg.rf.25750667ffd9916eeca5792ffa4d82e9.jpg,17_209_102_10_32_jpg.rf.25750667ffd9916eeca5792ffa4d82e9.npz,337,0.836334764957428,0.8264990448951721,0.00983572006225586,0.7187073826789856,0.7043020129203796,1.0,1.0,0.0,0.0,0.0,0.0,0.0002337366167921573,1.0,1.0,0.0,0.0,0.0,0.0,0.0005623080069199204,0.836334764957428,0.7187073826789856,1893.0,2851.0,14972.0,14014.0,0.061573274433612823,1.0,1.0,0.0,0.0,0.0,0.0,0.00036503004957921803,no,no,review
207_4_6_50_jpg.rf.88904ba297f849ae84df95900d5f3384.jpg,207_4_6_50_jpg.rf.88904ba297f849ae84df95900d5f3384.npz,338,0.836810290813446,0.9300443530082703,-0.09323406219482422,0.7194099426269531,0.8692363500595093,1.0,1.0,0.0,0.0,0.0,0.0,0.0002814997860696167,1.0,1.0,0.0,0.0,0.0,0.0,0.0003404560557100922,1.0,1.0,0.0,0.0,0.0,0.0,0.00017170279170386493,0.836810290813446,0.7194099426269531,509.0,7556.0,28234.0,21187.0,0.09967052936553955,no,no,review
17_209_102_11_22_jpg.rf.80e2d0c4bfb7acc11be55c867a7d4ea2.jpg,17_209_102_11_22_jpg.rf.80e2d0c4bfb7acc11be55c867a7d4ea2.npz,339,0.8373208045959473,0.8462508320808411,-0.008930027484893799,0.720164954662323,0.7334790229797363,1.0,1.0,0.0,0.0,0.0,0.0,0.00023454031907022,1.0,1.0,0.0,0.0,0.0,0.0,0.0005993270315229893,0.8373208045959473,0.720164954662323,1720.0,1605.0,10162.0,10277.0,0.04444745555520058,1.0,1.0,0.0,0.0,0.0,0.0,0.00034486534423194826,no,no,review
201_4_6_4_jpg.rf.58e169545d1b91c99ae06b9b8c4a5822.jpg,201_4_6_4_jpg.rf.58e169545d1b91c99ae06b9b8c4a5822.npz,340,0.8393045663833618,0.8305332064628601,0.008771359920501709,0.7231049537658691,0.7101811170578003,1.0,1.0,0.0,0.0,0.0,0.0,0.000281171960523352,1.0,1.0,0.0,0.0,0.0,0.0,0.000319094629958272,1.0,1.0,0.0,0.0,0.0,0.0,0.00017230006051249802,0.8393045663833618,0.7231049537658691,478.0,5604.0,21487.0,16361.0,0.0708082988858223,no,no,review
201_4_6_4_jpg.rf.666d4e53c12cca3cfee24bbec249b584.jpg,201_4_6_4_jpg.rf.666d4e53c12cca3cfee24bbec249b584.npz,341,0.8393045663833618,0.8305332064628601,0.008771359920501709,0.7231049537658691,0.7101811170578003,1.0,1.0,0.0,0.0,0.0,0.0,0.000281171960523352,1.0,1.0,0.0,0.0,0.0,0.0,0.000319094629958272,1.0,1.0,0.0,0.0,0.0,0.0,0.00017230006051249802,0.8393045663833618,0.7231049537658691,478.0,5604.0,21487.0,16361.0,0.0708082988858223,no,no,review
15_242_202_143_66_jpg.rf.ed5144f91cd8ed6d78ab53e756b455a6.jpg,15_242_202_143_66_jpg.rf.ed5144f91cd8ed6d78ab53e756b455a6.npz,342,0.8396636843681335,0.8523181676864624,-0.012654483318328857,0.7236381769180298,0.7426432371139526,0.8396636843681335,0.7236381769180298,0.0,11060.0,40020.0,28960.0,0.12973840534687042,1.0,1.0,0.0,0.0,0.0,0.0,0.00033901038113981485,1.0,1.0,0.0,0.0,0.0,0.0,0.00024828786263242364,1.0,1.0,0.0,0.0,0.0,0.0,0.0004170621687080711,no,no,review
15_242_207_29_12_jpg.rf.be794c32a319f27b00cfd2054fcd7e63.jpg,15_242_207_29_12_jpg.rf.be794c32a319f27b00cfd2054fcd7e63.npz,343,0.8411027193069458,0.8210852146148682,0.020017504692077637,0.7257784605026245,0.6964755058288574,1.0,1.0,0.0,0.0,0.0,0.0,0.00025224959244951606,0.8411027193069458,0.7257784605026245,1680.0,689.0,6959.0,7950.0,0.034608807414770126,1.0,1.0,0.0,0.0,0.0,0.0,0.00019979568605776876,1.0,1.0,0.0,0.0,0.0,0.0,0.00036467169411480427,no,no,review
15_242_208_30_9_jpg.rf.8a9842aeabc27c96512e888e2a5c9827.jpg,15_242_208_30_9_jpg.rf.8a9842aeabc27c96512e888e2a5c9827.npz,344,0.8418330550193787,0.8417487144470215,8.434057235717773e-05,0.7268667817115784,0.7267410159111023,1.0,1.0,0.0,0.0,0.0,0.0,0.0002654820855241269,0.8418330550193787,0.7268667817115784,15423.0,5741.0,62063.0,71745.0,0.309810608625412,1.0,1.0,0.0,0.0,0.0,0.0,0.0002393886970821768,1.0,1.0,0.0,0.0,0.0,0.0,0.00042440733523108065,no,no,review
17_209_102_11_21_jpg.rf.38a3c1baa0b7f0dc17ca6f731251e981.jpg,17_209_102_11_21_jpg.rf.38a3c1baa0b7f0dc17ca6f731251e981.npz,345,0.8418810367584229,0.8357976675033569,0.006083369255065918,0.7269382476806641,0.7179144620895386,1.0,1.0,0.0,0.0,0.0,0.0,0.0002388674474786967,1.0,1.0,0.0,0.0,0.0,0.0,0.0005365575198084116,0.8418810367584229,0.7269382476806641,1047.0,1996.0,10097.0,9148.0,0.04027974605560303,1.0,1.0,0.0,0.0,0.0,0.0,0.0003479424340184778,no,no,review
16_224_101_112_18_jpg.rf.a7cdf5d66530ec11c3376401bb2a6468.jpg,16_224_101_112_18_jpg.rf.a7cdf5d66530ec11c3376401bb2a6468.npz,346,0.8433452844619751,0.8916661143302917,-0.04832082986831665,0.7291244864463806,0.8045103549957275,1.0,1.0,0.0,0.0,0.0,0.0,0.0002295039448654279,1.0,1.0,0.0,0.0,0.0,0.0,0.000567394366953522,0.8433452844619751,0.7291244864463806,1543.0,864.0,7343.0,8022.0,0.03431236743927002,1.0,1.0,0.0,0.0,0.0,0.0,0.00032349766115657985,no,no,review
18_228_Masson_505_85_18_jpg.rf.33bcee79faf95466b86eb00b7f4e3281.jpg,18_228_Masson_505_85_18_jpg.rf.33bcee79faf95466b86eb00b7f4e3281.npz,347,0.8441068530082703,0.8473670482635498,-0.003260195255279541,0.7302637100219727,0.7351577877998352,0.8441068530082703,0.7302637100219727,2862.0,196.0,8475.0,11141.0,0.04879172518849373,1.0,1.0,0.0,0.0,0.0,0.0,0.0003766169829759747,1.0,1.0,0.0,0.0,0.0,0.0,0.00019733270164579153,1.0,1.0,0.0,0.0,0.0,0.0,0.00036530959187075496,no,no,review
18_236_303_49_21_jpg.rf.4159d7386ce56099f4e1836c261bd3f4.jpg,18_236_303_49_21_jpg.rf.4159d7386ce56099f4e1836c261bd3f4.npz,348,0.844441831111908,0.7752465009689331,0.06919533014297485,0.7307653427124023,0.6329817175865173,0.844441831111908,0.7307653427124023,2790.0,5143.0,26675.0,24322.0,0.12476105242967606,1.0,1.0,0.0,0.0,0.0,0.0,0.0003610101994127035,1.0,1.0,0.0,0.0,0.0,0.0,0.00020825766841880977,1.0,1.0,0.0,0.0,0.0,0.0,0.0006272557657212019,no,no,review
18_236_203_78_38_jpg.rf.37953943fdadeb7f42fcbacdd0f44d69.jpg,18_236_203_78_38_jpg.rf.37953943fdadeb7f42fcbacdd0f44d69.npz,349,0.8446434140205383,0.7786802053451538,0.06596320867538452,0.7310672998428345,0.637572705745697,0.8446434140205383,0.7310672998428345,326.0,1652.0,7029.0,5703.0,0.02948559634387493,1.0,1.0,0.0,0.0,0.0,0.0,0.0003458108694758266,1.0,1.0,0.0,0.0,0.0,0.0,0.00019319741113577038,1.0,1.0,0.0,0.0,0.0,0.0,0.00036644554347731173,no,no,review
18_229_Masson_202_73_21_jpg.rf.13d849cd10fc596cc0bb89178df626a8.jpg,18_229_Masson_202_73_21_jpg.rf.13d849cd10fc596cc0bb89178df626a8.npz,350,0.8450056910514832,0.8464816212654114,-0.0014759302139282227,0.7316102385520935,0.7338258624076843,0.8450056910514832,0.7316102385520935,1846.0,2941.0,15990.0,14895.0,0.06410045921802521,1.0,1.0,0.0,0.0,0.0,0.0,0.00037437319406308234,1.0,1.0,0.0,0.0,0.0,0.0,0.00023350093397311866,1.0,1.0,0.0,0.0,0.0,0.0,0.0003765677392948419,no,no,review
202_8_5_42_jpg.rf.8de49ef7c06fc1a28bd87e1c85830cc4.jpg,202_8_5_42_jpg.rf.8de49ef7c06fc1a28bd87e1c85830cc4.npz,351,0.8451273441314697,0.9187559485435486,-0.07362860441207886,0.731792688369751,0.8497211933135986,1.0,1.0,0.0,0.0,0.0,0.0,0.0002844871487468481,1.0,1.0,0.0,0.0,0.0,0.0,0.00036178447771817446,1.0,1.0,0.0,0.0,0.0,0.0,0.0001735671830829233,0.8451273441314697,0.731792688369751,828.0,7830.0,31453.0,24451.0,0.11987324059009552,no,no,review
205_6_7_10_jpg.rf.b07763b142a068ed75e4c3444e07f6e0.jpg,205_6_7_10_jpg.rf.b07763b142a068ed75e4c3444e07f6e0.npz,352,0.8471153378486633,0.7166261076927185,0.13048923015594482,0.734778881072998,0.558392345905304,1.0,1.0,0.0,0.0,0.0,0.0,0.00027851012418977916,1.0,1.0,0.0,0.0,0.0,0.0,0.0003727853763848543,1.0,1.0,0.0,0.0,0.0,0.0,0.00017831442528404295,0.8471153378486633,0.734778881072998,12770.0,856.0,38606.0,50520.0,0.25356024503707886,no,no,review
15_242_208_28_22_jpg.rf.1a848469a81a37a7f8352edfa871f38c.jpg,15_242_208_28_22_jpg.rf.1a848469a81a37a7f8352edfa871f38c.npz,353,0.8472695350646973,0.8281374573707581,0.01913207769393921,0.7350109815597534,0.7066848278045654,1.0,1.0,0.0,0.0,0.0,0.0,0.00024599244352430105,0.8472695350646973,0.7350109815597534,9184.0,588.0,27693.0,36289.0,0.15497112274169922,1.0,1.0,0.0,0.0,0.0,0.0,0.00022814578551333398,1.0,1.0,0.0,0.0,0.0,0.0,0.0003990627301391214,no,no,review
202_6_15_50_jpg.rf.6c69f7447e3fb2b1c36136bf3e620bc1.jpg,202_6_15_50_jpg.rf.6c69f7447e3fb2b1c36136bf3e620bc1.npz,354,0.8482117056846619,0.810099184513092,0.038112521171569824,0.7364302277565002,0.6808123588562012,1.0,1.0,0.0,0.0,0.0,0.0,0.0002784699317999184,1.0,1.0,0.0,0.0,0.0,0.0,0.0003413285012356937,1.0,1.0,0.0,0.0,0.0,0.0,0.00016877691086847335,0.8482117056846619,0.7364302277565002,1543.0,7887.0,34235.0,27891.0,0.12952378392219543,no,no,review
18_228_Masson_505_96_38_jpg.rf.a1ea47dfc2e94cf1b35602b5eaae31c3.jpg,18_228_Masson_505_96_38_jpg.rf.a1ea47dfc2e94cf1b35602b5eaae31c3.npz,355,0.8488683104515076,0.8758489489555359,-0.02698063850402832,0.7374206781387329,0.7791203260421753,0.8488683104515076,0.7374206781387329,1454.0,242.0,5005.0,6217.0,0.028621437028050423,1.0,1.0,0.0,0.0,0.0,0.0,0.000334506097715348,1.0,1.0,0.0,0.0,0.0,0.0,0.00018209479458164424,1.0,1.0,0.0,0.0,0.0,0.0,0.0003642269584815949,no,no,review
16_224_101_112_11_jpg.rf.2d3e4de0777f93fa7d508c963455a454.jpg,16_224_101_112_11_jpg.rf.2d3e4de0777f93fa7d508c963455a454.npz,356,0.8496990203857422,0.8438683748245239,0.005830645561218262,0.7386753559112549,0.7299068570137024,1.0,1.0,0.0,0.0,0.0,0.0,0.00022850163804832846,1.0,1.0,0.0,0.0,0.0,0.0,0.0005163405439816415,0.8496990203857422,0.7386753559112549,644.0,2402.0,11012.0,9254.0,0.04229894280433655,1.0,1.0,0.0,0.0,0.0,0.0,0.00037689332384616137,no,no,review
18_229_Masson_201_130_33_jpg.rf.f4df1335149b57ea5697a8d294f335cc.jpg,18_229_Masson_201_130_33_jpg.rf.f4df1335149b57ea5697a8d294f335cc.npz,357,0.8501850366592407,0.5976540446281433,0.2525309920310974,0.7394103407859802,0.4261816143989563,0.8501850366592407,0.7394103407859802,987.0,9416.0,38934.0,30505.0,0.12071991711854935,1.0,1.0,0.0,0.0,0.0,0.0,0.00035401227069087327,1.0,1.0,0.0,0.0,0.0,0.0,0.00024066652986221015,1.0,1.0,0.0,0.0,0.0,0.0,0.00041909608989953995,no,no,review
201_9_12_57_jpg.rf.7d3ea3b9c3141c837a3f0a9323c73d3c.jpg,201_9_12_57_jpg.rf.7d3ea3b9c3141c837a3f0a9323c73d3c.npz,358,0.8510138988494873,0.8476068377494812,0.0034070611000061035,0.740665078163147,0.7355188131332397,1.0,1.0,0.0,0.0,0.0,0.0,0.0002704539801925421,1.0,1.0,0.0,0.0,0.0,0.0,0.0003402157744858414,1.0,1.0,0.0,0.0,0.0,0.0,0.0001732184027787298,0.8510138988494873,0.740665078163147,10695.0,1876.0,37779.0,46598.0,0.20075854659080505,no,no,review
18_228_Masson_505_89_33_jpg.rf.a46f3ca20457877c21d0fbf80d84b579.jpg,18_228_Masson_505_89_33_jpg.rf.a46f3ca20457877c21d0fbf80d84b579.npz,359,0.8518142700195312,0.824500322341919,0.027313947677612305,0.7418785095214844,0.7014040946960449,0.8518142700195312,0.7418785095214844,5668.0,1928.0,23760.0,27500.0,0.12005165219306946,1.0,1.0,0.0,0.0,0.0,0.0,0.0004327987553551793,1.0,1.0,0.0,0.0,0.0,0.0,0.00024688130361028016,1.0,1.0,0.0,0.0,0.0,0.0,0.00038117612712085247,no,no,review
201_9_12_57_jpg.rf.e8d292f0d8ca1cbc5fde1fb2e0012449.jpg,201_9_12_57_jpg.rf.e8d292f0d8ca1cbc5fde1fb2e0012449.npz,360,0.8533440828323364,0.8554977774620056,-0.0021536946296691895,0.7442023754119873,0.747484564781189,1.0,1.0,0.0,0.0,0.0,0.0,0.0002712391724344343,1.0,1.0,0.0,0.0,0.0,0.0,0.0003403846640139818,1.0,1.0,0.0,0.0,0.0,0.0,0.00017352639406453818,0.8533440828323364,0.7442023754119873,10607.0,1769.0,37775.0,46613.0,0.20074069499969482,no,no,review
15_242_212_24_24_jpg.rf.39a8636cf3ec9dc0e3daff86cc14e3fe.jpg,15_242_212_24_24_jpg.rf.39a8636cf3ec9dc0e3daff86cc14e3fe.npz,361,0.8554843664169312,0.803399920463562,0.05208444595336914,0.7474640607833862,0.6714021563529968,1.0,1.0,0.0,0.0,0.0,0.0,0.00022890152467880398,0.8554843664169312,0.7474640607833862,4204.0,3688.0,27047.0,27563.0,0.13390620052814484,1.0,1.0,0.0,0.0,0.0,0.0,0.0002385745756328106,1.0,1.0,0.0,0.0,0.0,0.0,0.00038070877781137824,no,no,review
204_1_7_36_jpg.rf.dc449deefa699f238cb2e6d6cfeeef10.jpg,204_1_7_36_jpg.rf.dc449deefa699f238cb2e6d6cfeeef10.npz,362,0.856956958770752,0.8240673542022705,0.032889604568481445,0.7497153878211975,0.7007777094841003,1.0,1.0,0.0,0.0,0.0,0.0,0.00027833631611429155,1.0,1.0,0.0,0.0,0.0,0.0,0.00034551077987998724,1.0,1.0,0.0,0.0,0.0,0.0,0.00016988359857350588,0.856956958770752,0.7497153878211975,3015.0,5119.0,29484.0,27380.0,0.1364755630493164,no,no,review
207_5_8_55_jpg.rf.a60d9724f021c719966427ba65696330.jpg,207_5_8_55_jpg.rf.a60d9724f021c719966427ba65696330.npz,363,0.8576356768608093,0.918895959854126,-0.06126028299331665,0.7507549524307251,0.8499606847763062,1.0,1.0,0.0,0.0,0.0,0.0,0.00028550458955578506,1.0,1.0,0.0,0.0,0.0,0.0,0.00034238488296978176,1.0,1.0,0.0,0.0,0.0,0.0,0.00016948908159974962,0.8576356768608093,0.7507549524307251,6449.0,2052.0,27658.0,32055.0,0.13439877331256866,no,no,review
201_9_6_12_jpg.rf.fca19a28c119f03424e6c24d14752263.jpg,201_9_6_12_jpg.rf.fca19a28c119f03424e6c24d14752263.npz,364,0.8593443036079407,0.8583468794822693,0.0009974241256713867,0.7533774375915527,0.7518455982208252,1.0,1.0,0.0,0.0,0.0,0.0,0.0002741636708378792,1.0,1.0,0.0,0.0,0.0,0.0,0.00030723557574674487,1.0,1.0,0.0,0.0,0.0,0.0,0.0001627921301405877,0.8593443036079407,0.7533774375915527,203.0,4306.0,18080.0,13977.0,0.06348590552806854,no,no,review
15_242_208_28_23_jpg.rf.8bc794d394cc74300cc9cf79f4f0c7af.jpg,15_242_208_28_23_jpg.rf.8bc794d394cc74300cc9cf79f4f0c7af.npz,365,0.8599929213523865,0.8577921390533447,0.002200782299041748,0.7543751001358032,0.7509948015213013,1.0,1.0,0.0,0.0,0.0,0.0,0.00023840618086978793,0.8599929213523865,0.7543751001358032,3204.0,2340.0,19367.0,20231.0,0.08710980415344238,1.0,1.0,0.0,0.0,0.0,0.0,0.0002399168733973056,1.0,1.0,0.0,0.0,0.0,0.0,0.00034933010465465486,no,no,review
15_242_208_30_25_jpg.rf.736cca96913ee12036d5718d3d96f543.jpg,15_242_208_30_25_jpg.rf.736cca96913ee12036d5718d3d96f543.npz,366,0.8602945804595947,0.8594644665718079,0.0008301138877868652,0.7548393607139587,0.7535621523857117,1.0,1.0,0.0,0.0,0.0,0.0,0.00024158725864253938,0.8602945804595947,0.7548393607139587,2141.0,2507.0,16818.0,16452.0,0.07318917661905289,1.0,1.0,0.0,0.0,0.0,0.0,0.0002466597070451826,1.0,1.0,0.0,0.0,0.0,0.0,0.0003796227101702243,no,no,review
15_242_208_29_22_jpg.rf.c59fcc2f7ae9cdebb589a66b2e11fd66.jpg,15_242_208_29_22_jpg.rf.c59fcc2f7ae9cdebb589a66b2e11fd66.npz,367,0.8626935482025146,0.8649839758872986,-0.0022904276847839355,0.7585409879684448,0.762089729309082,1.0,1.0,0.0,0.0,0.0,0.0,0.0002299080224474892,0.8626935482025146,0.7585409879684448,3489.0,377.0,12522.0,15634.0,0.06767188757658005,1.0,1.0,0.0,0.0,0.0,0.0,0.00023624741879757494,1.0,1.0,0.0,0.0,0.0,0.0,0.00032719052978791296,no,no,review
15_242_208_18_27_jpg.rf.57cae30c57ea5bc4b55b4a08fceb8227.jpg,15_242_208_18_27_jpg.rf.57cae30c57ea5bc4b55b4a08fceb8227.npz,368,0.8627721667289734,0.8511183261871338,0.0116538405418396,0.7586625218391418,0.7408233284950256,1.0,1.0,0.0,0.0,0.0,0.0,0.00023821018112357706,0.8627721667289734,0.7586625218391418,242.0,1151.0,5530.0,4621.0,0.020149288699030876,1.0,1.0,0.0,0.0,0.0,0.0,0.00021993799600750208,1.0,1.0,0.0,0.0,0.0,0.0,0.0003349691105540842,no,no,review
18_219_203_15_8_jpg.rf.1035a45a5b4efb041e68fc9263a4cf79.jpg,18_219_203_15_8_jpg.rf.1035a45a5b4efb041e68fc9263a4cf79.npz,369,0.8632959723472595,0.8256095051765442,0.03768646717071533,0.7594729065895081,0.7030110955238342,1.0,1.0,0.0,0.0,0.0,0.0,0.00023100312682799995,0.8632959723472595,0.7594729065895081,936.0,2441.0,13104.0,11599.0,0.05196760967373848,1.0,1.0,0.0,0.0,0.0,0.0,0.00018245195678900927,1.0,1.0,0.0,0.0,0.0,0.0,0.0003291378961876035,no,no,review
15_242_208_37_22_jpg.rf.74bd11028e9de572cc251eb09e514425.jpg,15_242_208_37_22_jpg.rf.74bd11028e9de572cc251eb09e514425.npz,370,0.8633351922035217,0.8593758940696716,0.003959298133850098,0.759533703327179,0.7534260153770447,1.0,1.0,0.0,0.0,0.0,0.0,0.000229767567361705,0.8633351922035217,0.759533703327179,1146.0,1288.0,8976.0,8834.0,0.03763987123966217,1.0,1.0,0.0,0.0,0.0,0.0,0.00021830308833159506,1.0,1.0,0.0,0.0,0.0,0.0,0.00034657149808481336,no,no,review
15_242_208_31_14_jpg.rf.ac3dd179e5f6ffba7666f3344a32a486.jpg,15_242_208_31_14_jpg.rf.ac3dd179e5f6ffba7666f3344a32a486.npz,371,0.864508330821991,0.8433520197868347,0.02115631103515625,0.7613515257835388,0.7291345596313477,1.0,1.0,0.0,0.0,0.0,0.0,0.0002404528349870816,0.864508330821991,0.7613515257835388,5151.0,2018.0,24889.0,28022.0,0.120509572327137,1.0,1.0,0.0,0.0,0.0,0.0,0.0002606897323857993,1.0,1.0,0.0,0.0,0.0,0.0,0.000369210378266871,no,no,review
202_10_5_20_jpg.rf.8a58e77089eb98e7c485958742bc1536.jpg,202_10_5_20_jpg.rf.8a58e77089eb98e7c485958742bc1536.npz,372,0.8652574419975281,0.8900238275527954,-0.024766385555267334,0.7625142931938171,0.8018404841423035,1.0,1.0,0.0,0.0,0.0,0.0,0.00026634446112439036,1.0,1.0,0.0,0.0,0.0,0.0,0.00031046097865328193,1.0,1.0,0.0,0.0,0.0,0.0,0.0001667479518800974,0.8652574419975281,0.7625142931938171,7121.0,560.0,25222.0,31783.0,0.13384592533111572,no,no,review
15_242_208_33_17_jpg.rf.41bd8bfa3413c7e62c8e61be2881f916.jpg,15_242_208_33_17_jpg.rf.41bd8bfa3413c7e62c8e61be2881f916.npz,373,0.8652658462524414,0.8620419502258301,0.003223896026611328,0.7625274062156677,0.7575340270996094,1.0,1.0,0.0,0.0,0.0,0.0,0.0002296545571880415,0.8652658462524414,0.7625274062156677,2862.0,62.0,9451.0,12251.0,0.05318887531757355,1.0,1.0,0.0,0.0,0.0,0.0,0.0002046414592768997,1.0,1.0,0.0,0.0,0.0,0.0,0.0003427991468925029,no,no,review
18_217_219_75_13_jpg.rf.cabf9dba39991e4b8ba3d5026c187cd5.jpg,18_217_219_75_13_jpg.rf.cabf9dba39991e4b8ba3d5026c187cd5.npz,374,0.8654087781906128,0.7963311672210693,0.06907761096954346,0.762749433517456,0.661586582660675,1.0,1.0,0.0,0.0,0.0,0.0,0.00024050851061474532,1.0,1.0,0.0,0.0,0.0,0.0,0.0004938102210871875,0.8654087781906128,0.762749433517456,44.0,812.0,3564.0,2796.0,0.017746703699231148,1.0,1.0,0.0,0.0,0.0,0.0,0.00037454147241078317,no,no,review
18_236_202_41_3_jpg.rf.ceb7941323525db7dd0fe870eba0a76b.jpg,18_236_202_41_3_jpg.rf.ceb7941323525db7dd0fe870eba0a76b.npz,375,0.8656548261642456,0.7827377915382385,0.08291703462600708,0.7631317377090454,0.6430313587188721,0.8656548261642456,0.7631317377090454,1206.0,1653.0,10864.0,10417.0,0.045564085245132446,1.0,1.0,0.0,0.0,0.0,0.0,0.0003508421068545431,1.0,1.0,0.0,0.0,0.0,0.0,0.0002011891920119524,1.0,1.0,0.0,0.0,0.0,0.0,0.0003712112084031105,no,no,review
17_209_102_10_32_jpg.rf.47db37530984855dd7a6f47df7618db3.jpg,17_209_102_10_32_jpg.rf.47db37530984855dd7a6f47df7618db3.npz,376,0.8664012551307678,0.851284921169281,0.015116333961486816,0.7642927169799805,0.7410757541656494,1.0,1.0,0.0,0.0,0.0,0.0,0.00023828523990232497,1.0,1.0,0.0,0.0,0.0,0.0,0.0005569254863075912,0.8664012551307678,0.7642927169799805,1135.0,3194.0,17231.0,15172.0,0.06687420606613159,1.0,1.0,0.0,0.0,0.0,0.0,0.0003800655831582844,no,no,review
17_209_102_11_28_jpg.rf.801b14638ae82ccda6e533ef97074e0c.jpg,17_209_102_11_28_jpg.rf.801b14638ae82ccda6e533ef97074e0c.npz,377,0.866904616355896,0.8566133379936218,0.01029127836227417,0.7650763988494873,0.7491896152496338,1.0,1.0,0.0,0.0,0.0,0.0,0.00023195304675027728,1.0,1.0,0.0,0.0,0.0,0.0,0.0005685678333975375,0.866904616355896,0.7650763988494873,563.0,1973.0,10232.0,8822.0,0.03968586400151253,1.0,1.0,0.0,0.0,0.0,0.0,0.00035431215655989945,no,no,review
15_242_208_18_4_jpg.rf.6930758117e33f89a54d5bda3c5e7919.jpg,15_242_208_18_4_jpg.rf.6930758117e33f89a54d5bda3c5e7919.npz,378,0.8673537373542786,0.8626283407211304,0.004725396633148193,0.7657763361930847,0.7584401369094849,1.0,1.0,0.0,0.0,0.0,0.0,0.00031847984064370394,0.8673537373542786,0.7657763361930847,17902.0,10388.0,102880.0,110394.0,0.47340747714042664,1.0,1.0,0.0,0.0,0.0,0.0,0.0003403263399377465,1.0,1.0,0.0,0.0,0.0,0.0,0.0006084502674639225,no,no,review
15_242_208_33_5_jpg.rf.4223d2c7a3b80041f562ff51ff61a0e1.jpg,15_242_208_33_5_jpg.rf.4223d2c7a3b80041f562ff51ff61a0e1.npz,379,0.8681934475898743,0.8144440054893494,0.0537494421005249,0.7670864462852478,0.6869722008705139,1.0,1.0,0.0,0.0,0.0,0.0,0.00025159967481158674,0.8681934475898743,0.7670864462852478,4295.0,1679.0,21354.0,23970.0,0.10625838488340378,1.0,1.0,0.0,0.0,0.0,0.0,0.00022153387544676661,1.0,1.0,0.0,0.0,0.0,0.0,0.0003806072345469147,no,no,review
18_236_303_52_14_jpg.rf.799a7a6e3087b89306ed7fdaab51cfb7.jpg,18_236_303_52_14_jpg.rf.799a7a6e3087b89306ed7fdaab51cfb7.npz,380,0.8690165877342224,0.8545397520065308,0.01447683572769165,0.7683724761009216,0.7460230588912964,0.8690165877342224,0.7683724761009216,1457.0,15213.0,70512.0,56756.0,0.2582733929157257,1.0,1.0,0.0,0.0,0.0,0.0,0.0003656347980722785,1.0,1.0,0.0,0.0,0.0,0.0,0.00023153134679887444,1.0,1.0,0.0,0.0,0.0,0.0,0.00047520833322778344,no,no,review
201_9_6_12_jpg.rf.a9c85d0f772e63e7042754ede495ee9d.jpg,201_9_6_12_jpg.rf.a9c85d0f772e63e7042754ede495ee9d.npz,381,0.8692788481712341,0.794609546661377,0.07466930150985718,0.7687826752662659,0.6592134237289429,1.0,1.0,0.0,0.0,0.0,0.0,0.00027685792883858085,1.0,1.0,0.0,0.0,0.0,0.0,0.00030971510568633676,1.0,1.0,0.0,0.0,0.0,0.0,0.00016622638213448226,0.8692788481712341,0.7687826752662659,1177.0,2316.0,13930.0,12791.0,0.06033457815647125,no,no,review
17_209_102_11_22_jpg.rf.ce2c67d1606716f6dad4f465f40c0a47.jpg,17_209_102_11_22_jpg.rf.ce2c67d1606716f6dad4f465f40c0a47.npz,382,0.8695836067199707,0.8499919772148132,0.01959162950515747,0.769259512424469,0.7391182780265808,1.0,1.0,0.0,0.0,0.0,0.0,0.00023430082364939153,1.0,1.0,0.0,0.0,0.0,0.0,0.0005504770670086145,0.8695836067199707,0.769259512424469,528.0,1940.0,10168.0,8756.0,0.03829021006822586,1.0,1.0,0.0,0.0,0.0,0.0,0.00034033635165542364,no,no,review
201_4_6_4_jpg.rf.979a21b7cd4816e8ace4666b0026a8fd.jpg,201_4_6_4_jpg.rf.979a21b7cd4816e8ace4666b0026a8fd.npz,383,0.870229959487915,0.8765057325363159,-0.006275773048400879,0.7702717781066895,0.7801604270935059,1.0,1.0,0.0,0.0,0.0,0.0,0.00028176349587738514,1.0,1.0,0.0,0.0,0.0,0.0,0.00031922030029818416,1.0,1.0,0.0,0.0,0.0,0.0,0.00017370627028867602,0.870229959487915,0.7702717781066895,2944.0,1164.0,14938.0,16718.0,0.07078743726015091,no,no,review
15_242_211_19_22_jpg.rf.6460a373001d08d219325c23fe03afef.jpg,15_242_211_19_22_jpg.rf.6460a373001d08d219325c23fe03afef.npz,384,0.8712262511253357,0.842930793762207,0.028295457363128662,0.7718341946601868,0.7285050749778748,1.0,1.0,0.0,0.0,0.0,0.0,0.00022787635680288076,0.8712262511253357,0.7718341946601868,1053.0,538.0,5920.0,6435.0,0.028531314805150032,1.0,1.0,0.0,0.0,0.0,0.0,0.00023506030265707523,1.0,1.0,0.0,0.0,0.0,0.0,0.00033647529198788106,no,no,review
15_242_208_20_24_jpg.rf.a6d3b2ea5825054adf53cfd9da7f5cbc.jpg,15_242_208_20_24_jpg.rf.a6d3b2ea5825054adf53cfd9da7f5cbc.npz,385,0.8714390993118286,0.8507905006408691,0.020648598670959473,0.7721684575080872,0.7403267025947571,1.0,1.0,0.0,0.0,0.0,0.0,0.00023067838628776371,0.8714390993118286,0.7721684575080872,910.0,2222.0,12837.0,11525.0,0.051019106060266495,1.0,1.0,0.0,0.0,0.0,0.0,0.00024249077250715345,1.0,1.0,0.0,0.0,0.0,0.0,0.0003423387825023383,no,no,review
119_2_2_21_jpg.rf.347b4b054aa2d17da2508f556b698bd9.jpg,119_2_2_21_jpg.rf.347b4b054aa2d17da2508f556b698bd9.npz,386,0.871633768081665,0.8713637590408325,0.00027000904083251953,0.7724741697311401,0.7720500826835632,1.0,1.0,0.0,0.0,0.0,0.0,0.00027559834416024387,1.0,1.0,0.0,0.0,0.0,0.0,0.00030206458177417517,1.0,1.0,0.0,0.0,0.0,0.0,0.00016832331311888993,0.871633768081665,0.7724741697311401,1514.0,202.0,6028.0,7340.0,0.033735718578100204,no,no,review
15_242_208_199_42_jpg.rf.21a2f1e20847ece364744b4ee741a355.jpg,15_242_208_199_42_jpg.rf.21a2f1e20847ece364744b4ee741a355.npz,387,0.8717767596244812,0.8245987892150879,0.04717797040939331,0.7726988196372986,0.7015466094017029,1.0,1.0,0.0,0.0,0.0,0.0,0.00023804113152436912,1.0,1.0,0.0,0.0,0.0,0.0,0.0005414588958956301,0.8717767596244812,0.7726988196372986,923.0,1618.0,10256.0,9561.0,0.04315275698900223,1.0,1.0,0.0,0.0,0.0,0.0,0.00033398173400200903,no,no,review
15_242_207_12_18_jpg.rf.7b34cc20c0181ecf735b0ddfe7639948.jpg,15_242_207_12_18_jpg.rf.7b34cc20c0181ecf735b0ddfe7639948.npz,388,0.8723338842391968,0.8725602626800537,-0.0002263784408569336,0.7735746502876282,0.7739307284355164,1.0,1.0,0.0,0.0,0.0,0.0,0.00024521214072592556,0.8723338842391968,0.7735746502876282,888.0,1189.0,8285.0,7984.0,0.03527771309018135,1.0,1.0,0.0,0.0,0.0,0.0,0.00023233998217619956,1.0,1.0,0.0,0.0,0.0,0.0,0.000341570470482111,no,no,review
201_4_6_4_jpg.rf.782e42f28fa92735bba18523db925cc2.jpg,201_4_6_4_jpg.rf.782e42f28fa92735bba18523db925cc2.npz,389,0.8725413680076599,0.9043015837669373,-0.031760215759277344,0.7739010453224182,0.825319766998291,1.0,1.0,0.0,0.0,0.0,0.0,0.00028071485576219857,1.0,1.0,0.0,0.0,0.0,0.0,0.00031769508495926857,1.0,1.0,0.0,0.0,0.0,0.0,0.0001727584603941068,0.8725413680076599,0.7739010453224182,3158.0,931.0,14927.0,17154.0,0.07090242207050323,no,no,review
15_242_208_30_13_jpg.rf.59ce5dcc237e7608f09243bd6f8c039e.jpg,15_242_208_30_13_jpg.rf.59ce5dcc237e7608f09243bd6f8c039e.npz,390,0.8738354444503784,0.84977787733078,0.02405756711959839,0.775939404964447,0.7387946248054504,1.0,1.0,0.0,0.0,0.0,0.0,0.00024281232617795467,0.8738354444503784,0.775939404964447,6861.0,3377.0,38832.0,42316.0,0.1852491945028305,1.0,1.0,0.0,0.0,0.0,0.0,0.00023494011838920414,1.0,1.0,0.0,0.0,0.0,0.0,0.0003904981422238052,no,no,review
202_0_12_24_jpg.rf.b18e35a21542d86e2771c6673d0ba0d8.jpg,202_0_12_24_jpg.rf.b18e35a21542d86e2771c6673d0ba0d8.npz,391,0.8742485046386719,0.6239637136459351,0.2502847909927368,0.7765910029411316,0.4534500241279602,1.0,1.0,0.0,0.0,0.0,0.0,0.00028541198116727173,1.0,1.0,0.0,0.0,0.0,0.0,0.00032405651290901005,1.0,1.0,0.0,0.0,0.0,0.0,0.00017107588064391166,0.8742485046386719,0.7765910029411316,460.0,3054.0,15269.0,12675.0,0.04793591424822807,no,no,review
15_242_208_25_27_jpg.rf.a497f3cb81c405662b407930e570f022.jpg,15_242_208_25_27_jpg.rf.a497f3cb81c405662b407930e570f022.npz,392,0.8760755062103271,0.8790305256843567,-0.002955019474029541,0.7794790267944336,0.7841699719429016,1.0,1.0,0.0,0.0,0.0,0.0,0.0002596078556962311,0.8760755062103271,0.7794790267944336,5098.0,1412.0,24423.0,28109.0,0.12837986648082733,1.0,1.0,0.0,0.0,0.0,0.0,0.00025439367163926363,1.0,1.0,0.0,0.0,0.0,0.0,0.0004145822604186833,no,no,review
202_10_2_14_jpg.rf.91074601286f11c8092acadbae7b3e65.jpg,202_10_2_14_jpg.rf.91074601286f11c8092acadbae7b3e65.npz,393,0.8771907687187195,0.8419350385665894,0.03525573015213013,0.781246542930603,0.7270188927650452,1.0,1.0,0.0,0.0,0.0,0.0,0.00029374146834015846,1.0,1.0,0.0,0.0,0.0,0.0,0.0003335294022690505,1.0,1.0,0.0,0.0,0.0,0.0,0.00019245401199441403,0.8771907687187195,0.781246542930603,460.0,1509.0,8541.0,7492.0,0.029448669403791428,no,no,review
15_242_208_30_19_jpg.rf.52113c6a727fb329ce71dedea00f0963.jpg,15_242_208_30_19_jpg.rf.52113c6a727fb329ce71dedea00f0963.npz,394,0.8786221146583557,0.8774211406707764,0.0012009739875793457,0.7835201621055603,0.7816120386123657,1.0,1.0,0.0,0.0,0.0,0.0,0.000236345746088773,0.8786221146583557,0.7835201621055603,2600.0,3503.0,25592.0,24689.0,0.10797667503356934,1.0,1.0,0.0,0.0,0.0,0.0,0.00022133919992484152,1.0,1.0,0.0,0.0,0.0,0.0,0.00036006138543598354,no,no,review
17_209_102_6_33_jpg.rf.0536a57cf23acc0987d1915c271fe343.jpg,17_209_102_6_33_jpg.rf.0536a57cf23acc0987d1915c271fe343.npz,395,0.8790120482444763,0.8332059383392334,0.04580610990524292,0.7841404676437378,0.7140985727310181,1.0,1.0,0.0,0.0,0.0,0.0,0.000247731659328565,1.0,1.0,0.0,0.0,0.0,0.0,0.0005348787526600063,0.8790120482444763,0.7841404676437378,1296.0,634.0,7645.0,8307.0,0.036852799355983734,1.0,1.0,0.0,0.0,0.0,0.0,0.00036878095124848187,no,no,review
15_242_208_34_6_jpg.rf.1a39b98827708cfecc65ef1f74feafb1.jpg,15_242_208_34_6_jpg.rf.1a39b98827708cfecc65ef1f74feafb1.npz,396,0.8794244527816772,0.868785560131073,0.010638892650604248,0.7847970724105835,0.7680113315582275,1.0,1.0,0.0,0.0,0.0,0.0,0.00030439882539212704,0.8794244527816772,0.7847970724105835,15382.0,10327.0,104082.0,109137.0,0.4505768120288849,1.0,1.0,0.0,0.0,0.0,0.0,0.00029464380349963903,1.0,1.0,0.0,0.0,0.0,0.0,0.0005490927724167705,no,no,review
15_242_208_28_17_jpg.rf.ac09a4b1f170b4663d6aa8b97bdd5061.jpg,15_242_208_28_17_jpg.rf.ac09a4b1f170b4663d6aa8b97bdd5061.npz,397,0.8798472881317139,0.8762862682342529,0.0035610198974609375,0.7854708433151245,0.7798126935958862,1.0,1.0,0.0,0.0,0.0,0.0,0.00023789606348145753,0.8798472881317139,0.7854708433151245,387.0,2194.0,11644.0,9837.0,0.04375011473894119,1.0,1.0,0.0,0.0,0.0,0.0,0.00021794205531477928,1.0,1.0,0.0,0.0,0.0,0.0,0.0003299098461866379,no,no,review
16_224_603_157_55_jpg.rf.6daa233f6b629748754644d55ca8eabc.jpg,16_224_603_157_55_jpg.rf.6daa233f6b629748754644d55ca8eabc.npz,398,0.8805021643638611,0.8736128211021423,0.00688934326171875,0.7865152955055237,0.77558833360672,1.0,1.0,0.0,0.0,0.0,0.0,0.00022201440879143775,1.0,1.0,0.0,0.0,0.0,0.0,0.0005498125683516264,0.8805021643638611,0.7865152955055237,2040.0,987.0,12139.0,13192.0,0.05808083340525627,1.0,1.0,0.0,0.0,0.0,0.0,0.0003157425671815872,no,no,review
16_224_101_110_13_jpg.rf.2830af28944ac3eaa8bf2a545d6feade.jpg,16_224_101_110_13_jpg.rf.2830af28944ac3eaa8bf2a545d6feade.npz,399,0.8813134431838989,0.877240777015686,0.004072666168212891,0.7878108620643616,0.7813258171081543,1.0,1.0,0.0,0.0,0.0,0.0,0.00023183980374597013,1.0,1.0,0.0,0.0,0.0,0.0,0.0004967950517311692,0.8813134431838989,0.7878108620643616,1397.0,685.0,8415.0,9127.0,0.03994128853082657,1.0,1.0,0.0,0.0,0.0,0.0,0.0003502399194985628,no,no,review
15_239_101_65_46_jpg.rf.6b551d42665304cd50be29d465877f5e.jpg,15_239_101_65_46_jpg.rf.6b551d42665304cd50be29d465877f5e.npz,400,0.8820556998252869,0.904236376285553,-0.022180676460266113,0.7889978885650635,0.8252111077308655,1.0,1.0,0.0,0.0,0.0,0.0,0.0002272508863825351,1.0,1.0,0.0,0.0,0.0,0.0,0.0005352719454094768,0.8820556998252869,0.7889978885650635,1208.0,1523.0,11735.0,11420.0,0.05151887238025665,1.0,1.0,0.0,0.0,0.0,0.0,0.0003125107614323497,no,no,review
18_228_Masson_505_102_38_jpg.rf.d09872dcdcef53dbb5da758eab65e19c.jpg,18_228_Masson_505_102_38_jpg.rf.d09872dcdcef53dbb5da758eab65e19c.npz,401,0.8821220397949219,0.9271246194839478,-0.04500257968902588,0.7891040444374084,0.8641493916511536,0.8821220397949219,0.7891040444374084,10293.0,2470.0,50225.0,58048.0,0.2397124469280243,1.0,1.0,0.0,0.0,0.0,0.0,0.00040312131750397384,1.0,1.0,0.0,0.0,0.0,0.0,0.00024965638294816017,1.0,1.0,0.0,0.0,0.0,0.0,0.00047630054177716374,no,no,review
18_229_Masson_201_39_15_jpg.rf.a15566eace7d526eb684f8776dc14549.jpg,18_229_Masson_201_39_15_jpg.rf.a15566eace7d526eb684f8776dc14549.npz,402,0.8826305270195007,0.7394446134567261,0.14318591356277466,0.7899182438850403,0.5866022109985352,0.8826305270195007,0.7899182438850403,583.0,4018.0,21318.0,17883.0,0.06571195274591446,1.0,1.0,0.0,0.0,0.0,0.0,0.0003495929413475096,1.0,1.0,0.0,0.0,0.0,0.0,0.00019615828932728618,1.0,1.0,0.0,0.0,0.0,0.0,0.0003845824103336781,no,no,review
15_242_208_198_53_jpg.rf.9476f7b2110833c0c81eeb0eb001e9b0.jpg,15_242_208_198_53_jpg.rf.9476f7b2110833c0c81eeb0eb001e9b0.npz,403,0.8836734890937805,0.8539817333221436,0.029691755771636963,0.7915905117988586,0.7451728582382202,1.0,1.0,0.0,0.0,0.0,0.0,0.00021680265490431339,1.0,1.0,0.0,0.0,0.0,0.0,0.0005773516604676843,0.8836734890937805,0.7915905117988586,264.0,648.0,4112.0,3728.0,0.017241010442376137,1.0,1.0,0.0,0.0,0.0,0.0,0.00031255444628186524,no,no,review
15_242_208_28_20_jpg.rf.a74b842f16288168b97eac3940409bd3.jpg,15_242_208_28_20_jpg.rf.a74b842f16288168b97eac3940409bd3.npz,404,0.884917140007019,0.8601283431053162,0.02478879690170288,0.7935886383056641,0.7545835375785828,1.0,1.0,0.0,0.0,0.0,0.0,0.0002451998880133033,0.884917140007019,0.7935886383056641,7068.0,1528.0,34577.0,40117.0,0.17362572252750397,1.0,1.0,0.0,0.0,0.0,0.0,0.00023087533190846443,1.0,1.0,0.0,0.0,0.0,0.0,0.00038783179479651153,no,no,review
201_4_6_4_jpg.rf.07629e4a0e0dd1472a27978d63b28551.jpg,201_4_6_4_jpg.rf.07629e4a0e0dd1472a27978d63b28551.npz,405,0.8851956129074097,0.8910703063011169,-0.005874693393707275,0.7940367460250854,0.8035408854484558,1.0,1.0,0.0,0.0,0.0,0.0,0.00028031656984239817,1.0,1.0,0.0,0.0,0.0,0.0,0.00032074315822683275,1.0,1.0,0.0,0.0,0.0,0.0,0.00017487574950791895,0.8851956129074097,0.7940367460250854,548.0,4018.0,21621.0,18151.0,0.07805775105953217,no,no,review
15_239_101_65_50_jpg.rf.80317bf1d47bc9717140ac33cc98f72d.jpg,15_239_101_65_50_jpg.rf.80317bf1d47bc9717140ac33cc98f72d.npz,406,0.885305643081665,0.8879403471946716,-0.002634704113006592,0.7942137718200684,0.7984646558761597,1.0,1.0,0.0,0.0,0.0,0.0,0.00022726306633558124,1.0,1.0,0.0,0.0,0.0,0.0,0.0005377703346312046,0.885305643081665,0.7942137718200684,1044.0,1097.0,9360.0,9307.0,0.040934305638074875,1.0,1.0,0.0,0.0,0.0,0.0,0.0003160813357681036,no,no,review
15_242_208_28_17_jpg.rf.7bb532a9aef429d4731fafa2e157e74a.jpg,15_242_208_28_17_jpg.rf.7bb532a9aef429d4731fafa2e157e74a.npz,407,0.8856622576713562,0.8836508989334106,0.0020113587379455566,0.7947880029678345,0.7915542721748352,1.0,1.0,0.0,0.0,0.0,0.0,0.00023503399279434234,0.8856622576713562,0.7947880029678345,387.0,2062.0,11547.0,9872.0,0.04422523453831673,1.0,1.0,0.0,0.0,0.0,0.0,0.00021793418272864074,1.0,1.0,0.0,0.0,0.0,0.0,0.0003309778112452477,no,no,review
15_239_101_65_50_jpg.rf.1fdf31d152a6ad0d28f92ae2fa49a405.jpg,15_239_101_65_50_jpg.rf.1fdf31d152a6ad0d28f92ae2fa49a405.npz,408,0.8858739733695984,0.861636221408844,0.024237751960754395,0.7951290607452393,0.7569076418876648,1.0,1.0,0.0,0.0,0.0,0.0,0.00022800355509389192,1.0,1.0,0.0,0.0,0.0,0.0,0.0005374662578105927,0.8858739733695984,0.7951290607452393,959.0,1144.0,9306.0,9121.0,0.040066711604595184,1.0,1.0,0.0,0.0,0.0,0.0,0.00031654827762395144,no,no,review
15_242_208_25_27_jpg.rf.f9dcc53256e576fc9ed2a886bb6c44cc.jpg,15_242_208_25_27_jpg.rf.f9dcc53256e576fc9ed2a886bb6c44cc.npz,409,0.8859413266181946,0.8548306226730347,0.031110703945159912,0.7952376008033752,0.7464665174484253,1.0,1.0,0.0,0.0,0.0,0.0,0.0002537135442253202,0.8859413266181946,0.7952376008033752,4320.0,1579.0,24489.0,27230.0,0.12222705781459808,1.0,1.0,0.0,0.0,0.0,0.0,0.0002550262142904103,1.0,1.0,0.0,0.0,0.0,0.0,0.0004066547844558954,no,no,review
15_242_208_18_7_jpg.rf.dbdb41105d8f5be99a60642b0cae5f1d.jpg,15_242_208_18_7_jpg.rf.dbdb41105d8f5be99a60642b0cae5f1d.npz,410,0.8877967596054077,0.8875651955604553,0.00023156404495239258,0.7982324957847595,0.7978581786155701,1.0,1.0,0.0,0.0,0.0,0.0,0.0002536144747864455,0.8877967596054077,0.7982324957847595,5306.0,3849.0,40068.0,41525.0,0.1781976968050003,1.0,1.0,0.0,0.0,0.0,0.0,0.00027937788399867713,1.0,1.0,0.0,0.0,0.0,0.0,0.0003951668331865221,no,no,review
16_224_603_162_39_jpg.rf.90a710ad1582c57b745d02e0ba90a54c.jpg,16_224_603_162_39_jpg.rf.90a710ad1582c57b745d02e0ba90a54c.npz,411,0.8882911205291748,0.8738521933555603,0.014438927173614502,0.7990322113037109,0.7759657502174377,1.0,1.0,0.0,0.0,0.0,0.0,0.00023931807663757354,1.0,1.0,0.0,0.0,0.0,0.0,0.000607940019108355,0.8882911205291748,0.7990322113037109,1640.0,1807.0,15512.0,15345.0,0.06720085442066193,1.0,1.0,0.0,0.0,0.0,0.0,0.00034424004843458533,no,no,review
15_242_208_29_27_jpg.rf.4ecd33b6750aee7c3cc5d8fa88d7716d.jpg,15_242_208_29_27_jpg.rf.4ecd33b6750aee7c3cc5d8fa88d7716d.npz,412,0.8886055946350098,0.8881372809410095,0.00046831369400024414,0.7995412349700928,0.7987831830978394,1.0,1.0,0.0,0.0,0.0,0.0,0.0002341770159546286,0.8886055946350098,0.7995412349700928,1887.0,822.0,11627.0,12692.0,0.05535188317298889,1.0,1.0,0.0,0.0,0.0,0.0,0.00023940119717735797,1.0,1.0,0.0,0.0,0.0,0.0,0.00034902102197520435,no,no,review
15_242_208_32_5_jpg.rf.40c1399adb3c53db52fd72844994bf68.jpg,15_242_208_32_5_jpg.rf.40c1399adb3c53db52fd72844994bf68.npz,413,0.8886608481407166,0.8836266994476318,0.005034148693084717,0.7996306419372559,0.7915154099464417,1.0,1.0,0.0,0.0,0.0,0.0,0.0002588771458249539,0.8886608481407166,0.7996306419372559,10275.0,1442.0,48202.0,57035.0,0.24470950663089752,1.0,1.0,0.0,0.0,0.0,0.0,0.0002456095244269818,1.0,1.0,0.0,0.0,0.0,0.0,0.00041116957436315715,no,no,review
15_242_208_30_17_jpg.rf.70af9883be110df053ff89b407293463.jpg,15_242_208_30_17_jpg.rf.70af9883be110df053ff89b407293463.npz,414,0.8888131976127625,0.885742723941803,0.0030704736709594727,0.799877405166626,0.794917643070221,1.0,1.0,0.0,0.0,0.0,0.0,0.0002538524568080902,0.8888131976127625,0.799877405166626,6647.0,1841.0,35767.0,40573.0,0.1746995449066162,1.0,1.0,0.0,0.0,0.0,0.0,0.00020928247249685228,1.0,1.0,0.0,0.0,0.0,0.0,0.0003742328262887895,no,no,review
202_2_8_60_jpg.rf.abd83e2273d475da1b27e237f1547b8f.jpg,202_2_8_60_jpg.rf.abd83e2273d475da1b27e237f1547b8f.npz,415,0.889265239238739,0.7735493779182434,0.1157158613204956,0.8006098866462708,0.6307219862937927,1.0,1.0,0.0,0.0,0.0,0.0,0.00027651077834889293,1.0,1.0,0.0,0.0,0.0,0.0,0.0003097291919402778,1.0,1.0,0.0,0.0,0.0,0.0,0.0001639875554246828,0.889265239238739,0.8006098866462708,1167.0,10.0,4736.0,5893.0,0.03293848782777786,no,no,review
18_228_Masson_505_103_36_jpg.rf.80ea6f7c3ccce1f86ab5a3e680946143.jpg,18_228_Masson_505_103_36_jpg.rf.80ea6f7c3ccce1f86ab5a3e680946143.npz,416,0.8898255825042725,0.8704550862312317,0.01937049627304077,0.8015187382698059,0.770624577999115,0.8898255825042725,0.8015187382698059,5269.0,1370.0,28180.0,32079.0,0.13960126042366028,1.0,1.0,0.0,0.0,0.0,0.0,0.00035778331221081316,1.0,1.0,0.0,0.0,0.0,0.0,0.0002152174711227417,1.0,1.0,0.0,0.0,0.0,0.0,0.00040293289930559695,no,no,review
15_242_207_12_18_jpg.rf.66e0ca915d0b2cdf3b28da5d96c183e4.jpg,15_242_207_12_18_jpg.rf.66e0ca915d0b2cdf3b28da5d96c183e4.npz,417,0.8914785981178284,0.8966243267059326,-0.005145728588104248,0.8042051196098328,0.8126192688941956,1.0,1.0,0.0,0.0,0.0,0.0,0.0002468226011842489,0.8914785981178284,0.8042051196098328,900.0,860.0,8089.0,8129.0,0.035644568502902985,1.0,1.0,0.0,0.0,0.0,0.0,0.00021203284268267453,1.0,1.0,0.0,0.0,0.0,0.0,0.00035040127113461494,no,no,review
15_242_208_32_25_jpg.rf.8d93840789868f8703fe8af96fd8d9d9.jpg,15_242_208_32_25_jpg.rf.8d93840789868f8703fe8af96fd8d9d9.npz,418,0.8921293616294861,0.8887284994125366,0.003400862216949463,0.8052648901939392,0.799740195274353,1.0,1.0,0.0,0.0,0.0,0.0,0.00022935133893042803,0.8921293616294861,0.8052648901939392,1194.0,574.0,7885.0,8505.0,0.03739646077156067,1.0,1.0,0.0,0.0,0.0,0.0,0.00021002802532166243,1.0,1.0,0.0,0.0,0.0,0.0,0.0003385523159522563,no,no,review
15_242_208_198_53_jpg.rf.7eda18b8c56e32545d8947f5dd29860a.jpg,15_242_208_198_53_jpg.rf.7eda18b8c56e32545d8947f5dd29860a.npz,419,0.8928616642951965,0.8853439688682556,0.007517695426940918,0.8064589500427246,0.7942754626274109,1.0,1.0,0.0,0.0,0.0,0.0,0.00022139379871077836,1.0,1.0,0.0,0.0,0.0,0.0,0.000553680001758039,0.8928616642951965,0.8064589500427246,281.0,570.0,4116.0,3827.0,0.016894996166229248,1.0,1.0,0.0,0.0,0.0,0.0,0.0003087427467107773,no,no,review
15_242_208_22_26_jpg.rf.46f8dd0ce62034283d626c7cf00b8a2b.jpg,15_242_208_22_26_jpg.rf.46f8dd0ce62034283d626c7cf00b8a2b.npz,420,0.893099308013916,0.8744515180587769,0.01864778995513916,0.8068467974662781,0.7769114971160889,1.0,1.0,0.0,0.0,0.0,0.0,0.00023947303998284042,0.893099308013916,0.8068467974662781,3301.0,2911.0,28860.0,29250.0,0.12841284275054932,1.0,1.0,0.0,0.0,0.0,0.0,0.00025613000616431236,1.0,1.0,0.0,0.0,0.0,0.0,0.0003888935607392341,no,no,review
201_9_6_12_jpg.rf.74bdd34371c6f88cbd310e3559a82816.jpg,201_9_6_12_jpg.rf.74bdd34371c6f88cbd310e3559a82816.npz,421,0.8937115669250488,0.8134729862213135,0.08023858070373535,0.8078467845916748,0.6855916380882263,1.0,1.0,0.0,0.0,0.0,0.0,0.0002778433554340154,1.0,1.0,0.0,0.0,0.0,0.0,0.0003114001592621207,1.0,1.0,0.0,0.0,0.0,0.0,0.00016887967649381608,0.8937115669250488,0.8078467845916748,353.0,3188.0,18075.0,15240.0,0.06581156700849533,no,no,review
15_239_101_64_71_jpg.rf.5bee8e2f24a077a3e3a6cf15ac80acbd.jpg,15_239_101_64_71_jpg.rf.5bee8e2f24a077a3e3a6cf15ac80acbd.npz,422,0.8937413692474365,0.8703467845916748,0.02339458465576172,0.8078954815864563,0.7704548239707947,1.0,1.0,0.0,0.0,0.0,0.0,0.00022720270499121398,1.0,1.0,0.0,0.0,0.0,0.0,0.0005370239377953112,0.8937413692474365,0.8078954815864563,838.0,544.0,6356.0,6650.0,0.0301804281771183,1.0,1.0,0.0,0.0,0.0,0.0,0.00031601087539456785,no,no,review
15_242_208_28_20_jpg.rf.1bf3f85ed0b6bfd0776fe6104fc4176d.jpg,15_242_208_28_20_jpg.rf.1bf3f85ed0b6bfd0776fe6104fc4176d.npz,423,0.8938885927200317,0.906547486782074,-0.012658894062042236,0.8081361055374146,0.8290688991546631,1.0,1.0,0.0,0.0,0.0,0.0,0.0002475726359989494,0.8938885927200317,0.8081361055374146,6307.0,1508.0,34425.0,39224.0,0.16840200126171112,1.0,1.0,0.0,0.0,0.0,0.0,0.00022868388623464853,1.0,1.0,0.0,0.0,0.0,0.0,0.00039299880154430866,no,no,review
17_209_102_6_33_jpg.rf.6943f51d41a117219408a978ca1f2807.jpg,17_209_102_6_33_jpg.rf.6943f51d41a117219408a978ca1f2807.npz,424,0.894172191619873,0.8838653564453125,0.010306835174560547,0.8085998296737671,0.7918985486030579,1.0,1.0,0.0,0.0,0.0,0.0,0.00024172963458113372,1.0,1.0,0.0,0.0,0.0,0.0,0.0005439588567242026,0.894172191619873,0.8085998296737671,712.0,1616.0,11451.0,10547.0,0.046375252306461334,1.0,1.0,0.0,0.0,0.0,0.0,0.0003653622989077121,no,no,review
18_229_Masson_201_81_57_jpg.rf.50faa93e4f574ae34011f908822f4cdb.jpg,18_229_Masson_201_81_57_jpg.rf.50faa93e4f574ae34011f908822f4cdb.npz,425,0.8945077657699585,0.8942666053771973,0.00024116039276123047,0.809148907661438,0.8087542653083801,0.8945077657699585,0.809148907661438,3347.0,483.0,16721.0,19585.0,0.07915206998586655,1.0,1.0,0.0,0.0,0.0,0.0,0.0003321900439914316,1.0,1.0,0.0,0.0,0.0,0.0,0.00019921918283216655,1.0,1.0,0.0,0.0,0.0,0.0,0.0003758771636057645,no,no,review
18_229_Masson_201_20_25_jpg.rf.7d845a05bb767ad17e6744110df809b7.jpg,18_229_Masson_201_20_25_jpg.rf.7d845a05bb767ad17e6744110df809b7.npz,426,0.8949054479598999,0.8854438662528992,0.009461581707000732,0.8097999095916748,0.7944362759590149,0.8949054479598999,0.8097999095916748,2533.0,8293.0,54386.0,48626.0,0.21211344003677368,1.0,1.0,0.0,0.0,0.0,0.0,0.0004033588047605008,1.0,1.0,0.0,0.0,0.0,0.0,0.0014838256174698472,1.0,1.0,0.0,0.0,0.0,0.0,0.0004375462594907731,no,no,review
17_209_102_6_28_jpg.rf.0a45be925b6ee7209cfb6e2db252ec9d.jpg,17_209_102_6_28_jpg.rf.0a45be925b6ee7209cfb6e2db252ec9d.npz,427,0.8949330449104309,0.8689327239990234,0.02600032091140747,0.8098450899124146,0.7682413458824158,1.0,1.0,0.0,0.0,0.0,0.0,0.00024784458219073713,1.0,1.0,0.0,0.0,0.0,0.0,0.0004995106137357652,0.8949330449104309,0.8098450899124146,1030.0,492.0,6974.0,7512.0,0.034456945955753326,1.0,1.0,0.0,0.0,0.0,0.0,0.00038867315743118525,no,no,review
201_7_5_17_jpg.rf.a4dcdc7e5425b36bb94c415b3168cea7.jpg,201_7_5_17_jpg.rf.a4dcdc7e5425b36bb94c415b3168cea7.npz,428,0.8953536748886108,0.9561284780502319,-0.060774803161621094,0.8105341792106628,0.9159446358680725,1.0,1.0,0.0,0.0,0.0,0.0,0.00027726253028959036,1.0,1.0,0.0,0.0,0.0,0.0,0.0003152633144054562,1.0,1.0,0.0,0.0,0.0,0.0,0.0001714894169708714,0.8953536748886108,0.8105341792106628,3260.0,1294.0,20776.0,22742.0,0.09621787071228027,no,no,review
15_242_208_18_6_jpg.rf.d5183275cc45f85caa47381f4bfd06e3.jpg,15_242_208_18_6_jpg.rf.d5183275cc45f85caa47381f4bfd06e3.npz,429,0.8958384990692139,0.8869456052780151,0.00889289379119873,0.8113292455673218,0.7968574166297913,1.0,1.0,0.0,0.0,0.0,0.0,0.00026445757248438895,0.8958384990692139,0.8113292455673218,11523.0,181.0,50511.0,61853.0,0.2656232714653015,1.0,1.0,0.0,0.0,0.0,0.0,0.00023344764485955238,1.0,1.0,0.0,0.0,0.0,0.0,0.00042162087629549205,no,no,review
201_9_12_31_jpg.rf.fb59e9aa5f8c3b8dcc09956907341706.jpg,201_9_12_31_jpg.rf.fb59e9aa5f8c3b8dcc09956907341706.npz,430,0.895943820476532,0.8966482877731323,-0.0007044672966003418,0.8115019798278809,0.8126586675643921,1.0,1.0,0.0,0.0,0.0,0.0,0.0002584145113360137,1.0,1.0,0.0,0.0,0.0,0.0,0.0003174857993144542,1.0,1.0,0.0,0.0,0.0,0.0,0.00016452597628813237,0.895943820476532,0.8115019798278809,12606.0,698.0,57973.0,69881.0,0.30207064747810364,no,no,review
202_0_15_50_jpg.rf.55d29cd718d85f3ba645fb85a4f6cc61.jpg,202_0_15_50_jpg.rf.55d29cd718d85f3ba645fb85a4f6cc61.npz,431,0.8966279625892639,0.9216325283050537,-0.025004565715789795,0.8126252293586731,0.8546553254127502,1.0,1.0,0.0,0.0,0.0,0.0,0.0002776089240796864,1.0,1.0,0.0,0.0,0.0,0.0,0.0003368667094036937,1.0,1.0,0.0,0.0,0.0,0.0,0.00017525684961583465,0.8966279625892639,0.8126252293586731,1588.0,3087.0,23362.0,21863.0,0.09391658008098602,no,no,review
207_6_12_7_jpg.rf.5c786c7843192ceac767bb7a135ea227.jpg,207_6_12_7_jpg.rf.5c786c7843192ceac767bb7a135ea227.npz,432,0.8966309428215027,0.8916328549385071,0.0049980878829956055,0.8126301765441895,0.8044562935829163,1.0,1.0,0.0,0.0,0.0,0.0,0.0002787546836771071,1.0,1.0,0.0,0.0,0.0,0.0,0.0003525835636537522,1.0,1.0,0.0,0.0,0.0,0.0,0.00016918800247367471,0.8966309428215027,0.8126301765441895,3971.0,4936.0,43566.0,42601.0,0.18733716011047363,no,no,review
15_242_208_199_44_jpg.rf.0f0ecf8790cd86c9d55768b6b3bcd66c.jpg,15_242_208_199_44_jpg.rf.0f0ecf8790cd86c9d55768b6b3bcd66c.npz,433,0.8966861367225647,0.8731693029403687,0.023516833782196045,0.8127208352088928,0.7748894691467285,1.0,1.0,0.0,0.0,0.0,0.0,0.00022621624520979822,1.0,1.0,0.0,0.0,0.0,0.0,0.0006110721151344478,0.8966861367225647,0.8127208352088928,385.0,622.0,4992.0,4755.0,0.02132011577486992,1.0,1.0,0.0,0.0,0.0,0.0,0.0003104118222836405,no,no,review
15_242_208_29_19_jpg.rf.56b76196a3310aa3a5d9798c3025f565.jpg,15_242_208_29_19_jpg.rf.56b76196a3310aa3a5d9798c3025f565.npz,434,0.8971092104911804,0.8847874999046326,0.012321710586547852,0.8134162425994873,0.7933801412582397,1.0,1.0,0.0,0.0,0.0,0.0,0.00023779034381732345,0.8971092104911804,0.8134162425994873,218.0,1793.0,10560.0,8985.0,0.0393124595284462,1.0,1.0,0.0,0.0,0.0,0.0,0.00021436050883494318,1.0,1.0,0.0,0.0,0.0,0.0,0.00033853293280117214,no,no,review
15_242_208_31_14_jpg.rf.1fa14aefdf49d4009ba3a6f90c5294e6.jpg,15_242_208_31_14_jpg.rf.1fa14aefdf49d4009ba3a6f90c5294e6.npz,435,0.8973045945167542,0.8841143846511841,0.013190209865570068,0.8137375116348267,0.7922983765602112,1.0,1.0,0.0,0.0,0.0,0.0,0.00024817552184686065,0.8973045945167542,0.8137375116348267,4099.0,1357.0,25193.0,27935.0,0.11977221071720123,1.0,1.0,0.0,0.0,0.0,0.0,0.00023727033112663776,1.0,1.0,0.0,0.0,0.0,0.0,0.0003790274204220623,no,no,review
18_228_Masson_505_101_30_jpg.rf.deea712248d61b3d47deed48fc8adbec.jpg,18_228_Masson_505_101_30_jpg.rf.deea712248d61b3d47deed48fc8adbec.npz,436,0.8974645137786865,0.8740317225456238,0.023432791233062744,0.8140006065368652,0.7762489318847656,0.8974645137786865,0.8140006065368652,7375.0,519.0,35066.0,41922.0,0.17712639272212982,1.0,1.0,0.0,0.0,0.0,0.0,0.00038751811371184886,1.0,1.0,0.0,0.0,0.0,0.0,0.00022568901476915926,1.0,1.0,0.0,0.0,0.0,0.0,0.00041686740587465465,no,no,review
16_224_101_111_30_jpg.rf.046838bee1d52e94b41292ad7c9b763a.jpg,16_224_101_111_30_jpg.rf.046838bee1d52e94b41292ad7c9b763a.npz,437,0.8975422382354736,0.883012592792511,0.014529645442962646,0.8141285181045532,0.7905304431915283,1.0,1.0,0.0,0.0,0.0,0.0,0.00022552777954842895,1.0,1.0,0.0,0.0,0.0,0.0,0.0005761787761002779,0.8975422382354736,0.8141285181045532,593.0,1383.0,10038.0,9248.0,0.0404825322329998,1.0,1.0,0.0,0.0,0.0,0.0,0.0003293959889560938,no,no,review
18_219_205_25_4_jpg.rf.ccce1599590bac8e686842ddcbf3726e.jpg,18_219_205_25_4_jpg.rf.ccce1599590bac8e686842ddcbf3726e.npz,438,0.897638738155365,0.8788542747497559,0.01878446340560913,0.8142873048782349,0.7838894724845886,1.0,1.0,0.0,0.0,0.0,0.0,0.000267025432549417,0.897638738155365,0.8142873048782349,1812.0,1552.0,16302.0,16562.0,0.07014390081167221,1.0,1.0,0.0,0.0,0.0,0.0,0.00020039506489410996,1.0,1.0,0.0,0.0,0.0,0.0,0.0003642666561063379,no,no,review
15_242_208_29_14_jpg.rf.59fc4a29f43acdcbad4ab52d5f8fe5b5.jpg,15_242_208_29_14_jpg.rf.59fc4a29f43acdcbad4ab52d5f8fe5b5.npz,439,0.897706151008606,0.9018279910087585,-0.004121840000152588,0.8143982291221619,0.8212082982063293,1.0,1.0,0.0,0.0,0.0,0.0,0.0002304023946635425,0.897706151008606,0.8143982291221619,297.0,2508.0,14816.0,12605.0,0.055137667804956436,1.0,1.0,0.0,0.0,0.0,0.0,0.00021246330288704485,1.0,1.0,0.0,0.0,0.0,0.0,0.00033796767820604146,no,no,review
15_242_208_32_5_jpg.rf.69fc49ce1c9f977a42265f16344a4a34.jpg,15_242_208_32_5_jpg.rf.69fc49ce1c9f977a42265f16344a4a34.npz,440,0.8991876244544983,0.8980356454849243,0.0011519789695739746,0.8168399930000305,0.8149407505989075,1.0,1.0,0.0,0.0,0.0,0.0,0.00026269242516718805,0.8991876244544983,0.8168399930000305,9792.0,793.0,47999.0,56998.0,0.24134334921836853,1.0,1.0,0.0,0.0,0.0,0.0,0.00024409391335211694,1.0,1.0,0.0,0.0,0.0,0.0,0.0004146090941503644,no,no,review
15_242_208_29_24_jpg.rf.5a59293a4209aa1baec29e54a8412cb3.jpg,15_242_208_29_24_jpg.rf.5a59293a4209aa1baec29e54a8412cb3.npz,441,0.8992391228675842,0.8781829476356506,0.021056175231933594,0.816925048828125,0.7828218936920166,1.0,1.0,0.0,0.0,0.0,0.0,0.00025445138453505933,0.8992391228675842,0.816925048828125,2990.0,2241.0,25583.0,26332.0,0.11566757410764694,1.0,1.0,0.0,0.0,0.0,0.0,0.00025758417905308306,1.0,1.0,0.0,0.0,0.0,0.0,0.0003815596573986113,no,no,review
18_228_Masson_505_89_33_jpg.rf.de87a28483630f7f38adcb2b7dca30cc.jpg,18_228_Masson_505_89_33_jpg.rf.de87a28483630f7f38adcb2b7dca30cc.npz,442,0.8994154334068298,0.8999300003051758,-0.0005145668983459473,0.817216157913208,0.8180661797523499,0.8994154334068298,0.817216157913208,259.0,4060.0,23370.0,19569.0,0.08474644273519516,1.0,1.0,0.0,0.0,0.0,0.0,0.0003415864775888622,1.0,1.0,0.0,0.0,0.0,0.0,0.00019828059885185212,1.0,1.0,0.0,0.0,0.0,0.0,0.0003944852214772254,no,no,review
17_jpg.rf.b1f4635e0a0a19829570681f8299fda5.jpg,17_jpg.rf.b1f4635e0a0a19829570681f8299fda5.npz,443,0.899482786655426,0.9255090355873108,-0.026026248931884766,0.8173272609710693,0.8613464832305908,1.0,1.0,0.0,0.0,0.0,0.0,0.0002458598173689097,1.0,1.0,0.0,0.0,0.0,0.0,0.0004686590109486133,0.899482786655426,0.8173272609710693,372.0,794.0,6011.0,5589.0,0.025564348325133324,1.0,1.0,0.0,0.0,0.0,0.0,0.00036923919105902314,no,no,review
15_242_208_30_25_jpg.rf.8f35306d105f9ca746c146024d42492f.jpg,15_242_208_30_25_jpg.rf.8f35306d105f9ca746c146024d42492f.npz,444,0.8999361395835876,0.8898563981056213,0.010079741477966309,0.8180763125419617,0.8015686869621277,1.0,1.0,0.0,0.0,0.0,0.0,0.0002471806656103581,0.8999361395835876,0.8180763125419617,1510.0,1781.0,16580.0,16309.0,0.07029575854539871,1.0,1.0,0.0,0.0,0.0,0.0,0.00024805619614198804,1.0,1.0,0.0,0.0,0.0,0.0,0.00037309914478100836,no,no,review
201_4_6_4_jpg.rf.5f4250599f486740794b631a7d9d6b3e.jpg,201_4_6_4_jpg.rf.5f4250599f486740794b631a7d9d6b3e.npz,445,0.9002009630203247,0.8914871215820312,0.008713841438293457,0.8185141086578369,0.8042190074920654,1.0,1.0,0.0,0.0,0.0,0.0,0.00028101433417759836,1.0,1.0,0.0,0.0,0.0,0.0,0.0003197753394488245,1.0,1.0,0.0,0.0,0.0,0.0,0.000174068016349338,0.9002009630203247,0.8185141086578369,1763.0,1266.0,14927.0,15424.0,0.06933418661355972,no,no,review
18_228_Masson_505_84_31_jpg.rf.b9d77d8871d1afe98f440c8b2f3cc3e8.jpg,18_228_Masson_505_84_31_jpg.rf.b9d77d8871d1afe98f440c8b2f3cc3e8.npz,446,0.9008120894432068,0.8989147543907166,0.0018973350524902344,0.8195251226425171,0.8163898587226868,0.9008120894432068,0.8195251226425171,490.0,2307.0,15008.0,13191.0,0.05879909545183182,1.0,1.0,0.0,0.0,0.0,0.0,0.00038023138768039644,1.0,1.0,0.0,0.0,0.0,0.0,0.00020065877470187843,1.0,1.0,0.0,0.0,0.0,0.0,0.0003498004807624966,no,no,review
201_1_15_14_jpg.rf.cde4aef442da5cf70bfc420b3cbf8a64.jpg,201_1_15_14_jpg.rf.cde4aef442da5cf70bfc420b3cbf8a64.npz,447,0.9014063477516174,0.9043911695480347,-0.0029848217964172363,0.8205093741416931,0.8254690170288086,1.0,1.0,0.0,0.0,0.0,0.0,0.0002747322723735124,1.0,1.0,0.0,0.0,0.0,0.0,0.0003269710869062692,1.0,1.0,0.0,0.0,0.0,0.0,0.0001662297872826457,0.9014063477516174,0.8205093741416931,1890.0,3438.0,27794.0,26246.0,0.11094680428504944,no,no,review
16_224_101_111_26_jpg.rf.2bd4570b0168232e1540594326d0200e.jpg,16_224_101_111_26_jpg.rf.2bd4570b0168232e1540594326d0200e.npz,448,0.9016629457473755,0.8972787261009216,0.004384219646453857,0.8209345936775208,0.813694953918457,1.0,1.0,0.0,0.0,0.0,0.0,0.0002258619642816484,1.0,1.0,0.0,0.0,0.0,0.0,0.0005378575879149139,0.9016629457473755,0.8209345936775208,1248.0,461.0,8296.0,9083.0,0.04029649868607521,1.0,1.0,0.0,0.0,0.0,0.0,0.0003215692413505167,no,no,review
15_242_208_26_26_jpg.rf.c755f3d882ebb364029da712be37edb9.jpg,15_242_208_26_26_jpg.rf.c755f3d882ebb364029da712be37edb9.npz,449,0.9018178582191467,0.9022602438926697,-0.0004423856735229492,0.8211915493011475,0.8219254612922668,1.0,1.0,0.0,0.0,0.0,0.0,0.0002348648849874735,0.9018178582191467,0.8211915493011475,3668.0,831.0,21493.0,24330.0,0.10535942763090134,1.0,1.0,0.0,0.0,0.0,0.0,0.00023889321892056614,1.0,1.0,0.0,0.0,0.0,0.0,0.00035025604302063584,no,no,review
15_242_208_32_25_jpg.rf.98046f51cc5bdd90ebde131d2e64a033.jpg,15_242_208_32_25_jpg.rf.98046f51cc5bdd90ebde131d2e64a033.npz,450,0.9019920229911804,0.8991027474403381,0.002889275550842285,0.821480393409729,0.8166999220848083,1.0,1.0,0.0,0.0,0.0,0.0,0.00022772082593291998,0.9019920229911804,0.821480393409729,1069.0,530.0,7888.0,8427.0,0.03712015226483345,1.0,1.0,0.0,0.0,0.0,0.0,0.00021437184477690607,1.0,1.0,0.0,0.0,0.0,0.0,0.0003340362454764545,no,no,review
15_242_208_23_5_jpg.rf.a49bede791f26cf6ec86e4633da6c3d2.jpg,15_242_208_23_5_jpg.rf.a49bede791f26cf6ec86e4633da6c3d2.npz,451,0.902403712272644,0.8959603905677795,0.006443321704864502,0.8221635818481445,0.8115292191505432,1.0,1.0,0.0,0.0,0.0,0.0,0.00024150012177415192,0.902403712272644,0.8221635818481445,1018.0,667.0,8457.0,8808.0,0.03889476880431175,1.0,1.0,0.0,0.0,0.0,0.0,0.00020232160750310868,1.0,1.0,0.0,0.0,0.0,0.0,0.00035586539888754487,no,no,review
15_242_207_12_18_jpg.rf.cce5c486f94a790ac507536190562256.jpg,15_242_207_12_18_jpg.rf.cce5c486f94a790ac507536190562256.npz,452,0.9026700854301453,0.9064143300056458,-0.0037442445755004883,0.8226059675216675,0.8288461565971375,1.0,1.0,0.0,0.0,0.0,0.0,0.0002457758819218725,0.9026700854301453,0.8226059675216675,639.0,943.0,8279.0,7975.0,0.03526032716035843,1.0,1.0,0.0,0.0,0.0,0.0,0.00023115270596463233,1.0,1.0,0.0,0.0,0.0,0.0,0.00034273244091309607,no,no,review
18_236_203_76_20_jpg.rf.364e14da60cd3fa699d78be1c891d045.jpg,18_236_203_76_20_jpg.rf.364e14da60cd3fa699d78be1c891d045.npz,453,0.9027318358421326,0.8134667873382568,0.08926504850387573,0.8227084875106812,0.6855828166007996,0.9027318358421326,0.8227084875106812,4890.0,2110.0,34593.0,37373.0,0.1724839061498642,1.0,1.0,0.0,0.0,0.0,0.0,0.00035896871122531593,1.0,1.0,0.0,0.0,0.0,0.0,0.00021294014004524797,1.0,1.0,0.0,0.0,0.0,0.0,0.0004114799958188087,no,no,review
201_13_11_35_jpg.rf.75fe3188c172fa1743238f9158c89b10.jpg,201_13_11_35_jpg.rf.75fe3188c172fa1743238f9158c89b10.npz,454,0.904230535030365,0.9298638105392456,-0.025633275508880615,0.8252013921737671,0.8689210414886475,1.0,1.0,0.0,0.0,0.0,0.0,0.00027437330572865903,1.0,1.0,0.0,0.0,0.0,0.0,0.0003186530957464129,1.0,1.0,0.0,0.0,0.0,0.0,0.00017207347264047712,0.904230535030365,0.8252013921737671,714.0,4298.0,27959.0,24375.0,0.10825879126787186,no,no,review
18_229_Masson_201_71_26_jpg.rf.a4e6cc1f6671061f33979d183cbc596e.jpg,18_229_Masson_201_71_26_jpg.rf.a4e6cc1f6671061f33979d183cbc596e.npz,455,0.9043437838554382,0.9125268459320068,-0.008183062076568604,0.8253901600837708,0.83912593126297,0.9043437838554382,0.8253901600837708,820.0,836.0,8664.0,8648.0,0.037506215274333954,1.0,1.0,0.0,0.0,0.0,0.0,0.00032427351106889546,1.0,1.0,0.0,0.0,0.0,0.0,0.00017746546654962003,1.0,1.0,0.0,0.0,0.0,0.0,0.0003679714573081583,no,no,review
102_1_7_33_jpg.rf.a5f6122070ca88f1b327e605fb175d99.jpg,102_1_7_33_jpg.rf.a5f6122070ca88f1b327e605fb175d99.npz,456,0.9044917821884155,0.9097535610198975,-0.005261778831481934,0.8256366848945618,0.8344476819038391,1.0,1.0,0.0,0.0,0.0,0.0,0.00027357038925401866,1.0,1.0,0.0,0.0,0.0,0.0,0.0003076317661907524,1.0,1.0,0.0,0.0,0.0,0.0,0.00016921144560910761,0.9044917821884155,0.8256366848945618,2445.0,1259.0,18798.0,19984.0,0.08517111837863922,no,no,review
18_211_Masson_205_111_9_jpg.rf.75f778c48016a5a847b6b493a8700e9f.jpg,18_211_Masson_205_111_9_jpg.rf.75f778c48016a5a847b6b493a8700e9f.npz,457,0.904927134513855,0.9011678695678711,0.0037592649459838867,0.8263624906539917,0.8201141953468323,1.0,1.0,0.0,0.0,0.0,0.0,0.0002343753003515303,1.0,1.0,0.0,0.0,0.0,0.0,0.00066147162579,0.904927134513855,0.8263624906539917,313.0,235.0,2843.0,2921.0,0.013055753894150257,1.0,1.0,0.0,0.0,0.0,0.0,0.0003188059199601412,no,no,review
18_228_Masson_505_97_38_jpg.rf.eec588e7603a4fce049541864beb48ce.jpg,18_228_Masson_505_97_38_jpg.rf.eec588e7603a4fce049541864beb48ce.npz,458,0.9049734473228455,0.9011936783790588,0.003779768943786621,0.8264396786689758,0.820156991481781,0.9049734473228455,0.8264396786689758,1407.0,775.0,11165.0,11797.0,0.052296798676252365,1.0,1.0,0.0,0.0,0.0,0.0,0.00034075957955792546,1.0,1.0,0.0,0.0,0.0,0.0,0.00018745548732113093,1.0,1.0,0.0,0.0,0.0,0.0,0.0004020246269647032,no,no,review
16_224_603_158_45_jpg.rf.2a6f7bb6b9400a320756a73de3acf72d.jpg,16_224_603_158_45_jpg.rf.2a6f7bb6b9400a320756a73de3acf72d.npz,459,0.9051375389099121,0.901452898979187,0.0036846399307250977,0.826713502407074,0.8205865025520325,1.0,1.0,0.0,0.0,0.0,0.0,0.00024065110483206809,1.0,1.0,0.0,0.0,0.0,0.0,0.0005713579012081027,0.9051375389099121,0.826713502407074,636.0,795.0,7622.0,7463.0,0.032952893525362015,1.0,1.0,0.0,0.0,0.0,0.0,0.00033694886951707304,no,no,review
201_9_14_50_jpg.rf.cf9b14720490032aa3bad280ec88c7b0.jpg,201_9_14_50_jpg.rf.cf9b14720490032aa3bad280ec88c7b0.npz,460,0.9051659107208252,0.8830339908599854,0.022131919860839844,0.8267607688903809,0.7905647158622742,1.0,1.0,0.0,0.0,0.0,0.0,0.00026521529071033,1.0,1.0,0.0,0.0,0.0,0.0,0.0002953772200271487,1.0,1.0,0.0,0.0,0.0,0.0,0.00016411069373134524,0.9051659107208252,0.8267607688903809,422.0,2082.0,14032.0,12372.0,0.05241622403264046,no,no,review
18_229_Masson_201_53_12_jpg.rf.f1be5d63205d93ab15521b5f282ab9fe.jpg,18_229_Masson_201_53_12_jpg.rf.f1be5d63205d93ab15521b5f282ab9fe.npz,461,0.905375063419342,0.6864306330680847,0.21894443035125732,0.8271098136901855,0.5225690603256226,0.905375063419342,0.8271098136901855,352.0,3690.0,23027.0,19689.0,0.093753382563591,1.0,1.0,0.0,0.0,0.0,0.0,0.00038164929719641805,1.0,1.0,0.0,0.0,0.0,0.0,0.00019613411859609187,1.0,1.0,0.0,0.0,0.0,0.0,0.000398468051571399,no,no,review
15_242_208_30_10_jpg.rf.8a349d4f09cf21cb6e85c5c2ac5e362c.jpg,15_242_208_30_10_jpg.rf.8a349d4f09cf21cb6e85c5c2ac5e362c.npz,462,0.905739963054657,0.9216777086257935,-0.015937745571136475,0.8277190923690796,0.8547331094741821,1.0,1.0,0.0,0.0,0.0,0.0,0.00024041018332354724,0.905739963054657,0.8277190923690796,4264.0,922.0,25838.0,29180.0,0.12402444332838058,1.0,1.0,0.0,0.0,0.0,0.0,0.00022668545716442168,1.0,1.0,0.0,0.0,0.0,0.0,0.000353904819348827,no,no,review
201_9_12_57_jpg.rf.71c7b72a3b9bf7170c5ab325e8adf74a.jpg,201_9_12_57_jpg.rf.71c7b72a3b9bf7170c5ab325e8adf74a.npz,463,0.9058059453964233,0.862657904624939,0.043148040771484375,0.8278293609619141,0.7584858536720276,1.0,1.0,0.0,0.0,0.0,0.0,0.0002745904785115272,1.0,1.0,0.0,0.0,0.0,0.0,0.0003460267325863242,1.0,1.0,0.0,0.0,0.0,0.0,0.00017752553685568273,0.9058059453964233,0.8278293609619141,6265.0,1279.0,37552.0,42538.0,0.18506301939487457,no,no,review
17_209_102_16_16_jpg.rf.96d3d9a8125b88eaf21759b965cf7af0.jpg,17_209_102_16_16_jpg.rf.96d3d9a8125b88eaf21759b965cf7af0.npz,464,0.9062105417251587,0.8792733550071716,0.02693718671798706,0.8285053968429565,0.7845564484596252,1.0,1.0,0.0,0.0,0.0,0.0,0.00024317277711816132,1.0,1.0,0.0,0.0,0.0,0.0,0.000512659375090152,0.9062105417251587,0.8285053968429565,389.0,1541.0,10865.0,9713.0,0.04255302995443344,1.0,1.0,0.0,0.0,0.0,0.0,0.00037063489435240626,no,no,review
18_229_Masson_201_108_28_jpg.rf.410cade08fa5472ad05b619a396e972a.jpg,18_229_Masson_201_108_28_jpg.rf.410cade08fa5472ad05b619a396e972a.npz,465,0.9073821306228638,0.8806878328323364,0.026694297790527344,0.830466091632843,0.7868115901947021,0.9073821306228638,0.830466091632843,24.0,2282.0,13578.0,11320.0,0.04956568777561188,1.0,1.0,0.0,0.0,0.0,0.0,0.00032310327515006065,1.0,1.0,0.0,0.0,0.0,0.0,0.00016975816106423736,1.0,1.0,0.0,0.0,0.0,0.0,0.00037618132773786783,no,no,review
15_242_208_25_27_jpg.rf.4f5dbbcb756b4bbb98f956ff3f6a91f6.jpg,15_242_208_25_27_jpg.rf.4f5dbbcb756b4bbb98f956ff3f6a91f6.npz,466,0.907387375831604,0.907930314540863,-0.0005429387092590332,0.8304749131202698,0.8313848972320557,1.0,1.0,0.0,0.0,0.0,0.0,0.00025379221187904477,0.907387375831604,0.8304749131202698,3782.0,1012.0,24497.0,27267.0,0.12230456620454788,1.0,1.0,0.0,0.0,0.0,0.0,0.0002546883770264685,1.0,1.0,0.0,0.0,0.0,0.0,0.000406789593398571,no,no,review
18_228_Masson_505_100_30_jpg.rf.3c6c4699b59a2d101302d72859b699d9.jpg,18_228_Masson_505_100_30_jpg.rf.3c6c4699b59a2d101302d72859b699d9.npz,467,0.9074552059173584,0.8876727223396301,0.01978248357772827,0.8305885195732117,0.7980319857597351,0.9074552059173584,0.8305885195732117,2165.0,7052.0,52241.0,47354.0,0.1948457658290863,1.0,1.0,0.0,0.0,0.0,0.0,0.0004381650360301137,1.0,1.0,0.0,0.0,0.0,0.0,0.0002578704443294555,1.0,1.0,0.0,0.0,0.0,0.0,0.00042839208617806435,no,no,review
18_228_Masson_505_86_33_jpg.rf.7bab2575f2bb844e1d1a27d8f2b286ee.jpg,18_228_Masson_505_86_33_jpg.rf.7bab2575f2bb844e1d1a27d8f2b286ee.npz,468,0.9076923131942749,0.9092965126037598,-0.0016041994094848633,0.8309859037399292,0.8336789608001709,0.9076923131942749,0.8309859037399292,414.0,1218.0,9242.0,8438.0,0.036647599190473557,1.0,1.0,0.0,0.0,0.0,0.0,0.00033363013062626123,1.0,1.0,0.0,0.0,0.0,0.0,0.00017663913604337722,1.0,1.0,0.0,0.0,0.0,0.0,0.00035987148294225335,no,no,review
201_9_12_57_jpg.rf.9d4f0cdfe6c08176c77b8657d6799a4c.jpg,201_9_12_57_jpg.rf.9d4f0cdfe6c08176c77b8657d6799a4c.npz,469,0.9082790017127991,0.8619273900985718,0.046351611614227295,0.8319698572158813,0.7573570609092712,1.0,1.0,0.0,0.0,0.0,0.0,0.00027374489582143724,1.0,1.0,0.0,0.0,0.0,0.0,0.00034394857357256114,1.0,1.0,0.0,0.0,0.0,0.0,0.000176193643710576,0.9082790017127991,0.8319698572158813,5964.0,1348.0,37552.0,42168.0,0.18919646739959717,no,no,review
201_10_18_29_jpg.rf.d66dc2a0d2cf55dcd3397fd1609abd92.jpg,201_10_18_29_jpg.rf.d66dc2a0d2cf55dcd3397fd1609abd92.npz,470,0.9085138440132141,0.9091944694519043,-0.0006806254386901855,0.8323640823364258,0.8335073590278625,1.0,1.0,0.0,0.0,0.0,0.0,0.0002533066435717046,1.0,1.0,0.0,0.0,0.0,0.0,0.0003141782945021987,1.0,1.0,0.0,0.0,0.0,0.0,0.00015947286738082767,0.9085138440132141,0.8323640823364258,3401.0,9109.0,71225.0,65517.0,0.28587934374809265,no,no,review
15_242_208_25_27_jpg.rf.d3e09be97cd13d4026e403e0d6fe6468.jpg,15_242_208_25_27_jpg.rf.d3e09be97cd13d4026e403e0d6fe6468.npz,471,0.9087236523628235,0.9051097631454468,0.003613889217376709,0.8327164053916931,0.8266671299934387,1.0,1.0,0.0,0.0,0.0,0.0,0.0002538137778174132,0.9087236523628235,0.8327164053916931,3640.0,1105.0,24725.0,27260.0,0.12230429798364639,1.0,1.0,0.0,0.0,0.0,0.0,0.00025481326156295836,1.0,1.0,0.0,0.0,0.0,0.0,0.0004065312969032675,no,no,review
207_1_11_2_jpg.rf.c058fd0e57d4c84285f02db6fb12c000.jpg,207_1_11_2_jpg.rf.c058fd0e57d4c84285f02db6fb12c000.npz,472,0.9093545079231262,0.8575972318649292,0.05175727605819702,0.8337764143943787,0.750696063041687,1.0,1.0,0.0,0.0,0.0,0.0,0.002427290892228484,1.0,1.0,0.0,0.0,0.0,0.0,0.0005019833333790302,1.0,1.0,0.0,0.0,0.0,0.0,0.0002179441216867417,0.9093545079231262,0.8337764143943787,241.0,2510.0,16309.0,14040.0,0.0586717389523983,no,no,review
15_242_208_26_26_jpg.rf.dd99cee1f80b6f34d18605df37caf72a.jpg,15_242_208_26_26_jpg.rf.dd99cee1f80b6f34d18605df37caf72a.npz,473,0.9107755422592163,0.9065781235694885,0.004197418689727783,0.8361688256263733,0.8291202187538147,1.0,1.0,0.0,0.0,0.0,0.0,0.00023403583327308297,0.9107755422592163,0.8361688256263733,3428.0,655.0,21494.0,24267.0,0.10490427166223526,1.0,1.0,0.0,0.0,0.0,0.0,0.00023917676298879087,1.0,1.0,0.0,0.0,0.0,0.0,0.0003478899016045034,no,no,review
17_209_102_10_16_jpg.rf.aa2b6f3fb9e6b5f6407434cc6ff9e54f.jpg,17_209_102_10_16_jpg.rf.aa2b6f3fb9e6b5f6407434cc6ff9e54f.npz,474,0.9108644127845764,0.9059521555900574,0.004912257194519043,0.8363186120986938,0.8280736207962036,1.0,1.0,0.0,0.0,0.0,0.0,0.00024798474623821676,1.0,1.0,0.0,0.0,0.0,0.0,0.000553935649804771,0.9108644127845764,0.8363186120986938,1975.0,1991.0,22255.0,22239.0,0.09918313473463058,1.0,1.0,0.0,0.0,0.0,0.0,0.00038258315180428326,no,no,review
17_234_212_75_34_jpg.rf.166c54033b7d5872acb78021a22d0427.jpg,17_234_212_75_34_jpg.rf.166c54033b7d5872acb78021a22d0427.npz,475,0.910973072052002,0.89290851354599,0.018064558506011963,0.8365018963813782,0.8065354824066162,1.0,1.0,0.0,0.0,0.0,0.0,0.00023476083879359066,1.0,1.0,0.0,0.0,0.0,0.0,0.000550666416529566,0.910973072052002,0.8365018963813782,1440.0,1226.0,14866.0,15080.0,0.06592578440904617,1.0,1.0,0.0,0.0,0.0,0.0,0.0003468416107352823,no,no,review
201_2_12_23_jpg.rf.d2cbd786290afe3df0dc6889e729aa8f.jpg,201_2_12_23_jpg.rf.d2cbd786290afe3df0dc6889e729aa8f.npz,476,0.9111728668212891,0.9090467095375061,0.002126157283782959,0.8368389010429382,0.8332590460777283,1.0,1.0,0.0,0.0,0.0,0.0,0.00026149555924348533,1.0,1.0,0.0,0.0,0.0,0.0,0.0003284139675088227,1.0,1.0,0.0,0.0,0.0,0.0,0.00016446223889943212,0.9111728668212891,0.8368389010429382,2390.0,9688.0,71635.0,64337.0,0.28645527362823486,no,no,review
15_242_208_26_14_jpg.rf.e75aed4ea66cb5e3915ce7370b96a335.jpg,15_242_208_26_14_jpg.rf.e75aed4ea66cb5e3915ce7370b96a335.npz,477,0.9113950729370117,0.9066998362541199,0.004695236682891846,0.8372138142585754,0.8293237686157227,1.0,1.0,0.0,0.0,0.0,0.0,0.00024156301515176892,0.9113950729370117,0.8372138142585754,1502.0,1029.0,14046.0,14519.0,0.06321800500154495,1.0,1.0,0.0,0.0,0.0,0.0,0.0002051388582913205,1.0,1.0,0.0,0.0,0.0,0.0,0.0003411326033528894,no,no,review
17_228_801_70_62_jpg.rf.fe798a2ccefa9dd7d284550e08740227.jpg,17_228_801_70_62_jpg.rf.fe798a2ccefa9dd7d284550e08740227.npz,478,0.9119484424591064,0.8485553860664368,0.06339305639266968,0.8381482362747192,0.7369484901428223,0.9346448183059692,0.877308189868927,694.0,1286.0,15444.0,14852.0,0.06434839218854904,1.0,1.0,0.0,0.0,0.0,0.0,0.0003589756670407951,1.0,1.0,0.0,0.0,0.0,0.0,0.00019171962048858404,1.3262599907193362e-09,1.3262599907193362e-09,754.0,0.0,0.0,754.0,0.02310613915324211,no,no,review
18_228_Masson_505_100_31_jpg.rf.8c8e7779d55729254b0c7d44584c9a64.jpg,18_228_Masson_505_100_31_jpg.rf.8c8e7779d55729254b0c7d44584c9a64.npz,479,0.9125005602836609,0.8214568495750427,0.09104371070861816,0.839081346988678,0.6970104575157166,0.9125005602836609,0.839081346988678,167.0,1858.0,12417.0,10726.0,0.04650174453854561,1.0,1.0,0.0,0.0,0.0,0.0,0.0003503435873426497,1.0,1.0,0.0,0.0,0.0,0.0,0.0001809413224691525,1.0,1.0,0.0,0.0,0.0,0.0,0.0003660438524093479,no,no,review
18_228_Masson_505_96_37_jpg.rf.bf9ede65393fc636a3194e948540ae9d.jpg,18_228_Masson_505_96_37_jpg.rf.bf9ede65393fc636a3194e948540ae9d.npz,480,0.9129566550254822,0.9224560260772705,-0.00949937105178833,0.839853048324585,0.8560727834701538,0.9129566550254822,0.839853048324585,0.0,872.0,5445.0,4573.0,0.02847207523882389,1.0,1.0,0.0,0.0,0.0,0.0,0.0003837257099803537,1.0,1.0,0.0,0.0,0.0,0.0,0.00019051568233408034,1.0,1.0,0.0,0.0,0.0,0.0,0.00036684118094854057,no,no,review
15_242_208_29_14_jpg.rf.3b3bc51aa00661c8ed4f597e88d1e48a.jpg,15_242_208_29_14_jpg.rf.3b3bc51aa00661c8ed4f597e88d1e48a.npz,481,0.9130450487136841,0.9117435812950134,0.0013014674186706543,0.8400026559829712,0.8378021121025085,1.0,1.0,0.0,0.0,0.0,0.0,0.0002264772483613342,0.9130450487136841,0.8400026559829712,410.0,2025.0,14809.0,13194.0,0.057871684432029724,1.0,1.0,0.0,0.0,0.0,0.0,0.0002186176716350019,1.0,1.0,0.0,0.0,0.0,0.0,0.00032245603506453335,no,no,review
18_228_Masson_505_83_33_jpg.rf.e4d0190ff4b01b24b6f475f4ce0d2107.jpg,18_228_Masson_505_83_33_jpg.rf.e4d0190ff4b01b24b6f475f4ce0d2107.npz,482,0.913336992263794,0.9189961552619934,-0.005659162998199463,0.8404970169067383,0.850132167339325,0.913336992263794,0.8404970169067383,2282.0,401.0,14539.0,16420.0,0.07065454870462418,1.0,1.0,0.0,0.0,0.0,0.0,0.00032055715564638376,1.0,1.0,0.0,0.0,0.0,0.0,0.00018068838107865304,1.0,1.0,0.0,0.0,0.0,0.0,0.00038733455585315824,no,no,review
17_209_102_11_34_jpg.rf.73fa98019d7952a1ff1946b9ee2457ca.jpg,17_209_102_11_34_jpg.rf.73fa98019d7952a1ff1946b9ee2457ca.npz,483,0.9140563011169434,0.8829975724220276,0.03105872869491577,0.8417161107063293,0.7905063629150391,1.0,1.0,0.0,0.0,0.0,0.0,0.00023248243087437004,1.0,1.0,0.0,0.0,0.0,0.0,0.0005565707106143236,0.9140563011169434,0.8417161107063293,1276.0,244.0,8327.0,9359.0,0.04159238561987877,1.0,1.0,0.0,0.0,0.0,0.0,0.0003689676814246923,no,no,review
15_242_208_26_26_jpg.rf.6e58d1a35072c7dc251504f9a60872de.jpg,15_242_208_26_26_jpg.rf.6e58d1a35072c7dc251504f9a60872de.npz,484,0.9146502017974854,0.9129607081413269,0.0016894936561584473,0.8427238464355469,0.8398599624633789,1.0,1.0,0.0,0.0,0.0,0.0,0.00023509068705607206,0.9146502017974854,0.8427238464355469,3324.0,570.0,21435.0,24189.0,0.10448062419891357,1.0,1.0,0.0,0.0,0.0,0.0,0.00023241860617417842,1.0,1.0,0.0,0.0,0.0,0.0,0.0003468004579190165,no,no,review
204_3_12_49_jpg.rf.b624d9ff9d770589374af51ff27ace59.jpg,204_3_12_49_jpg.rf.b624d9ff9d770589374af51ff27ace59.npz,485,0.9150672554969788,0.6111111044883728,0.30395615100860596,0.8434321880340576,0.4399999976158142,1.0,1.0,0.0,0.0,0.0,0.0,0.00026584885199554265,1.0,1.0,0.0,0.0,0.0,0.0,0.00030013115610927343,1.0,1.0,0.0,0.0,0.0,0.0,0.00016026425873860717,0.9150672554969788,0.8434321880340576,170.0,569.0,4550.0,4151.0,0.02718989923596382,no,no,review
15_242_208_29_24_jpg.rf.38b381a964e86363ce3e5e44a3c98e38.jpg,15_242_208_29_24_jpg.rf.38b381a964e86363ce3e5e44a3c98e38.npz,486,0.9153553247451782,0.8941365480422974,0.02121877670288086,0.8439218401908875,0.808541476726532,1.0,1.0,0.0,0.0,0.0,0.0,0.00025230756727978587,0.9153553247451782,0.8439218401908875,2117.0,2197.0,25523.0,25443.0,0.11045891791582108,1.0,1.0,0.0,0.0,0.0,0.0,0.0002533968072384596,1.0,1.0,0.0,0.0,0.0,0.0,0.00038084317930042744,no,no,review
18_228_Masson_505_98_27_jpg.rf.df215b31f0ecf8c2683ca83e60255b75.jpg,18_228_Masson_505_98_27_jpg.rf.df215b31f0ecf8c2683ca83e60255b75.npz,487,0.9162158966064453,0.9044259786605835,0.011789917945861816,0.8453859686851501,0.8255270719528198,0.9162158966064453,0.8453859686851501,4893.0,7219.0,73444.0,71118.0,0.2981162965297699,1.0,1.0,0.0,0.0,0.0,0.0,0.00040696054929867387,1.0,1.0,0.0,0.0,0.0,0.0,0.00026396304019726813,1.0,1.0,0.0,0.0,0.0,0.0,0.0005075354129076004,no,no,review
15_239_101_63_44_jpg.rf.e763fbeb0a44b88dc27cafc6485e9339.jpg,15_239_101_63_44_jpg.rf.e763fbeb0a44b88dc27cafc6485e9339.npz,488,0.9169384837150574,0.921808123588562,-0.004869639873504639,0.8466171622276306,0.8549573421478271,1.0,1.0,0.0,0.0,0.0,0.0,0.00022795185213908553,1.0,1.0,0.0,0.0,0.0,0.0,0.0005489451577886939,0.9169384837150574,0.8466171622276306,848.0,1011.0,11272.0,11109.0,0.04890118166804314,1.0,1.0,0.0,0.0,0.0,0.0,0.0003191306605003774,no,no,review
17_209_102_16_16_jpg.rf.8fd4d6e648491eeb91263680c6bc788c.jpg,17_209_102_16_16_jpg.rf.8fd4d6e648491eeb91263680c6bc788c.npz,489,0.9171270728111267,0.9070006608963013,0.01012641191482544,0.8469387888908386,0.8298272490501404,1.0,1.0,0.0,0.0,0.0,0.0,0.00024057542032096535,1.0,1.0,0.0,0.0,0.0,0.0,0.0005185458576306701,0.9171270728111267,0.8469387888908386,307.0,1403.0,10865.0,9769.0,0.043256860226392746,1.0,1.0,0.0,0.0,0.0,0.0,0.0003660519141703844,no,no,review
15_239_101_65_66_jpg.rf.88e732a0717d32ea75772a268798a236.jpg,15_239_101_65_66_jpg.rf.88e732a0717d32ea75772a268798a236.npz,490,0.9176208972930908,0.8679336905479431,0.049687206745147705,0.8477814793586731,0.766680896282196,1.0,1.0,0.0,0.0,0.0,0.0,0.00023226108169183135,1.0,1.0,0.0,0.0,0.0,0.0,0.0005267400410957634,0.9176208972930908,0.8477814793586731,896.0,1032.0,11770.0,11634.0,0.050174977630376816,1.0,1.0,0.0,0.0,0.0,0.0,0.000324628985254094,no,no,review
201_2_12_54_jpg.rf.efb591547e0e2faaf1153964524658db.jpg,201_2_12_54_jpg.rf.efb591547e0e2faaf1153964524658db.npz,491,0.9178593158721924,0.917013943195343,0.0008453726768493652,0.848188579082489,0.8467458486557007,1.0,1.0,0.0,0.0,0.0,0.0,0.00027965434128418565,1.0,1.0,0.0,0.0,0.0,0.0,0.0003378165711183101,1.0,1.0,0.0,0.0,0.0,0.0,0.00016875896835699677,0.9178593158721924,0.848188579082489,3099.0,1171.0,25028.0,26956.0,0.11672940850257874,no,no,review
15_242_208_18_4_jpg.rf.3c668c1ffcd8b172d4544049297562f1.jpg,15_242_208_18_4_jpg.rf.3c668c1ffcd8b172d4544049297562f1.npz,492,0.9179100394248962,0.9229961633682251,-0.005086123943328857,0.8482751846313477,0.8570035696029663,1.0,1.0,0.0,0.0,0.0,0.0,0.0002810332225635648,0.9179100394248962,0.8482751846313477,8431.0,3717.0,71635.0,76349.0,0.33342283964157104,1.0,1.0,0.0,0.0,0.0,0.0,0.00033367660944350064,1.0,1.0,0.0,0.0,0.0,0.0,0.0005321720382198691,no,no,review
15_242_208_22_9_jpg.rf.4015c419cb19c0cd2cadeb3c7e6e9218.jpg,15_242_208_22_9_jpg.rf.4015c419cb19c0cd2cadeb3c7e6e9218.npz,493,0.9179708361625671,0.9144145250320435,0.0035563111305236816,0.8483790159225464,0.8423238396644592,1.0,1.0,0.0,0.0,0.0,0.0,0.00026467841234989464,0.9179708361625671,0.8483790159225464,3794.0,3848.0,46608.0,46554.0,0.20005303621292114,1.0,1.0,0.0,0.0,0.0,0.0,0.0002582498418632895,1.0,1.0,0.0,0.0,0.0,0.0,0.0004207124875392765,no,no,review
102_1_7_33_jpg.rf.e49af7864d3d00960a0e7b82bd0a5c3d.jpg,102_1_7_33_jpg.rf.e49af7864d3d00960a0e7b82bd0a5c3d.npz,494,0.9195701479911804,0.9191898703575134,0.0003802776336669922,0.8511151075363159,0.8504638075828552,1.0,1.0,0.0,0.0,0.0,0.0,0.0002717279130592942,1.0,1.0,0.0,0.0,0.0,0.0,0.0003062813193537295,1.0,1.0,0.0,0.0,0.0,0.0,0.00016830019012559205,0.9195701479911804,0.8511151075363159,2458.0,693.0,18706.0,20471.0,0.08638155460357666,no,no,review
16_253_308_22_6_jpg.rf.033fe86da0b39e84dbf74e2f296fbb23.jpg,16_253_308_22_6_jpg.rf.033fe86da0b39e84dbf74e2f296fbb23.npz,495,0.920025646686554,0.9115105867385864,0.00851505994796753,0.8518958687782288,0.8374087810516357,1.0,1.0,0.0,0.0,0.0,0.0,0.00023185342433862388,0.920025646686554,0.8518958687782288,848.0,398.0,7565.0,8015.0,0.04091176763176918,1.0,1.0,0.0,0.0,0.0,0.0,0.00025798281421884894,1.0,1.0,0.0,0.0,0.0,0.0,0.0003404989547561854,no,no,review
18_228_Masson_505_84_31_jpg.rf.df7bd7e0db3d4a4672cf1d7b1130cdae.jpg,18_228_Masson_505_84_31_jpg.rf.df7bd7e0db3d4a4672cf1d7b1130cdae.npz,496,0.9203178882598877,0.9231376647949219,-0.0028197765350341797,0.852397084236145,0.8572475910186768,0.9203178882598877,0.852397084236145,1599.0,627.0,13482.0,14454.0,0.06238285079598427,1.0,1.0,0.0,0.0,0.0,0.0,0.00032696538255549967,1.0,1.0,0.0,0.0,0.0,0.0,0.00018359108071308583,1.0,1.0,0.0,0.0,0.0,0.0,0.00037279893876984715,no,no,review
201_9_7_59_jpg.rf.d35a6acca59682cb81a04615332d4315.jpg,201_9_7_59_jpg.rf.d35a6acca59682cb81a04615332d4315.npz,497,0.9204181432723999,0.9414694309234619,-0.02105128765106201,0.8525691032409668,0.8894116282463074,1.0,1.0,0.0,0.0,0.0,0.0,0.0002763385127764195,1.0,1.0,0.0,0.0,0.0,0.0,0.00031258133822120726,1.0,1.0,0.0,0.0,0.0,0.0,0.00016744468302931637,0.9204181432723999,0.8525691032409668,2487.0,345.0,16722.0,18864.0,0.07925306260585785,no,no,review
15_242_208_18_5_jpg.rf.661786f57eeaf5671a00890aba702cd3.jpg,15_242_208_18_5_jpg.rf.661786f57eeaf5671a00890aba702cd3.npz,498,0.9206840991973877,0.8930460214614868,0.02763807773590088,0.8530256152153015,0.8067598938941956,1.0,1.0,0.0,0.0,0.0,0.0,0.00025298589025624096,0.9206840991973877,0.8530256152153015,2199.0,412.0,15566.0,17353.0,0.08491768687963486,1.0,1.0,0.0,0.0,0.0,0.0,0.00020975182997062802,1.0,1.0,0.0,0.0,0.0,0.0,0.0003643882228061557,no,no,review
15_242_208_199_37_jpg.rf.efcae20b6d4d5751e268ad8bc4a5533b.jpg,15_242_208_199_37_jpg.rf.efcae20b6d4d5751e268ad8bc4a5533b.npz,499,0.9207811951637268,0.9061360359191895,0.014645159244537354,0.8531923294067383,0.8283808827400208,1.0,1.0,0.0,0.0,0.0,0.0,0.00024223847140092403,1.0,1.0,0.0,0.0,0.0,0.0,0.0005472087650559843,0.9207811951637268,0.8531923294067383,1244.0,922.0,13510.0,13832.0,0.06123814359307289,1.0,1.0,0.0,0.0,0.0,0.0,0.0003484826593194157,no,no,review
102_1_8_25_jpg.rf.787232cdbd8f152421c92d050b2c686b.jpg,102_1_8_25_jpg.rf.787232cdbd8f152421c92d050b2c686b.npz,500,0.9215399026870728,0.914393961429596,0.007145941257476807,0.8544961214065552,0.8422889113426208,1.0,1.0,0.0,0.0,0.0,0.0,0.0002786692639347166,1.0,1.0,0.0,0.0,0.0,0.0,0.00031065248185768723,1.0,1.0,0.0,0.0,0.0,0.0,0.00017175365064758807,0.9215399026870728,0.8544961214065552,752.0,481.0,7722.0,7993.0,0.03643443062901497,no,no,review
15_242_208_18_27_jpg.rf.ba019f3ff579a77c3aa3495b09cacf0b.jpg,15_242_208_18_27_jpg.rf.ba019f3ff579a77c3aa3495b09cacf0b.npz,501,0.921783447265625,0.9091526865959167,0.012630760669708252,0.8549149632453918,0.8334372043609619,1.0,1.0,0.0,0.0,0.0,0.0,0.00022750288189854473,0.921783447265625,0.8549149632453918,867.0,54.0,5481.0,6294.0,0.02731039561331272,1.0,1.0,0.0,0.0,0.0,0.0,0.0002322264772374183,1.0,1.0,0.0,0.0,0.0,0.0,0.0003335233486723155,no,no,review
16_224_101_111_36_jpg.rf.156e13543ff7995cf8839f96edc95b15.jpg,16_224_101_111_36_jpg.rf.156e13543ff7995cf8839f96edc95b15.npz,502,0.9219880700111389,0.9193828701972961,0.0026051998138427734,0.8552670478820801,0.85079425573349,1.0,1.0,0.0,0.0,0.0,0.0,0.00024764236877672374,1.0,1.0,0.0,0.0,0.0,0.0,0.0004770878003910184,0.9219880700111389,0.8552670478820801,538.0,928.0,9591.0,9201.0,0.040078092366456985,1.0,1.0,0.0,0.0,0.0,0.0,0.0003378888068255037,no,no,review
15_242_208_20_6_jpg.rf.51fd750472c3351063798cd4fcda3e3c.jpg,15_242_208_20_6_jpg.rf.51fd750472c3351063798cd4fcda3e3c.npz,503,0.9231888651847839,0.922182559967041,0.00100630521774292,0.8573358654975891,0.8556018471717834,1.0,1.0,0.0,0.0,0.0,0.0,0.00024390578619204462,0.9231888651847839,0.8573358654975891,2618.0,3400.0,39565.0,38783.0,0.16830231249332428,1.0,1.0,0.0,0.0,0.0,0.0,0.0002450879546813667,1.0,1.0,0.0,0.0,0.0,0.0,0.000360141129931435,no,no,review
15_242_208_23_22_jpg.rf.3e3d0b48ed9595dbe128e7b63fbb5aa5.jpg,15_242_208_23_22_jpg.rf.3e3d0b48ed9595dbe128e7b63fbb5aa5.npz,504,0.9235081076622009,0.9164772629737854,0.007030844688415527,0.8578867316246033,0.8458310961723328,1.0,1.0,0.0,0.0,0.0,0.0,0.0002502908173482865,0.9235081076622009,0.8578867316246033,5251.0,2964.0,52555.0,54842.0,0.23978450894355774,1.0,1.0,0.0,0.0,0.0,0.0,0.0002674779389053583,1.0,1.0,0.0,0.0,0.0,0.0,0.0004081248480360955,no,no,review
17_228_801_67_44_jpg.rf.52ac6786393829889dc49ca32305cf8f.jpg,17_228_801_67_44_jpg.rf.52ac6786393829889dc49ca32305cf8f.npz,505,0.9243028163909912,0.9239006638526917,0.00040215253829956055,0.8592592477798462,0.8585644960403442,0.9243028163909912,0.8592592477798462,81.0,1249.0,9369.0,8201.0,0.03572580963373184,1.0,1.0,0.0,0.0,0.0,0.0,0.00031587359262630343,1.0,1.0,0.0,0.0,0.0,0.0,0.0001749255316099152,1.0,1.0,0.0,0.0,0.0,0.0,0.00040268534212373197,no,no,review
15_242_208_31_22_jpg.rf.1fb1582c193d6e9d1bce2f247f2d4fba.jpg,15_242_208_31_22_jpg.rf.1fb1582c193d6e9d1bce2f247f2d4fba.npz,506,0.9244563579559326,0.9126179814338684,0.011838376522064209,0.8595247864723206,0.8392799496650696,1.0,1.0,0.0,0.0,0.0,0.0,0.00025893744896166027,0.9244563579559326,0.8595247864723206,3303.0,3277.0,43538.0,43564.0,0.18412576615810394,1.0,1.0,0.0,0.0,0.0,0.0,0.00024527404457330704,1.0,1.0,0.0,0.0,0.0,0.0,0.00040039487066678703,no,no,review
16_224_604_92_67_jpg.rf.3d04339e57299205934edd499392abea.jpg,16_224_604_92_67_jpg.rf.3d04339e57299205934edd499392abea.npz,507,0.9244590997695923,0.9320467114448547,-0.007587611675262451,0.8595294952392578,0.8727411031723022,0.9244590997695923,0.8595294952392578,1550.0,325.0,11798.0,13023.0,0.05749960616230965,1.0,1.0,0.0,0.0,0.0,0.0,0.0003122515045106411,1.0,1.0,0.0,0.0,0.0,0.0,0.00018533314869273454,1.0,1.0,0.0,0.0,0.0,0.0,0.00039645712240599096,no,no,review
18_228_Masson_505_88_31_jpg.rf.c1cc97c4708c7e1702e31c2980322cb3.jpg,18_228_Masson_505_88_31_jpg.rf.c1cc97c4708c7e1702e31c2980322cb3.npz,508,0.9246202111244202,0.9070774912834167,0.017542719841003418,0.859808087348938,0.8299559354782104,0.9246202111244202,0.859808087348938,2313.0,302.0,16340.0,18351.0,0.07896831631660461,1.0,1.0,0.0,0.0,0.0,0.0,0.00034617033088579774,1.0,1.0,0.0,0.0,0.0,0.0,0.0001928177080117166,1.0,1.0,0.0,0.0,0.0,0.0,0.0003748490125872195,no,no,review
15_239_101_63_44_jpg.rf.3eea2a9b242b8b715dbfa14c3c1f9c97.jpg,15_239_101_63_44_jpg.rf.3eea2a9b242b8b715dbfa14c3c1f9c97.npz,509,0.9252039194107056,0.8988509774208069,0.02635294198989868,0.8608180284500122,0.8162845969200134,1.0,1.0,0.0,0.0,0.0,0.0,0.00022890252876095474,1.0,1.0,0.0,0.0,0.0,0.0,0.0005400599329732358,0.9252039194107056,0.8608180284500122,939.0,776.0,11383.0,11546.0,0.05058937147259712,1.0,1.0,0.0,0.0,0.0,0.0,0.0003205368120688945,no,no,review
204_2_18_37_jpg.rf.7fa7eee1b9f60d6ea709926e4fcc299f.jpg,204_2_18_37_jpg.rf.7fa7eee1b9f60d6ea709926e4fcc299f.npz,510,0.9253989458084106,0.9323837161064148,-0.00698477029800415,0.8611558079719543,0.8733322024345398,1.0,1.0,0.0,0.0,0.0,0.0,0.00028594062314368784,1.0,1.0,0.0,0.0,0.0,0.0,0.0003392073849681765,1.0,1.0,0.0,0.0,0.0,0.0,0.00016902935749385506,0.9253989458084106,0.8611558079719543,502.0,1999.0,17511.0,16014.0,0.07363428920507431,no,no,review
15_242_208_31_22_jpg.rf.23837eb1edb6e207d9dc2b4476870b7e.jpg,15_242_208_31_22_jpg.rf.23837eb1edb6e207d9dc2b4476870b7e.npz,511,0.9254255294799805,0.9137555956840515,0.011669933795928955,0.861201822757721,0.8412062525749207,1.0,1.0,0.0,0.0,0.0,0.0,0.0002587497583590448,0.9254255294799805,0.861201822757721,3307.0,3195.0,43538.0,43650.0,0.18435624241828918,1.0,1.0,0.0,0.0,0.0,0.0,0.0002455726498737931,1.0,1.0,0.0,0.0,0.0,0.0,0.0004004596557933837,no,no,review
15_242_202_168_26_jpg.rf.c83e081a84e8bc6604a627405caf7892.jpg,15_242_202_168_26_jpg.rf.c83e081a84e8bc6604a627405caf7892.npz,512,0.925523579120636,0.9239268898963928,0.001596689224243164,0.861371636390686,0.8586097359657288,0.925523579120636,0.861371636390686,1749.0,335.0,13284.0,14698.0,0.06388294696807861,1.0,1.0,0.0,0.0,0.0,0.0,0.0003253801551181823,1.0,1.0,0.0,0.0,0.0,0.0,0.0001938070054166019,1.0,1.0,0.0,0.0,0.0,0.0,0.00040212844032794237,no,no,review
15_239_101_63_74_jpg.rf.3e6ad2d0884a846975939d086330e856.jpg,15_239_101_63_74_jpg.rf.3e6ad2d0884a846975939d086330e856.npz,513,0.9260287284851074,0.9241464734077454,0.0018822550773620605,0.8622472286224365,0.8589891195297241,1.0,1.0,0.0,0.0,0.0,0.0,0.00023358869657386094,1.0,1.0,0.0,0.0,0.0,0.0,0.000597361009567976,0.9260287284851074,0.8622472286224365,931.0,1201.0,14546.0,14276.0,0.06243274733424187,1.0,1.0,0.0,0.0,0.0,0.0,0.00032284852932207286,no,no,review
15_242_208_198_53_jpg.rf.5bac7f5fcccf18965e226bf90f51c2fd.jpg,15_242_208_198_53_jpg.rf.5bac7f5fcccf18965e226bf90f51c2fd.npz,514,0.9265199303627014,0.9233649373054504,0.0031549930572509766,0.8630993962287903,0.8576396703720093,1.0,1.0,0.0,0.0,0.0,0.0,0.00022439837630372494,1.0,1.0,0.0,0.0,0.0,0.0,0.0005532167269848287,0.9265199303627014,0.8630993962287903,201.0,390.0,4116.0,3927.0,0.017419358715415,1.0,1.0,0.0,0.0,0.0,0.0,0.0003133349528070539,no,no,review
15_242_208_28_17_jpg.rf.765cd62ad9e2c66970a0b609ac949b1c.jpg,15_242_208_28_17_jpg.rf.765cd62ad9e2c66970a0b609ac949b1c.npz,515,0.9279652237892151,0.9256777763366699,0.002287447452545166,0.8656111359596252,0.8616388440132141,1.0,1.0,0.0,0.0,0.0,0.0,0.00023838484776206315,0.9279652237892151,0.8656111359596252,905.0,487.0,9453.0,9871.0,0.04322227090597153,1.0,1.0,0.0,0.0,0.0,0.0,0.0002173040120396763,1.0,1.0,0.0,0.0,0.0,0.0,0.0003299147356301546,no,no,review
15_242_208_20_6_jpg.rf.5bd73bf68e33ef8934fc8549d05b573d.jpg,15_242_208_20_6_jpg.rf.5bd73bf68e33ef8934fc8549d05b573d.npz,516,0.9282944798469543,0.9223707914352417,0.0059236884117126465,0.8661842942237854,0.8559259176254272,1.0,1.0,0.0,0.0,0.0,0.0,0.00024282072263304144,0.9282944798469543,0.8661842942237854,2963.0,2733.0,39603.0,39833.0,0.17354728281497955,1.0,1.0,0.0,0.0,0.0,0.0,0.0002446885628160089,1.0,1.0,0.0,0.0,0.0,0.0,0.00035998603561893106,no,no,review
201_2_12_23_jpg.rf.b150cabf66dbde1b9b7ec24e307b26ca.jpg,201_2_12_23_jpg.rf.b150cabf66dbde1b9b7ec24e307b26ca.npz,517,0.9298257231712341,0.9311544895172119,-0.0013287663459777832,0.8688545227050781,0.8711778521537781,1.0,1.0,0.0,0.0,0.0,0.0,0.00026048682047985494,1.0,1.0,0.0,0.0,0.0,0.0,0.0003227656416129321,1.0,1.0,0.0,0.0,0.0,0.0,0.0001608148741070181,0.9298257231712341,0.8688545227050781,7773.0,1662.0,64170.0,70281.0,0.30376777052879333,no,no,review
15_242_208_31_22_jpg.rf.d057858fe8ea375b6015f22b3883dc17.jpg,15_242_208_31_22_jpg.rf.d057858fe8ea375b6015f22b3883dc17.npz,518,0.9298778772354126,0.8965955972671509,0.03328227996826172,0.8689455389976501,0.8125720620155334,1.0,1.0,0.0,0.0,0.0,0.0,0.00025931562413461506,0.9298778772354126,0.8689455389976501,3469.0,2692.0,43542.0,44319.0,0.18676330149173737,1.0,1.0,0.0,0.0,0.0,0.0,0.0002446267753839493,1.0,1.0,0.0,0.0,0.0,0.0,0.0004016711318399757,no,no,review
15_239_101_64_71_jpg.rf.4dd378867354146a56e5f691936df235.jpg,15_239_101_64_71_jpg.rf.4dd378867354146a56e5f691936df235.npz,519,0.930335283279419,0.8994008302688599,0.030934453010559082,0.8697447776794434,0.817192018032074,1.0,1.0,0.0,0.0,0.0,0.0,0.00022884106147103012,1.0,1.0,0.0,0.0,0.0,0.0,0.0005461336695589125,0.930335283279419,0.8697447776794434,360.0,870.0,9083.0,8573.0,0.03674601390957832,1.0,1.0,0.0,0.0,0.0,0.0,0.00032002749503590167,no,no,review
15_239_101_64_44_jpg.rf.61bf5be5068c258869297acd54ae3a69.jpg,15_239_101_64_44_jpg.rf.61bf5be5068c258869297acd54ae3a69.npz,520,0.931132972240448,0.9277431964874268,0.0033897757530212402,0.8711401224136353,0.8652248382568359,1.0,1.0,0.0,0.0,0.0,0.0,0.00022479664767161012,1.0,1.0,0.0,0.0,0.0,0.0,0.0005736895836889744,0.931132972240448,0.8711401224136353,1275.0,678.0,13881.0,14478.0,0.0630078986287117,1.0,1.0,0.0,0.0,0.0,0.0,0.00030435985536314547,no,no,review
17_228_801_74_33_jpg.rf.5748183f2374781a96c0e7f3d9aeb4e6.jpg,17_228_801_74_33_jpg.rf.5748183f2374781a96c0e7f3d9aeb4e6.npz,521,0.9311936497688293,0.9307467341423035,0.0004469156265258789,0.8712463974952698,0.8704642057418823,0.9311936497688293,0.8712463974952698,789.0,150.0,6504.0,7143.0,0.03075541742146015,1.0,1.0,0.0,0.0,0.0,0.0,0.0003068831283599138,1.0,1.0,0.0,0.0,0.0,0.0,0.00017420563381165266,1.0,1.0,0.0,0.0,0.0,0.0,0.00036270858254283667,no,no,review
15_242_208_31_22_jpg.rf.da39bc19066443d158e6a8baaa496215.jpg,15_242_208_31_22_jpg.rf.da39bc19066443d158e6a8baaa496215.npz,522,0.9311953783035278,0.934718906879425,-0.003523528575897217,0.8712493777275085,0.8774387240409851,1.0,1.0,0.0,0.0,0.0,0.0,0.00025372751406393945,0.9311953783035278,0.8712493777275085,3890.0,1006.0,34137.0,37021.0,0.16255062818527222,1.0,1.0,0.0,0.0,0.0,0.0,0.0002452374901622534,1.0,1.0,0.0,0.0,0.0,0.0,0.0003955760330427438,no,no,review
15_239_101_65_50_jpg.rf.948c298966c0323e4c41a12a92320132.jpg,15_239_101_65_50_jpg.rf.948c298966c0323e4c41a12a92320132.npz,523,0.9315158724784851,0.9338788986206055,-0.0023630261421203613,0.8718106150627136,0.8759594559669495,1.0,1.0,0.0,0.0,0.0,0.0,0.00023388068075291812,1.0,1.0,0.0,0.0,0.0,0.0,0.000515851890668273,0.9315158724784851,0.8718106150627136,465.0,786.0,9294.0,8973.0,0.039342641830444336,1.0,1.0,0.0,0.0,0.0,0.0,0.00032102191471494734,no,no,review
16_224_101_109_32_jpg.rf.c63723c67e6d5b6d1ead70be81b290b8.jpg,16_224_101_109_32_jpg.rf.c63723c67e6d5b6d1ead70be81b290b8.npz,524,0.9315797686576843,0.9335206151008606,-0.0019408464431762695,0.8719226121902466,0.8753292560577393,1.0,1.0,0.0,0.0,0.0,0.0,0.00022292122594080865,1.0,1.0,0.0,0.0,0.0,0.0,0.000635493197478354,0.9315797686576843,0.8719226121902466,534.0,340.0,6290.0,6484.0,0.028437137603759766,1.0,1.0,0.0,0.0,0.0,0.0,0.00033048592740669847,no,no,review
18_228_Masson_505_83_24_jpg.rf.f210117a5a8c96b70c7d7e5a0db9f170.jpg,18_228_Masson_505_83_24_jpg.rf.f210117a5a8c96b70c7d7e5a0db9f170.npz,525,0.9318602085113525,0.9334508776664734,-0.0015906691551208496,0.8724141120910645,0.8752066493034363,0.9318602085113525,0.8724141120910645,1934.0,4733.0,50321.0,47522.0,0.20770978927612305,1.0,1.0,0.0,0.0,0.0,0.0,0.00037161330692470074,1.0,1.0,0.0,0.0,0.0,0.0,0.00022941382485441864,1.0,1.0,0.0,0.0,0.0,0.0,0.00045110026258043945,no,no,review
15_242_208_25_27_jpg.rf.1ac7e0afc7a9f521ad19bf9931a8b053.jpg,15_242_208_25_27_jpg.rf.1ac7e0afc7a9f521ad19bf9931a8b053.npz,526,0.9326702952384949,0.9347646236419678,-0.0020943284034729004,0.8738352060317993,0.8775193095207214,1.0,1.0,0.0,0.0,0.0,0.0,0.00025073206052184105,0.9326702952384949,0.8738352060317993,2544.0,868.0,24500.0,26176.0,0.11274223029613495,1.0,1.0,0.0,0.0,0.0,0.0,0.00022613581677433103,1.0,1.0,0.0,0.0,0.0,0.0,0.0003921520838048309,no,no,review
15_242_208_29_14_jpg.rf.f0eeed201d1cbe59da74c5f6b6841561.jpg,15_242_208_29_14_jpg.rf.f0eeed201d1cbe59da74c5f6b6841561.npz,527,0.9327199459075928,0.937079668045044,-0.004359722137451172,0.8739224076271057,0.8816085457801819,1.0,1.0,0.0,0.0,0.0,0.0,0.0002278619649587199,0.9327199459075928,0.8739224076271057,1178.0,460.0,11814.0,12532.0,0.05510646849870682,1.0,1.0,0.0,0.0,0.0,0.0,0.000220002795686014,1.0,1.0,0.0,0.0,0.0,0.0,0.00032119551906362176,no,no,review
18_229_Masson_202_8_15_jpg.rf.4ee96aad6cafff82b5e5c85ddafc4d38.jpg,18_229_Masson_202_8_15_jpg.rf.4ee96aad6cafff82b5e5c85ddafc4d38.npz,528,0.9329186081886292,0.9339233040809631,-0.0010046958923339844,0.8742712736129761,0.8760376572608948,0.9329186081886292,0.8742712736129761,2284.0,2784.0,38025.0,37525.0,0.15841832756996155,1.0,1.0,0.0,0.0,0.0,0.0,0.0004448041436262429,1.0,1.0,0.0,0.0,0.0,0.0,0.0002282819914398715,1.0,1.0,0.0,0.0,0.0,0.0,0.00040918742888607085,no,no,review
201_9_14_10_jpg.rf.d2e6d6f8a732003b781780bf929f765f.jpg,201_9_14_10_jpg.rf.d2e6d6f8a732003b781780bf929f765f.npz,529,0.9331916570663452,0.9362549781799316,-0.0030633211135864258,0.8747510313987732,0.8801498413085938,1.0,1.0,0.0,0.0,0.0,0.0,0.0002652780676726252,1.0,1.0,0.0,0.0,0.0,0.0,0.0003066017525270581,1.0,1.0,0.0,0.0,0.0,0.0,0.00016465467342641205,0.9331916570663452,0.8747510313987732,1526.0,2687.0,32111.0,30950.0,0.13043810427188873,no,no,review
201_9_9_30_jpg.rf.90395b69c01a9b54f1284adffad38645.jpg,201_9_9_30_jpg.rf.90395b69c01a9b54f1284adffad38645.npz,530,0.933635950088501,0.8499479293823242,0.08368802070617676,0.8755320310592651,0.7390516996383667,1.0,1.0,0.0,0.0,0.0,0.0,0.00029691075906157494,1.0,1.0,0.0,0.0,0.0,0.0,0.000338462385116145,1.0,1.0,0.0,0.0,0.0,0.0,0.00017579203995410353,0.933635950088501,0.8755320310592651,715.0,250.0,7038.0,7503.0,0.040474142879247665,no,no,review
201_7_5_17_jpg.rf.ef0e0481a2c8f94c146c49fbaf2e7635.jpg,201_7_5_17_jpg.rf.ef0e0481a2c8f94c146c49fbaf2e7635.npz,531,0.9338072538375854,0.9086609482765198,0.025146305561065674,0.8758335113525391,0.8326110243797302,1.0,1.0,0.0,0.0,0.0,0.0,0.00027636592858470976,1.0,1.0,0.0,0.0,0.0,0.0,0.00031407747883349657,1.0,1.0,0.0,0.0,0.0,0.0,0.00017165346071124077,0.9338072538375854,0.8758335113525391,1409.0,1347.0,20787.0,20849.0,0.09232483059167862,no,no,review
17_228_801_67_60_jpg.rf.f522c58bd12ae4778ec903a235464d18.jpg,17_228_801_67_60_jpg.rf.f522c58bd12ae4778ec903a235464d18.npz,532,0.9339308142662048,0.9344763159751892,-0.000545501708984375,0.8760508894920349,0.8770112991333008,0.9339308142662048,0.8760508894920349,522.0,4476.0,39801.0,35847.0,0.1555398851633072,1.0,1.0,0.0,0.0,0.0,0.0,0.0003051974344998598,1.0,1.0,0.0,0.0,0.0,0.0,0.00019913834694307297,1.0,1.0,0.0,0.0,0.0,0.0,0.000449976185336709,no,no,review
15_242_208_30_12_jpg.rf.4889a4d8df88df41d2d7ddcc39c579cb.jpg,15_242_208_30_12_jpg.rf.4889a4d8df88df41d2d7ddcc39c579cb.npz,533,0.9339686036109924,0.9423328042030334,-0.008364200592041016,0.8761173486709595,0.8909540176391602,1.0,1.0,0.0,0.0,0.0,0.0,0.0002167383790947497,0.9339686036109924,0.8761173486709595,764.0,220.0,7179.0,7723.0,0.032948367297649384,1.0,1.0,0.0,0.0,0.0,0.0,0.00023389449052046984,1.0,1.0,0.0,0.0,0.0,0.0,0.00030464818701148033,no,no,review
18_236_303_54_44_jpg.rf.7829ba23b279b29ff7a5a9ed3b234b51.jpg,18_236_303_54_44_jpg.rf.7829ba23b279b29ff7a5a9ed3b234b51.npz,534,0.9349977374076843,0.9182666540145874,0.016731083393096924,0.877930223941803,0.8488844633102417,0.9349977374076843,0.877930223941803,0.0,2562.0,20988.0,18426.0,0.08098109066486359,1.0,1.0,0.0,0.0,0.0,0.0,0.0003241009544581175,1.0,1.0,0.0,0.0,0.0,0.0,0.00018576074216980487,1.0,1.0,0.0,0.0,0.0,0.0,0.00040121033089235425,no,no,review
15_242_208_22_26_jpg.rf.ad36fc8fbc8ab2320e33a906f47c4449.jpg,15_242_208_22_26_jpg.rf.ad36fc8fbc8ab2320e33a906f47c4449.npz,535,0.9350605607032776,0.9319331049919128,0.003127455711364746,0.8780410885810852,0.8725419044494629,1.0,1.0,0.0,0.0,0.0,0.0,0.00024165422655642033,0.9350605607032776,0.8780410885810852,2913.0,962.0,28860.0,30811.0,0.13341350853443146,1.0,1.0,0.0,0.0,0.0,0.0,0.0002491343766450882,1.0,1.0,0.0,0.0,0.0,0.0,0.00039101013680920005,no,no,review
18_228_Masson_505_83_24_jpg.rf.1b9e5fc82a114c28dd6f826319e599ce.jpg,18_228_Masson_505_83_24_jpg.rf.1b9e5fc82a114c28dd6f826319e599ce.npz,536,0.9352564215660095,0.9073360562324524,0.02792036533355713,0.8783864974975586,0.8303889632225037,0.9352564215660095,0.8783864974975586,591.0,5680.0,50974.0,45885.0,0.1949954330921173,1.0,1.0,0.0,0.0,0.0,0.0,0.0003644327516667545,1.0,1.0,0.0,0.0,0.0,0.0,0.00022154208272695541,1.0,1.0,0.0,0.0,0.0,0.0,0.00043353598448447883,no,no,review
18_228_Masson_505_103_36_jpg.rf.ab99ba56da479d5534a1e54ab59b6a92.jpg,18_228_Masson_505_103_36_jpg.rf.ab99ba56da479d5534a1e54ab59b6a92.npz,537,0.9358682036399841,0.9407373070716858,-0.00486910343170166,0.8794664144515991,0.8881057500839233,0.9358682036399841,0.8794664144515991,2739.0,1535.0,32720.0,33924.0,0.14038176834583282,1.0,1.0,0.0,0.0,0.0,0.0,0.0003579351177904755,1.0,1.0,0.0,0.0,0.0,0.0,0.00021119951270520687,1.0,1.0,0.0,0.0,0.0,0.0,0.00041431208956055343,no,no,review
15_242_208_20_8_jpg.rf.2cfb6e44bf4f776216e3e001bf81c6e1.jpg,15_242_208_20_8_jpg.rf.2cfb6e44bf4f776216e3e001bf81c6e1.npz,538,0.9359419345855713,0.9158482551574707,0.020093679428100586,0.8795967102050781,0.8447602391242981,1.0,1.0,0.0,0.0,0.0,0.0,0.00025019008899107575,0.9359419345855713,0.8795967102050781,927.0,2560.0,28034.0,26401.0,0.11777759343385696,1.0,1.0,0.0,0.0,0.0,0.0,0.0002583710302133113,1.0,1.0,0.0,0.0,0.0,0.0,0.00038360670441761613,no,no,review
19_212_D1208_30_5_jpg.rf.eaa206262d866b0686035b129223aacb.jpg,19_212_D1208_30_5_jpg.rf.eaa206262d866b0686035b129223aacb.npz,539,0.9359444975852966,0.8505294322967529,0.0854150652885437,0.879601240158081,0.7399314641952515,1.0,1.0,0.0,0.0,0.0,0.0,0.00023926910944283009,0.9359444975852966,0.879601240158081,350.0,1220.0,12690.0,11820.0,0.06479621678590775,1.0,1.0,0.0,0.0,0.0,0.0,0.00024390574253629893,1.0,1.0,0.0,0.0,0.0,0.0,0.0003500005404930562,no,no,review
15_239_101_65_76_jpg.rf.964172b93413f55d9a76b5e7b59eff44.jpg,15_239_101_65_76_jpg.rf.964172b93413f55d9a76b5e7b59eff44.npz,540,0.9371489882469177,0.8744170665740967,0.06273192167282104,0.8817312717437744,0.7768570780754089,1.0,1.0,0.0,0.0,0.0,0.0,0.00022033687855582684,1.0,1.0,0.0,0.0,0.0,0.0,0.0005611113156192005,0.9371489882469177,0.8817312717437744,511.0,194.0,5450.0,5767.0,0.026531599462032318,1.0,1.0,0.0,0.0,0.0,0.0,0.00033012128551490605,no,no,review
15_242_202_115_36_jpg.rf.8585d9d9a39948341eb7d08fcf8a1a09.jpg,15_242_202_115_36_jpg.rf.8585d9d9a39948341eb7d08fcf8a1a09.npz,541,0.937293529510498,0.9437260627746582,-0.006432533264160156,0.8819872736930847,0.8934482336044312,0.937293529510498,0.8819872736930847,2013.0,5163.0,58794.0,55644.0,0.2414982169866562,1.0,1.0,0.0,0.0,0.0,0.0,0.00036960624856874347,1.0,1.0,0.0,0.0,0.0,0.0,0.00025331589858978987,1.0,1.0,0.0,0.0,0.0,0.0,0.0004584939160849899,no,no,review
18_228_Masson_505_90_32_jpg.rf.17d2789ac5d31ac9651a1dafb7a84688.jpg,18_228_Masson_505_90_32_jpg.rf.17d2789ac5d31ac9651a1dafb7a84688.npz,542,0.9374918937683105,0.939873993396759,-0.0023820996284484863,0.8823385834693909,0.8865682482719421,0.9374918937683105,0.8823385834693909,3252.0,1083.0,33591.0,35760.0,0.1640019565820694,1.0,1.0,0.0,0.0,0.0,0.0,0.0005019537638872862,1.0,1.0,0.0,0.0,0.0,0.0,0.0002681509358808398,1.0,1.0,0.0,0.0,0.0,0.0,0.0004240791604388505,no,no,review
16_224_101_111_30_jpg.rf.81cc11869cb2442214fa1e40536ee101.jpg,16_224_101_111_30_jpg.rf.81cc11869cb2442214fa1e40536ee101.npz,543,0.9378519058227539,0.9215907454490662,0.016261160373687744,0.8829765915870667,0.8545834422111511,1.0,1.0,0.0,0.0,0.0,0.0,0.00022796884877607226,1.0,1.0,0.0,0.0,0.0,0.0,0.0005767622496932745,0.9378519058227539,0.8829765915870667,562.0,597.0,9342.0,9307.0,0.04124174267053604,1.0,1.0,0.0,0.0,0.0,0.0,0.000331859482685104,no,no,review
15_239_101_65_66_jpg.rf.a5b895ca1588000b5e3bf16d1341cac3.jpg,15_239_101_65_66_jpg.rf.a5b895ca1588000b5e3bf16d1341cac3.npz,544,0.9386017322540283,0.9349758625030518,0.0036258697509765625,0.884306788444519,0.8778917193412781,1.0,1.0,0.0,0.0,0.0,0.0,0.0002338794874958694,1.0,1.0,0.0,0.0,0.0,0.0,0.0005314656300470233,0.9386017322540283,0.884306788444519,804.0,638.0,11660.0,11826.0,0.05164113640785217,1.0,1.0,0.0,0.0,0.0,0.0,0.00033097664709202945,no,no,review
15_239_101_63_52_jpg.rf.0582b6dbaf402b8f64126bcf9ae2f529.jpg,15_239_101_63_52_jpg.rf.0582b6dbaf402b8f64126bcf9ae2f529.npz,545,0.9395872950553894,0.9365408420562744,0.0030464529991149902,0.8860581517219543,0.8806552290916443,1.0,1.0,0.0,0.0,0.0,0.0,0.00023202475858852267,1.0,1.0,0.0,0.0,0.0,0.0,0.0005403372924774885,0.9395872950553894,0.8860581517219543,527.0,770.0,10856.0,10613.0,0.04655548185110092,1.0,1.0,0.0,0.0,0.0,0.0,0.0003207271220162511,no,no,review
15_239_101_65_68_jpg.rf.6e6d30a852d5056b6e9bbe7e165a0274.jpg,15_239_101_65_68_jpg.rf.6e6d30a852d5056b6e9bbe7e165a0274.npz,546,0.939749538898468,0.941301703453064,-0.0015521645545959473,0.886346697807312,0.8891122937202454,1.0,1.0,0.0,0.0,0.0,0.0,0.00022902463388163596,1.0,1.0,0.0,0.0,0.0,0.0,0.0006226664409041405,0.939749538898468,0.886346697807312,665.0,860.0,12753.0,12558.0,0.054998673498630524,1.0,1.0,0.0,0.0,0.0,0.0,0.00030460808193311095,no,no,review
15_242_208_28_20_jpg.rf.db5847b07b8056585bc4eeffb57e9f99.jpg,15_242_208_28_20_jpg.rf.db5847b07b8056585bc4eeffb57e9f99.npz,547,0.9402794241905212,0.928887128829956,0.011392295360565186,0.8872899413108826,0.8672168254852295,1.0,1.0,0.0,0.0,0.0,0.0,0.00025193975307047367,0.9402794241905212,0.8872899413108826,3631.0,1601.0,42789.0,44819.0,0.19115141034126282,1.0,1.0,0.0,0.0,0.0,0.0,0.0002352830342715606,1.0,1.0,0.0,0.0,0.0,0.0,0.00038715024129487574,no,no,review
15_242_208_19_18_jpg.rf.380c0f9eb80aa944d0a679a695d3915f.jpg,15_242_208_19_18_jpg.rf.380c0f9eb80aa944d0a679a695d3915f.npz,548,0.9403321146965027,0.9409704804420471,-0.0006383657455444336,0.8873838186264038,0.8885214924812317,1.0,1.0,0.0,0.0,0.0,0.0,0.00025464134523645043,0.9403321146965027,0.8873838186264038,3190.0,784.0,32098.0,34504.0,0.1506853550672531,1.0,1.0,0.0,0.0,0.0,0.0,0.00021263760572765023,1.0,1.0,0.0,0.0,0.0,0.0,0.00041520901140756905,no,no,review
16_224_603_159_40_jpg.rf.3d9733bc207bd052d6a4bfd2e2f9bf26.jpg,16_224_603_159_40_jpg.rf.3d9733bc207bd052d6a4bfd2e2f9bf26.npz,549,0.9404078125953674,0.9299013614654541,0.01050645112991333,0.8875186443328857,0.8689866065979004,1.0,1.0,0.0,0.0,0.0,0.0,0.00024367286823689938,1.0,1.0,0.0,0.0,0.0,0.0,0.0005671455874107778,0.9404078125953674,0.8875186443328857,723.0,636.0,11359.0,11446.0,0.049906570464372635,1.0,1.0,0.0,0.0,0.0,0.0,0.0003349863109178841,no,no,review
15_242_208_28_20_jpg.rf.e3bdddbc25d64d11186d7046a52cd329.jpg,15_242_208_28_20_jpg.rf.e3bdddbc25d64d11186d7046a52cd329.npz,550,0.9411360621452332,0.9329415559768677,0.008194506168365479,0.888816773891449,0.8743115663528442,1.0,1.0,0.0,0.0,0.0,0.0,0.00025275078951381147,0.9411360621452332,0.888816773891449,3574.0,1566.0,42656.0,44664.0,0.19107957184314728,1.0,1.0,0.0,0.0,0.0,0.0,0.00022949205595068634,1.0,1.0,0.0,0.0,0.0,0.0,0.00038644528831355274,no,no,review
201_2_12_23_jpg.rf.8667fd91893da94ace9586b905b51bfa.jpg,201_2_12_23_jpg.rf.8667fd91893da94ace9586b905b51bfa.npz,551,0.9412976503372192,0.9686700701713562,-0.027372419834136963,0.8891051411628723,0.9392435550689697,1.0,1.0,0.0,0.0,0.0,0.0,0.0002613652322907001,1.0,1.0,0.0,0.0,0.0,0.0,0.00032779460889287293,1.0,1.0,0.0,0.0,0.0,0.0,0.00016425579087808728,0.9412976503372192,0.8891051411628723,2613.0,5308.0,68815.0,66120.0,0.28957390785217285,no,no,review
201_9_14_10_jpg.rf.deece2b9832996aae0c6427e14ca28d9.jpg,201_9_14_10_jpg.rf.deece2b9832996aae0c6427e14ca28d9.npz,552,0.9417034387588501,0.9476516246795654,-0.005948185920715332,0.8898295164108276,0.9005113840103149,1.0,1.0,0.0,0.0,0.0,0.0,0.00026565100415609777,1.0,1.0,0.0,0.0,0.0,0.0,0.0003068553050979972,1.0,1.0,0.0,0.0,0.0,0.0,0.00016434647841379046,0.9417034387588501,0.8898295164108276,1241.0,2442.0,32189.0,30988.0,0.13304145634174347,no,no,review
15_242_208_28_17_jpg.rf.6457fcaa4a6dfdd5992cd0d19f074801.jpg,15_242_208_28_17_jpg.rf.6457fcaa4a6dfdd5992cd0d19f074801.npz,553,0.9417708516120911,0.9416701197624207,0.00010073184967041016,0.8899497985839844,0.889769971370697,1.0,1.0,0.0,0.0,0.0,0.0,0.00023372095893137157,0.9417708516120911,0.8899497985839844,720.0,398.0,9439.0,9761.0,0.042706213891506195,1.0,1.0,0.0,0.0,0.0,0.0,0.00022026547230780125,1.0,1.0,0.0,0.0,0.0,0.0,0.0003282699908595532,no,no,review
15_239_101_64_59_jpg.rf.528b85e2cf12e15a4fba8ce65c40f1da.jpg,15_239_101_64_59_jpg.rf.528b85e2cf12e15a4fba8ce65c40f1da.npz,554,0.942473828792572,0.9425979256629944,-0.00012409687042236328,0.8912061452865601,0.8914281725883484,1.0,1.0,0.0,0.0,0.0,0.0,0.00022630991588812321,1.0,1.0,0.0,0.0,0.0,0.0,0.0005515682278200984,0.942473828792572,0.8912061452865601,778.0,667.0,12504.0,12615.0,0.055120766162872314,1.0,1.0,0.0,0.0,0.0,0.0,0.0003197875339537859,no,no,review
206_8_7_12_jpg.rf.0b51d04b4fcdd64c27921159c07cfb6a.jpg,206_8_7_12_jpg.rf.0b51d04b4fcdd64c27921159c07cfb6a.npz,555,0.9424781799316406,0.8751221895217896,0.06735599040985107,0.8912139534950256,0.7779709100723267,1.0,1.0,0.0,0.0,0.0,0.0,0.0002872656914405525,1.0,1.0,0.0,0.0,0.0,0.0,0.0003587925457395613,1.0,1.0,0.0,0.0,0.0,0.0,0.00017290073446929455,0.9424781799316406,0.8912139534950256,2797.0,1388.0,35673.0,37082.0,0.17199505865573883,no,no,review
18_229_Masson_202_27_35_jpg.rf.4fbffec4bd2b5633b2c6e76cddcb9c28.jpg,18_229_Masson_202_27_35_jpg.rf.4fbffec4bd2b5633b2c6e76cddcb9c28.npz,556,0.9427728652954102,0.9544163942337036,-0.011643528938293457,0.8917410969734192,0.912807285785675,0.9427728652954102,0.8917410969734192,658.0,2408.0,27663.0,25913.0,0.10991223901510239,1.0,1.0,0.0,0.0,0.0,0.0,0.0003518400189932436,1.0,1.0,0.0,0.0,0.0,0.0,0.00020148640032857656,1.0,1.0,0.0,0.0,0.0,0.0,0.00041134338243864477,no,no,review
18_228_Masson_505_83_33_jpg.rf.0771031f3d2fa00632a78b7410efc595.jpg,18_228_Masson_505_83_33_jpg.rf.0771031f3d2fa00632a78b7410efc595.npz,557,0.9428966045379639,0.9361714720726013,0.006725132465362549,0.8919625282287598,0.8800022006034851,0.9428966045379639,0.8919625282287598,423.0,1561.0,17941.0,16803.0,0.07241567224264145,1.0,1.0,0.0,0.0,0.0,0.0,0.00033390484168194234,1.0,1.0,0.0,0.0,0.0,0.0,0.00018488499335944653,1.0,1.0,0.0,0.0,0.0,0.0,0.0003855732502415776,no,no,review
201_4_6_4_jpg.rf.c97cf943b73580a610c1ddfabd9227e4.jpg,201_4_6_4_jpg.rf.c97cf943b73580a610c1ddfabd9227e4.npz,558,0.9429658055305481,0.942773699760437,0.00019210577011108398,0.8920863270759583,0.8917425870895386,1.0,1.0,0.0,0.0,0.0,0.0,0.00027965905610471964,1.0,1.0,0.0,0.0,0.0,0.0,0.0003186569956596941,1.0,1.0,0.0,0.0,0.0,0.0,0.00017398764612153172,0.9429658055305481,0.8920863270759583,1356.0,594.0,16714.0,17476.0,0.07737014442682266,no,no,review
17_228_801_67_44_jpg.rf.6f08b9bcc64ec66d16d2aae9115f8265.jpg,17_228_801_67_44_jpg.rf.6f08b9bcc64ec66d16d2aae9115f8265.npz,559,0.9434993863105774,0.9372783899307251,0.006220996379852295,0.8930419683456421,0.8819604516029358,0.9434993863105774,0.8930419683456421,537.0,393.0,8158.0,8302.0,0.0361977219581604,1.0,1.0,0.0,0.0,0.0,0.0,0.0003183853696100414,1.0,1.0,0.0,0.0,0.0,0.0,0.00017432539607398212,1.0,1.0,0.0,0.0,0.0,0.0,0.00039250796544365585,no,no,review
15_242_208_33_10_jpg.rf.9944ffe949681738e791f877c313f3e8.jpg,15_242_208_33_10_jpg.rf.9944ffe949681738e791f877c313f3e8.npz,560,0.9439522624015808,0.935806930065155,0.008145332336425781,0.8938538432121277,0.8793582320213318,1.0,1.0,0.0,0.0,0.0,0.0,0.00027970143128186464,0.9439522624015808,0.8938538432121277,5422.0,3581.0,79395.0,81236.0,0.34974053502082825,1.0,1.0,0.0,0.0,0.0,0.0,0.0002563127491157502,1.0,1.0,0.0,0.0,0.0,0.0,0.0004608993767760694,no,no,review
18_228_Masson_505_81_21_jpg.rf.ea40035707719d5251ffd3e1687568ad.jpg,18_228_Masson_505_81_21_jpg.rf.ea40035707719d5251ffd3e1687568ad.npz,561,0.9439639449119568,0.8055897951126099,0.13837414979934692,0.8938747644424438,0.6744665503501892,0.9439639449119568,0.8938747644424438,690.0,1500.0,19946.0,19136.0,0.09798535704612732,1.0,1.0,0.0,0.0,0.0,0.0,0.00038908555870875716,1.0,1.0,0.0,0.0,0.0,0.0,0.00021149071108084172,1.0,1.0,0.0,0.0,0.0,0.0,0.00037793180672451854,no,no,review
16_224_101_110_13_jpg.rf.9239ad6dc5b6a533d9107358986b2f77.jpg,16_224_101_110_13_jpg.rf.9239ad6dc5b6a533d9107358986b2f77.npz,562,0.9439664483070374,0.9341257214546204,0.009840726852416992,0.893879234790802,0.8763939738273621,1.0,1.0,0.0,0.0,0.0,0.0,0.00023459226940758526,1.0,1.0,0.0,0.0,0.0,0.0,0.0004736192640848458,0.9439664483070374,0.893879234790802,524.0,492.0,9050.0,9082.0,0.03982233256101608,1.0,1.0,0.0,0.0,0.0,0.0,0.00035332379047758877,no,no,review
15_239_101_63_44_jpg.rf.d6578a85c79e69168749dd924d5b49ee.jpg,15_239_101_63_44_jpg.rf.d6578a85c79e69168749dd924d5b49ee.npz,563,0.9441450834274292,0.9437614679336548,0.00038361549377441406,0.8941996693611145,0.8935116529464722,1.0,1.0,0.0,0.0,0.0,0.0,0.00022880097094457597,1.0,1.0,0.0,0.0,0.0,0.0,0.0005420887027867138,0.9441450834274292,0.8941996693611145,674.0,601.0,11377.0,11450.0,0.05001528561115265,1.0,1.0,0.0,0.0,0.0,0.0,0.0003164354420732707,no,no,review
15_239_101_64_44_jpg.rf.27304cd539893252dc1fba0b7e80c566.jpg,15_239_101_64_44_jpg.rf.27304cd539893252dc1fba0b7e80c566.npz,564,0.9442806839942932,0.9451704621315002,-0.0008897781372070312,0.8944429755210876,0.8960409164428711,1.0,1.0,0.0,0.0,0.0,0.0,0.00022670331236440688,1.0,1.0,0.0,0.0,0.0,0.0,0.0005938633694313467,0.9442806839942932,0.8944429755210876,1139.0,449.0,13905.0,14595.0,0.06356031447649002,1.0,1.0,0.0,0.0,0.0,0.0,0.000303929322399199,no,no,review
15_242_208_35_18_jpg.rf.7a291fcd95ed2833c5a5480fef07ea6f.jpg,15_242_208_35_18_jpg.rf.7a291fcd95ed2833c5a5480fef07ea6f.npz,565,0.9444149136543274,0.9471873044967651,-0.002772390842437744,0.8946837782859802,0.8996731042861938,1.0,1.0,0.0,0.0,0.0,0.0,0.00024343501718249172,0.9444149136543274,0.8946837782859802,522.0,1150.0,15354.0,14726.0,0.06382962316274643,1.0,1.0,0.0,0.0,0.0,0.0,0.00020944203424733132,1.0,1.0,0.0,0.0,0.0,0.0,0.0003307611041236669,no,no,review
18_228_Masson_208_47_14_jpg.rf.240c57ee1fb8e196aee8fbe900a78be5.jpg,18_228_Masson_208_47_14_jpg.rf.240c57ee1fb8e196aee8fbe900a78be5.npz,566,0.9445318579673767,0.961482584476471,-0.01695072650909424,0.8948938250541687,0.9258223176002502,0.9445318579673767,0.8948938250541687,1322.0,123.0,12426.0,13625.0,0.059075649827718735,1.0,1.0,0.0,0.0,0.0,0.0,0.0003333376080263406,1.0,1.0,0.0,0.0,0.0,0.0,0.00019816272833850235,1.0,1.0,0.0,0.0,0.0,0.0,0.00042008995660580695,no,no,review
15_242_208_29_22_jpg.rf.aff275a2a84487f9735ede1b1df1a10f.jpg,15_242_208_29_22_jpg.rf.aff275a2a84487f9735ede1b1df1a10f.npz,567,0.9446094632148743,0.9400341510772705,0.00457531213760376,0.8950331211090088,0.8868532180786133,1.0,1.0,0.0,0.0,0.0,0.0,0.0002289494004799053,0.9446094632148743,0.8950331211090088,397.0,1393.0,16656.0,15660.0,0.0676850900053978,1.0,1.0,0.0,0.0,0.0,0.0,0.0002386607084190473,1.0,1.0,0.0,0.0,0.0,0.0,0.00033271184656769037,no,no,review
102_1_8_41_jpg.rf.47592ade839b06643503cf31991e0c30.jpg,102_1_8_41_jpg.rf.47592ade839b06643503cf31991e0c30.npz,568,0.9446303248405457,0.941838264465332,0.002792060375213623,0.8950705528259277,0.8900701999664307,1.0,1.0,0.0,0.0,0.0,0.0,0.0002785376273095608,1.0,1.0,0.0,0.0,0.0,0.0,0.0003122714697383344,1.0,1.0,0.0,0.0,0.0,0.0,0.00017322483472526073,0.9446303248405457,0.8950705528259277,268.0,1271.0,14399.0,13396.0,0.058335255831480026,no,no,review
15_242_208_22_17_jpg.rf.4b0b31cef701430209fea922817016f9.jpg,15_242_208_22_17_jpg.rf.4b0b31cef701430209fea922817016f9.npz,569,0.9451404213905334,0.9464155435562134,-0.0012751221656799316,0.8959869742393494,0.8982816338539124,1.0,1.0,0.0,0.0,0.0,0.0,0.00024738983483985066,0.9451404213905334,0.8959869742393494,2235.0,1531.0,33972.0,34676.0,0.14999991655349731,1.0,1.0,0.0,0.0,0.0,0.0,0.00025096622994169593,1.0,1.0,0.0,0.0,0.0,0.0,0.00036005707806907594,no,no,review
15_242_208_28_17_jpg.rf.ced48c5feae3d1b7fcbff8b8ab0c6492.jpg,15_242_208_28_17_jpg.rf.ced48c5feae3d1b7fcbff8b8ab0c6492.npz,570,0.9452720880508423,0.9444444179534912,0.0008276700973510742,0.8962236046791077,0.8947368264198303,1.0,1.0,0.0,0.0,0.0,0.0,0.0002351721777813509,0.9452720880508423,0.8962236046791077,553.0,494.0,9536.0,9595.0,0.04201275110244751,1.0,1.0,0.0,0.0,0.0,0.0,0.00021661179198417813,1.0,1.0,0.0,0.0,0.0,0.0,0.00033141591120511293,no,no,review
201_0_9_54_jpg.rf.91247278f59d77a6570b276d164fe108.jpg,201_0_9_54_jpg.rf.91247278f59d77a6570b276d164fe108.npz,571,0.9453668594360352,0.9455077648162842,-0.00014090538024902344,0.8963940143585205,0.8966474533081055,1.0,1.0,0.0,0.0,0.0,0.0,0.0002740449272096157,1.0,1.0,0.0,0.0,0.0,0.0,0.0003121906775049865,1.0,1.0,0.0,0.0,0.0,0.0,0.00016654406499583274,0.9453668594360352,0.8963940143585205,2270.0,675.0,26155.0,27750.0,0.12022454291582108,no,no,review
102_1_6_44_jpg.rf.af04a58e7abe33df5f274eb526e1fa2c.jpg,102_1_6_44_jpg.rf.af04a58e7abe33df5f274eb526e1fa2c.npz,572,0.9460474252700806,0.9449537992477417,0.0010936260223388672,0.8976185321807861,0.8956515789031982,1.0,1.0,0.0,0.0,0.0,0.0,0.0002685997460503131,1.0,1.0,0.0,0.0,0.0,0.0,0.00029589730547741055,1.0,1.0,0.0,0.0,0.0,0.0,0.00016712378419470042,0.9460474252700806,0.8976185321807861,1187.0,279.0,13132.0,14040.0,0.06112974137067795,no,no,review
15_242_208_17_25_jpg.rf.6a0134d709287b17aae2ca658a6b1cca.jpg,15_242_208_17_25_jpg.rf.6a0134d709287b17aae2ca658a6b1cca.npz,573,0.9462687969207764,0.9377118349075317,0.008556962013244629,0.8980172276496887,0.8827283382415771,1.0,1.0,0.0,0.0,0.0,0.0,0.0002497982932254672,0.9462687969207764,0.8980172276496887,2726.0,1327.0,37016.0,38415.0,0.16753660142421722,1.0,1.0,0.0,0.0,0.0,0.0,0.0002208415389759466,1.0,1.0,0.0,0.0,0.0,0.0,0.0003829335037153214,no,no,review
15_242_208_26_8_jpg.rf.a705bd40066f08c7a32e39ee73309194.jpg,15_242_208_26_8_jpg.rf.a705bd40066f08c7a32e39ee73309194.npz,574,0.9465591311454773,0.9389883875846863,0.007570743560791016,0.8985403776168823,0.8849934935569763,1.0,1.0,0.0,0.0,0.0,0.0,0.00025728053878992796,0.9465591311454773,0.8985403776168823,3641.0,2629.0,58157.0,59169.0,0.2587986886501312,1.0,1.0,0.0,0.0,0.0,0.0,0.0002637405414134264,1.0,1.0,0.0,0.0,0.0,0.0,0.00041520243394188583,no,no,review
201_2_12_23_jpg.rf.09398b0c533c757be49f33389f291608.jpg,201_2_12_23_jpg.rf.09398b0c533c757be49f33389f291608.npz,575,0.9465627670288086,0.9506146907806396,-0.004051923751831055,0.8985468745231628,0.9058775901794434,1.0,1.0,0.0,0.0,0.0,0.0,0.00026255467673763633,1.0,1.0,0.0,0.0,0.0,0.0,0.0003244854451622814,1.0,1.0,0.0,0.0,0.0,0.0,0.00016224059800151736,0.9465627670288086,0.8985468745231628,3303.0,4293.0,71569.0,70579.0,0.3050983250141144,no,no,review
18_229_Masson_202_36_19_jpg.rf.a23bdf388b2b72425f4b7a070a61fb33.jpg,18_229_Masson_202_36_19_jpg.rf.a23bdf388b2b72425f4b7a070a61fb33.npz,576,0.9466981291770935,0.9413517117500305,0.005346417427062988,0.8987908959388733,0.8892015814781189,0.9466981291770935,0.8987908959388733,0.0,971.0,9594.0,8623.0,0.03864767774939537,1.0,1.0,0.0,0.0,0.0,0.0,0.00030213690479286015,1.0,1.0,0.0,0.0,0.0,0.0,0.0001646408054511994,1.0,1.0,0.0,0.0,0.0,0.0,0.0004053989832755178,no,no,review
15_242_202_127_88_jpg.rf.eb017e7d5d97723d9b4845f36d311dd9.jpg,15_242_202_127_88_jpg.rf.eb017e7d5d97723d9b4845f36d311dd9.npz,577,0.9467302560806274,0.9460760951042175,0.0006541609764099121,0.8988487720489502,0.8976702690124512,0.9467302560806274,0.8988487720489502,629.0,522.0,10750.0,10857.0,0.04541238024830818,1.0,1.0,0.0,0.0,0.0,0.0,0.00034246614086441696,1.0,1.0,0.0,0.0,0.0,0.0,0.00020762610074598342,1.0,1.0,0.0,0.0,0.0,0.0,0.0003848918422590941,no,no,review
15_242_208_23_14_jpg.rf.5fa79f51a4f8986cbd48ed919ae32008.jpg,15_242_208_23_14_jpg.rf.5fa79f51a4f8986cbd48ed919ae32008.npz,578,0.9467669129371643,0.9550342559814453,-0.008267343044281006,0.8989148736000061,0.9139383435249329,1.0,1.0,0.0,0.0,0.0,0.0,0.0002507812750991434,0.9467669129371643,0.8989148736000061,2778.0,3212.0,56479.0,56045.0,0.24219933152198792,1.0,1.0,0.0,0.0,0.0,0.0,0.00023570247867610306,1.0,1.0,0.0,0.0,0.0,0.0,0.0003901142335962504,no,no,review
15_242_208_33_10_jpg.rf.a5163fee8d2a1eb54f71237d09ee91a1.jpg,15_242_208_33_10_jpg.rf.a5163fee8d2a1eb54f71237d09ee91a1.npz,579,0.9470159411430359,0.9401798248291016,0.006836116313934326,0.8993639945983887,0.8871126174926758,1.0,1.0,0.0,0.0,0.0,0.0,0.00027801570831798017,0.9470159411430359,0.8993639945983887,4275.0,4159.0,79532.0,79648.0,0.3442860245704651,1.0,1.0,0.0,0.0,0.0,0.0,0.000258495012531057,1.0,1.0,0.0,0.0,0.0,0.0,0.00045647594379261136,no,no,review
18_228_Masson_505_103_36_jpg.rf.76c8e3ba422ef173f41552153de4038c.jpg,18_228_Masson_505_103_36_jpg.rf.76c8e3ba422ef173f41552153de4038c.npz,580,0.947100043296814,0.9431266784667969,0.00397336483001709,0.899515688419342,0.8923743367195129,0.947100043296814,0.899515688419342,2173.0,877.0,28180.0,29476.0,0.13446268439292908,1.0,1.0,0.0,0.0,0.0,0.0,0.00038563075941056013,1.0,1.0,0.0,0.0,0.0,0.0,0.000223869617911987,1.0,1.0,0.0,0.0,0.0,0.0,0.00039723460213281214,no,no,review
201_1_15_64_jpg.rf.1095b3442afc82f05426c72b5e84dece.jpg,201_1_15_64_jpg.rf.1095b3442afc82f05426c72b5e84dece.npz,581,0.947150707244873,0.9449945688247681,0.0021561384201049805,0.8996070623397827,0.8957247734069824,1.0,1.0,0.0,0.0,0.0,0.0,0.0002547695185057819,1.0,1.0,0.0,0.0,0.0,0.0,0.0003046767960768193,1.0,1.0,0.0,0.0,0.0,0.0,0.00016018432506825775,0.947150707244873,0.8996070623397827,4809.0,710.0,50165.0,54264.0,0.23017743229866028,no,no,review
15_242_208_30_10_jpg.rf.92ef2fba50cf90fa50ead15ed4c0656f.jpg,15_242_208_30_10_jpg.rf.92ef2fba50cf90fa50ead15ed4c0656f.npz,582,0.9481911063194275,0.9241986870765686,0.023992419242858887,0.9014860987663269,0.8590794205665588,1.0,1.0,0.0,0.0,0.0,0.0,0.00024184395442716777,0.9481911063194275,0.9014860987663269,2281.0,722.0,28202.0,29761.0,0.12678280472755432,1.0,1.0,0.0,0.0,0.0,0.0,0.00022637814981862903,1.0,1.0,0.0,0.0,0.0,0.0,0.0003566154628060758,no,no,review
15_242_202_56_109_jpg.rf.013157b51db1bf3e3987388367e23469.jpg,15_242_202_56_109_jpg.rf.013157b51db1bf3e3987388367e23469.npz,583,0.9482256174087524,0.9557279944419861,-0.007502377033233643,0.9015485644340515,0.9152098298072815,0.9482256174087524,0.9015485644340515,2555.0,58.0,23986.0,26483.0,0.11481564491987228,1.0,1.0,0.0,0.0,0.0,0.0,0.0003330240724608302,1.0,1.0,0.0,0.0,0.0,0.0,0.00020039854280184954,1.0,1.0,0.0,0.0,0.0,0.0,0.00040581190842203796,no,no,review
15_242_208_29_14_jpg.rf.10f78fbfd76b669a65f2f2284ac63d52.jpg,15_242_208_29_14_jpg.rf.10f78fbfd76b669a65f2f2284ac63d52.npz,584,0.9483868479728699,0.9459369778633118,0.0024498701095581055,0.9018400311470032,0.8974196910858154,1.0,1.0,0.0,0.0,0.0,0.0,0.00022919454204384238,0.9483868479728699,0.9018400311470032,848.0,395.0,11815.0,12268.0,0.053458865731954575,1.0,1.0,0.0,0.0,0.0,0.0,0.00021169827959965914,1.0,1.0,0.0,0.0,0.0,0.0,0.00032790249679237604,no,no,review
18_228_Masson_505_80_22_jpg.rf.c71ec874ff04e4478ba53e6f0f4171ef.jpg,18_228_Masson_505_80_22_jpg.rf.c71ec874ff04e4478ba53e6f0f4171ef.npz,585,0.9488531947135925,0.915906548500061,0.032946646213531494,0.9026837944984436,0.8448594212532043,0.9488531947135925,0.9026837944984436,479.0,355.0,8091.0,8215.0,0.03611331433057785,1.0,1.0,0.0,0.0,0.0,0.0,0.0004435133305378258,1.0,1.0,0.0,0.0,0.0,0.0,0.00023689570662099868,1.0,1.0,0.0,0.0,0.0,0.0,0.00031791627407073975,no,no,review
15_242_208_24_23_jpg.rf.6cc25129894daf2ff90a5b81010d7e9f.jpg,15_242_208_24_23_jpg.rf.6cc25129894daf2ff90a5b81010d7e9f.npz,586,0.9495444297790527,0.9392836689949036,0.01026076078414917,0.9039357900619507,0.8855183124542236,1.0,1.0,0.0,0.0,0.0,0.0,0.00023869628785178065,0.9495444297790527,0.9039357900619507,2002.0,1171.0,31028.0,31859.0,0.14216922223567963,1.0,1.0,0.0,0.0,0.0,0.0,0.00023942669213283807,1.0,1.0,0.0,0.0,0.0,0.0,0.00038311583921313286,no,no,review
15_242_208_35_19_jpg.rf.c2e0b6b23593720d266697b3a83ab1cd.jpg,15_242_208_35_19_jpg.rf.c2e0b6b23593720d266697b3a83ab1cd.npz,587,0.9496170878410339,0.9467867016792297,0.0028303861618041992,0.9040675759315491,0.8989505767822266,1.0,1.0,0.0,0.0,0.0,0.0,0.00025355358957313,0.9496170878410339,0.9040675759315491,2831.0,2202.0,49633.0,50262.0,0.2157868593931198,1.0,1.0,0.0,0.0,0.0,0.0,0.0002251923579024151,1.0,1.0,0.0,0.0,0.0,0.0,0.0003864415630232543,no,no,review
15_242_208_18_6_jpg.rf.d057011532de25914e385ef0df941d01.jpg,15_242_208_18_6_jpg.rf.d057011532de25914e385ef0df941d01.npz,588,0.9496865272521973,0.9485709071159363,0.0011156201362609863,0.9041934609413147,0.9021729826927185,1.0,1.0,0.0,0.0,0.0,0.0,0.00026466086274012923,0.9496865272521973,0.9041934609413147,1561.0,4948.0,66378.0,62991.0,0.27189886569976807,1.0,1.0,0.0,0.0,0.0,0.0,0.00022616905334871262,1.0,1.0,0.0,0.0,0.0,0.0,0.0004290684300940484,no,no,review
18_228_Masson_505_93_26_jpg.rf.08fe537536fb2e1aa1e3489b23bed52e.jpg,18_228_Masson_505_93_26_jpg.rf.08fe537536fb2e1aa1e3489b23bed52e.npz,589,0.94978928565979,0.9490666389465332,0.0007226467132568359,0.9043797850608826,0.9030702710151672,0.94978928565979,0.9043797850608826,584.0,977.0,15741.0,15348.0,0.06726060062646866,1.0,1.0,0.0,0.0,0.0,0.0,0.0003531308611854911,1.0,1.0,0.0,0.0,0.0,0.0,0.00018676747276913375,1.0,1.0,0.0,0.0,0.0,0.0,0.0003893202811013907,no,no,review
102_1_8_25_jpg.rf.b51f8244cba2a42b99d21783684f4fa2.jpg,102_1_8_25_jpg.rf.b51f8244cba2a42b99d21783684f4fa2.npz,590,0.9501367211341858,0.9498567581176758,0.00027996301651000977,0.905009925365448,0.9045020341873169,1.0,1.0,0.0,0.0,0.0,0.0,0.00027936490369029343,1.0,1.0,0.0,0.0,0.0,0.0,0.0003097123117186129,1.0,1.0,0.0,0.0,0.0,0.0,0.0001695384125923738,0.9501367211341858,0.905009925365448,343.0,423.0,7721.0,7641.0,0.035564325749874115,no,no,review
15_242_202_50_114_jpg.rf.314f6eca07d581c322588a5843db57ac.jpg,15_242_202_50_114_jpg.rf.314f6eca07d581c322588a5843db57ac.npz,591,0.9501515030860901,0.9514530897140503,-0.001301586627960205,0.9050367474555969,0.9074015021324158,0.9501515030860901,0.9050367474555969,1059.0,142.0,11588.0,12505.0,0.05427110567688942,1.0,1.0,0.0,0.0,0.0,0.0,0.00029987606103532016,1.0,1.0,0.0,0.0,0.0,0.0,0.00017899891827255487,1.0,1.0,0.0,0.0,0.0,0.0,0.0003912060346920043,no,no,review
18_228_Masson_505_92_30_jpg.rf.d309fdd8ad7f274854d0f1e96ba3b301.jpg,18_228_Masson_505_92_30_jpg.rf.d309fdd8ad7f274854d0f1e96ba3b301.npz,592,0.9503543972969055,0.9335811734199524,0.016773223876953125,0.9054049849510193,0.8754358291625977,0.9503543972969055,0.9054049849510193,3341.0,2627.0,59749.0,60463.0,0.26361173391342163,1.0,1.0,0.0,0.0,0.0,0.0,0.00037435616832226515,1.0,1.0,0.0,0.0,0.0,0.0,0.0002465848228894174,1.0,1.0,0.0,0.0,0.0,0.0,0.00047124363481998444,no,no,review
15_239_101_64_67_jpg.rf.9f8b855b9e42051ada242a6fc11f6b57.jpg,15_239_101_64_67_jpg.rf.9f8b855b9e42051ada242a6fc11f6b57.npz,593,0.9503671526908875,0.9425482749938965,0.007818877696990967,0.9054281711578369,0.8913393020629883,1.0,1.0,0.0,0.0,0.0,0.0,0.00023644775501452386,1.0,1.0,0.0,0.0,0.0,0.0,0.0005098896799609065,0.9503671526908875,0.9054281711578369,849.0,442.0,12802.0,13209.0,0.057473134249448776,1.0,1.0,0.0,0.0,0.0,0.0,0.00032940550590865314,no,no,review
15_242_208_33_17_jpg.rf.32baaff58a59a3b888ac150270e4ade0.jpg,15_242_208_33_17_jpg.rf.32baaff58a59a3b888ac150270e4ade0.npz,594,0.9504309296607971,0.9170345067977905,0.03339642286300659,0.9055439829826355,0.8467808961868286,1.0,1.0,0.0,0.0,0.0,0.0,0.00024052700609900057,0.9504309296607971,0.9055439829826355,343.0,928.0,13113.0,12528.0,0.05347508564591408,1.0,1.0,0.0,0.0,0.0,0.0,0.00019324470486026257,1.0,1.0,0.0,0.0,0.0,0.0,0.00034894439158961177,no,no,review
18_229_Masson_202_69_30_jpg.rf.a0fa2ec7b94bdbff421c9369e2beb778.jpg,18_229_Masson_202_69_30_jpg.rf.a0fa2ec7b94bdbff421c9369e2beb778.npz,595,0.9508156776428223,0.9336877465248108,0.017127931118011475,0.9062427282333374,0.8756231665611267,0.9508156776428223,0.9062427282333374,2122.0,302.0,23732.0,25552.0,0.10128544270992279,1.0,1.0,0.0,0.0,0.0,0.0,0.0004133283218834549,1.0,1.0,0.0,0.0,0.0,0.0,0.00025374130927957594,1.0,1.0,0.0,0.0,0.0,0.0,0.0003861971490550786,no,no,review
202_10_5_20_jpg.rf.df34db30bfb4942ffe2d1721a5d4097d.jpg,202_10_5_20_jpg.rf.df34db30bfb4942ffe2d1721a5d4097d.npz,596,0.9510709047317505,0.9537096619606018,-0.0026387572288513184,0.9067066311836243,0.9115152359008789,1.0,1.0,0.0,0.0,0.0,0.0,0.00026787197566591203,1.0,1.0,0.0,0.0,0.0,0.0,0.0003114792925771326,1.0,1.0,0.0,0.0,0.0,0.0,0.00016959037748165429,0.9510709047317505,0.9067066311836243,2052.0,1000.0,30662.0,31714.0,0.13769200444221497,no,no,review
18_228_Masson_505_94_24_jpg.rf.954cdf2e555c72a9e932e55eb0571ca7.jpg,18_228_Masson_505_94_24_jpg.rf.954cdf2e555c72a9e932e55eb0571ca7.npz,597,0.9517026543617249,0.9279270768165588,0.023775577545166016,0.9078556895256042,0.8655447363853455,0.9517026543617249,0.9078556895256042,961.0,63.0,10152.0,11050.0,0.047976069152355194,1.0,1.0,0.0,0.0,0.0,0.0,0.0003297298098914325,1.0,1.0,0.0,0.0,0.0,0.0,0.0002793789026327431,1.0,1.0,0.0,0.0,0.0,0.0,0.00037917160079814494,no,no,review
202_4_9_1_jpg.rf.aeb5095d350f4ed4e9d2f28e919e7c4a.jpg,202_4_9_1_jpg.rf.aeb5095d350f4ed4e9d2f28e919e7c4a.npz,598,0.9517534375190735,0.9416230320930481,0.01013040542602539,0.9079480767250061,0.889685869216919,1.0,1.0,0.0,0.0,0.0,0.0,0.00026054910267703235,1.0,1.0,0.0,0.0,0.0,0.0,0.00029060745146125555,1.0,1.0,0.0,0.0,0.0,0.0,0.00015810623881407082,0.9517534375190735,0.9079480767250061,897.0,465.0,13899.0,14331.0,0.06260485202074051,no,no,review
15_239_101_64_67_jpg.rf.ef19131b06c127cadd2a0e18a716c30c.jpg,15_239_101_64_67_jpg.rf.ef19131b06c127cadd2a0e18a716c30c.npz,599,0.9519754648208618,0.9489908814430237,0.0029845833778381348,0.908352255821228,0.9029330611228943,1.0,1.0,0.0,0.0,0.0,0.0,0.00023561636044178158,1.0,1.0,0.0,0.0,0.0,0.0,0.0005290036788210273,0.9519754648208618,0.908352255821228,806.0,446.0,12855.0,13215.0,0.05736185610294342,1.0,1.0,0.0,0.0,0.0,0.0,0.0003281598910689354,no,no,review
15_239_101_64_44_jpg.rf.31ac2b5d294c304016c2c43a5238e63d.jpg,15_239_101_64_44_jpg.rf.31ac2b5d294c304016c2c43a5238e63d.npz,600,0.9526984095573425,0.9471099376678467,0.00558847188949585,0.9096695780754089,0.8995335102081299,1.0,1.0,0.0,0.0,0.0,0.0,0.00022407509095501155,1.0,1.0,0.0,0.0,0.0,0.0,0.0005823617684654891,0.9526984095573425,0.9096695780754089,542.0,792.0,14226.0,13976.0,0.06083052605390549,1.0,1.0,0.0,0.0,0.0,0.0,0.0003015579131897539,no,no,review
18_228_Masson_505_103_29_jpg.rf.800e765220a7ecee8cb9812566df1ae8.jpg,18_228_Masson_505_103_29_jpg.rf.800e765220a7ecee8cb9812566df1ae8.npz,601,0.9527419209480286,0.8376949429512024,0.11504697799682617,0.9097489714622498,0.7207186222076416,0.9527419209480286,0.9097489714622498,167.0,1005.0,12819.0,11981.0,0.04869436100125313,1.0,1.0,0.0,0.0,0.0,0.0,0.000358761491952464,1.0,1.0,0.0,0.0,0.0,0.0,0.00018521337187848985,1.0,1.0,0.0,0.0,0.0,0.0,0.0003666022385004908,no,no,review
17_228_801_74_33_jpg.rf.deaa25db8508cda296ea5215b9646225.jpg,17_228_801_74_33_jpg.rf.deaa25db8508cda296ea5215b9646225.npz,602,0.9528860449790955,0.9354546070098877,0.017431437969207764,0.9100118279457092,0.8787362575531006,0.9528860449790955,0.9100118279457092,181.0,503.0,7420.0,7098.0,0.03068244270980358,1.0,1.0,0.0,0.0,0.0,0.0,0.0003091034304816276,1.0,1.0,0.0,0.0,0.0,0.0,0.00017469665908720344,1.0,1.0,0.0,0.0,0.0,0.0,0.0003636425535660237,no,no,review
15_242_208_32_5_jpg.rf.accd09d9834b32a7fcbf558cd5559dda.jpg,15_242_208_32_5_jpg.rf.accd09d9834b32a7fcbf558cd5559dda.npz,603,0.9531117081642151,0.9569832682609558,-0.0038715600967407227,0.9104235172271729,0.9175147414207458,1.0,1.0,0.0,0.0,0.0,0.0,0.000261540844803676,0.9531117081642151,0.9104235172271729,3142.0,2266.0,57231.0,58107.0,0.24921442568302155,1.0,1.0,0.0,0.0,0.0,0.0,0.00024393874628003687,1.0,1.0,0.0,0.0,0.0,0.0,0.00042103862506337464,no,no,review
201_3_12_20_jpg.rf.c2a66ffe9da9c55df5baa5eb82ca8fc1.jpg,201_3_12_20_jpg.rf.c2a66ffe9da9c55df5baa5eb82ca8fc1.npz,604,0.9533953070640564,0.9566411375999451,-0.003245830535888672,0.9109412431716919,0.916886031627655,1.0,1.0,0.0,0.0,0.0,0.0,0.00025215386995114386,1.0,1.0,0.0,0.0,0.0,0.0,0.000299033330520615,1.0,1.0,0.0,0.0,0.0,0.0,0.0001571022585267201,0.9533953070640564,0.9109412431716919,1278.0,3277.0,49868.0,47869.0,0.20769108831882477,no,no,review
102_1_6_44_jpg.rf.3640e11a10458508e7b3ed8ef0c5de72.jpg,102_1_6_44_jpg.rf.3640e11a10458508e7b3ed8ef0c5de72.npz,605,0.9538905024528503,0.9491362571716309,0.004754245281219482,0.9118457436561584,0.9031963348388672,1.0,1.0,0.0,0.0,0.0,0.0,0.0002701010671444237,1.0,1.0,0.0,0.0,0.0,0.0,0.00029554779757745564,1.0,1.0,0.0,0.0,0.0,0.0,0.00016495971067342907,0.9538905024528503,0.9118457436561584,1028.0,220.0,13129.0,13937.0,0.06072092428803444,no,no,review
202_10_5_20_jpg.rf.dbab91908f8c67e93bafbadf9cbc8f8a.jpg,202_10_5_20_jpg.rf.dbab91908f8c67e93bafbadf9cbc8f8a.npz,606,0.9539289474487305,0.9452351927757263,0.00869375467300415,0.9119160175323486,0.8961573243141174,1.0,1.0,0.0,0.0,0.0,0.0,0.0002684355422388762,1.0,1.0,0.0,0.0,0.0,0.0,0.00030981478630565107,1.0,1.0,0.0,0.0,0.0,0.0,0.00016958567721303552,0.9539289474487305,0.9119160175323486,1930.0,947.0,30732.0,31715.0,0.13715751469135284,no,no,review
15_242_208_24_14_jpg.rf.3b158225b9989d84ef6095a36c3b534b.jpg,15_242_208_24_14_jpg.rf.3b158225b9989d84ef6095a36c3b534b.npz,607,0.9543437957763672,0.9469984173774719,0.007345378398895264,0.9126744866371155,0.8993323445320129,1.0,1.0,0.0,0.0,0.0,0.0,0.000245623872615397,0.9543437957763672,0.9126744866371155,2677.0,945.0,38800.0,40532.0,0.17505139112472534,1.0,1.0,0.0,0.0,0.0,0.0,0.00020902708638459444,1.0,1.0,0.0,0.0,0.0,0.0,0.00037248124135658145,no,no,review
18_228_Masson_505_92_38_jpg.rf.e01af43999c7a33686aa86991ed54236.jpg,18_228_Masson_505_92_38_jpg.rf.e01af43999c7a33686aa86991ed54236.npz,608,0.954563319683075,0.9508703947067261,0.003692924976348877,0.9130762219429016,0.9063422083854675,0.954563319683075,0.9130762219429016,199.0,263.0,5116.0,5052.0,0.022051645442843437,1.0,1.0,0.0,0.0,0.0,0.0,0.0003610803687479347,1.0,1.0,0.0,0.0,0.0,0.0,0.00019166550191584975,1.0,1.0,0.0,0.0,0.0,0.0,0.0003668258723337203,no,no,review
18_228_Masson_505_93_26_jpg.rf.97b4e9cbbbca0a1078a2f44810df7d0b.jpg,18_228_Masson_505_93_26_jpg.rf.97b4e9cbbbca0a1078a2f44810df7d0b.npz,609,0.9551419019699097,0.9548203349113464,0.0003215670585632324,0.9141354560852051,0.913546621799469,0.9551419019699097,0.9141354560852051,573.0,815.0,15592.0,15350.0,0.06726441532373428,1.0,1.0,0.0,0.0,0.0,0.0,0.000353629031451419,1.0,1.0,0.0,0.0,0.0,0.0,0.00018695296603254974,1.0,1.0,0.0,0.0,0.0,0.0,0.0003892152744811028,no,no,review
15_242_202_120_83_jpg.rf.f80e2bdd56dc15ee44fba2a1d5e8863d.jpg,15_242_202_120_83_jpg.rf.f80e2bdd56dc15ee44fba2a1d5e8863d.npz,610,0.955341100692749,0.9641855955123901,-0.008844494819641113,0.9145005345344543,0.9308478832244873,0.955341100692749,0.9145005345344543,1592.0,0.0,17028.0,18620.0,0.08298665285110474,1.0,1.0,0.0,0.0,0.0,0.0,0.0003472307580523193,1.0,1.0,0.0,0.0,0.0,0.0,0.0002454888017382473,1.0,1.0,0.0,0.0,0.0,0.0,0.0003983831265941262,no,no,review
201_9_6_46_jpg.rf.c4778291ad3e42e7553529a101a34f45.jpg,201_9_6_46_jpg.rf.c4778291ad3e42e7553529a101a34f45.npz,611,0.955870509147644,0.9399239420890808,0.015946567058563232,0.9154711961746216,0.8866571187973022,1.0,1.0,0.0,0.0,0.0,0.0,0.0002803531533572823,1.0,1.0,0.0,0.0,0.0,0.0,0.0003195370954927057,1.0,1.0,0.0,0.0,0.0,0.0,0.00017205685435328633,0.955870509147644,0.9154711961746216,381.0,2029.0,28130.0,26482.0,0.11334928870201111,no,no,review
201_2_8_27_jpg.rf.a6bfd762a50c28fcd691250e13f4ed39.jpg,201_2_8_27_jpg.rf.a6bfd762a50c28fcd691250e13f4ed39.npz,612,0.9560936093330383,0.9568160772323608,-0.0007224678993225098,0.9158806204795837,0.9172074794769287,1.0,1.0,0.0,0.0,0.0,0.0,0.000266367569565773,1.0,1.0,0.0,0.0,0.0,0.0,0.00029941077809780836,1.0,1.0,0.0,0.0,0.0,0.0,0.00015852945216465741,0.9560936093330383,0.9158806204795837,822.0,1470.0,26425.0,25777.0,0.11227765679359436,no,no,review
15_242_208_33_10_jpg.rf.b21294288b785e204dfbaefd6979732f.jpg,15_242_208_33_10_jpg.rf.b21294288b785e204dfbaefd6979732f.npz,613,0.9563952088356018,0.9522867798805237,0.004108428955078125,0.9164342880249023,0.9089193344116211,1.0,1.0,0.0,0.0,0.0,0.0,0.0002728515537455678,0.9563952088356018,0.9164342880249023,4157.0,2825.0,79394.0,80726.0,0.34536686539649963,1.0,1.0,0.0,0.0,0.0,0.0,0.0002509926853235811,1.0,1.0,0.0,0.0,0.0,0.0,0.0004465070669539273,no,no,review
201_10_15_5_jpg.rf.0ac999456939abd4c0bbc3976d059c5a.jpg,201_10_15_5_jpg.rf.0ac999456939abd4c0bbc3976d059c5a.npz,614,0.9565361142158508,0.9580056071281433,-0.0014694929122924805,0.9166930317878723,0.9193961024284363,1.0,1.0,0.0,0.0,0.0,0.0,0.00026345078367739916,1.0,1.0,0.0,0.0,0.0,0.0,0.0003092538099735975,1.0,1.0,0.0,0.0,0.0,0.0,0.00016375826089642942,0.9565361142158508,0.9166930317878723,2019.0,1664.0,42191.0,42546.0,0.18457305431365967,no,no,review
201_0_13_63_jpg.rf.d43d17b1a64281f01d77972ce2d4bae8.jpg,201_0_13_63_jpg.rf.d43d17b1a64281f01d77972ce2d4bae8.npz,615,0.9566248655319214,0.9553865790367126,0.0012382864952087402,0.9168561100959778,0.9145838618278503,1.0,1.0,0.0,0.0,0.0,0.0,0.00025064146029762924,1.0,1.0,0.0,0.0,0.0,0.0,0.00030577462166547775,1.0,1.0,0.0,0.0,0.0,0.0,0.000156487338244915,0.9566248655319214,0.9168561100959778,1783.0,4216.0,70369.0,67936.0,0.29471951723098755,no,no,review
15_242_208_24_14_jpg.rf.f10a1b49b1aac6895415603e221efec0.jpg,15_242_208_24_14_jpg.rf.f10a1b49b1aac6895415603e221efec0.npz,616,0.9566662907600403,0.9597653746604919,-0.00309908390045166,0.916932225227356,0.9226431250572205,1.0,1.0,0.0,0.0,0.0,0.0,0.0002456273650750518,0.9566662907600403,0.916932225227356,2550.0,891.0,38874.0,40533.0,0.17505022883415222,1.0,1.0,0.0,0.0,0.0,0.0,0.00020903105905745178,1.0,1.0,0.0,0.0,0.0,0.0,0.0003724869166035205,no,no,review
201_5_21_51_jpg.rf.5af0d4b40d53ad587c49d77e2077787b.jpg,201_5_21_51_jpg.rf.5af0d4b40d53ad587c49d77e2077787b.npz,617,0.9568002223968506,0.961505115032196,-0.004704892635345459,0.9171782732009888,0.9258641004562378,1.0,1.0,0.0,0.0,0.0,0.0,0.0002688922395464033,1.0,1.0,0.0,0.0,0.0,0.0,0.0003389063058421016,1.0,1.0,0.0,0.0,0.0,0.0,0.00017379201017320156,0.9568002223968506,0.9171782732009888,497.0,4454.0,59282.0,55325.0,0.2242055982351303,no,no,review
102_1_6_44_jpg.rf.9d294686b8c7ec7f8f106ce27911b574.jpg,102_1_6_44_jpg.rf.9d294686b8c7ec7f8f106ce27911b574.npz,618,0.9568549394607544,0.9555858373641968,0.0012691020965576172,0.9172788858413696,0.9149491786956787,1.0,1.0,0.0,0.0,0.0,0.0,0.0002692552807275206,1.0,1.0,0.0,0.0,0.0,0.0,0.00029675953555852175,1.0,1.0,0.0,0.0,0.0,0.0,0.00016752623196225613,0.9568549394607544,0.9172788858413696,1024.0,147.0,13132.0,14009.0,0.06103244051337242,no,no,review
18_228_Masson_208_68_45_jpg.rf.f888ecf0b5700983628168bfe6045a5d.jpg,18_228_Masson_208_68_45_jpg.rf.f888ecf0b5700983628168bfe6045a5d.npz,619,0.956979513168335,0.9557055830955505,0.0012739300727844238,0.9175078868865967,0.9151687026023865,0.956979513168335,0.9175078868865967,211.0,312.0,6129.0,6028.0,0.026325181126594543,1.0,1.0,0.0,0.0,0.0,0.0,0.0003764771099667996,1.0,1.0,0.0,0.0,0.0,0.0,0.00021852730424143374,1.0,1.0,0.0,0.0,0.0,0.0,0.00036691391142085195,no,no,review
201_0_15_48_jpg.rf.1e6d52fc53a17b97f621083fd33caeff.jpg,201_0_15_48_jpg.rf.1e6d52fc53a17b97f621083fd33caeff.npz,620,0.9576842784881592,0.9564440250396729,0.0012402534484863281,0.918804407119751,0.9165239930152893,1.0,1.0,0.0,0.0,0.0,0.0,0.0002563116140663624,1.0,1.0,0.0,0.0,0.0,0.0,0.00031005137134343386,1.0,1.0,0.0,0.0,0.0,0.0,0.00016105560644064099,0.9576842784881592,0.918804407119751,1522.0,3596.0,61511.0,59437.0,0.2579476833343506,no,no,review
201_5_21_51_jpg.rf.a96cc69400c29fa2f367dcb767ce04a2.jpg,201_5_21_51_jpg.rf.a96cc69400c29fa2f367dcb767ce04a2.npz,621,0.9579609632492065,0.9814484119415283,-0.023487448692321777,0.9193138480186462,0.96357262134552,1.0,1.0,0.0,0.0,0.0,0.0,0.00026877690106630325,1.0,1.0,0.0,0.0,0.0,0.0,0.00033840397372841835,1.0,1.0,0.0,0.0,0.0,0.0,0.00017338027828373015,0.9579609632492065,0.9193138480186462,423.0,4370.0,58980.0,55033.0,0.22304531931877136,no,no,review
15_242_202_65_92_jpg.rf.6ae0847cd2977816c88c445d2144eaaa.jpg,15_242_202_65_92_jpg.rf.6ae0847cd2977816c88c445d2144eaaa.npz,622,0.9579738974571228,0.9581056237220764,-0.00013172626495361328,0.9193376898765564,0.919580340385437,0.9579738974571228,0.9193376898765564,244.0,3015.0,40159.0,37388.0,0.1603221744298935,1.0,1.0,0.0,0.0,0.0,0.0,0.00032589875627309084,1.0,1.0,0.0,0.0,0.0,0.0,0.00021026754984632134,1.0,1.0,0.0,0.0,0.0,0.0,0.0004221333656460047,no,no,review
18_228_Masson_505_86_24_jpg.rf.b138ce0677b82df248ba3cb24df0fa28.jpg,18_228_Masson_505_86_24_jpg.rf.b138ce0677b82df248ba3cb24df0fa28.npz,623,0.9580075740814209,0.9575951099395752,0.0004124641418457031,0.9193997383117676,0.9186402559280396,0.9580075740814209,0.9193997383117676,1245.0,1333.0,30740.0,30652.0,0.13277722895145416,1.0,1.0,0.0,0.0,0.0,0.0,0.0003156361053697765,1.0,1.0,0.0,0.0,0.0,0.0,0.00019391241949051619,1.0,1.0,0.0,0.0,0.0,0.0,0.0004052905132994056,no,no,review
18_228_Masson_505_86_24_jpg.rf.54005a675a22cc27f7f2ddc1eaab14f5.jpg,18_228_Masson_505_86_24_jpg.rf.54005a675a22cc27f7f2ddc1eaab14f5.npz,624,0.9580166339874268,0.957594096660614,0.00042253732681274414,0.9194164276123047,0.9186384677886963,0.9580166339874268,0.9194164276123047,1243.0,1331.0,30699.0,30611.0,0.13254429399967194,1.0,1.0,0.0,0.0,0.0,0.0,0.00031337194377556443,1.0,1.0,0.0,0.0,0.0,0.0,0.000195764223462902,1.0,1.0,0.0,0.0,0.0,0.0,0.00040161015931516886,no,no,review
15_242_208_26_25_jpg.rf.8a12c28f5a2e999c4944ed039443153e.jpg,15_242_208_26_25_jpg.rf.8a12c28f5a2e999c4944ed039443153e.npz,625,0.958113431930542,0.9495640397071838,0.008549392223358154,0.9195947647094727,0.9039714336395264,1.0,1.0,0.0,0.0,0.0,0.0,0.0002332053700229153,0.958113431930542,0.9195947647094727,660.0,340.0,11777.0,12097.0,0.05262654647231102,1.0,1.0,0.0,0.0,0.0,0.0,0.00020939551177434623,1.0,1.0,0.0,0.0,0.0,0.0,0.00034144954406656325,no,no,review
15_242_208_33_10_jpg.rf.73ece976b77b6c8ed0d3d7b9e1eb033f.jpg,15_242_208_33_10_jpg.rf.73ece976b77b6c8ed0d3d7b9e1eb033f.npz,626,0.9581637382507324,0.9536679983139038,0.004495739936828613,0.9196874499320984,0.9114392399787903,1.0,1.0,0.0,0.0,0.0,0.0,0.00027146333013661206,0.9581637382507324,0.9196874499320984,3918.0,2773.0,79394.0,80539.0,0.34724199771881104,1.0,1.0,0.0,0.0,0.0,0.0,0.0002529942721594125,1.0,1.0,0.0,0.0,0.0,0.0,0.0004404480569064617,no,no,review
15_242_202_65_92_jpg.rf.3bd6cd0ab460f2e3d8ebb86a10ff61ba.jpg,15_242_202_65_92_jpg.rf.3bd6cd0ab460f2e3d8ebb86a10ff61ba.npz,627,0.9587559700012207,0.9417376518249512,0.01701831817626953,0.920779287815094,0.8898905515670776,0.9587559700012207,0.920779287815094,253.0,2943.0,40090.0,37400.0,0.16037970781326294,1.0,1.0,0.0,0.0,0.0,0.0,0.00032585233566351235,1.0,1.0,0.0,0.0,0.0,0.0,0.00021030458447057754,1.0,1.0,0.0,0.0,0.0,0.0,0.00042233587009832263,no,no,review
201_1_15_36_jpg.rf.fc3c610b3281be20bc6340b86d05411e.jpg,201_1_15_36_jpg.rf.fc3c610b3281be20bc6340b86d05411e.npz,628,0.9587621688842773,0.9529568552970886,0.005805313587188721,0.9207907915115356,0.9101409912109375,1.0,1.0,0.0,0.0,0.0,0.0,0.00026088536833412945,1.0,1.0,0.0,0.0,0.0,0.0,0.0003088254597969353,1.0,1.0,0.0,0.0,0.0,0.0,0.0001629728067200631,0.9587621688842773,0.9207907915115356,2631.0,975.0,42894.0,44550.0,0.19365979731082916,no,no,review
201_13_11_35_jpg.rf.ce478e600679cb8f8badea2fa80e6baf.jpg,201_13_11_35_jpg.rf.ce478e600679cb8f8badea2fa80e6baf.npz,629,0.9589489102363586,0.9096062183380127,0.04934269189834595,0.9211352467536926,0.8341997861862183,1.0,1.0,0.0,0.0,0.0,0.0,0.0002749759587459266,1.0,1.0,0.0,0.0,0.0,0.0,0.00031917734304443,1.0,1.0,0.0,0.0,0.0,0.0,0.0001717386912787333,0.9589489102363586,0.9211352467536926,1414.0,495.0,22792.0,23711.0,0.1066897064447403,no,no,review
18_228_Masson_505_89_22_jpg.rf.f8abd4cbdbddfbd3e2704c936b085f02.jpg,18_228_Masson_505_89_22_jpg.rf.f8abd4cbdbddfbd3e2704c936b085f02.npz,630,0.9591946601867676,0.9540078639984131,0.005186796188354492,0.9215888977050781,0.9120603203773499,0.9591946601867676,0.9215888977050781,24.0,507.0,6748.0,6265.0,0.027310863137245178,1.0,1.0,0.0,0.0,0.0,0.0,0.0003434437094256282,1.0,1.0,0.0,0.0,0.0,0.0,0.00018288829596713185,1.0,1.0,0.0,0.0,0.0,0.0,0.0003695711202453822,no,no,review
201_1_15_36_jpg.rf.202899700da46cb37fce64721aee86ba.jpg,201_1_15_36_jpg.rf.202899700da46cb37fce64721aee86ba.npz,631,0.959340512752533,0.9586769342422485,0.0006635785102844238,0.9218581914901733,0.9206335544586182,1.0,1.0,0.0,0.0,0.0,0.0,0.00025825542979873717,1.0,1.0,0.0,0.0,0.0,0.0,0.0003050336963497102,1.0,1.0,0.0,0.0,0.0,0.0,0.00015969884407240897,0.959340512752533,0.9218581914901733,2893.0,668.0,42678.0,44903.0,0.19470244646072388,no,no,review
201_10_15_5_jpg.rf.926a8ab25954a6283c54967c7f377ce2.jpg,201_10_15_5_jpg.rf.926a8ab25954a6283c54967c7f377ce2.npz,632,0.9598149657249451,0.9574184417724609,0.002396523952484131,0.922734797000885,0.9183151721954346,1.0,1.0,0.0,0.0,0.0,0.0,0.0002638108853716403,1.0,1.0,0.0,0.0,0.0,0.0,0.0003094032872468233,1.0,1.0,0.0,0.0,0.0,0.0,0.00016362592577934265,0.9598149657249451,0.922734797000885,1878.0,1527.0,42191.0,42542.0,0.18474873900413513,no,no,review
15_242_208_33_10_jpg.rf.317c39b3748e079d44335a48ce412828.jpg,15_242_208_33_10_jpg.rf.317c39b3748e079d44335a48ce412828.npz,633,0.960175096988678,0.954078733921051,0.006096363067626953,0.9234007000923157,0.9121898412704468,1.0,1.0,0.0,0.0,0.0,0.0,0.0002715582668315619,0.960175096988678,0.9234007000923157,3778.0,2591.0,79369.0,80556.0,0.3472411334514618,1.0,1.0,0.0,0.0,0.0,0.0,0.00025305215967819095,1.0,1.0,0.0,0.0,0.0,0.0,0.00044061726657673717,no,no,review
15_242_208_24_14_jpg.rf.909a645df986f51090f345b67e73d146.jpg,15_242_208_24_14_jpg.rf.909a645df986f51090f345b67e73d146.npz,634,0.9602744579315186,0.9651758074760437,-0.0049013495445251465,0.923584520816803,0.9326953887939453,1.0,1.0,0.0,0.0,0.0,0.0,0.00025207793805748224,0.9602744579315186,0.923584520816803,2664.0,451.0,38100.0,40313.0,0.1731453686952591,1.0,1.0,0.0,0.0,0.0,0.0,0.00021672295406460762,1.0,1.0,0.0,0.0,0.0,0.0,0.00038331476389430463,no,no,review
18_229_Masson_202_88_19_jpg.rf.93f8bef452ee5c3403c0c853f53685b1.jpg,18_229_Masson_202_88_19_jpg.rf.93f8bef452ee5c3403c0c853f53685b1.npz,635,0.960300862789154,0.9560765624046326,0.004224300384521484,0.9236333966255188,0.9158493280410767,0.960300862789154,0.9236333966255188,673.0,161.0,10248.0,10760.0,0.04736712947487831,1.0,1.0,0.0,0.0,0.0,0.0,0.00034604722168296576,1.0,1.0,0.0,0.0,0.0,0.0,0.00020095765648875386,1.0,1.0,0.0,0.0,0.0,0.0,0.0003593703731894493,no,no,review
201_10_8_38_jpg.rf.23880fbca7e89a60360faff566693200.jpg,201_10_8_38_jpg.rf.23880fbca7e89a60360faff566693200.npz,636,0.9604504108428955,0.900523841381073,0.05992656946182251,0.9239102005958557,0.8190480470657349,1.0,1.0,0.0,0.0,0.0,0.0,0.0002725263184402138,1.0,1.0,0.0,0.0,0.0,0.0,0.00030914280796423554,1.0,1.0,0.0,0.0,0.0,0.0,0.0001682421425357461,0.9604504108428955,0.9239102005958557,669.0,1066.0,22133.0,21736.0,0.088653065264225,no,no,review
201_0_13_63_jpg.rf.9a43d70ca5014d9673ea0221aa1b9835.jpg,201_0_13_63_jpg.rf.9a43d70ca5014d9673ea0221aa1b9835.npz,637,0.9605061411857605,0.9608277082443237,-0.0003215670585632324,0.9240133166313171,0.9246087074279785,1.0,1.0,0.0,0.0,0.0,0.0,0.0002496063825674355,1.0,1.0,0.0,0.0,0.0,0.0,0.00030548364156857133,1.0,1.0,0.0,0.0,0.0,0.0,0.00015584885841235518,0.9605061411857605,0.9240133166313171,1529.0,3933.0,70352.0,67948.0,0.29516470432281494,no,no,review
18_229_Masson_202_13_19_jpg.rf.7bd172bbf86c69da98de4eff1c684fda.jpg,18_229_Masson_202_13_19_jpg.rf.7bd172bbf86c69da98de4eff1c684fda.npz,638,0.9610800743103027,0.9588130116462708,0.0022670626640319824,0.9250761270523071,0.9208845496177673,0.9610800743103027,0.9250761270523071,264.0,794.0,13857.0,13327.0,0.06252685189247131,1.0,1.0,0.0,0.0,0.0,0.0,0.0004007086390629411,1.0,1.0,0.0,0.0,0.0,0.0,0.00020430593576747924,1.0,1.0,0.0,0.0,0.0,0.0,0.0003801764396484941,no,no,review
15_242_202_50_114_jpg.rf.00d92e7983a71725d28503a6b25e6836.jpg,15_242_202_50_114_jpg.rf.00d92e7983a71725d28503a6b25e6836.npz,639,0.9611071944236755,0.9626691341400146,-0.0015619397163391113,0.9251263737678528,0.9280251264572144,0.9611071944236755,0.9251263737678528,790.0,143.0,11671.0,12318.0,0.053397174924612045,1.0,1.0,0.0,0.0,0.0,0.0,0.0002989244239870459,1.0,1.0,0.0,0.0,0.0,0.0,0.00017922850383911282,1.0,1.0,0.0,0.0,0.0,0.0,0.0003941101022064686,no,no,review
18_228_Masson_505_89_22_jpg.rf.3e3081a2138b4f35908737512667ffcf.jpg,18_228_Masson_505_89_22_jpg.rf.3e3081a2138b4f35908737512667ffcf.npz,640,0.9612878561019897,0.955938994884491,0.005348861217498779,0.9254612326622009,0.9155968427658081,0.9612878561019897,0.9254612326622009,27.0,478.0,6748.0,6297.0,0.02738305926322937,1.0,1.0,0.0,0.0,0.0,0.0,0.00034308500471524894,1.0,1.0,0.0,0.0,0.0,0.0,0.00017879555525723845,1.0,1.0,0.0,0.0,0.0,0.0,0.0003645857213996351,no,no,review
16_224_604_92_67_jpg.rf.303fb26c0a8954a23ce78cff529923ba.jpg,16_224_604_92_67_jpg.rf.303fb26c0a8954a23ce78cff529923ba.npz,641,0.9613442420959473,0.9736304879188538,-0.012286245822906494,0.9255658388137817,0.9486159682273865,0.9613442420959473,0.9255658388137817,473.0,484.0,12384.0,12373.0,0.054115090519189835,1.0,1.0,0.0,0.0,0.0,0.0,0.00031494678114540875,1.0,1.0,0.0,0.0,0.0,0.0,0.0001814441493479535,1.0,1.0,0.0,0.0,0.0,0.0,0.00039766376721672714,no,no,review
18_228_Masson_208_66_13_jpg.rf.3230556d22de229f2149c10fd3678b49.jpg,18_228_Masson_208_66_13_jpg.rf.3230556d22de229f2149c10fd3678b49.npz,642,0.9614703059196472,0.9631119966506958,-0.001641690731048584,0.925799548625946,0.9288486242294312,0.9614703059196472,0.925799548625946,43.0,131.0,2302.0,2214.0,0.009795866906642914,1.0,1.0,0.0,0.0,0.0,0.0,0.0002993812959175557,1.0,1.0,0.0,0.0,0.0,0.0,0.00015948482905514538,1.0,1.0,0.0,0.0,0.0,0.0,0.00038030685391277075,no,no,review
18_228_Masson_505_91_26_jpg.rf.7e28e1ea0b43ac22b58fe454545ba8c5.jpg,18_228_Masson_505_91_26_jpg.rf.7e28e1ea0b43ac22b58fe454545ba8c5.npz,643,0.9617924094200134,0.9529335498809814,0.008858859539031982,0.9263970255851746,0.9100984930992126,0.9617924094200134,0.9263970255851746,1979.0,567.0,32612.0,34024.0,0.14875037968158722,1.0,1.0,0.0,0.0,0.0,0.0,0.0004372378461994231,1.0,1.0,0.0,0.0,0.0,0.0,0.00024318885698448867,1.0,1.0,0.0,0.0,0.0,0.0,0.00038455278263427317,no,no,review
15_242_208_19_25_jpg.rf.0af901e2bb165947b69ea2e939f3b24c.jpg,15_242_208_19_25_jpg.rf.0af901e2bb165947b69ea2e939f3b24c.npz,644,0.9622471928596497,0.9624914526939392,-0.0002442598342895508,0.9272412657737732,0.9276949167251587,1.0,1.0,0.0,0.0,0.0,0.0,0.00024757315986789763,0.9622471928596497,0.9272412657737732,1903.0,2176.0,54159.0,53886.0,0.23289239406585693,1.0,1.0,0.0,0.0,0.0,0.0,0.0002492497442290187,1.0,1.0,0.0,0.0,0.0,0.0,0.00037666939897462726,no,no,review
15_242_202_91_98_jpg.rf.d9250a143378267f965d09265a03cdaa.jpg,15_242_202_91_98_jpg.rf.d9250a143378267f965d09265a03cdaa.npz,645,0.9626327753067017,0.9591244459152222,0.003508329391479492,0.9279575943946838,0.9214593172073364,0.9626327753067017,0.9279575943946838,838.0,59.0,11613.0,12392.0,0.05369511619210243,1.0,1.0,0.0,0.0,0.0,0.0,0.0002918821119237691,1.0,1.0,0.0,0.0,0.0,0.0,0.00017540750559419394,1.0,1.0,0.0,0.0,0.0,0.0,0.0003960483882110566,no,no,review
18_211_Masson_207_117_32_jpg.rf.f95e057a8d9c6476310f6e28f6cd3c27.jpg,18_211_Masson_207_117_32_jpg.rf.f95e057a8d9c6476310f6e28f6cd3c27.npz,646,0.9626390933990479,0.9617243409156799,0.0009147524833679199,0.9279693365097046,0.9262707233428955,0.9626390933990479,0.9279693365097046,1110.0,505.0,21311.0,21916.0,0.09514366090297699,1.0,1.0,0.0,0.0,0.0,0.0,0.00040134965092875063,1.0,1.0,0.0,0.0,0.0,0.0,0.0002055829972960055,1.0,1.0,0.0,0.0,0.0,0.0,0.0003822561411652714,no,no,review
201_0_15_48_jpg.rf.4afaf6471f4104f892ad7e10c5a02191.jpg,201_0_15_48_jpg.rf.4afaf6471f4104f892ad7e10c5a02191.npz,647,0.9633399844169617,0.9784622192382812,-0.01512223482131958,0.9292728900909424,0.9578326940536499,1.0,1.0,0.0,0.0,0.0,0.0,0.0002519043337088078,1.0,1.0,0.0,0.0,0.0,0.0,0.0003014360263478011,1.0,1.0,0.0,0.0,0.0,0.0,0.0001567242870805785,0.9633399844169617,0.9292728900909424,1363.0,3088.0,61569.0,59844.0,0.26137015223503113,no,no,review
201_9_14_10_jpg.rf.95ce4e48c9c8b2f538651752fe63a779.jpg,201_9_14_10_jpg.rf.95ce4e48c9c8b2f538651752fe63a779.npz,648,0.9637241959571838,0.9602687358856201,0.0034554600715637207,0.9299881458282471,0.9235739707946777,1.0,1.0,0.0,0.0,0.0,0.0,0.0002589017094578594,1.0,1.0,0.0,0.0,0.0,0.0,0.0002960996935144067,1.0,1.0,0.0,0.0,0.0,0.0,0.0001571944885654375,0.9637241959571838,0.9299881458282471,591.0,1361.0,27290.0,26520.0,0.11609393358230591,no,no,review
18_229_Masson_202_13_29_jpg.rf.823cfc1f143df30a178dee3b3072d410.jpg,18_229_Masson_202_13_29_jpg.rf.823cfc1f143df30a178dee3b3072d410.npz,649,0.9638431668281555,0.9646622538566589,-0.000819087028503418,0.930209755897522,0.9317367076873779,0.9638431668281555,0.930209755897522,811.0,44.0,11440.0,12207.0,0.05296238884329796,1.0,1.0,0.0,0.0,0.0,0.0,0.0003082749608438462,1.0,1.0,0.0,0.0,0.0,0.0,0.0001900483766803518,1.0,1.0,0.0,0.0,0.0,0.0,0.0003870019281748682,no,no,review
18_228_Masson_505_89_36_jpg.rf.93df79673621f070a998df2a166990c4.jpg,18_228_Masson_505_89_36_jpg.rf.93df79673621f070a998df2a166990c4.npz,650,0.9645400643348694,0.9614757895469666,0.003064274787902832,0.9315088391304016,0.9258096814155579,0.9645400643348694,0.9315088391304016,299.0,174.0,6607.0,6732.0,0.029237443581223488,1.0,1.0,0.0,0.0,0.0,0.0,0.00031534855952486396,1.0,1.0,0.0,0.0,0.0,0.0,0.00017733425193000585,1.0,1.0,0.0,0.0,0.0,0.0,0.0003522218903526664,no,no,review
201_9_12_57_jpg.rf.ee784b6c96d6bd245a35a918987de91a.jpg,201_9_12_57_jpg.rf.ee784b6c96d6bd245a35a918987de91a.npz,651,0.9646574854850769,0.9638983011245728,0.0007591843605041504,0.931727945804596,0.9303123950958252,1.0,1.0,0.0,0.0,0.0,0.0,0.0002728718100115657,1.0,1.0,0.0,0.0,0.0,0.0,0.0003454908437561244,1.0,1.0,0.0,0.0,0.0,0.0,0.0001775107521098107,0.9646574854850769,0.931727945804596,2564.0,685.0,45025.0,46904.0,0.20266640186309814,no,no,review
18_228_Masson_208_69_40_jpg.rf.c7b8246268cfaa3e1d31e2519a189de5.jpg,18_228_Masson_208_69_40_jpg.rf.c7b8246268cfaa3e1d31e2519a189de5.npz,652,0.964874804019928,0.9630275964736938,0.0018472075462341309,0.9321333765983582,0.9286916255950928,0.964874804019928,0.9321333765983582,37.0,604.0,9408.0,8841.0,0.03851471096277237,1.0,1.0,0.0,0.0,0.0,0.0,0.000491062761284411,1.0,1.0,0.0,0.0,0.0,0.0,0.000288005598122254,1.0,1.0,0.0,0.0,0.0,0.0,0.0003663863753899932,no,no,review
201_8_6_34_jpg.rf.4bf64d6b110fb7d72db87251c52906ab.jpg,201_8_6_34_jpg.rf.4bf64d6b110fb7d72db87251c52906ab.npz,653,0.9649628400802612,0.9601492881774902,0.004813551902770996,0.9322978258132935,0.9233530163764954,1.0,1.0,0.0,0.0,0.0,0.0,0.0002764269302133471,1.0,1.0,0.0,0.0,0.0,0.0,0.0003179368795827031,1.0,1.0,0.0,0.0,0.0,0.0,0.00017141320859082043,0.9649628400802612,0.9322978258132935,1016.0,1111.0,30401.0,30306.0,0.13096314668655396,no,no,review
15_242_208_24_14_jpg.rf.c4629915bfe047c7cee3be5890550a8e.jpg,15_242_208_24_14_jpg.rf.c4629915bfe047c7cee3be5890550a8e.npz,654,0.9651471376419067,0.9629740715026855,0.0021730661392211914,0.932641863822937,0.9285920262336731,1.0,1.0,0.0,0.0,0.0,0.0,0.00024391766055487096,0.9651471376419067,0.932641863822937,1745.0,1054.0,39809.0,40500.0,0.17387305200099945,1.0,1.0,0.0,0.0,0.0,0.0,0.00020965175644960254,1.0,1.0,0.0,0.0,0.0,0.0,0.0003763230051845312,no,no,review
201_10_18_29_jpg.rf.3c30329da6ac768dcc3e305820271f4e.jpg,201_10_18_29_jpg.rf.3c30329da6ac768dcc3e305820271f4e.npz,655,0.9651874899864197,0.935223400592804,0.029964089393615723,0.9327172636985779,0.878328263759613,1.0,1.0,0.0,0.0,0.0,0.0,0.00025326397735625505,1.0,1.0,0.0,0.0,0.0,0.0,0.00031854919507168233,1.0,1.0,0.0,0.0,0.0,0.0,0.00016120736836455762,0.9651874899864197,0.9327172636985779,2649.0,2324.0,71263.0,71588.0,0.30487287044525146,no,no,review
18_236_401_102_7_jpg.rf.ecdbbfe8d5341c00a0d15c7c17a64f61.jpg,18_236_401_102_7_jpg.rf.ecdbbfe8d5341c00a0d15c7c17a64f61.npz,656,0.9651941657066345,0.9341475963592529,0.031046569347381592,0.9327297210693359,0.876432478427887,0.9651941657066345,0.9327297210693359,249.0,598.0,12342.0,11993.0,0.05234549194574356,1.0,1.0,0.0,0.0,0.0,0.0,0.00030927322222851217,1.0,1.0,0.0,0.0,0.0,0.0,0.00018661665671970695,1.0,1.0,0.0,0.0,0.0,0.0,0.00036129908403381705,no,no,review
15_242_208_33_9_jpg.rf.7e915fa145cb36df5ae73f8df5861adf.jpg,15_242_208_33_9_jpg.rf.7e915fa145cb36df5ae73f8df5861adf.npz,657,0.9656804203987122,0.9552122950553894,0.010468125343322754,0.933638334274292,0.914264440536499,1.0,1.0,0.0,0.0,0.0,0.0,0.0002537663676775992,0.9656804203987122,0.933638334274292,3289.0,468.0,53325.0,56146.0,0.24210414290428162,1.0,1.0,0.0,0.0,0.0,0.0,0.00021873593505006284,1.0,1.0,0.0,0.0,0.0,0.0,0.00038753007538616657,no,no,review
201_10_10_59_jpg.rf.bfcc9304d9f08a36861750f09752854d.jpg,201_10_10_59_jpg.rf.bfcc9304d9f08a36861750f09752854d.npz,658,0.9661824107170105,0.9666019082069397,-0.0004194974899291992,0.934577226638794,0.9353625774383545,1.0,1.0,0.0,0.0,0.0,0.0,0.00027527508791536093,1.0,1.0,0.0,0.0,0.0,0.0,0.0003009287465829402,1.0,1.0,0.0,0.0,0.0,0.0,0.0001653606304898858,0.9661824107170105,0.934577226638794,283.0,271.0,8185.0,8197.0,0.03579627722501755,no,no,review
18_229_Masson_202_100_5_jpg.rf.defbace7db1f926f4f3a5bc9332a12d8.jpg,18_229_Masson_202_100_5_jpg.rf.defbace7db1f926f4f3a5bc9332a12d8.npz,659,0.9663946032524109,0.9516934752464294,0.014701128005981445,0.9349744319915771,0.9078389406204224,0.9663946032524109,0.9349744319915771,175.0,805.0,14896.0,14266.0,0.06213284283876419,1.0,1.0,0.0,0.0,0.0,0.0,0.0003279939410276711,1.0,1.0,0.0,0.0,0.0,0.0,0.00019468159007374197,1.0,1.0,0.0,0.0,0.0,0.0,0.00039779243525117636,no,no,review
102_1_7_33_jpg.rf.73c7acaa3c818f678cbe702b81a29dd4.jpg,102_1_7_33_jpg.rf.73c7acaa3c818f678cbe702b81a29dd4.npz,660,0.966934084892273,0.9746302962303162,-0.007696211338043213,0.9359849095344543,0.9505159854888916,1.0,1.0,0.0,0.0,0.0,0.0,0.00027183396741747856,1.0,1.0,0.0,0.0,0.0,0.0,0.0003057090216316283,1.0,1.0,0.0,0.0,0.0,0.0,0.00016840387252159417,0.966934084892273,0.9359849095344543,804.0,519.0,19863.0,20148.0,0.0860406905412674,no,no,review
18_228_Masson_208_65_50_jpg.rf.1e6e923134185354fb86ddcf5f38e708.jpg,18_228_Masson_208_65_50_jpg.rf.1e6e923134185354fb86ddcf5f38e708.npz,661,0.967164158821106,0.9649602770805359,0.0022038817405700684,0.9364162087440491,0.9322929382324219,0.967164158821106,0.9364162087440491,328.0,189.0,7803.0,7942.0,0.034355614334344864,1.0,1.0,0.0,0.0,0.0,0.0,0.0003142883360851556,1.0,1.0,0.0,0.0,0.0,0.0,0.00018939950678031892,1.0,1.0,0.0,0.0,0.0,0.0,0.0003708457516040653,no,no,review
102_1_6_44_jpg.rf.33532e15697152138f4da3253a48c572.jpg,102_1_6_44_jpg.rf.33532e15697152138f4da3253a48c572.npz,662,0.9673089981079102,0.9683802723884583,-0.0010712742805480957,0.9366877675056458,0.9386988878250122,1.0,1.0,0.0,0.0,0.0,0.0,0.0002704288635868579,1.0,1.0,0.0,0.0,0.0,0.0,0.00029646893381141126,1.0,1.0,0.0,0.0,0.0,0.0,0.00016528966079931706,0.9673089981079102,0.9366877675056458,449.0,462.0,13940.0,13927.0,0.060630399733781815,no,no,review
18_228_Masson_505_90_28_jpg.rf.e3db8e2e18f427738c5f1f8c3948bf2b.jpg,18_228_Masson_505_90_28_jpg.rf.e3db8e2e18f427738c5f1f8c3948bf2b.npz,663,0.9675572514533997,0.9683618545532227,-0.000804603099822998,0.9371533989906311,0.9386642575263977,0.9675572514533997,0.9371533989906311,344.0,574.0,14263.0,14033.0,0.06065933778882027,1.0,1.0,0.0,0.0,0.0,0.0,0.00041248093475587666,1.0,1.0,0.0,0.0,0.0,0.0,0.00020537023374345154,1.0,1.0,0.0,0.0,0.0,0.0,0.00034032564144581556,no,no,review
18_228_Masson_208_65_50_jpg.rf.3c8686c251c157fbace04c70bf7097a6.jpg,18_228_Masson_208_65_50_jpg.rf.3c8686c251c157fbace04c70bf7097a6.npz,664,0.9681488871574402,0.9573807716369629,0.010768115520477295,0.9382641315460205,0.9182458519935608,0.9681488871574402,0.9382641315460205,145.0,365.0,8116.0,7896.0,0.033895909786224365,1.0,1.0,0.0,0.0,0.0,0.0,0.00031743673025630414,1.0,1.0,0.0,0.0,0.0,0.0,0.0001901417999761179,1.0,1.0,0.0,0.0,0.0,0.0,0.00036436121445149183,no,no,review
18_228_Masson_208_66_13_jpg.rf.e9da95997a265a0578675144d3f6b2b6.jpg,18_228_Masson_208_66_13_jpg.rf.e9da95997a265a0578675144d3f6b2b6.npz,665,0.9683459401130676,0.965718150138855,0.0026277899742126465,0.9386343955993652,0.9337088465690613,0.9683459401130676,0.9386343955993652,53.0,89.0,2261.0,2225.0,0.00988098420202732,1.0,1.0,0.0,0.0,0.0,0.0,0.0002987020998261869,1.0,1.0,0.0,0.0,0.0,0.0,0.00015712824824731797,1.0,1.0,0.0,0.0,0.0,0.0,0.00037986121606081724,no,no,review
17_228_801_69_52_jpg.rf.d5e78d739ece25fbe1882835c6c2a20f.jpg,17_228_801_69_52_jpg.rf.d5e78d739ece25fbe1882835c6c2a20f.npz,666,0.9683774709701538,0.9685646295547485,-0.00018715858459472656,0.938693642616272,0.9390454292297363,0.9683774709701538,0.938693642616272,93.0,228.0,5143.0,5008.0,0.021939342841506004,1.0,1.0,0.0,0.0,0.0,0.0,0.00030852138297632337,1.0,1.0,0.0,0.0,0.0,0.0,0.00017997011309489608,1.0,1.0,0.0,0.0,0.0,0.0,0.00038189467159099877,no,no,review
18_236_303_69_32_jpg.rf.91df0bc632c7c7449cb96b501eb796e7.jpg,18_236_303_69_32_jpg.rf.91df0bc632c7c7449cb96b501eb796e7.npz,667,0.9689206480979919,0.9709569215774536,-0.00203627347946167,0.9397148489952087,0.9435531497001648,0.9689206480979919,0.9397148489952087,358.0,1270.0,26647.0,25735.0,0.11158876121044159,1.0,1.0,0.0,0.0,0.0,0.0,0.00032390758860856295,1.0,1.0,0.0,0.0,0.0,0.0,0.0001965599658433348,1.0,1.0,0.0,0.0,0.0,0.0,0.0004076785407960415,no,no,review
15_242_202_105_98_jpg.rf.3c1e632c3a7e3f36b9c242281bfb99de.jpg,15_242_202_105_98_jpg.rf.3c1e632c3a7e3f36b9c242281bfb99de.npz,668,0.9690987467765808,0.9638282656669617,0.005270481109619141,0.9400500059127808,0.9301819801330566,0.9690987467765808,0.9400500059127808,569.0,630.0,19431.0,19370.0,0.08426870405673981,1.0,1.0,0.0,0.0,0.0,0.0,0.00030741223599761724,1.0,1.0,0.0,0.0,0.0,0.0,0.00018602913769427687,1.0,1.0,0.0,0.0,0.0,0.0,0.00041148398304358125,no,no,review
201_4_10_24_jpg.rf.e1b38ab13410b50d4bcb2712e7869f8f.jpg,201_4_10_24_jpg.rf.e1b38ab13410b50d4bcb2712e7869f8f.npz,669,0.9691696166992188,0.9704701900482178,-0.0013005733489990234,0.9401834011077881,0.9426343441009521,1.0,1.0,0.0,0.0,0.0,0.0,0.00025394788826815784,1.0,1.0,0.0,0.0,0.0,0.0,0.0003085440257564187,1.0,1.0,0.0,0.0,0.0,0.0,0.0001590602332726121,0.9691696166992188,0.9401834011077881,1745.0,2195.0,64123.0,63673.0,0.2719564437866211,no,no,review
15_242_208_30_17_jpg.rf.ebce02013d810a1621e7fc2d5c184eb6.jpg,15_242_208_30_17_jpg.rf.ebce02013d810a1621e7fc2d5c184eb6.npz,670,0.9693145751953125,0.9665602445602417,0.0027543306350708008,0.9404562711715698,0.9352845549583435,1.0,1.0,0.0,0.0,0.0,0.0,0.0002532817015890032,0.9693145751953125,0.9404562711715698,1376.0,1080.0,39871.0,40167.0,0.17209364473819733,1.0,1.0,0.0,0.0,0.0,0.0,0.0002158153656637296,1.0,1.0,0.0,0.0,0.0,0.0,0.00037918848101980984,no,no,review
18_228_Masson_505_94_31_jpg.rf.63c5c62984869b69dec8ce17fafbcb74.jpg,18_228_Masson_505_94_31_jpg.rf.63c5c62984869b69dec8ce17fafbcb74.npz,671,0.9693239331245422,0.9678027629852295,0.0015211701393127441,0.9404739141464233,0.9376142024993896,0.9693239331245422,0.9404739141464233,647.0,295.0,15178.0,15530.0,0.06730315089225769,1.0,1.0,0.0,0.0,0.0,0.0,0.0003248219727538526,1.0,1.0,0.0,0.0,0.0,0.0,0.00017803891387302428,1.0,1.0,0.0,0.0,0.0,0.0,0.00036970191285945475,no,no,review
201_7_6_45_jpg.rf.c55ac338e8a796415ae4cc81c9768846.jpg,201_7_6_45_jpg.rf.c55ac338e8a796415ae4cc81c9768846.npz,672,0.9701178073883057,0.9744668006896973,-0.0043489933013916016,0.941969633102417,0.9502049684524536,1.0,1.0,0.0,0.0,0.0,0.0,0.0002595940022729337,1.0,1.0,0.0,0.0,0.0,0.0,0.0002908781170845032,1.0,1.0,0.0,0.0,0.0,0.0,0.00016021054761949927,0.9701178073883057,0.941969633102417,426.0,1119.0,26198.0,25505.0,0.1111430898308754,no,no,review
201_1_13_42_jpg.rf.7e10433c0558c5a1df48fa46dd95a15e.jpg,201_1_13_42_jpg.rf.7e10433c0558c5a1df48fa46dd95a15e.npz,673,0.9703578352928162,0.971575915813446,-0.0012180805206298828,0.9424223303794861,0.9447230100631714,1.0,1.0,0.0,0.0,0.0,0.0,0.0002498702087905258,1.0,1.0,0.0,0.0,0.0,0.0,0.0002997221890836954,1.0,1.0,0.0,0.0,0.0,0.0,0.00015735029592178762,0.9703578352928162,0.9424223303794861,2611.0,1078.0,61459.0,62992.0,0.2714996635913849,no,no,review
201_1_15_10_jpg.rf.46a093208734c0db180a602cbc550ddc.jpg,201_1_15_10_jpg.rf.46a093208734c0db180a602cbc550ddc.npz,674,0.9705013036727905,0.9713265299797058,-0.0008252263069152832,0.9426931142807007,0.9442514777183533,1.0,1.0,0.0,0.0,0.0,0.0,0.0002554980746936053,1.0,1.0,0.0,0.0,0.0,0.0,0.00031119579216465354,1.0,1.0,0.0,0.0,0.0,0.0,0.000160968818818219,0.9705013036727905,0.9426931142807007,2316.0,1467.0,63697.0,64546.0,0.27829405665397644,no,no,review
15_242_202_91_98_jpg.rf.d658435c6095bed72dcc0445be5db0eb.jpg,15_242_202_91_98_jpg.rf.d658435c6095bed72dcc0445be5db0eb.npz,675,0.9706039428710938,0.9705713391304016,3.260374069213867e-05,0.9428868293762207,0.942825198173523,0.9706039428710938,0.9428868293762207,637.0,78.0,11882.0,12441.0,0.053935445845127106,1.0,1.0,0.0,0.0,0.0,0.0,0.00028950092382729053,1.0,1.0,0.0,0.0,0.0,0.0,0.00017261285393033177,1.0,1.0,0.0,0.0,0.0,0.0,0.00038838465115986764,no,no,review
202_0_15_50_jpg.rf.74eb16296a74eb4858e95a1c3eb22d02.jpg,202_0_15_50_jpg.rf.74eb16296a74eb4858e95a1c3eb22d02.npz,676,0.9706312417984009,0.9710174798965454,-0.00038623809814453125,0.9429383277893066,0.9436675906181335,1.0,1.0,0.0,0.0,0.0,0.0,0.0002722117060329765,1.0,1.0,0.0,0.0,0.0,0.0,0.0003064243064727634,1.0,1.0,0.0,0.0,0.0,0.0,0.00016731434152461588,0.9706312417984009,0.9429383277893066,422.0,723.0,19644.0,19343.0,0.08438007533550262,no,no,review
102_2_3_51_jpg.rf.20a4bf7ba3fd6af65388417b90f9d7a6.jpg,102_2_3_51_jpg.rf.20a4bf7ba3fd6af65388417b90f9d7a6.npz,677,0.9707875847816467,0.9698478579521179,0.0009397268295288086,0.9432334303855896,0.9414608478546143,1.0,1.0,0.0,0.0,0.0,0.0,0.0002728327817749232,1.0,1.0,0.0,0.0,0.0,0.0,0.0003021840821020305,1.0,1.0,0.0,0.0,0.0,0.0,0.00016811313980724663,0.9707875847816467,0.9432334303855896,417.0,333.0,12795.0,12879.0,0.05609605461359024,no,no,review
18_228_Masson_505_89_36_jpg.rf.27de3dac413fd251e75bcd76f6af3b4c.jpg,18_228_Masson_505_89_36_jpg.rf.27de3dac413fd251e75bcd76f6af3b4c.npz,678,0.9712536334991455,0.9689663052558899,0.0022873282432556152,0.9441137909889221,0.9398007988929749,0.9712536334991455,0.9441137909889221,186.0,199.0,6703.0,6690.0,0.029071034863591194,1.0,1.0,0.0,0.0,0.0,0.0,0.0003992884885519743,1.0,1.0,0.0,0.0,0.0,0.0,0.00019868604431394488,1.0,1.0,0.0,0.0,0.0,0.0,0.0003425066242925823,no,no,review
202_0_15_50_jpg.rf.d37f9e7320f2a9425e433b0503ef8f7b.jpg,202_0_15_50_jpg.rf.d37f9e7320f2a9425e433b0503ef8f7b.npz,679,0.9715893268585205,0.9666922688484192,0.004897058010101318,0.9447483420372009,0.9355317950248718,1.0,1.0,0.0,0.0,0.0,0.0,0.00027256441535428166,1.0,1.0,0.0,0.0,0.0,0.0,0.0003059123700950295,1.0,1.0,0.0,0.0,0.0,0.0,0.00016680809494573623,0.9715893268585205,0.9447483420372009,465.0,646.0,19643.0,19462.0,0.08587181568145752,no,no,review
15_242_208_30_17_jpg.rf.14644c78d9251521bb51f2c0365fa056.jpg,15_242_208_30_17_jpg.rf.14644c78d9251521bb51f2c0365fa056.npz,680,0.9716852903366089,0.9697157740592957,0.0019695162773132324,0.9449298977851868,0.9412119388580322,1.0,1.0,0.0,0.0,0.0,0.0,0.0002525501186028123,0.9716852903366089,0.9449298977851868,1445.0,830.0,39866.0,40481.0,0.17443551123142242,1.0,1.0,0.0,0.0,0.0,0.0,0.00020909890008624643,1.0,1.0,0.0,0.0,0.0,0.0,0.0003742497356142849,no,no,review
202_4_19_13_jpg.rf.40066d6e28de2a4f22da90e801ac2736.jpg,202_4_19_13_jpg.rf.40066d6e28de2a4f22da90e801ac2736.npz,681,0.9719467759132385,0.9704036712646484,0.0015431046485900879,0.9454246163368225,0.9425089359283447,1.0,1.0,0.0,0.0,0.0,0.0,0.000266052084043622,1.0,1.0,0.0,0.0,0.0,0.0,0.00030957491253502667,1.0,1.0,0.0,0.0,0.0,0.0,0.0001649677287787199,0.9719467759132385,0.9454246163368225,819.0,1003.0,32566.0,32382.0,0.13957831263542175,no,no,review
18_228_Masson_505_94_31_jpg.rf.29e9029dd1f6bc4a9c93e60198b36123.jpg,18_228_Masson_505_94_31_jpg.rf.29e9029dd1f6bc4a9c93e60198b36123.npz,682,0.9720034003257751,0.96978360414505,0.0022197961807250977,0.9455317258834839,0.9413397312164307,0.9720034003257751,0.9455317258834839,514.0,346.0,15275.0,15443.0,0.06702904403209686,1.0,1.0,0.0,0.0,0.0,0.0,0.00031912681879475713,1.0,1.0,0.0,0.0,0.0,0.0,0.0001754093391355127,1.0,1.0,0.0,0.0,0.0,0.0,0.00036822163383476436,no,no,review
18_228_Masson_505_81_23_jpg.rf.42b835715addcea3bd0b1b4ddb3e83a2.jpg,18_228_Masson_505_81_23_jpg.rf.42b835715addcea3bd0b1b4ddb3e83a2.npz,683,0.9721646904945374,0.9656072854995728,0.0065574049949646,0.9458370208740234,0.933501660823822,0.9721646904945374,0.9458370208740234,394.0,829.0,22186.0,21751.0,0.09413471817970276,1.0,1.0,0.0,0.0,0.0,0.0,0.00037348346086218953,1.0,1.0,0.0,0.0,0.0,0.0,0.00019054727454204112,1.0,1.0,0.0,0.0,0.0,0.0,0.00040411195368506014,no,no,review
15_242_208_23_14_jpg.rf.4e8736f6b6f5824e392cb65bc090561f.jpg,15_242_208_23_14_jpg.rf.4e8736f6b6f5824e392cb65bc090561f.npz,684,0.972213089466095,0.9687929749488831,0.003420114517211914,0.945928692817688,0.9394747614860535,1.0,1.0,0.0,0.0,0.0,0.0,0.0002493962529115379,0.972213089466095,0.945928692817688,2367.0,598.0,52468.0,54237.0,0.23339663445949554,1.0,1.0,0.0,0.0,0.0,0.0,0.0002363623061683029,1.0,1.0,0.0,0.0,0.0,0.0,0.00038948922883719206,no,no,review
18_228_Masson_505_87_27_jpg.rf.bedb522e40e4759e4671061e72136bc4.jpg,18_228_Masson_505_87_27_jpg.rf.bedb522e40e4759e4671061e72136bc4.npz,685,0.97252357006073,0.9624451398849487,0.01007843017578125,0.9465166330337524,0.9276089668273926,0.97252357006073,0.9465166330337524,346.0,771.0,20539.0,20114.0,0.08659917116165161,1.0,1.0,0.0,0.0,0.0,0.0,0.00034952591522596776,1.0,1.0,0.0,0.0,0.0,0.0,0.00019467984384391457,1.0,1.0,0.0,0.0,0.0,0.0,0.0003653496387414634,no,no,review
15_242_202_115_61_jpg.rf.6208c87057a398ef0123437b3db674ad.jpg,15_242_202_115_61_jpg.rf.6208c87057a398ef0123437b3db674ad.npz,686,0.9725842475891113,0.970134437084198,0.00244981050491333,0.946631669998169,0.9420010447502136,0.9725842475891113,0.946631669998169,518.0,92.0,10912.0,11338.0,0.04909713193774223,1.0,1.0,0.0,0.0,0.0,0.0,0.00028817736892960966,1.0,1.0,0.0,0.0,0.0,0.0,0.00017452645988669246,1.0,1.0,0.0,0.0,0.0,0.0,0.00036243587965145707,no,no,review
17_228_801_69_52_jpg.rf.93336e87a327125dd38da509c2a0d35a.jpg,17_228_801_69_52_jpg.rf.93336e87a327125dd38da509c2a0d35a.npz,687,0.9727557897567749,0.9700363278388977,0.0027194619178771973,0.9469566941261292,0.9418160915374756,0.9727557897567749,0.9469566941261292,69.0,209.0,5172.0,5032.0,0.02196670137345791,1.0,1.0,0.0,0.0,0.0,0.0,0.0002989437198266387,1.0,1.0,0.0,0.0,0.0,0.0,0.0001734420657157898,1.0,1.0,0.0,0.0,0.0,0.0,0.00039568645297549665,no,no,review
202_0_12_32_jpg.rf.8c8384ffcba416c0d17aaa2f63ab9ea1.jpg,202_0_12_32_jpg.rf.8c8384ffcba416c0d17aaa2f63ab9ea1.npz,688,0.9729413390159607,0.969951331615448,0.0029900074005126953,0.9473084807395935,0.9416557550430298,1.0,1.0,0.0,0.0,0.0,0.0,0.00026772235287353396,1.0,1.0,0.0,0.0,0.0,0.0,0.00030230829725041986,1.0,1.0,0.0,0.0,0.0,0.0,0.00015894032549113035,0.9729413390159607,0.9473084807395935,837.0,690.0,28143.0,28290.0,0.12267795205116272,no,no,review
15_242_202_91_98_jpg.rf.95e4f74aba4ddb6957cb279310ee4019.jpg,15_242_202_91_98_jpg.rf.95e4f74aba4ddb6957cb279310ee4019.npz,689,0.9729530215263367,0.9690603613853455,0.003892660140991211,0.9473305344581604,0.9399778246879578,0.9729530215263367,0.9473305344581604,589.0,70.0,11923.0,12442.0,0.05391921103000641,1.0,1.0,0.0,0.0,0.0,0.0,0.000291475560516119,1.0,1.0,0.0,0.0,0.0,0.0,0.00017385520914103836,1.0,1.0,0.0,0.0,0.0,0.0,0.0003876481205224991,no,no,review
15_242_202_91_98_jpg.rf.62b560195e29bc18086cfc096b6ef027.jpg,15_242_202_91_98_jpg.rf.62b560195e29bc18086cfc096b6ef027.npz,690,0.9733461141586304,0.9683554768562317,0.004990637302398682,0.9480761289596558,0.9386522769927979,0.9733461141586304,0.9480761289596558,459.0,182.0,11886.0,12163.0,0.052834585309028625,1.0,1.0,0.0,0.0,0.0,0.0,0.00028514338191598654,1.0,1.0,0.0,0.0,0.0,0.0,0.00017042754916474223,1.0,1.0,0.0,0.0,0.0,0.0,0.0003820965066552162,no,no,review
201_10_18_29_jpg.rf.5bc237a8c14e8148ad17a34abf04fd76.jpg,201_10_18_29_jpg.rf.5bc237a8c14e8148ad17a34abf04fd76.npz,691,0.9733557105064392,0.9729186296463013,0.00043708086013793945,0.948094367980957,0.9472654461860657,1.0,1.0,0.0,0.0,0.0,0.0,0.00025240026297979057,1.0,1.0,0.0,0.0,0.0,0.0,0.0003157817991450429,1.0,1.0,0.0,0.0,0.0,0.0,0.0001607649464858696,0.9733557105064392,0.948094367980957,2557.0,1274.0,71250.0,72533.0,0.3065153956413269,no,no,review
18_236_401_98_27_jpg.rf.17b46924d01f16069b4daf04179df49b.jpg,18_236_401_98_27_jpg.rf.17b46924d01f16069b4daf04179df49b.npz,692,0.9737061858177185,0.9337225556373596,0.03998363018035889,0.9487596750259399,0.8756844401359558,0.9737061858177185,0.9487596750259399,337.0,41.0,7040.0,7336.0,0.032800257205963135,1.0,1.0,0.0,0.0,0.0,0.0,0.0003294037887826562,1.0,1.0,0.0,0.0,0.0,0.0,0.00018858298426494002,1.0,1.0,0.0,0.0,0.0,0.0,0.0003716835053637624,no,no,review
201_10_15_5_jpg.rf.129bcb0e7bfa1a005892b5b5e88beefd.jpg,201_10_15_5_jpg.rf.129bcb0e7bfa1a005892b5b5e88beefd.npz,693,0.9737502932548523,0.9743233919143677,-0.0005730986595153809,0.9488434791564941,0.9499323964118958,1.0,1.0,0.0,0.0,0.0,0.0,0.0002624426269903779,1.0,1.0,0.0,0.0,0.0,0.0,0.00030620701727457345,1.0,1.0,0.0,0.0,0.0,0.0,0.00016212128684855998,0.9737502932548523,0.9488434791564941,1000.0,1236.0,42709.0,42473.0,0.18395711481571198,no,no,review
102_1_8_2_jpg.rf.a81a90b0ba1849e7c1422b541a620103.jpg,102_1_8_2_jpg.rf.a81a90b0ba1849e7c1422b541a620103.npz,694,0.9738030433654785,0.9741739630699158,-0.00037091970443725586,0.9489436745643616,0.9496483206748962,1.0,1.0,0.0,0.0,0.0,0.0,0.00027405383298173547,1.0,1.0,0.0,0.0,0.0,0.0,0.0003018047718796879,1.0,1.0,0.0,0.0,0.0,0.0,0.00016709527699276805,0.9738030433654785,0.9489436745643616,298.0,340.0,12198.0,12156.0,0.052950743585824966,no,no,review
18_228_Masson_505_80_28_jpg.rf.607a7f86dcc55419a542c29324bb2060.jpg,18_228_Masson_505_80_28_jpg.rf.607a7f86dcc55419a542c29324bb2060.npz,695,0.9738415479660034,0.9715515375137329,0.002290010452270508,0.9490167498588562,0.9446769952774048,0.9738415479660034,0.9490167498588562,42.0,238.0,5450.0,5254.0,0.02293996885418892,1.0,1.0,0.0,0.0,0.0,0.0,0.0003043669566977769,1.0,1.0,0.0,0.0,0.0,0.0,0.00016227783635258675,1.0,1.0,0.0,0.0,0.0,0.0,0.0003511893155518919,no,no,review
15_239_203_41_51_jpg.rf.beacec5cef720d8148473060fc649a61.jpg,15_239_203_41_51_jpg.rf.beacec5cef720d8148473060fc649a61.npz,696,0.9738693237304688,0.9697647094726562,0.0041046142578125,0.9490694999694824,0.941304087638855,0.9738693237304688,0.9490694999694824,1161.0,949.0,40268.0,40480.0,0.17476187646389008,1.0,1.0,0.0,0.0,0.0,0.0,0.00031768824555911124,1.0,1.0,0.0,0.0,0.0,0.0,0.000202525538043119,1.0,1.0,0.0,0.0,0.0,0.0,0.00042323797242715955,no,no,review
18_228_Masson_505_103_33_jpg.rf.0141baf25ba89e2cfbc2451b5ca7c9d7.jpg,18_228_Masson_505_103_33_jpg.rf.0141baf25ba89e2cfbc2451b5ca7c9d7.npz,697,0.9743022918701172,0.9233151078224182,0.050987184047698975,0.9498922824859619,0.8575537204742432,0.9743022918701172,0.9498922824859619,477.0,58.0,10200.0,10619.0,0.04769395664334297,1.0,1.0,0.0,0.0,0.0,0.0,0.0003423104644753039,1.0,1.0,0.0,0.0,0.0,0.0,0.00018913442909251899,1.0,1.0,0.0,0.0,0.0,0.0,0.0003560655750334263,no,no,review
201_6_13_5_jpg.rf.92d2d678e96796f7ae177b338b87824b.jpg,201_6_13_5_jpg.rf.92d2d678e96796f7ae177b338b87824b.npz,698,0.974459707736969,0.9730117321014404,0.0014479756355285645,0.9501915574073792,0.9474419355392456,1.0,1.0,0.0,0.0,0.0,0.0,0.00025948433903977275,1.0,1.0,0.0,0.0,0.0,0.0,0.000296525948215276,1.0,1.0,0.0,0.0,0.0,0.0,0.00016142480308189988,0.974459707736969,0.9501915574073792,737.0,615.0,26407.0,26529.0,0.11486484855413437,no,no,review
15_242_202_127_88_jpg.rf.2172a1b54a041d0a477ff7a11a9f2fa0.jpg,15_242_202_127_88_jpg.rf.2172a1b54a041d0a477ff7a11a9f2fa0.npz,699,0.9745649099349976,0.9750914573669434,-0.0005265474319458008,0.9503916501998901,0.9513936638832092,0.9745649099349976,0.9503916501998901,4.0,357.0,7273.0,6920.0,0.030117614194750786,1.0,1.0,0.0,0.0,0.0,0.0,0.0003119188186246902,1.0,1.0,0.0,0.0,0.0,0.0,0.000189646816579625,1.0,1.0,0.0,0.0,0.0,0.0,0.0003789817274082452,no,no,review
201_10_8_38_jpg.rf.8c688e201358293afc55b692e0917921.jpg,201_10_8_38_jpg.rf.8c688e201358293afc55b692e0917921.npz,700,0.9746586680412292,0.973283052444458,0.0013756155967712402,0.9505699872970581,0.9479565620422363,1.0,1.0,0.0,0.0,0.0,0.0,0.00027776669594459236,1.0,1.0,0.0,0.0,0.0,0.0,0.00031076380400918424,1.0,1.0,0.0,0.0,0.0,0.0,0.00017246298375539482,0.9746586680412292,0.9505699872970581,578.0,545.0,22141.0,22174.0,0.09584016352891922,no,no,review
18_236_401_98_15_jpg.rf.b6350fef1f007ee3ba2849356fdb8bf4.jpg,18_236_401_98_15_jpg.rf.b6350fef1f007ee3ba2849356fdb8bf4.npz,701,0.9746854305267334,0.9782150387763977,-0.0035296082496643066,0.9506208896636963,0.9573590159416199,0.9746854305267334,0.9506208896636963,170.0,335.0,10057.0,9892.0,0.043417591601610184,1.0,1.0,0.0,0.0,0.0,0.0,0.00040253228507936,1.0,1.0,0.0,0.0,0.0,0.0,0.000248418451519683,1.0,1.0,0.0,0.0,0.0,0.0,0.0003619617491494864,no,no,review
202_0_12_32_jpg.rf.8c1209d3b0ae79c674098367ba735983.jpg,202_0_12_32_jpg.rf.8c1209d3b0ae79c674098367ba735983.npz,702,0.9749932885169983,0.9740189909934998,0.0009742975234985352,0.9512067437171936,0.9493538737297058,1.0,1.0,0.0,0.0,0.0,0.0,0.00026928732404485345,1.0,1.0,0.0,0.0,0.0,0.0,0.00030319637153297663,1.0,1.0,0.0,0.0,0.0,0.0,0.00015992982662282884,0.9749932885169983,0.9512067437171936,567.0,832.0,28105.0,27840.0,0.12089274823665619,no,no,review
15_242_208_34_6_jpg.rf.bf3b1e53f82b26d9e6324ae8a680db5c.jpg,15_242_208_34_6_jpg.rf.bf3b1e53f82b26d9e6324ae8a680db5c.npz,703,0.975142240524292,0.9726305603981018,0.0025116801261901855,0.9514903426170349,0.9467194080352783,1.0,1.0,0.0,0.0,0.0,0.0,0.00029221767908893526,0.975142240524292,0.9514903426170349,3726.0,1643.0,106953.0,109036.0,0.4734649062156677,1.0,1.0,0.0,0.0,0.0,0.0,0.0002604638575576246,1.0,1.0,0.0,0.0,0.0,0.0,0.0004959279904142022,no,no,review
201_4_7_29_jpg.rf.64cf7032d7651ca33da6b0b4c27ccfc8.jpg,201_4_7_29_jpg.rf.64cf7032d7651ca33da6b0b4c27ccfc8.npz,704,0.9751846790313721,0.9774370193481445,-0.002252340316772461,0.9515711665153503,0.955869734287262,1.0,1.0,0.0,0.0,0.0,0.0,0.000249509874265641,1.0,1.0,0.0,0.0,0.0,0.0,0.00031038466840982437,1.0,1.0,0.0,0.0,0.0,0.0,0.00015938114665914327,0.9751846790313721,0.9515711665153503,1488.0,2459.0,80013.0,79042.0,0.34288570284843445,no,no,review
15_242_208_21_20_jpg.rf.3336b513bf72f764c4ce62edbafcc23b.jpg,15_242_208_21_20_jpg.rf.3336b513bf72f764c4ce62edbafcc23b.npz,705,0.9755738377571106,0.9722868204116821,0.003287017345428467,0.9523124694824219,0.9460682272911072,1.0,1.0,0.0,0.0,0.0,0.0,0.0002565693575888872,0.9755738377571106,0.9523124694824219,1746.0,941.0,54600.0,55405.0,0.2392064929008484,1.0,1.0,0.0,0.0,0.0,0.0,0.00022778692073188722,1.0,1.0,0.0,0.0,0.0,0.0,0.00039021699922159314,no,no,review
18_228_Masson_505_93_33_jpg.rf.e52743a202814dd4bee113786c84951c.jpg,18_228_Masson_505_93_33_jpg.rf.e52743a202814dd4bee113786c84951c.npz,706,0.9757128953933716,0.9712954759597778,0.00441741943359375,0.952577531337738,0.9441928863525391,0.9757128953933716,0.952577531337738,270.0,695.0,20079.0,19654.0,0.08487781137228012,1.0,1.0,0.0,0.0,0.0,0.0,0.0003561963385436684,1.0,1.0,0.0,0.0,0.0,0.0,0.0002001212997129187,1.0,1.0,0.0,0.0,0.0,0.0,0.00037360849091783166,no,no,review
15_242_208_34_6_jpg.rf.adf5288abd380062310f816ed57c076c.jpg,15_242_208_34_6_jpg.rf.adf5288abd380062310f816ed57c076c.npz,707,0.9759059548377991,0.9755235314369202,0.00038242340087890625,0.9529456496238708,0.952216625213623,1.0,1.0,0.0,0.0,0.0,0.0,0.0002893214114010334,0.9759059548377991,0.9529456496238708,3188.0,1982.0,106685.0,107891.0,0.4485473036766052,1.0,1.0,0.0,0.0,0.0,0.0,0.000274346093647182,1.0,1.0,0.0,0.0,0.0,0.0,0.0005146420444361866,no,no,review
102_1_6_52_jpg.rf.9566b8d1fa4cede9e383e13186de3eab.jpg,102_1_6_52_jpg.rf.9566b8d1fa4cede9e383e13186de3eab.npz,708,0.9759404063224792,0.9755406379699707,0.0003997683525085449,0.9530113339424133,0.9522492289543152,1.0,1.0,0.0,0.0,0.0,0.0,0.00027239054907113314,1.0,1.0,0.0,0.0,0.0,0.0,0.00029855000320822,1.0,1.0,0.0,0.0,0.0,0.0,0.00016794353723526,0.9759404063224792,0.9530113339424133,264.0,382.0,13484.0,13366.0,0.05815226584672928,no,no,review
201_6_4_46_jpg.rf.c4a1a66e64f8e5e41f4a17e14d4c269a.jpg,201_6_4_46_jpg.rf.c4a1a66e64f8e5e41f4a17e14d4c269a.npz,709,0.9759841561317444,0.9734756350517273,0.00250852108001709,0.9530947208404541,0.9483219385147095,1.0,1.0,0.0,0.0,0.0,0.0,0.0002838908403646201,0.9759841561317444,0.9530947208404541,5554.0,429.0,122001.0,127126.0,0.548534095287323,1.0,1.0,0.0,0.0,0.0,0.0,0.0002580062428023666,1.0,1.0,0.0,0.0,0.0,0.0,0.0004797831061296165,no,no,review
201_6_3_14_jpg.rf.f84b82963f7a0eccdd180a63b7b05a8a.jpg,201_6_3_14_jpg.rf.f84b82963f7a0eccdd180a63b7b05a8a.npz,710,0.9760147333145142,0.9756340980529785,0.00038063526153564453,0.9531530737876892,0.952427327632904,1.0,1.0,0.0,0.0,0.0,0.0,0.0002713527646847069,1.0,1.0,0.0,0.0,0.0,0.0,0.00030232290737330914,1.0,1.0,0.0,0.0,0.0,0.0,0.0001660599809838459,0.9760147333145142,0.9531530737876892,417.0,496.0,19072.0,18993.0,0.08244980126619339,no,no,review
202_4_12_11_jpg.rf.5b176dbb0a7a57f9133a177331b39f8c.jpg,202_4_12_11_jpg.rf.5b176dbb0a7a57f9133a177331b39f8c.npz,711,0.9761046767234802,0.9746842980384827,0.0014203786849975586,0.9533246755599976,0.9506187438964844,1.0,1.0,0.0,0.0,0.0,0.0,0.0002680114994291216,1.0,1.0,0.0,0.0,0.0,0.0,0.0003042253665626049,1.0,1.0,0.0,0.0,0.0,0.0,0.00016479486657772213,0.9761046767234802,0.9533246755599976,751.0,436.0,24680.0,24995.0,0.10854894667863846,no,no,review
201_6_3_14_jpg.rf.75af2426d789258946cb5fd181baa20c.jpg,201_6_3_14_jpg.rf.75af2426d789258946cb5fd181baa20c.npz,712,0.9762962460517883,0.9756162166595459,0.0006800293922424316,0.953690230846405,0.9523932933807373,1.0,1.0,0.0,0.0,0.0,0.0,0.0002708426909521222,1.0,1.0,0.0,0.0,0.0,0.0,0.0003049437946174294,1.0,1.0,0.0,0.0,0.0,0.0,0.00016744395543355495,0.9762962460517883,0.953690230846405,484.0,407.0,18756.0,18833.0,0.08191787451505661,no,no,review
18_228_Masson_505_86_24_jpg.rf.b8dfc1d4f45dea3823638226c4b83b2d.jpg,18_228_Masson_505_86_24_jpg.rf.b8dfc1d4f45dea3823638226c4b83b2d.npz,713,0.9764848351478577,0.9769963026046753,-0.000511467456817627,0.9540501236915588,0.9550272226333618,0.9764848351478577,0.9540501236915588,804.0,655.0,30948.0,31097.0,0.1343790888786316,1.0,1.0,0.0,0.0,0.0,0.0,0.00032593714422546327,1.0,1.0,0.0,0.0,0.0,0.0,0.00020064676937181503,1.0,1.0,0.0,0.0,0.0,0.0,0.0003963091585319489,no,no,review
18_228_Masson_208_66_13_jpg.rf.d6fd4580007a4cb51857be85473f86e9.jpg,18_228_Masson_208_66_13_jpg.rf.d6fd4580007a4cb51857be85473f86e9.npz,714,0.9767231345176697,0.9746238589286804,0.002099275588989258,0.9545053243637085,0.9505037069320679,0.9767231345176697,0.9545053243637085,35.0,68.0,2229.0,2196.0,0.009738970547914505,1.0,1.0,0.0,0.0,0.0,0.0,0.0002997074625454843,1.0,1.0,0.0,0.0,0.0,0.0,0.0001588093873579055,1.0,1.0,0.0,0.0,0.0,0.0,0.000382451806217432,no,no,review
201_6_3_14_jpg.rf.bdf5a1ce5075aec2b13b9b2a77159dfc.jpg,201_6_3_14_jpg.rf.bdf5a1ce5075aec2b13b9b2a77159dfc.npz,715,0.9767392873764038,0.9781931638717651,-0.0014538764953613281,0.9545361399650574,0.957317054271698,1.0,1.0,0.0,0.0,0.0,0.0,0.0002733614237513393,1.0,1.0,0.0,0.0,0.0,0.0,0.00031444281921721995,1.0,1.0,0.0,0.0,0.0,0.0,0.00017550463962834328,0.9767392873764038,0.9545361399650574,389.0,498.0,19121.0,19012.0,0.08244559168815613,no,no,review
201_6_3_14_jpg.rf.7a41621fbba5929a3d99f6c4da73b03e.jpg,201_6_3_14_jpg.rf.7a41621fbba5929a3d99f6c4da73b03e.npz,716,0.9770241975784302,0.9761416912078857,0.0008825063705444336,0.9550804495811462,0.9533952474594116,1.0,1.0,0.0,0.0,0.0,0.0,0.0002734064182732254,1.0,1.0,0.0,0.0,0.0,0.0,0.00031434965785592794,1.0,1.0,0.0,0.0,0.0,0.0,0.0001754216500557959,0.9770241975784302,0.9550804495811462,427.0,447.0,19030.0,19010.0,0.08243684470653534,no,no,review
18_228_Masson_505_86_29_jpg.rf.3ddb5c013ba1fd7c3bf72cc1883e01be.jpg,18_228_Masson_505_86_29_jpg.rf.3ddb5c013ba1fd7c3bf72cc1883e01be.npz,717,0.9771665334701538,0.9766392111778259,0.0005273222923278809,0.9553524851799011,0.9543449878692627,0.9771665334701538,0.9553524851799011,74.0,97.0,3756.0,3733.0,0.016338089480996132,1.0,1.0,0.0,0.0,0.0,0.0,0.0003780782571993768,1.0,1.0,0.0,0.0,0.0,0.0,0.00018165372603107244,1.0,1.0,0.0,0.0,0.0,0.0,0.0003417583357077092,no,no,review
15_242_208_23_18_jpg.rf.10bc3c9b664ae5d8180c1f5ac333c60a.jpg,15_242_208_23_18_jpg.rf.10bc3c9b664ae5d8180c1f5ac333c60a.npz,718,0.9772037863731384,0.9771292209625244,7.456541061401367e-05,0.9554237723350525,0.955281138420105,1.0,1.0,0.0,0.0,0.0,0.0,0.0002496602537576109,0.9772037863731384,0.9554237723350525,410.0,229.0,13925.0,14106.0,0.06126486137509346,1.0,1.0,0.0,0.0,0.0,0.0,0.00021361927792895585,1.0,1.0,0.0,0.0,0.0,0.0,0.0003511713875923306,no,no,review
102_1_6_52_jpg.rf.462028f65143f4a3e05e2a0ee65886ac.jpg,102_1_6_52_jpg.rf.462028f65143f4a3e05e2a0ee65886ac.npz,719,0.9773368835449219,0.9739156365394592,0.0034212470054626465,0.9556782841682434,0.9491574764251709,1.0,1.0,0.0,0.0,0.0,0.0,0.0002723906363826245,1.0,1.0,0.0,0.0,0.0,0.0,0.00029854956665076315,1.0,1.0,0.0,0.0,0.0,0.0,0.00016794269322417676,0.9773368835449219,0.9556782841682434,213.0,397.0,13550.0,13366.0,0.058152515441179276,no,no,review
201_2_8_41_jpg.rf.c680b52b789b364b12b1a903364aa4c4.jpg,201_2_8_41_jpg.rf.c680b52b789b364b12b1a903364aa4c4.npz,720,0.9773767590522766,0.9771780967712402,0.00019866228103637695,0.9557544589042664,0.9553745985031128,1.0,1.0,0.0,0.0,0.0,0.0,0.00026598869590088725,1.0,1.0,0.0,0.0,0.0,0.0,0.0003207435947842896,1.0,1.0,0.0,0.0,0.0,0.0,0.00016571706510148942,0.9773767590522766,0.9557544589042664,1331.0,750.0,45702.0,46283.0,0.2009599804878235,no,no,review
18_228_Masson_505_94_31_jpg.rf.f9426ba4311ddb65d6b2e5c32d1bf9af.jpg,18_228_Masson_505_94_31_jpg.rf.f9426ba4311ddb65d6b2e5c32d1bf9af.npz,721,0.9777530431747437,0.9759454727172852,0.001807570457458496,0.9564743638038635,0.9530209898948669,0.9777530431747437,0.9564743638038635,459.0,220.0,15141.0,15380.0,0.06679607182741165,1.0,1.0,0.0,0.0,0.0,0.0,0.00031959256739355624,1.0,1.0,0.0,0.0,0.0,0.0,0.00017331064736936241,1.0,1.0,0.0,0.0,0.0,0.0,0.0003704025293700397,no,no,review
18_237_201_45_31_jpg.rf.dcac6f15abd2e1de6274d0a3b4e61de2.jpg,18_237_201_45_31_jpg.rf.dcac6f15abd2e1de6274d0a3b4e61de2.npz,722,0.97802734375,0.9693427085876465,0.008684635162353516,0.9569995403289795,0.9405092597007751,0.97802734375,0.9569995403289795,212.0,148.0,8160.0,8224.0,0.03617017716169357,1.0,1.0,0.0,0.0,0.0,0.0,0.00032883769017644227,1.0,1.0,0.0,0.0,0.0,0.0,0.0002114160160999745,1.0,1.0,0.0,0.0,0.0,0.0,0.00036035405355505645,no,no,review
201_3_12_20_jpg.rf.6866b012a8dd617f23d4be929a07ef7b.jpg,201_3_12_20_jpg.rf.6866b012a8dd617f23d4be929a07ef7b.npz,723,0.978154718875885,0.962580680847168,0.015574038028717041,0.9572434425354004,0.9278607368469238,1.0,1.0,0.0,0.0,0.0,0.0,0.00025172322057187557,1.0,1.0,0.0,0.0,0.0,0.0,0.0002968285116367042,1.0,1.0,0.0,0.0,0.0,0.0,0.00015905089094303548,0.978154718875885,0.9572434425354004,1702.0,387.0,47156.0,48471.0,0.2104189544916153,no,no,review
15_242_202_134_56_jpg.rf.ba512deb1de82f6aa23330341f84aa07.jpg,15_242_202_134_56_jpg.rf.ba512deb1de82f6aa23330341f84aa07.npz,724,0.9781801700592041,0.9796973466873169,-0.001517176628112793,0.9572921991348267,0.9602026343345642,0.9781801700592041,0.9572921991348267,92.0,431.0,12154.0,11815.0,0.051364246755838394,1.0,1.0,0.0,0.0,0.0,0.0,0.0002929884067270905,1.0,1.0,0.0,0.0,0.0,0.0,0.0001747209462337196,1.0,1.0,0.0,0.0,0.0,0.0,0.0003851084038615227,no,no,review
15_242_202_134_56_jpg.rf.64e1fcd815544b48e7c0841e7d5e2990.jpg,15_242_202_134_56_jpg.rf.64e1fcd815544b48e7c0841e7d5e2990.npz,725,0.9781950116157532,0.9780868291854858,0.00010818243026733398,0.9573205709457397,0.9571133852005005,0.9781950116157532,0.9573205709457397,241.0,277.0,11896.0,11860.0,0.05153289809823036,1.0,1.0,0.0,0.0,0.0,0.0,0.00028819558792747557,1.0,1.0,0.0,0.0,0.0,0.0,0.00017305323854088783,1.0,1.0,0.0,0.0,0.0,0.0,0.0003787155728787184,no,no,review
201_2_10_42_jpg.rf.60acfc1a80a350e82f2cf362b5be80c0.jpg,201_2_10_42_jpg.rf.60acfc1a80a350e82f2cf362b5be80c0.npz,726,0.9786971807479858,0.9768927097320557,0.0018044710159301758,0.9582830667495728,0.954829216003418,1.0,1.0,0.0,0.0,0.0,0.0,0.0002534611558075994,1.0,1.0,0.0,0.0,0.0,0.0,0.0002994631649926305,1.0,1.0,0.0,0.0,0.0,0.0,0.0001530361478216946,0.9786971807479858,0.9582830667495728,1795.0,556.0,54561.0,55800.0,0.24136044085025787,no,no,review
18_228_Masson_208_67_41_jpg.rf.6d9abd50dfcf88d9d19ce72da5519da9.jpg,18_228_Masson_208_67_41_jpg.rf.6d9abd50dfcf88d9d19ce72da5519da9.npz,727,0.9787060022354126,0.9801456928253174,-0.0014396905899047852,0.9582999348640442,0.9610643982887268,0.9787060022354126,0.9582999348640442,265.0,99.0,8464.0,8630.0,0.03767038509249687,1.0,1.0,0.0,0.0,0.0,0.0,0.00032187296892516315,1.0,1.0,0.0,0.0,0.0,0.0,0.0001872187713161111,1.0,1.0,0.0,0.0,0.0,0.0,0.0003971463884226978,no,no,review
201_1_15_10_jpg.rf.5c2506713788684509af9c66ec754de5.jpg,201_1_15_10_jpg.rf.5c2506713788684509af9c66ec754de5.npz,728,0.9789741039276123,0.9784433841705322,0.0005307197570800781,0.9588142037391663,0.9577965140342712,1.0,1.0,0.0,0.0,0.0,0.0,0.0002503439609427005,1.0,1.0,0.0,0.0,0.0,0.0,0.0003024661564268172,1.0,1.0,0.0,0.0,0.0,0.0,0.00015641872596461326,0.9789741039276123,0.9588142037391663,1835.0,863.0,63673.0,64645.0,0.27974334359169006,no,no,review
202_0_12_32_jpg.rf.ba9609d9445b3b5ace445437002aabdb.jpg,202_0_12_32_jpg.rf.ba9609d9445b3b5ace445437002aabdb.npz,729,0.979343056678772,0.9794434905052185,-0.0001004338264465332,0.9595222473144531,0.9597151279449463,1.0,1.0,0.0,0.0,0.0,0.0,0.0002707071544136852,1.0,1.0,0.0,0.0,0.0,0.0,0.00030487915500998497,1.0,1.0,0.0,0.0,0.0,0.0,0.00016097463958431035,0.979343056678772,0.9595222473144531,492.0,667.0,28141.0,27966.0,0.12142415344715118,no,no,review
18_228_Masson_208_67_41_jpg.rf.34e326dcea40d878d1fee3cbff912087.jpg,18_228_Masson_208_67_41_jpg.rf.34e326dcea40d878d1fee3cbff912087.npz,730,0.9794277548789978,0.9760567545890808,0.003371000289916992,0.9596849083900452,0.9532332420349121,0.9794277548789978,0.9596849083900452,247.0,101.0,8385.0,8531.0,0.03716832026839256,1.0,1.0,0.0,0.0,0.0,0.0,0.0003143412177450955,1.0,1.0,0.0,0.0,0.0,0.0,0.00018329470185562968,1.0,1.0,0.0,0.0,0.0,0.0,0.0003955853171646595,no,no,review
15_242_202_62_116_jpg.rf.6d4be1f03733fdfd4f1a3a40d31a5a0b.jpg,15_242_202_62_116_jpg.rf.6d4be1f03733fdfd4f1a3a40d31a5a0b.npz,731,0.9794883131980896,0.9822271466255188,-0.0027388334274291992,0.9598011374473572,0.9650750160217285,0.9794883131980896,0.9598011374473572,237.0,701.0,23097.0,22633.0,0.09821703284978867,1.0,1.0,0.0,0.0,0.0,0.0,0.0002848278672900051,1.0,1.0,0.0,0.0,0.0,0.0,0.0001763250766089186,1.0,1.0,0.0,0.0,0.0,0.0,0.0003928561636712402,no,no,review
18_228_Masson_505_91_30_jpg.rf.3f104d0609d3fca4b41b0b76b343c977.jpg,18_228_Masson_505_91_30_jpg.rf.3f104d0609d3fca4b41b0b76b343c977.npz,732,0.9796634912490845,0.9767161011695862,0.002947390079498291,0.9601376056671143,0.9544917941093445,0.9796634912490845,0.9601376056671143,493.0,353.0,20730.0,20870.0,0.09026678651571274,1.0,1.0,0.0,0.0,0.0,0.0,0.00035041564842686057,1.0,1.0,0.0,0.0,0.0,0.0,0.0001924193202285096,1.0,1.0,0.0,0.0,0.0,0.0,0.00037510384572669864,no,no,review
15_242_202_134_56_jpg.rf.ee01520f6bff927d97cdbb978352deee.jpg,15_242_202_134_56_jpg.rf.ee01520f6bff927d97cdbb978352deee.npz,733,0.9796658754348755,0.9779254198074341,0.0017404556274414062,0.9601422548294067,0.9568043351173401,0.9796658754348755,0.9601422548294067,217.0,265.0,11876.0,11828.0,0.05142347514629364,1.0,1.0,0.0,0.0,0.0,0.0,0.00028674915665760636,1.0,1.0,0.0,0.0,0.0,0.0,0.00017102775746025145,1.0,1.0,0.0,0.0,0.0,0.0,0.0003771587216760963,no,no,review
15_242_202_134_56_jpg.rf.2ddd2b95b8403f4407072d0e1ba797cf.jpg,15_242_202_134_56_jpg.rf.2ddd2b95b8403f4407072d0e1ba797cf.npz,734,0.979733407497406,0.9799522757530212,-0.00021886825561523438,0.960271954536438,0.9606925845146179,0.979733407497406,0.960271954536438,91.0,394.0,12117.0,11814.0,0.0513639971613884,1.0,1.0,0.0,0.0,0.0,0.0,0.0002929902693722397,1.0,1.0,0.0,0.0,0.0,0.0,0.00017472270701546222,1.0,1.0,0.0,0.0,0.0,0.0,0.00038511084858328104,no,no,review
202_0_12_32_jpg.rf.e474a296d0324fe961e87bb4f7eb6d5b.jpg,202_0_12_32_jpg.rf.e474a296d0324fe961e87bb4f7eb6d5b.npz,735,0.9800152778625488,0.979841411113739,0.00017386674880981445,0.9608137011528015,0.9604795575141907,1.0,1.0,0.0,0.0,0.0,0.0,0.000270279124379158,1.0,1.0,0.0,0.0,0.0,0.0,0.0003039199218619615,1.0,1.0,0.0,0.0,0.0,0.0,0.00016096812032628804,0.9800152778625488,0.9608137011528015,416.0,709.0,28293.0,28000.0,0.12184177339076996,no,no,review
201_2_16_6_jpg.rf.553c35d5077a1e0d2651a6c5850c499a.jpg,201_2_16_6_jpg.rf.553c35d5077a1e0d2651a6c5850c499a.npz,736,0.9800488352775574,0.9802996516227722,-0.00025081634521484375,0.9608781933784485,0.961360514163971,1.0,1.0,0.0,0.0,0.0,0.0,0.0002533219812903553,1.0,1.0,0.0,0.0,0.0,0.0,0.0002998916315846145,1.0,1.0,0.0,0.0,0.0,0.0,0.00015915177937131375,0.9800488352775574,0.9608781933784485,1596.0,569.0,53744.0,54771.0,0.23698996007442474,no,no,review
18_228_Masson_505_91_30_jpg.rf.ce3c3bdd9847d458b65068a769742710.jpg,18_228_Masson_505_91_30_jpg.rf.ce3c3bdd9847d458b65068a769742710.npz,737,0.9800844788551331,0.9786691665649414,0.0014153122901916504,0.9609466791152954,0.9582293629646301,0.9800844788551331,0.9609466791152954,518.0,312.0,20735.0,20941.0,0.09056585282087326,1.0,1.0,0.0,0.0,0.0,0.0,0.00036091110086999834,1.0,1.0,0.0,0.0,0.0,0.0,0.00020551493798848242,1.0,1.0,0.0,0.0,0.0,0.0,0.0003715167986229062,no,no,review
18_228_Masson_505_93_27_jpg.rf.8cb901c7a14f9b7520649fac35bfa321.jpg,18_228_Masson_505_93_27_jpg.rf.8cb901c7a14f9b7520649fac35bfa321.npz,738,0.9802615642547607,0.980277419090271,-1.5854835510253906e-05,0.9612872004508972,0.9613177180290222,0.9802615642547607,0.9612872004508972,238.0,408.0,16449.0,16279.0,0.07007578760385513,1.0,1.0,0.0,0.0,0.0,0.0,0.0003306657599750906,1.0,1.0,0.0,0.0,0.0,0.0,0.00017992418725043535,1.0,1.0,0.0,0.0,0.0,0.0,0.0003993979189544916,no,no,review
18_229_Masson_202_98_10_jpg.rf.959b49b3fa0324e06b0bab6e38dd9cc4.jpg,18_229_Masson_202_98_10_jpg.rf.959b49b3fa0324e06b0bab6e38dd9cc4.npz,739,0.9802844524383545,0.9583125114440918,0.021971940994262695,0.9613312482833862,0.9199616312980652,0.9802844524383545,0.9613312482833862,7.0,316.0,8346.0,8037.0,0.03682413697242737,1.0,1.0,0.0,0.0,0.0,0.0,0.0003356777015142143,1.0,1.0,0.0,0.0,0.0,0.0,0.00018837355310097337,1.0,1.0,0.0,0.0,0.0,0.0,0.0003680079826153815,no,no,review
201_8_3_34_jpg.rf.89af119de58229d5ee132b85df321635.jpg,201_8_3_34_jpg.rf.89af119de58229d5ee132b85df321635.npz,740,0.980407178401947,0.979833722114563,0.0005734562873840332,0.9615672826766968,0.9604646563529968,1.0,1.0,0.0,0.0,0.0,0.0,0.00027279587811790407,1.0,1.0,0.0,0.0,0.0,0.0,0.0003077574947383255,1.0,1.0,0.0,0.0,0.0,0.0,0.00016640369722153991,0.980407178401947,0.9615672826766968,530.0,495.0,26140.0,26175.0,0.11362115293741226,no,no,review
201_6_17_51_jpg.rf.5aea25df82a5dbc794e79afce8789f6a.jpg,201_6_17_51_jpg.rf.5aea25df82a5dbc794e79afce8789f6a.npz,741,0.9804612398147583,0.9814056158065796,-0.0009443759918212891,0.9616713523864746,0.9634900689125061,1.0,1.0,0.0,0.0,0.0,0.0,0.0002552200749050826,1.0,1.0,0.0,0.0,0.0,0.0,0.0002972851216327399,1.0,1.0,0.0,0.0,0.0,0.0,0.0001595265930518508,0.9804612398147583,0.9616713523864746,1315.0,316.0,41238.0,42237.0,0.18311715126037598,no,no,review
16_224_604_91_50_jpg.rf.2fc0f7e1ccfc3bb438060718c3ba1d5a.jpg,16_224_604_91_50_jpg.rf.2fc0f7e1ccfc3bb438060718c3ba1d5a.npz,742,0.9804947376251221,0.9808654189109802,-0.0003706812858581543,0.9617359042167664,0.9624493718147278,0.9804947376251221,0.9617359042167664,691.0,293.0,25025.0,25423.0,0.110152967274189,1.0,1.0,0.0,0.0,0.0,0.0,0.0002902149280998856,1.0,1.0,0.0,0.0,0.0,0.0,0.00018263903621118516,1.0,1.0,0.0,0.0,0.0,0.0,0.0004051525320392102,no,no,review
15_242_202_115_61_jpg.rf.685a38f403a3002d67ec7acde9143baa.jpg,15_242_202_115_61_jpg.rf.685a38f403a3002d67ec7acde9143baa.npz,743,0.980606198310852,0.9777657985687256,0.002840399742126465,0.9619502425193787,0.9564988017082214,0.980606198310852,0.9619502425193787,368.0,62.0,10933.0,11239.0,0.04875393211841583,1.0,1.0,0.0,0.0,0.0,0.0,0.00029032331076450646,1.0,1.0,0.0,0.0,0.0,0.0,0.0001751836680341512,1.0,1.0,0.0,0.0,0.0,0.0,0.00036674810689873993,no,no,review
18_228_Masson_208_67_41_jpg.rf.ededd08a0f3c01da734cffa0582499de.jpg,18_228_Masson_208_67_41_jpg.rf.ededd08a0f3c01da734cffa0582499de.npz,744,0.9806945323944092,0.980414867401123,0.0002796649932861328,0.9621203541755676,0.9615821838378906,0.9806945323944092,0.9621203541755676,91.0,242.0,8700.0,8549.0,0.037308428436517715,1.0,1.0,0.0,0.0,0.0,0.0,0.00031686018337495625,1.0,1.0,0.0,0.0,0.0,0.0,0.00018438177357893437,1.0,1.0,0.0,0.0,0.0,0.0,0.00039239568286575377,no,no,review
16_224_604_91_50_jpg.rf.864b9b311cb6baba9d56c16c09d35bb3.jpg,16_224_604_91_50_jpg.rf.864b9b311cb6baba9d56c16c09d35bb3.npz,745,0.9808205962181091,0.9765791296958923,0.004241466522216797,0.962363064289093,0.9542302489280701,0.9808205962181091,0.962363064289093,683.0,286.0,25063.0,25460.0,0.11043083667755127,1.0,1.0,0.0,0.0,0.0,0.0,0.00029242804157547653,1.0,1.0,0.0,0.0,0.0,0.0,0.00018421099230181426,1.0,1.0,0.0,0.0,0.0,0.0,0.00040664401603862643,no,no,review
18_228_Masson_505_104_28_jpg.rf.e90c72cf49abd57b02d13f0190bb87ed.jpg,18_228_Masson_505_104_28_jpg.rf.e90c72cf49abd57b02d13f0190bb87ed.npz,746,0.9809001088142395,0.9779289364814758,0.002971172332763672,0.9625161290168762,0.9568111300468445,0.9809001088142395,0.9625161290168762,230.0,553.0,20659.0,20336.0,0.0880424901843071,1.0,1.0,0.0,0.0,0.0,0.0,0.0004073623276781291,1.0,1.0,0.0,0.0,0.0,0.0,0.00022092134167905897,1.0,1.0,0.0,0.0,0.0,0.0,0.0003704394039232284,no,no,review
18_228_Masson_505_86_18_jpg.rf.84dcff8e131621e4308b328c7bf0a948.jpg,18_228_Masson_505_86_18_jpg.rf.84dcff8e131621e4308b328c7bf0a948.npz,747,0.9809474349021912,0.9777215123176575,0.0032259225845336914,0.9626073241233826,0.956413984298706,0.9809474349021912,0.9626073241233826,126.0,205.0,8726.0,8647.0,0.037397731095552444,1.0,1.0,0.0,0.0,0.0,0.0,0.0003160469641443342,1.0,1.0,0.0,0.0,0.0,0.0,0.00017628366185817868,1.0,1.0,0.0,0.0,0.0,0.0,0.0003917560388799757,no,no,review
15_242_202_134_56_jpg.rf.a4fdeb7242ef7d5060c887bb7d374f85.jpg,15_242_202_134_56_jpg.rf.a4fdeb7242ef7d5060c887bb7d374f85.npz,748,0.9810566902160645,0.9765735864639282,0.0044831037521362305,0.9628176689147949,0.9542196393013,0.9810566902160645,0.9628176689147949,101.0,354.0,12136.0,11883.0,0.05164574459195137,1.0,1.0,0.0,0.0,0.0,0.0,0.0002860795648302883,1.0,1.0,0.0,0.0,0.0,0.0,0.00017145092715509236,1.0,1.0,0.0,0.0,0.0,0.0,0.00037560949567705393,no,no,review
17_228_801_67_60_jpg.rf.ed3e9ec1d385994047955ecd66401818.jpg,17_228_801_67_60_jpg.rf.ed3e9ec1d385994047955ecd66401818.npz,749,0.9811561703681946,0.9788338541984558,0.0023223161697387695,0.9630093574523926,0.9585452079772949,0.9811561703681946,0.9630093574523926,1058.0,271.0,34870.0,35657.0,0.15436312556266785,1.0,1.0,0.0,0.0,0.0,0.0,0.0003062281757593155,1.0,1.0,0.0,0.0,0.0,0.0,0.000199113113922067,1.0,1.0,0.0,0.0,0.0,0.0,0.00044776301365345716,no,no,review
201_4_7_16_jpg.rf.6e9d6eb986251ad2726d5c6d755f9787.jpg,201_4_7_16_jpg.rf.6e9d6eb986251ad2726d5c6d755f9787.npz,750,0.9812793731689453,0.9795530438423157,0.0017263293266296387,0.963246762752533,0.9599254727363586,1.0,1.0,0.0,0.0,0.0,0.0,0.0002549682976678014,1.0,1.0,0.0,0.0,0.0,0.0,0.000306284666294232,1.0,1.0,0.0,0.0,0.0,0.0,0.0001605080033186823,0.9812793731689453,0.963246762752533,1004.0,1025.0,54202.0,54181.0,0.23437756299972534,no,no,review
18_228_Masson_505_89_33_jpg.rf.73a06be531e292e7de18684bbe424fd3.jpg,18_228_Masson_505_89_33_jpg.rf.73a06be531e292e7de18684bbe424fd3.npz,751,0.9813228249549866,0.9796838760375977,0.001638948917388916,0.9633305072784424,0.9601767659187317,0.9813228249549866,0.9633305072784424,576.0,152.0,19277.0,19701.0,0.08532805740833282,1.0,1.0,0.0,0.0,0.0,0.0,0.00033190351678058505,1.0,1.0,0.0,0.0,0.0,0.0,0.00019541732035577297,1.0,1.0,0.0,0.0,0.0,0.0,0.0004018627805635333,no,no,review
17_228_801_67_60_jpg.rf.17f3483997a74ee8cdd341a82566dd0a.jpg,17_228_801_67_60_jpg.rf.17f3483997a74ee8cdd341a82566dd0a.npz,752,0.9815881252288818,0.9786025285720825,0.0029855966567993164,0.96384197473526,0.9581015706062317,0.9815881252288818,0.96384197473526,1065.0,233.0,34833.0,35665.0,0.15446144342422485,1.0,1.0,0.0,0.0,0.0,0.0,0.0003033301909454167,1.0,1.0,0.0,0.0,0.0,0.0,0.00020105484873056412,1.0,1.0,0.0,0.0,0.0,0.0,0.0004556432249955833,no,no,review
15_242_202_50_114_jpg.rf.bd370ba59825613521354970af86fcfd.jpg,15_242_202_50_114_jpg.rf.bd370ba59825613521354970af86fcfd.npz,753,0.9816005229949951,0.983237087726593,-0.0016365647315979004,0.9638658761978149,0.9670268893241882,0.9816005229949951,0.9638658761978149,38.0,420.0,12637.0,12255.0,0.05333136394619942,1.0,1.0,0.0,0.0,0.0,0.0,0.0003001982986461371,1.0,1.0,0.0,0.0,0.0,0.0,0.00018047024786937982,1.0,1.0,0.0,0.0,0.0,0.0,0.0003948660450987518,no,no,review
16_224_604_90_44_jpg.rf.b4ff33ec6829920d2d8af2527ae1af64.jpg,16_224_604_90_44_jpg.rf.b4ff33ec6829920d2d8af2527ae1af64.npz,754,0.9816110134124756,0.9808559417724609,0.0007550716400146484,0.9638861417770386,0.9624311327934265,0.9816110134124756,0.9638861417770386,121.0,63.0,4974.0,5032.0,0.02200784534215927,1.0,1.0,0.0,0.0,0.0,0.0,0.0003118851745966822,1.0,1.0,0.0,0.0,0.0,0.0,0.0001806908694561571,1.0,1.0,0.0,0.0,0.0,0.0,0.0003604258527047932,no,no,review
15_242_202_50_114_jpg.rf.bd2d119650cea568ec75826dcb8aa234.jpg,15_242_202_50_114_jpg.rf.bd2d119650cea568ec75826dcb8aa234.npz,755,0.981641411781311,0.9834830164909363,-0.0018416047096252441,0.9639447927474976,0.967502772808075,0.981641411781311,0.9639447927474976,38.0,419.0,12637.0,12256.0,0.05333761125802994,1.0,1.0,0.0,0.0,0.0,0.0,0.000299996929243207,1.0,1.0,0.0,0.0,0.0,0.0,0.00018024952441919595,1.0,1.0,0.0,0.0,0.0,0.0,0.0003945279459003359,no,no,review
201_5_23_2_jpg.rf.3a5f71a4b88e866e689260d322e67b42.jpg,201_5_23_2_jpg.rf.3a5f71a4b88e866e689260d322e67b42.npz,756,0.9816902875900269,0.9815924763679504,9.781122207641602e-05,0.9640389680862427,0.9638503789901733,1.0,1.0,0.0,0.0,0.0,0.0,0.0002442281402181834,1.0,1.0,0.0,0.0,0.0,0.0,0.00030875837546773255,1.0,1.0,0.0,0.0,0.0,0.0,0.0001561660028528422,0.9816902875900269,0.9640389680862427,1941.0,1151.0,84041.0,84831.0,0.3675042688846588,no,no,review
15_242_202_102_30_jpg.rf.cfd861b660ec8c72da3f8b8d54c8f030.jpg,15_242_202_102_30_jpg.rf.cfd861b660ec8c72da3f8b8d54c8f030.npz,757,0.9817517995834351,0.9801356792449951,0.0016161203384399414,0.9641577005386353,0.9610451459884644,0.9817517995834351,0.9641577005386353,160.0,290.0,12395.0,12265.0,0.053214605897665024,1.0,1.0,0.0,0.0,0.0,0.0,0.0002919180260505527,1.0,1.0,0.0,0.0,0.0,0.0,0.00017383851809427142,1.0,1.0,0.0,0.0,0.0,0.0,0.0003941107715945691,no,no,review
201_8_14_7_jpg.rf.3aa849915960b055fa4a7cdc75065829.jpg,201_8_14_7_jpg.rf.3aa849915960b055fa4a7cdc75065829.npz,758,0.9818063378334045,0.9810355305671692,0.0007708072662353516,0.964262843132019,0.9627769589424133,1.0,1.0,0.0,0.0,0.0,0.0,0.0002510061312932521,1.0,1.0,0.0,0.0,0.0,0.0,0.0003009602369274944,1.0,1.0,0.0,0.0,0.0,0.0,0.00015844381414353848,0.9818063378334045,0.964262843132019,1811.0,364.0,59050.0,60497.0,0.26184868812561035,no,no,review
15_242_202_35_94_jpg.rf.629d27adb8ce80c303cdce2fbd912800.jpg,15_242_202_35_94_jpg.rf.629d27adb8ce80c303cdce2fbd912800.npz,759,0.9819536209106445,0.9799461364746094,0.0020074844360351562,0.9645469784736633,0.9606807827949524,0.9819536209106445,0.9645469784736633,127.0,503.0,17643.0,17267.0,0.07502686232328415,1.0,1.0,0.0,0.0,0.0,0.0,0.0002928597095888108,1.0,1.0,0.0,0.0,0.0,0.0,0.00017645294428803027,1.0,1.0,0.0,0.0,0.0,0.0,0.0003905445337295532,no,no,review
18_211_Masson_208_8_19_jpg.rf.4623a886b108fd96c4d79e495416c9cc.jpg,18_211_Masson_208_8_19_jpg.rf.4623a886b108fd96c4d79e495416c9cc.npz,760,0.982275664806366,0.9816210269927979,0.0006546378135681152,0.9651687145233154,0.9639054536819458,0.982275664806366,0.9651687145233154,136.0,57.0,5405.0,5484.0,0.023939387872815132,1.0,1.0,0.0,0.0,0.0,0.0,0.00036244120565243065,1.0,1.0,0.0,0.0,0.0,0.0,0.00021498987916857004,1.0,1.0,0.0,0.0,0.0,0.0,0.0003800601698458195,no,no,review
15_242_202_115_61_jpg.rf.656fe8eeaa1df81f968203ac15101e2b.jpg,15_242_202_115_61_jpg.rf.656fe8eeaa1df81f968203ac15101e2b.npz,761,0.9823700189590454,0.9812904596328735,0.001079559326171875,0.965350866317749,0.9632681608200073,0.9823700189590454,0.965350866317749,380.0,15.0,11020.0,11385.0,0.04929843544960022,1.0,1.0,0.0,0.0,0.0,0.0,0.0002973524387925863,1.0,1.0,0.0,0.0,0.0,0.0,0.00018286181148141623,1.0,1.0,0.0,0.0,0.0,0.0,0.0003726762079168111,no,no,review
201_8_14_7_jpg.rf.9e0d6f479fab2363ddd4e82d2c95af87.jpg,201_8_14_7_jpg.rf.9e0d6f479fab2363ddd4e82d2c95af87.npz,762,0.9824496507644653,0.9823729991912842,7.665157318115234e-05,0.9655047655105591,0.965356707572937,1.0,1.0,0.0,0.0,0.0,0.0,0.0002501487615518272,1.0,1.0,0.0,0.0,0.0,0.0,0.0002994405513163656,1.0,1.0,0.0,0.0,0.0,0.0,0.0001543281541671604,0.9824496507644653,0.9655047655105591,1749.0,348.0,59042.0,60443.0,0.2616901695728302,no,no,review
201_1_15_10_jpg.rf.2eec450c96805f621f698116499b6780.jpg,201_1_15_10_jpg.rf.2eec450c96805f621f698116499b6780.npz,763,0.9824633002281189,0.9812116026878357,0.0012516975402832031,0.965531051158905,0.9631161689758301,1.0,1.0,0.0,0.0,0.0,0.0,0.0002508821780793369,1.0,1.0,0.0,0.0,0.0,0.0,0.0003029671497642994,1.0,1.0,0.0,0.0,0.0,0.0,0.00015668460400775075,0.9824633002281189,0.965531051158905,1474.0,767.0,63541.0,64248.0,0.27829709649086,no,no,review
15_242_202_35_94_jpg.rf.13242b0ce198ee33626b92b50b12ff55.jpg,15_242_202_35_94_jpg.rf.13242b0ce198ee33626b92b50b12ff55.npz,764,0.9826004505157471,0.9837868809700012,-0.0011864304542541504,0.9657959938049316,0.9680911302566528,0.9826004505157471,0.9657959938049316,468.0,137.0,17220.0,17551.0,0.07610377669334412,1.0,1.0,0.0,0.0,0.0,0.0,0.00029780413024127483,1.0,1.0,0.0,0.0,0.0,0.0,0.00018027433543466032,1.0,1.0,0.0,0.0,0.0,0.0,0.00039301259675994515,no,no,review
202_5_17_40_jpg.rf.adc1c3d2c5d387f359e981d1e92f0644.jpg,202_5_17_40_jpg.rf.adc1c3d2c5d387f359e981d1e92f0644.npz,765,0.982789933681488,0.9834312200546265,-0.0006412863731384277,0.9661622643470764,0.9674025177955627,1.0,1.0,0.0,0.0,0.0,0.0,0.00025993885356001556,1.0,1.0,0.0,0.0,0.0,0.0,0.0002954817609861493,1.0,1.0,0.0,0.0,0.0,0.0,0.00015630802954547107,0.982789933681488,0.9661622643470764,442.0,448.0,25860.0,25854.0,0.11221745610237122,no,no,review
15_242_202_56_109_jpg.rf.b3270e23c6f2363599936a52286cf5cb.jpg,15_242_202_56_109_jpg.rf.b3270e23c6f2363599936a52286cf5cb.npz,766,0.983076810836792,0.9821220636367798,0.000954747200012207,0.9667168259620667,0.9648721218109131,0.983076810836792,0.9667168259620667,378.0,219.0,17559.0,17718.0,0.07669904083013535,1.0,1.0,0.0,0.0,0.0,0.0,0.0002775129396468401,1.0,1.0,0.0,0.0,0.0,0.0,0.00017647555796429515,1.0,1.0,0.0,0.0,0.0,0.0,0.0003967409720644355,no,no,review
15_242_202_82_114_jpg.rf.b65af112e7c0fac6887ed778f3b48c78.jpg,15_242_202_82_114_jpg.rf.b65af112e7c0fac6887ed778f3b48c78.npz,767,0.983216404914856,0.9790927171707153,0.004123687744140625,0.966986894607544,0.9590417742729187,0.983216404914856,0.966986894607544,255.0,178.0,12861.0,12938.0,0.05622793361544609,1.0,1.0,0.0,0.0,0.0,0.0,0.0002930419286713004,1.0,1.0,0.0,0.0,0.0,0.0,0.00017013965407386422,1.0,1.0,0.0,0.0,0.0,0.0,0.0003903194738086313,no,no,review
18_228_Masson_505_83_27_jpg.rf.c389da21c63d1e8ee041ea385183cd7b.jpg,18_228_Masson_505_83_27_jpg.rf.c389da21c63d1e8ee041ea385183cd7b.npz,768,0.9832578897476196,0.9812882542610168,0.001969635486602783,0.9670671224594116,0.9632638692855835,0.9832578897476196,0.9670671224594116,82.0,384.0,14068.0,13766.0,0.05979292094707489,1.0,1.0,0.0,0.0,0.0,0.0,0.00031769537599757314,1.0,1.0,0.0,0.0,0.0,0.0,0.00017402191588189453,1.0,1.0,0.0,0.0,0.0,0.0,0.0003785911248996854,no,no,review
201_10_8_44_jpg.rf.b3a95bf43ccb649f46f47dc6b4a7d72d.jpg,201_10_8_44_jpg.rf.b3a95bf43ccb649f46f47dc6b4a7d72d.npz,769,0.9836702346801758,0.9847648739814758,-0.0010946393013000488,0.9678652882575989,0.9699870347976685,1.0,1.0,0.0,0.0,0.0,0.0,0.00026606151368469,1.0,1.0,0.0,0.0,0.0,0.0,0.00030477947439067066,1.0,1.0,0.0,0.0,0.0,0.0,0.00016556773334741592,0.9836702346801758,0.9678652882575989,757.0,386.0,34812.0,35183.0,0.15241122245788574,no,no,review
18_211_Masson_208_8_19_jpg.rf.132b2d2ec6dd06e62fe0bc939c81d791.jpg,18_211_Masson_208_8_19_jpg.rf.132b2d2ec6dd06e62fe0bc939c81d791.npz,770,0.9837818145751953,0.984015166759491,-0.0002333521842956543,0.9680812954902649,0.9685333371162415,0.9837818145751953,0.9680812954902649,52.0,127.0,5556.0,5481.0,0.023955212906003,1.0,1.0,0.0,0.0,0.0,0.0,0.00035385708906687796,1.0,1.0,0.0,0.0,0.0,0.0,0.0002064703730866313,1.0,1.0,0.0,0.0,0.0,0.0,0.0003799118858296424,no,no,review
202_4_17_56_jpg.rf.5f5b992e1f45826b3a477e8c07c22a05.jpg,202_4_17_56_jpg.rf.5f5b992e1f45826b3a477e8c07c22a05.npz,771,0.9838882684707642,0.9848040342330933,-0.0009157657623291016,0.968287467956543,0.9700629711151123,1.0,1.0,0.0,0.0,0.0,0.0,0.00025586981792002916,1.0,1.0,0.0,0.0,0.0,0.0,0.0002990469220094383,1.0,1.0,0.0,0.0,0.0,0.0,0.0001585272839292884,0.9838882684707642,0.968287467956543,834.0,593.0,44164.0,44405.0,0.19247350096702576,no,no,review
15_242_202_122_90_jpg.rf.518ac0d32bd85f671ce4259a7079820e.jpg,15_242_202_122_90_jpg.rf.518ac0d32bd85f671ce4259a7079820e.npz,772,0.984167754650116,0.9820359349250793,0.002131819725036621,0.9688290357589722,0.9647058844566345,0.984167754650116,0.9688290357589722,189.0,267.0,14440.0,14362.0,0.06230079382658005,1.0,1.0,0.0,0.0,0.0,0.0,0.000304158020298928,1.0,1.0,0.0,0.0,0.0,0.0,0.0001854147994890809,1.0,1.0,0.0,0.0,0.0,0.0,0.0003771182964555919,no,no,review
16_224_604_90_44_jpg.rf.75b3468bb54edf984c38529d53b9a31b.jpg,16_224_604_90_44_jpg.rf.75b3468bb54edf984c38529d53b9a31b.npz,773,0.9844704866409302,0.9827412962913513,0.0017291903495788574,0.9694159626960754,0.9660682678222656,0.9844704866409302,0.9694159626960754,91.0,64.0,4977.0,5004.0,0.021931646391749382,1.0,1.0,0.0,0.0,0.0,0.0,0.0003172711003571749,1.0,1.0,0.0,0.0,0.0,0.0,0.00018281770462635905,1.0,1.0,0.0,0.0,0.0,0.0,0.00036279053892940283,no,no,review
15_242_202_125_25_jpg.rf.f9fd742b1275b3ccc03f456942c0b7b8.jpg,15_242_202_125_25_jpg.rf.f9fd742b1275b3ccc03f456942c0b7b8.npz,774,0.9844846725463867,0.9824405312538147,0.0020441412925720215,0.9694433808326721,0.9654871225357056,0.9844846725463867,0.9694433808326721,199.0,535.0,23822.0,23486.0,0.10199736803770065,1.0,1.0,0.0,0.0,0.0,0.0,0.0002996334224008024,1.0,1.0,0.0,0.0,0.0,0.0,0.00018709441064856946,1.0,1.0,0.0,0.0,0.0,0.0,0.00040871097007766366,no,no,review
15_242_202_35_94_jpg.rf.33250c866121fe763fe220327859ecfa.jpg,15_242_202_35_94_jpg.rf.33250c866121fe763fe220327859ecfa.npz,775,0.9846197962760925,0.9805644154548645,0.004055380821228027,0.9697055220603943,0.9618698954582214,0.9846197962760925,0.9697055220603943,131.0,407.0,17628.0,17352.0,0.07527558505535126,1.0,1.0,0.0,0.0,0.0,0.0,0.00029191203066147864,1.0,1.0,0.0,0.0,0.0,0.0,0.00017626391490921378,1.0,1.0,0.0,0.0,0.0,0.0,0.00039233657298609614,no,no,review
201_6_19_35_jpg.rf.9d0bd164662a4752b9c7ff3bbf3e5f6b.jpg,201_6_19_35_jpg.rf.9d0bd164662a4752b9c7ff3bbf3e5f6b.npz,776,0.9846987128257751,0.9840517044067383,0.0006470084190368652,0.9698586463928223,0.9686040878295898,1.0,1.0,0.0,0.0,0.0,0.0,0.00025753991212695837,1.0,1.0,0.0,0.0,0.0,0.0,0.0002870324533432722,1.0,1.0,0.0,0.0,0.0,0.0,0.00015574280405417085,0.9846987128257751,0.9698586463928223,301.0,377.0,22193.0,22117.0,0.09607008844614029,no,no,review
15_242_208_27_12_jpg.rf.58194e3da2d91b6f0c2cb466acd6844e.jpg,15_242_208_27_12_jpg.rf.58194e3da2d91b6f0c2cb466acd6844e.npz,777,0.984771728515625,0.9861064553260803,-0.0013347268104553223,0.9700003266334534,0.9725936651229858,1.0,1.0,0.0,0.0,0.0,0.0,0.0003143325448036194,0.984771728515625,0.9700003266334534,2608.0,2684.0,173794.0,173718.0,0.7471165060997009,1.0,1.0,0.0,0.0,0.0,0.0,0.0002565686882007867,1.0,1.0,0.0,0.0,0.0,0.0,0.0005684418720193207,no,yes,review
15_242_208_27_12_jpg.rf.03ff87e936ec788ff5843eb23dcee2e6.jpg,15_242_208_27_12_jpg.rf.03ff87e936ec788ff5843eb23dcee2e6.npz,778,0.9848342537879944,0.9779268503189087,0.006907403469085693,0.9701216220855713,0.9568071365356445,1.0,1.0,0.0,0.0,0.0,0.0,0.00031497227610088885,0.9848342537879944,0.9701216220855713,3777.0,1534.0,173977.0,176220.0,0.7580761909484863,1.0,1.0,0.0,0.0,0.0,0.0,0.0002504893345758319,1.0,1.0,0.0,0.0,0.0,0.0,0.0005635714042000473,no,no,review
16_224_604_90_44_jpg.rf.4d8e5ad41d69a18538c799f2993581b2.jpg,16_224_604_90_44_jpg.rf.4d8e5ad41d69a18538c799f2993581b2.npz,779,0.9852285385131836,0.9842848777770996,0.0009436607360839844,0.9708870649337769,0.9690560102462769,0.9852285385131836,0.9708870649337769,55.0,94.0,5063.0,5024.0,0.021967384964227676,1.0,1.0,0.0,0.0,0.0,0.0,0.0003044988843612373,1.0,1.0,0.0,0.0,0.0,0.0,0.00017713740817271173,1.0,1.0,0.0,0.0,0.0,0.0,0.00036278870538808405,no,no,review
18_211_Masson_208_8_19_jpg.rf.ff2641751ac015f5a9fb7d7aaf139633.jpg,18_211_Masson_208_8_19_jpg.rf.ff2641751ac015f5a9fb7d7aaf139633.npz,780,0.9852631688117981,0.9829888343811035,0.00227433443069458,0.9709543585777283,0.9665467739105225,0.9852631688117981,0.9709543585777283,57.0,104.0,5486.0,5439.0,0.02371789701282978,1.0,1.0,0.0,0.0,0.0,0.0,0.00037829141365364194,1.0,1.0,0.0,0.0,0.0,0.0,0.00021930912043899298,1.0,1.0,0.0,0.0,0.0,0.0,0.00037301136762835085,no,no,review
202_5_17_40_jpg.rf.be176543368a22a2dc032f36057e3ece.jpg,202_5_17_40_jpg.rf.be176543368a22a2dc032f36057e3ece.npz,781,0.9854461550712585,0.9846503734588623,0.0007957816123962402,0.9713099002838135,0.9697648882865906,1.0,1.0,0.0,0.0,0.0,0.0,0.000259964115684852,1.0,1.0,0.0,0.0,0.0,0.0,0.00029552122578024864,1.0,1.0,0.0,0.0,0.0,0.0,0.0001563318510306999,0.9854461550712585,0.9713099002838135,362.0,391.0,25884.0,25855.0,0.11222654581069946,no,no,review
201_8_14_7_jpg.rf.008087499af9f79d0f4e31a1e28b3c9a.jpg,201_8_14_7_jpg.rf.008087499af9f79d0f4e31a1e28b3c9a.npz,782,0.9856692552566528,0.9858194589614868,-0.00015020370483398438,0.9717434644699097,0.9720355272293091,1.0,1.0,0.0,0.0,0.0,0.0,0.0002483191783539951,1.0,1.0,0.0,0.0,0.0,0.0,0.0002969299384858459,1.0,1.0,0.0,0.0,0.0,0.0,0.0001526122068753466,0.9856692552566528,0.9717434644699097,1220.0,508.0,59934.0,60646.0,0.26264098286628723,no,no,review
202_5_13_53_jpg.rf.3c9c894bcf525210d6bf24707df0b94c.jpg,202_5_13_53_jpg.rf.3c9c894bcf525210d6bf24707df0b94c.npz,783,0.9857785701751709,0.9866923093795776,-0.0009137392044067383,0.9719559550285339,0.9737342000007629,1.0,1.0,0.0,0.0,0.0,0.0,0.0002669499081093818,1.0,1.0,0.0,0.0,0.0,0.0,0.0003115808358415961,1.0,1.0,0.0,0.0,0.0,0.0,0.0001605382567504421,0.9857785701751709,0.9719559550285339,568.0,570.0,40011.0,40009.0,0.17329654097557068,no,yes,review
18_211_Masson_208_8_19_jpg.rf.09f59042538dbf22cc573438bfe88852.jpg,18_211_Masson_208_8_19_jpg.rf.09f59042538dbf22cc573438bfe88852.npz,784,0.985838770866394,0.9828810691833496,0.0029577016830444336,0.9720730185508728,0.9663383960723877,0.985838770866394,0.9720730185508728,31.0,125.0,5555.0,5461.0,0.023773008957505226,1.0,1.0,0.0,0.0,0.0,0.0,0.0003767487942241132,1.0,1.0,0.0,0.0,0.0,0.0,0.00022082099167164415,1.0,1.0,0.0,0.0,0.0,0.0,0.00037196927587501705,yes,no,review
201_2_10_42_jpg.rf.43799833a6d62a424bfe477e258c34a7.jpg,201_2_10_42_jpg.rf.43799833a6d62a424bfe477e258c34a7.npz,785,0.9862092733383179,0.9862797856330872,-7.051229476928711e-05,0.972793698310852,0.972930908203125,1.0,1.0,0.0,0.0,0.0,0.0,0.0002537745167501271,1.0,1.0,0.0,0.0,0.0,0.0,0.0002994084497913718,1.0,1.0,0.0,0.0,0.0,0.0,0.00015243561938405037,0.9862092733383179,0.972793698310852,1041.0,497.0,55490.0,56034.0,0.24271564185619354,yes,yes,review
201_8_6_28_jpg.rf.e2aeb1695758e37b279f8fd7619f2a5e.jpg,201_8_6_28_jpg.rf.e2aeb1695758e37b279f8fd7619f2a5e.npz,786,0.9871837496757507,0.9872220158576965,-3.826618194580078e-05,0.9746918678283691,0.9747664928436279,1.0,1.0,0.0,0.0,0.0,0.0,0.0002612295502331108,1.0,1.0,0.0,0.0,0.0,0.0,0.0003023374010808766,1.0,1.0,0.0,0.0,0.0,0.0,0.00017055153148248792,0.9871837496757507,0.9746918678283691,447.0,553.0,39066.0,38960.0,0.16868144273757935,yes,yes,review
201_8_6_28_jpg.rf.13148c361dc528aa37b2c4c9cdea6b81.jpg,201_8_6_28_jpg.rf.13148c361dc528aa37b2c4c9cdea6b81.npz,787,0.9872407913208008,0.9866816401481628,0.0005591511726379395,0.97480309009552,0.9737133979797363,1.0,1.0,0.0,0.0,0.0,0.0,0.0002607201458886266,1.0,1.0,0.0,0.0,0.0,0.0,0.0003007123013958335,1.0,1.0,0.0,0.0,0.0,0.0,0.0001688900520093739,0.9872407913208008,0.97480309009552,395.0,603.0,39213.0,39005.0,0.16888964176177979,yes,yes,review
16_224_604_90_44_jpg.rf.fcd587904c76f200b7085bfb3897f4d7.jpg,16_224_604_90_44_jpg.rf.fcd587904c76f200b7085bfb3897f4d7.npz,788,0.9874393939971924,0.9883353114128113,-0.0008959174156188965,0.9751904606819153,0.9769396185874939,0.9874393939971924,0.9751904606819153,32.0,95.0,5087.0,5024.0,0.021966194733977318,1.0,1.0,0.0,0.0,0.0,0.0,0.0003046398633159697,1.0,1.0,0.0,0.0,0.0,0.0,0.00017721792391967028,1.0,1.0,0.0,0.0,0.0,0.0,0.00036295471363700926,yes,yes,review
16_224_604_90_44_jpg.rf.7c010c38ee3975f9b173bf88c7a33237.jpg,16_224_604_90_44_jpg.rf.7c010c38ee3975f9b173bf88c7a33237.npz,789,0.987441897392273,0.9886329770088196,-0.0011910796165466309,0.9751952886581421,0.9775214791297913,0.987441897392273,0.9751952886581421,33.0,94.0,5087.0,5026.0,0.02196313813328743,1.0,1.0,0.0,0.0,0.0,0.0,0.000304144574329257,1.0,1.0,0.0,0.0,0.0,0.0,0.00017699880118016154,1.0,1.0,0.0,0.0,0.0,0.0,0.00036335791810415685,yes,yes,review
15_242_202_65_92_jpg.rf.fd3579b5c2f48948497b88ac9d8b73f7.jpg,15_242_202_65_92_jpg.rf.fd3579b5c2f48948497b88ac9d8b73f7.npz,790,0.9882032871246338,0.9623716473579407,0.025831639766693115,0.9766817092895508,0.9274723529815674,0.9882032871246338,0.9766817092895508,294.0,600.0,38045.0,37739.0,0.16562466323375702,1.0,1.0,0.0,0.0,0.0,0.0,0.00035617774119600654,1.0,1.0,0.0,0.0,0.0,0.0,0.00023408583365380764,1.0,1.0,0.0,0.0,0.0,0.0,0.0004248990735504776,yes,no,review
15_242_202_96_111_jpg.rf.43b924905007ce062e91adedbb4d06d3.jpg,15_242_202_96_111_jpg.rf.43b924905007ce062e91adedbb4d06d3.npz,791,0.9888200163841248,0.9890670776367188,-0.00024706125259399414,0.9778872728347778,0.9783706068992615,0.9888200163841248,0.9778872728347778,85.0,99.0,8236.0,8222.0,0.035811349749565125,1.0,1.0,0.0,0.0,0.0,0.0,0.0002943395811598748,1.0,1.0,0.0,0.0,0.0,0.0,0.00016829895321279764,1.0,1.0,0.0,0.0,0.0,0.0,0.00038672410300932825,yes,yes,review
18_211_Masson_208_8_19_jpg.rf.6a875e03665f96c1e3035b5703c77c02.jpg,18_211_Masson_208_8_19_jpg.rf.6a875e03665f96c1e3035b5703c77c02.npz,792,0.9894794821739197,0.9905703663825989,-0.0010908842086791992,0.9791780114173889,0.981316864490509,0.9894794821739197,0.9791780114173889,66.0,49.0,5457.0,5474.0,0.0239078588783741,1.0,1.0,0.0,0.0,0.0,0.0,0.00034537017927505076,1.0,1.0,0.0,0.0,0.0,0.0,0.0002042197884293273,1.0,1.0,0.0,0.0,0.0,0.0,0.0003859453718177974,yes,yes,review
15_242_202_56_109_jpg.rf.ede286ca983a53538603bc57db80f38a.jpg,15_242_202_56_109_jpg.rf.ede286ca983a53538603bc57db80f38a.npz,793,0.9903473258018494,0.9881946444511414,0.002152681350708008,0.9808792471885681,0.9766647815704346,0.9903473258018494,0.9808792471885681,225.0,116.0,17609.0,17718.0,0.07671044766902924,1.0,1.0,0.0,0.0,0.0,0.0,0.0002775292668957263,1.0,1.0,0.0,0.0,0.0,0.0,0.00017657993885222822,1.0,1.0,0.0,0.0,0.0,0.0,0.00039637944428250194,yes,yes,review
15_242_202_115_61_jpg.rf.3ca1ecec8e75bba673ccdf1469f0b0a2.jpg,15_242_202_115_61_jpg.rf.3ca1ecec8e75bba673ccdf1469f0b0a2.npz,794,0.9909592270851135,0.9907583594322205,0.0002008676528930664,0.9820804595947266,0.981685996055603,0.9909592270851135,0.9820804595947266,144.0,56.0,11017.0,11105.0,0.04813200980424881,1.0,1.0,0.0,0.0,0.0,0.0,0.0002883821143768728,1.0,1.0,0.0,0.0,0.0,0.0,0.00017318647587671876,1.0,1.0,0.0,0.0,0.0,0.0,0.0003711481695063412,yes,yes,review
102_1_7_32_jpg.rf.b42c21925940161324c5e740a5a59d27.jpg,102_1_7_32_jpg.rf.b42c21925940161324c5e740a5a59d27.npz,795,0.9927874207496643,0.992936372756958,-0.00014895200729370117,0.9856781959533691,0.9859718084335327,1.0,1.0,0.0,0.0,0.0,0.0,0.0002749523555394262,1.0,1.0,0.0,0.0,0.0,0.0,0.000302867847494781,1.0,1.0,0.0,0.0,0.0,0.0,0.00016955367755144835,0.9927874207496643,0.9856781959533691,80.0,124.0,14164.0,14120.0,0.06149621680378914,yes,yes,review
